,index,id,ancestor_list,origin_time,branch_length,name,Origin Time Lower Bound (Inclusive),Origin Time Upper Bound (Exclusive),Origin Time Estimate,Treatment,Algorithm
0,0,0,[None],4790.0,4790.0,Inner71,4788,4793,4790.0,differentia=1+policy=RecencyProportionalResolution+target=4096,<function upgma at 0x7f96503dc550>
1,1,1,[0],4947.0,157.0,Inner69,4945,4950,4947.0,differentia=1+policy=RecencyProportionalResolution+target=4096,<function upgma at 0x7f96503dc550>
2,2,2,[1],4991.0,44.0,Inner48,4989,4994,4991.0,differentia=1+policy=RecencyProportionalResolution+target=4096,<function upgma at 0x7f96503dc550>
3,3,3,[2],5001.0,10.0,316607,5001,5002,5001.0,differentia=1+policy=RecencyProportionalResolution+target=4096,<function upgma at 0x7f96503dc550>
4,4,4,[2],4994.0,3.0,Inner29,4992,4997,4994.0,differentia=1+policy=RecencyProportionalResolution+target=4096,<function upgma at 0x7f96503dc550>
5,5,5,[4],4998.0,4.0,316382,4998,4999,4998.0,differentia=1+policy=RecencyProportionalResolution+target=4096,<function upgma at 0x7f96503dc550>
6,6,6,[4],5001.0,7.0,316622,5001,5002,5001.0,differentia=1+policy=RecencyProportionalResolution+target=4096,<function upgma at 0x7f96503dc550>
7,7,7,[1],4964.0,17.0,Inner67,4962,4967,4964.0,differentia=1+policy=RecencyProportionalResolution+target=4096,<function upgma at 0x7f96503dc550>
8,8,8,[7],4978.0,14.0,Inner63,4976,4981,4978.0,differentia=1+policy=RecencyProportionalResolution+target=4096,<function upgma at 0x7f96503dc550>
9,9,9,[8],4998.0,20.0,Inner1,4996,5001,4998.0,differentia=1+policy=RecencyProportionalResolution+target=4096,<function upgma at 0x7f96503dc550>
10,10,10,[9],5001.0,3.0,316580,5001,5002,5001.0,differentia=1+policy=RecencyProportionalResolution+target=4096,<function upgma at 0x7f96503dc550>
11,11,11,[9],5001.0,3.0,316599,5001,5002,5001.0,differentia=1+policy=RecencyProportionalResolution+target=4096,<function upgma at 0x7f96503dc550>
12,12,12,[8],4993.0,15.0,Inner38,4991,4996,4993.0,differentia=1+policy=RecencyProportionalResolution+target=4096,<function upgma at 0x7f96503dc550>
13,13,13,[12],5001.0,8.0,316615,5001,5002,5001.0,differentia=1+policy=RecencyProportionalResolution+target=4096,<function upgma at 0x7f96503dc550>
14,14,14,[12],4996.0,3.0,Inner14,4994,4999,4996.0,differentia=1+policy=RecencyProportionalResolution+target=4096,<function upgma at 0x7f96503dc550>
15,15,15,[14],4999.0,3.0,316484,4999,5000,4999.0,differentia=1+policy=RecencyProportionalResolution+target=4096,<function upgma at 0x7f96503dc550>
16,16,16,[14],4997.0,1.0,Inner13,4995,5000,4997.0,differentia=1+policy=RecencyProportionalResolution+target=4096,<function upgma at 0x7f96503dc550>
17,17,17,[16],4997.0,0.0,Inner10,4995,5000,4997.0,differentia=1+policy=RecencyProportionalResolution+target=4096,<function upgma at 0x7f96503dc550>
18,18,18,[17],5000.0,3.0,316544,5000,5001,5000.0,differentia=1+policy=RecencyProportionalResolution+target=4096,<function upgma at 0x7f96503dc550>
19,19,19,[17],5001.0,4.0,316614,5001,5002,5001.0,differentia=1+policy=RecencyProportionalResolution+target=4096,<function upgma at 0x7f96503dc550>
20,20,20,[16],4998.0,1.0,Inner2,4996,5001,4998.0,differentia=1+policy=RecencyProportionalResolution+target=4096,<function upgma at 0x7f96503dc550>
21,21,21,[20],5001.0,3.0,316605,5001,5002,5001.0,differentia=1+policy=RecencyProportionalResolution+target=4096,<function upgma at 0x7f96503dc550>
22,22,22,[20],5001.0,3.0,316629,5001,5002,5001.0,differentia=1+policy=RecencyProportionalResolution+target=4096,<function upgma at 0x7f96503dc550>
23,23,23,[7],4972.0,8.0,Inner65,4970,4975,4972.0,differentia=1+policy=RecencyProportionalResolution+target=4096,<function upgma at 0x7f96503dc550>
24,24,24,[23],5000.0,28.0,316562,5000,5001,5000.0,differentia=1+policy=RecencyProportionalResolution+target=4096,<function upgma at 0x7f96503dc550>
25,25,25,[23],4979.0,7.0,Inner60,4977,4982,4979.0,differentia=1+policy=RecencyProportionalResolution+target=4096,<function upgma at 0x7f96503dc550>
26,26,26,[25],4996.0,17.0,Inner19,4994,4999,4996.0,differentia=1+policy=RecencyProportionalResolution+target=4096,<function upgma at 0x7f96503dc550>
27,27,27,[26],5000.0,4.0,316570,5000,5001,5000.0,differentia=1+policy=RecencyProportionalResolution+target=4096,<function upgma at 0x7f96503dc550>
28,28,28,[26],4997.0,1.0,Inner9,4995,5000,4997.0,differentia=1+policy=RecencyProportionalResolution+target=4096,<function upgma at 0x7f96503dc550>
29,29,29,[28],5000.0,3.0,316574,5000,5001,5000.0,differentia=1+policy=RecencyProportionalResolution+target=4096,<function upgma at 0x7f96503dc550>
30,30,30,[28],5001.0,4.0,316582,5001,5002,5001.0,differentia=1+policy=RecencyProportionalResolution+target=4096,<function upgma at 0x7f96503dc550>
31,31,31,[25],4981.0,2.0,Inner59,4979,4984,4981.0,differentia=1+policy=RecencyProportionalResolution+target=4096,<function upgma at 0x7f96503dc550>
32,32,32,[31],5001.0,20.0,316602,5001,5002,5001.0,differentia=1+policy=RecencyProportionalResolution+target=4096,<function upgma at 0x7f96503dc550>
33,33,33,[31],4988.0,7.0,Inner54,4986,4991,4988.0,differentia=1+policy=RecencyProportionalResolution+target=4096,<function upgma at 0x7f96503dc550>
34,34,34,[33],4990.0,2.0,Inner50,4988,4993,4990.0,differentia=1+policy=RecencyProportionalResolution+target=4096,<function upgma at 0x7f96503dc550>
35,35,35,[34],4999.0,9.0,316516,4999,5000,4999.0,differentia=1+policy=RecencyProportionalResolution+target=4096,<function upgma at 0x7f96503dc550>
36,36,36,[34],5001.0,11.0,316620,5001,5002,5001.0,differentia=1+policy=RecencyProportionalResolution+target=4096,<function upgma at 0x7f96503dc550>
37,37,37,[33],5001.0,13.0,316634,5001,5002,5001.0,differentia=1+policy=RecencyProportionalResolution+target=4096,<function upgma at 0x7f96503dc550>
38,38,38,[0],4880.0,90.0,Inner70,4878,4883,4880.0,differentia=1+policy=RecencyProportionalResolution+target=4096,<function upgma at 0x7f96503dc550>
39,39,39,[38],4979.0,99.0,Inner61,4977,4982,4979.0,differentia=1+policy=RecencyProportionalResolution+target=4096,<function upgma at 0x7f96503dc550>
40,40,40,[39],4992.0,13.0,Inner45,4990,4995,4992.0,differentia=1+policy=RecencyProportionalResolution+target=4096,<function upgma at 0x7f96503dc550>
41,41,41,[40],4993.0,1.0,Inner41,4991,4996,4993.0,differentia=1+policy=RecencyProportionalResolution+target=4096,<function upgma at 0x7f96503dc550>
42,42,42,[41],5001.0,8.0,316584,5001,5002,5001.0,differentia=1+policy=RecencyProportionalResolution+target=4096,<function upgma at 0x7f96503dc550>
43,43,43,[41],4998.0,5.0,Inner3,4996,5001,4998.0,differentia=1+policy=RecencyProportionalResolution+target=4096,<function upgma at 0x7f96503dc550>
44,44,44,[43],5001.0,3.0,316592,5001,5002,5001.0,differentia=1+policy=RecencyProportionalResolution+target=4096,<function upgma at 0x7f96503dc550>
45,45,45,[43],5001.0,3.0,316608,5001,5002,5001.0,differentia=1+policy=RecencyProportionalResolution+target=4096,<function upgma at 0x7f96503dc550>
46,46,46,[40],4997.0,5.0,Inner15,4995,5000,4997.0,differentia=1+policy=RecencyProportionalResolution+target=4096,<function upgma at 0x7f96503dc550>
47,47,47,[46],5001.0,4.0,316618,5001,5002,5001.0,differentia=1+policy=RecencyProportionalResolution+target=4096,<function upgma at 0x7f96503dc550>
48,48,48,[46],5001.0,4.0,316623,5001,5002,5001.0,differentia=1+policy=RecencyProportionalResolution+target=4096,<function upgma at 0x7f96503dc550>
49,49,49,[39],4984.0,5.0,Inner58,4982,4987,4984.0,differentia=1+policy=RecencyProportionalResolution+target=4096,<function upgma at 0x7f96503dc550>
50,50,50,[49],4985.0,1.0,Inner57,4983,4988,4985.0,differentia=1+policy=RecencyProportionalResolution+target=4096,<function upgma at 0x7f96503dc550>
51,51,51,[50],5001.0,16.0,316606,5001,5002,5001.0,differentia=1+policy=RecencyProportionalResolution+target=4096,<function upgma at 0x7f96503dc550>
52,52,52,[50],4994.0,9.0,Inner35,4992,4997,4994.0,differentia=1+policy=RecencyProportionalResolution+target=4096,<function upgma at 0x7f96503dc550>
53,53,53,[52],5001.0,7.0,316603,5001,5002,5001.0,differentia=1+policy=RecencyProportionalResolution+target=4096,<function upgma at 0x7f96503dc550>
54,54,54,[52],4995.0,1.0,Inner28,4993,4998,4995.0,differentia=1+policy=RecencyProportionalResolution+target=4096,<function upgma at 0x7f96503dc550>
55,55,55,[54],4995.0,0.0,Inner20,4993,4998,4995.0,differentia=1+policy=RecencyProportionalResolution+target=4096,<function upgma at 0x7f96503dc550>
56,56,56,[55],4998.0,3.0,316423,4998,4999,4998.0,differentia=1+policy=RecencyProportionalResolution+target=4096,<function upgma at 0x7f96503dc550>
57,57,57,[55],4997.0,2.0,Inner16,4995,5000,4997.0,differentia=1+policy=RecencyProportionalResolution+target=4096,<function upgma at 0x7f96503dc550>
58,58,58,[57],5001.0,4.0,316589,5001,5002,5001.0,differentia=1+policy=RecencyProportionalResolution+target=4096,<function upgma at 0x7f96503dc550>
59,59,59,[57],4998.0,1.0,Inner4,4996,5001,4998.0,differentia=1+policy=RecencyProportionalResolution+target=4096,<function upgma at 0x7f96503dc550>
60,60,60,[59],5001.0,3.0,316583,5001,5002,5001.0,differentia=1+policy=RecencyProportionalResolution+target=4096,<function upgma at 0x7f96503dc550>
61,61,61,[59],5001.0,3.0,316613,5001,5002,5001.0,differentia=1+policy=RecencyProportionalResolution+target=4096,<function upgma at 0x7f96503dc550>
62,62,62,[54],5001.0,6.0,316621,5001,5002,5001.0,differentia=1+policy=RecencyProportionalResolution+target=4096,<function upgma at 0x7f96503dc550>
63,63,63,[49],4989.0,5.0,Inner53,4987,4992,4989.0,differentia=1+policy=RecencyProportionalResolution+target=4096,<function upgma at 0x7f96503dc550>
64,64,64,[63],4992.0,3.0,Inner44,4990,4995,4992.0,differentia=1+policy=RecencyProportionalResolution+target=4096,<function upgma at 0x7f96503dc550>
65,65,65,[64],4995.0,3.0,Inner32,4993,4998,4995.0,differentia=1+policy=RecencyProportionalResolution+target=4096,<function upgma at 0x7f96503dc550>
66,66,66,[65],5001.0,6.0,316593,5001,5002,5001.0,differentia=1+policy=RecencyProportionalResolution+target=4096,<function upgma at 0x7f96503dc550>
67,67,67,[65],5001.0,6.0,316601,5001,5002,5001.0,differentia=1+policy=RecencyProportionalResolution+target=4096,<function upgma at 0x7f96503dc550>
68,68,68,[64],4997.0,5.0,Inner12,4995,5000,4997.0,differentia=1+policy=RecencyProportionalResolution+target=4096,<function upgma at 0x7f96503dc550>
69,69,69,[68],5000.0,3.0,316540,5000,5001,5000.0,differentia=1+policy=RecencyProportionalResolution+target=4096,<function upgma at 0x7f96503dc550>
70,70,70,[68],5001.0,4.0,316630,5001,5002,5001.0,differentia=1+policy=RecencyProportionalResolution+target=4096,<function upgma at 0x7f96503dc550>
71,71,71,[63],4994.0,5.0,Inner36,4992,4997,4994.0,differentia=1+policy=RecencyProportionalResolution+target=4096,<function upgma at 0x7f96503dc550>
72,72,72,[71],4997.0,3.0,Inner11,4995,5000,4997.0,differentia=1+policy=RecencyProportionalResolution+target=4096,<function upgma at 0x7f96503dc550>
73,73,73,[72],5000.0,3.0,316567,5000,5001,5000.0,differentia=1+policy=RecencyProportionalResolution+target=4096,<function upgma at 0x7f96503dc550>
74,74,74,[72],5001.0,4.0,316579,5001,5002,5001.0,differentia=1+policy=RecencyProportionalResolution+target=4096,<function upgma at 0x7f96503dc550>
75,75,75,[71],4996.0,2.0,Inner22,4994,4999,4996.0,differentia=1+policy=RecencyProportionalResolution+target=4096,<function upgma at 0x7f96503dc550>
76,76,76,[75],5001.0,5.0,316609,5001,5002,5001.0,differentia=1+policy=RecencyProportionalResolution+target=4096,<function upgma at 0x7f96503dc550>
77,77,77,[75],5001.0,5.0,316631,5001,5002,5001.0,differentia=1+policy=RecencyProportionalResolution+target=4096,<function upgma at 0x7f96503dc550>
78,78,78,[38],4951.0,71.0,Inner68,4949,4954,4951.0,differentia=1+policy=RecencyProportionalResolution+target=4096,<function upgma at 0x7f96503dc550>
79,79,79,[78],4972.0,21.0,Inner66,4970,4975,4972.0,differentia=1+policy=RecencyProportionalResolution+target=4096,<function upgma at 0x7f96503dc550>
80,80,80,[79],4973.0,1.0,Inner64,4971,4976,4973.0,differentia=1+policy=RecencyProportionalResolution+target=4096,<function upgma at 0x7f96503dc550>
81,81,81,[80],4985.0,12.0,Inner56,4983,4988,4985.0,differentia=1+policy=RecencyProportionalResolution+target=4096,<function upgma at 0x7f96503dc550>
82,82,82,[81],4990.0,5.0,Inner51,4988,4993,4990.0,differentia=1+policy=RecencyProportionalResolution+target=4096,<function upgma at 0x7f96503dc550>
83,83,83,[82],5000.0,10.0,316578,5000,5001,5000.0,differentia=1+policy=RecencyProportionalResolution+target=4096,<function upgma at 0x7f96503dc550>
84,84,84,[82],5001.0,11.0,316619,5001,5002,5001.0,differentia=1+policy=RecencyProportionalResolution+target=4096,<function upgma at 0x7f96503dc550>
85,85,85,[81],4993.0,8.0,Inner42,4991,4996,4993.0,differentia=1+policy=RecencyProportionalResolution+target=4096,<function upgma at 0x7f96503dc550>
86,86,86,[85],5001.0,8.0,316600,5001,5002,5001.0,differentia=1+policy=RecencyProportionalResolution+target=4096,<function upgma at 0x7f96503dc550>
87,87,87,[85],4995.0,2.0,Inner33,4993,4998,4995.0,differentia=1+policy=RecencyProportionalResolution+target=4096,<function upgma at 0x7f96503dc550>
88,88,88,[87],4997.0,2.0,Inner17,4995,5000,4997.0,differentia=1+policy=RecencyProportionalResolution+target=4096,<function upgma at 0x7f96503dc550>
89,89,89,[88],5001.0,4.0,316587,5001,5002,5001.0,differentia=1+policy=RecencyProportionalResolution+target=4096,<function upgma at 0x7f96503dc550>
90,90,90,[88],5001.0,4.0,316616,5001,5002,5001.0,differentia=1+policy=RecencyProportionalResolution+target=4096,<function upgma at 0x7f96503dc550>
91,91,91,[87],4996.0,1.0,Inner24,4994,4999,4996.0,differentia=1+policy=RecencyProportionalResolution+target=4096,<function upgma at 0x7f96503dc550>
92,92,92,[91],5001.0,5.0,316588,5001,5002,5001.0,differentia=1+policy=RecencyProportionalResolution+target=4096,<function upgma at 0x7f96503dc550>
93,93,93,[91],4997.0,1.0,Inner18,4995,5000,4997.0,differentia=1+policy=RecencyProportionalResolution+target=4096,<function upgma at 0x7f96503dc550>
94,94,94,[93],4998.0,1.0,Inner5,4996,5001,4998.0,differentia=1+policy=RecencyProportionalResolution+target=4096,<function upgma at 0x7f96503dc550>
95,95,95,[94],5001.0,3.0,316595,5001,5002,5001.0,differentia=1+policy=RecencyProportionalResolution+target=4096,<function upgma at 0x7f96503dc550>
96,96,96,[94],5001.0,3.0,316604,5001,5002,5001.0,differentia=1+policy=RecencyProportionalResolution+target=4096,<function upgma at 0x7f96503dc550>
97,97,97,[93],5001.0,4.0,316624,5001,5002,5001.0,differentia=1+policy=RecencyProportionalResolution+target=4096,<function upgma at 0x7f96503dc550>
98,98,98,[80],4995.0,22.0,Inner30,4993,4998,4995.0,differentia=1+policy=RecencyProportionalResolution+target=4096,<function upgma at 0x7f96503dc550>
99,99,99,[98],5000.0,5.0,316577,5000,5001,5000.0,differentia=1+policy=RecencyProportionalResolution+target=4096,<function upgma at 0x7f96503dc550>
100,100,100,[98],4996.0,1.0,Inner23,4994,4999,4996.0,differentia=1+policy=RecencyProportionalResolution+target=4096,<function upgma at 0x7f96503dc550>
101,101,101,[100],5001.0,5.0,316586,5001,5002,5001.0,differentia=1+policy=RecencyProportionalResolution+target=4096,<function upgma at 0x7f96503dc550>
102,102,102,[100],5001.0,5.0,316632,5001,5002,5001.0,differentia=1+policy=RecencyProportionalResolution+target=4096,<function upgma at 0x7f96503dc550>
103,103,103,[79],4979.0,7.0,Inner62,4977,4982,4979.0,differentia=1+policy=RecencyProportionalResolution+target=4096,<function upgma at 0x7f96503dc550>
104,104,104,[103],4990.0,11.0,Inner52,4988,4993,4990.0,differentia=1+policy=RecencyProportionalResolution+target=4096,<function upgma at 0x7f96503dc550>
105,105,105,[104],4991.0,1.0,Inner49,4989,4994,4991.0,differentia=1+policy=RecencyProportionalResolution+target=4096,<function upgma at 0x7f96503dc550>
106,106,106,[105],4993.0,2.0,Inner39,4991,4996,4993.0,differentia=1+policy=RecencyProportionalResolution+target=4096,<function upgma at 0x7f96503dc550>
107,107,107,[106],5000.0,7.0,316564,5000,5001,5000.0,differentia=1+policy=RecencyProportionalResolution+target=4096,<function upgma at 0x7f96503dc550>
108,108,108,[106],5001.0,8.0,316594,5001,5002,5001.0,differentia=1+policy=RecencyProportionalResolution+target=4096,<function upgma at 0x7f96503dc550>
109,109,109,[105],4995.0,4.0,Inner31,4993,4998,4995.0,differentia=1+policy=RecencyProportionalResolution+target=4096,<function upgma at 0x7f96503dc550>
110,110,110,[109],4996.0,1.0,Inner21,4994,4999,4996.0,differentia=1+policy=RecencyProportionalResolution+target=4096,<function upgma at 0x7f96503dc550>
111,111,111,[110],5000.0,4.0,316541,5000,5001,5000.0,differentia=1+policy=RecencyProportionalResolution+target=4096,<function upgma at 0x7f96503dc550>
112,112,112,[110],5001.0,5.0,316611,5001,5002,5001.0,differentia=1+policy=RecencyProportionalResolution+target=4096,<function upgma at 0x7f96503dc550>
113,113,113,[109],4996.0,1.0,Inner25,4994,4999,4996.0,differentia=1+policy=RecencyProportionalResolution+target=4096,<function upgma at 0x7f96503dc550>
114,114,114,[113],5001.0,5.0,316598,5001,5002,5001.0,differentia=1+policy=RecencyProportionalResolution+target=4096,<function upgma at 0x7f96503dc550>
115,115,115,[113],4998.0,2.0,Inner7,4996,5001,4998.0,differentia=1+policy=RecencyProportionalResolution+target=4096,<function upgma at 0x7f96503dc550>
116,116,116,[115],5001.0,3.0,316590,5001,5002,5001.0,differentia=1+policy=RecencyProportionalResolution+target=4096,<function upgma at 0x7f96503dc550>
117,117,117,[115],4998.0,0.0,Inner6,4996,5001,4998.0,differentia=1+policy=RecencyProportionalResolution+target=4096,<function upgma at 0x7f96503dc550>
118,118,118,[117],5001.0,3.0,316581,5001,5002,5001.0,differentia=1+policy=RecencyProportionalResolution+target=4096,<function upgma at 0x7f96503dc550>
119,119,119,[117],5001.0,3.0,316617,5001,5002,5001.0,differentia=1+policy=RecencyProportionalResolution+target=4096,<function upgma at 0x7f96503dc550>
120,120,120,[104],4992.0,2.0,Inner46,4990,4995,4992.0,differentia=1+policy=RecencyProportionalResolution+target=4096,<function upgma at 0x7f96503dc550>
121,121,121,[120],4993.0,1.0,Inner43,4991,4996,4993.0,differentia=1+policy=RecencyProportionalResolution+target=4096,<function upgma at 0x7f96503dc550>
122,122,122,[121],5001.0,8.0,316625,5001,5002,5001.0,differentia=1+policy=RecencyProportionalResolution+target=4096,<function upgma at 0x7f96503dc550>
123,123,123,[121],4994.0,1.0,Inner37,4992,4997,4994.0,differentia=1+policy=RecencyProportionalResolution+target=4096,<function upgma at 0x7f96503dc550>
124,124,124,[123],5001.0,7.0,316585,5001,5002,5001.0,differentia=1+policy=RecencyProportionalResolution+target=4096,<function upgma at 0x7f96503dc550>
125,125,125,[123],5001.0,7.0,316626,5001,5002,5001.0,differentia=1+policy=RecencyProportionalResolution+target=4096,<function upgma at 0x7f96503dc550>
126,126,126,[120],5001.0,9.0,316628,5001,5002,5001.0,differentia=1+policy=RecencyProportionalResolution+target=4096,<function upgma at 0x7f96503dc550>
127,127,127,[103],4992.0,13.0,Inner47,4990,4995,4992.0,differentia=1+policy=RecencyProportionalResolution+target=4096,<function upgma at 0x7f96503dc550>
128,128,128,[127],5001.0,9.0,316591,5001,5002,5001.0,differentia=1+policy=RecencyProportionalResolution+target=4096,<function upgma at 0x7f96503dc550>
129,129,129,[127],4998.0,6.0,Inner8,4996,5001,4998.0,differentia=1+policy=RecencyProportionalResolution+target=4096,<function upgma at 0x7f96503dc550>
130,130,130,[129],5001.0,3.0,316612,5001,5002,5001.0,differentia=1+policy=RecencyProportionalResolution+target=4096,<function upgma at 0x7f96503dc550>
131,131,131,[129],5001.0,3.0,316633,5001,5002,5001.0,differentia=1+policy=RecencyProportionalResolution+target=4096,<function upgma at 0x7f96503dc550>
132,132,132,[78],4988.0,37.0,Inner55,4986,4991,4988.0,differentia=1+policy=RecencyProportionalResolution+target=4096,<function upgma at 0x7f96503dc550>
133,133,133,[132],5001.0,13.0,316610,5001,5002,5001.0,differentia=1+policy=RecencyProportionalResolution+target=4096,<function upgma at 0x7f96503dc550>
134,134,134,[132],4993.0,5.0,Inner40,4991,4996,4993.0,differentia=1+policy=RecencyProportionalResolution+target=4096,<function upgma at 0x7f96503dc550>
135,135,135,[134],5000.0,7.0,316552,5000,5001,5000.0,differentia=1+policy=RecencyProportionalResolution+target=4096,<function upgma at 0x7f96503dc550>
136,136,136,[134],4995.0,2.0,Inner34,4993,4998,4995.0,differentia=1+policy=RecencyProportionalResolution+target=4096,<function upgma at 0x7f96503dc550>
137,137,137,[136],4996.0,1.0,Inner26,4994,4999,4996.0,differentia=1+policy=RecencyProportionalResolution+target=4096,<function upgma at 0x7f96503dc550>
138,138,138,[137],5001.0,5.0,316597,5001,5002,5001.0,differentia=1+policy=RecencyProportionalResolution+target=4096,<function upgma at 0x7f96503dc550>
139,139,139,[137],5001.0,5.0,316627,5001,5002,5001.0,differentia=1+policy=RecencyProportionalResolution+target=4096,<function upgma at 0x7f96503dc550>
140,140,140,[136],4996.0,1.0,Inner27,4994,4999,4996.0,differentia=1+policy=RecencyProportionalResolution+target=4096,<function upgma at 0x7f96503dc550>
141,141,141,[140],5001.0,5.0,316596,5001,5002,5001.0,differentia=1+policy=RecencyProportionalResolution+target=4096,<function upgma at 0x7f96503dc550>
142,142,142,[140],5001.0,5.0,316635,5001,5002,5001.0,differentia=1+policy=RecencyProportionalResolution+target=4096,<function upgma at 0x7f96503dc550>
143,0,0,[None],4788.5,4788.5,Inner71,4784,4794,4788.5,differentia=1+policy=RecencyProportionalResolution+target=512,<function upgma at 0x7f96503dc550>
144,1,1,[0],4947.0,158.5,Inner69,4945,4950,4947.0,differentia=1+policy=RecencyProportionalResolution+target=512,<function upgma at 0x7f96503dc550>
145,2,2,[1],4991.0,44.0,Inner47,4989,4994,4991.0,differentia=1+policy=RecencyProportionalResolution+target=512,<function upgma at 0x7f96503dc550>
146,3,3,[2],4992.0,1.0,Inner41,4990,4995,4992.0,differentia=1+policy=RecencyProportionalResolution+target=512,<function upgma at 0x7f96503dc550>
147,4,4,[3],4998.0,6.0,316382,4998,4999,4998.0,differentia=1+policy=RecencyProportionalResolution+target=512,<function upgma at 0x7f96503dc550>
148,5,5,[3],5001.0,9.0,316607,5001,5002,5001.0,differentia=1+policy=RecencyProportionalResolution+target=512,<function upgma at 0x7f96503dc550>
149,6,6,[2],5001.0,10.0,316622,5001,5002,5001.0,differentia=1+policy=RecencyProportionalResolution+target=512,<function upgma at 0x7f96503dc550>
150,7,7,[1],4966.0,19.0,Inner67,4964,4969,4966.0,differentia=1+policy=RecencyProportionalResolution+target=512,<function upgma at 0x7f96503dc550>
151,8,8,[7],4977.0,11.0,Inner63,4975,4980,4977.0,differentia=1+policy=RecencyProportionalResolution+target=512,<function upgma at 0x7f96503dc550>
152,9,9,[8],4998.0,21.0,Inner1,4996,5001,4998.0,differentia=1+policy=RecencyProportionalResolution+target=512,<function upgma at 0x7f96503dc550>
153,10,10,[9],5001.0,3.0,316580,5001,5002,5001.0,differentia=1+policy=RecencyProportionalResolution+target=512,<function upgma at 0x7f96503dc550>
154,11,11,[9],5001.0,3.0,316599,5001,5002,5001.0,differentia=1+policy=RecencyProportionalResolution+target=512,<function upgma at 0x7f96503dc550>
155,12,12,[8],4995.0,18.0,Inner29,4993,4998,4995.0,differentia=1+policy=RecencyProportionalResolution+target=512,<function upgma at 0x7f96503dc550>
156,13,13,[12],4996.0,1.0,Inner14,4994,4999,4996.0,differentia=1+policy=RecencyProportionalResolution+target=512,<function upgma at 0x7f96503dc550>
157,14,14,[13],4999.0,3.0,316484,4999,5000,4999.0,differentia=1+policy=RecencyProportionalResolution+target=512,<function upgma at 0x7f96503dc550>
158,15,15,[13],4997.0,1.0,Inner11,4995,5000,4997.0,differentia=1+policy=RecencyProportionalResolution+target=512,<function upgma at 0x7f96503dc550>
159,16,16,[15],5000.0,3.0,316544,5000,5001,5000.0,differentia=1+policy=RecencyProportionalResolution+target=512,<function upgma at 0x7f96503dc550>
160,17,17,[15],4998.0,1.0,Inner2,4996,5001,4998.0,differentia=1+policy=RecencyProportionalResolution+target=512,<function upgma at 0x7f96503dc550>
161,18,18,[17],5001.0,3.0,316605,5001,5002,5001.0,differentia=1+policy=RecencyProportionalResolution+target=512,<function upgma at 0x7f96503dc550>
162,19,19,[17],5001.0,3.0,316615,5001,5002,5001.0,differentia=1+policy=RecencyProportionalResolution+target=512,<function upgma at 0x7f96503dc550>
163,20,20,[12],4997.0,2.0,Inner16,4995,5000,4997.0,differentia=1+policy=RecencyProportionalResolution+target=512,<function upgma at 0x7f96503dc550>
164,21,21,[20],5001.0,4.0,316614,5001,5002,5001.0,differentia=1+policy=RecencyProportionalResolution+target=512,<function upgma at 0x7f96503dc550>
165,22,22,[20],5001.0,4.0,316629,5001,5002,5001.0,differentia=1+policy=RecencyProportionalResolution+target=512,<function upgma at 0x7f96503dc550>
166,23,23,[7],4970.0,4.0,Inner66,4968,4973,4970.0,differentia=1+policy=RecencyProportionalResolution+target=512,<function upgma at 0x7f96503dc550>
167,24,24,[23],5000.0,30.0,316562,5000,5001,5000.0,differentia=1+policy=RecencyProportionalResolution+target=512,<function upgma at 0x7f96503dc550>
168,25,25,[23],4979.0,9.0,Inner61,4977,4982,4979.0,differentia=1+policy=RecencyProportionalResolution+target=512,<function upgma at 0x7f96503dc550>
169,26,26,[25],5001.0,22.0,316602,5001,5002,5001.0,differentia=1+policy=RecencyProportionalResolution+target=512,<function upgma at 0x7f96503dc550>
170,27,27,[25],4980.0,1.0,Inner59,4978,4983,4980.0,differentia=1+policy=RecencyProportionalResolution+target=512,<function upgma at 0x7f96503dc550>
171,28,28,[27],4996.0,16.0,Inner22,4994,4999,4996.0,differentia=1+policy=RecencyProportionalResolution+target=512,<function upgma at 0x7f96503dc550>
172,29,29,[28],5000.0,4.0,316570,5000,5001,5000.0,differentia=1+policy=RecencyProportionalResolution+target=512,<function upgma at 0x7f96503dc550>
173,30,30,[28],4997.0,1.0,Inner10,4995,5000,4997.0,differentia=1+policy=RecencyProportionalResolution+target=512,<function upgma at 0x7f96503dc550>
174,31,31,[30],5000.0,3.0,316574,5000,5001,5000.0,differentia=1+policy=RecencyProportionalResolution+target=512,<function upgma at 0x7f96503dc550>
175,32,32,[30],5001.0,4.0,316582,5001,5002,5001.0,differentia=1+policy=RecencyProportionalResolution+target=512,<function upgma at 0x7f96503dc550>
176,33,33,[27],4989.0,9.0,Inner53,4987,4992,4989.0,differentia=1+policy=RecencyProportionalResolution+target=512,<function upgma at 0x7f96503dc550>
177,34,34,[33],4990.0,1.0,Inner50,4988,4993,4990.0,differentia=1+policy=RecencyProportionalResolution+target=512,<function upgma at 0x7f96503dc550>
178,35,35,[34],4999.0,9.0,316516,4999,5000,4999.0,differentia=1+policy=RecencyProportionalResolution+target=512,<function upgma at 0x7f96503dc550>
179,36,36,[34],5001.0,11.0,316620,5001,5002,5001.0,differentia=1+policy=RecencyProportionalResolution+target=512,<function upgma at 0x7f96503dc550>
180,37,37,[33],5001.0,12.0,316634,5001,5002,5001.0,differentia=1+policy=RecencyProportionalResolution+target=512,<function upgma at 0x7f96503dc550>
181,38,38,[0],4882.0,93.5,Inner70,4880,4885,4882.0,differentia=1+policy=RecencyProportionalResolution+target=512,<function upgma at 0x7f96503dc550>
182,39,39,[38],4980.0,98.0,Inner60,4978,4983,4980.0,differentia=1+policy=RecencyProportionalResolution+target=512,<function upgma at 0x7f96503dc550>
183,40,40,[39],4993.0,13.0,Inner44,4991,4996,4993.0,differentia=1+policy=RecencyProportionalResolution+target=512,<function upgma at 0x7f96503dc550>
184,41,41,[40],4994.0,1.0,Inner38,4992,4997,4994.0,differentia=1+policy=RecencyProportionalResolution+target=512,<function upgma at 0x7f96503dc550>
185,42,42,[41],5001.0,7.0,316584,5001,5002,5001.0,differentia=1+policy=RecencyProportionalResolution+target=512,<function upgma at 0x7f96503dc550>
186,43,43,[41],4998.0,4.0,Inner3,4996,5001,4998.0,differentia=1+policy=RecencyProportionalResolution+target=512,<function upgma at 0x7f96503dc550>
187,44,44,[43],5001.0,3.0,316592,5001,5002,5001.0,differentia=1+policy=RecencyProportionalResolution+target=512,<function upgma at 0x7f96503dc550>
188,45,45,[43],5001.0,3.0,316608,5001,5002,5001.0,differentia=1+policy=RecencyProportionalResolution+target=512,<function upgma at 0x7f96503dc550>
189,46,46,[40],4997.0,4.0,Inner17,4995,5000,4997.0,differentia=1+policy=RecencyProportionalResolution+target=512,<function upgma at 0x7f96503dc550>
190,47,47,[46],5001.0,4.0,316618,5001,5002,5001.0,differentia=1+policy=RecencyProportionalResolution+target=512,<function upgma at 0x7f96503dc550>
191,48,48,[46],5001.0,4.0,316623,5001,5002,5001.0,differentia=1+policy=RecencyProportionalResolution+target=512,<function upgma at 0x7f96503dc550>
192,49,49,[39],4983.0,3.0,Inner58,4981,4986,4983.0,differentia=1+policy=RecencyProportionalResolution+target=512,<function upgma at 0x7f96503dc550>
193,50,50,[49],4984.0,1.0,Inner57,4982,4987,4984.0,differentia=1+policy=RecencyProportionalResolution+target=512,<function upgma at 0x7f96503dc550>
194,51,51,[50],5001.0,17.0,316606,5001,5002,5001.0,differentia=1+policy=RecencyProportionalResolution+target=512,<function upgma at 0x7f96503dc550>
195,52,52,[50],4994.0,10.0,Inner35,4992,4997,4994.0,differentia=1+policy=RecencyProportionalResolution+target=512,<function upgma at 0x7f96503dc550>
196,53,53,[52],5001.0,7.0,316603,5001,5002,5001.0,differentia=1+policy=RecencyProportionalResolution+target=512,<function upgma at 0x7f96503dc550>
197,54,54,[52],4995.0,1.0,Inner28,4993,4998,4995.0,differentia=1+policy=RecencyProportionalResolution+target=512,<function upgma at 0x7f96503dc550>
198,55,55,[54],4995.0,0.0,Inner23,4993,4998,4995.0,differentia=1+policy=RecencyProportionalResolution+target=512,<function upgma at 0x7f96503dc550>
199,56,56,[55],4998.0,3.0,316423,4998,4999,4998.0,differentia=1+policy=RecencyProportionalResolution+target=512,<function upgma at 0x7f96503dc550>
200,57,57,[55],4997.0,2.0,Inner19,4995,5000,4997.0,differentia=1+policy=RecencyProportionalResolution+target=512,<function upgma at 0x7f96503dc550>
201,58,58,[57],4998.0,1.0,Inner4,4996,5001,4998.0,differentia=1+policy=RecencyProportionalResolution+target=512,<function upgma at 0x7f96503dc550>
202,59,59,[58],5001.0,3.0,316583,5001,5002,5001.0,differentia=1+policy=RecencyProportionalResolution+target=512,<function upgma at 0x7f96503dc550>
203,60,60,[58],5001.0,3.0,316589,5001,5002,5001.0,differentia=1+policy=RecencyProportionalResolution+target=512,<function upgma at 0x7f96503dc550>
204,61,61,[57],5001.0,4.0,316613,5001,5002,5001.0,differentia=1+policy=RecencyProportionalResolution+target=512,<function upgma at 0x7f96503dc550>
205,62,62,[54],5001.0,6.0,316621,5001,5002,5001.0,differentia=1+policy=RecencyProportionalResolution+target=512,<function upgma at 0x7f96503dc550>
206,63,63,[49],4991.0,8.0,Inner49,4989,4994,4991.0,differentia=1+policy=RecencyProportionalResolution+target=512,<function upgma at 0x7f96503dc550>
207,64,64,[63],4994.0,3.0,Inner37,4992,4997,4994.0,differentia=1+policy=RecencyProportionalResolution+target=512,<function upgma at 0x7f96503dc550>
208,65,65,[64],4996.0,2.0,Inner24,4994,4999,4996.0,differentia=1+policy=RecencyProportionalResolution+target=512,<function upgma at 0x7f96503dc550>
209,66,66,[65],5001.0,5.0,316593,5001,5002,5001.0,differentia=1+policy=RecencyProportionalResolution+target=512,<function upgma at 0x7f96503dc550>
210,67,67,[65],5001.0,5.0,316601,5001,5002,5001.0,differentia=1+policy=RecencyProportionalResolution+target=512,<function upgma at 0x7f96503dc550>
211,68,68,[64],4997.0,3.0,Inner12,4995,5000,4997.0,differentia=1+policy=RecencyProportionalResolution+target=512,<function upgma at 0x7f96503dc550>
212,69,69,[68],5000.0,3.0,316540,5000,5001,5000.0,differentia=1+policy=RecencyProportionalResolution+target=512,<function upgma at 0x7f96503dc550>
213,70,70,[68],5001.0,4.0,316630,5001,5002,5001.0,differentia=1+policy=RecencyProportionalResolution+target=512,<function upgma at 0x7f96503dc550>
214,71,71,[63],4994.0,3.0,Inner36,4992,4997,4994.0,differentia=1+policy=RecencyProportionalResolution+target=512,<function upgma at 0x7f96503dc550>
215,72,72,[71],4995.0,1.0,Inner30,4993,4998,4995.0,differentia=1+policy=RecencyProportionalResolution+target=512,<function upgma at 0x7f96503dc550>
216,73,73,[72],5000.0,5.0,316567,5000,5001,5000.0,differentia=1+policy=RecencyProportionalResolution+target=512,<function upgma at 0x7f96503dc550>
217,74,74,[72],5001.0,6.0,316579,5001,5002,5001.0,differentia=1+policy=RecencyProportionalResolution+target=512,<function upgma at 0x7f96503dc550>
218,75,75,[71],4997.0,3.0,Inner18,4995,5000,4997.0,differentia=1+policy=RecencyProportionalResolution+target=512,<function upgma at 0x7f96503dc550>
219,76,76,[75],5001.0,4.0,316609,5001,5002,5001.0,differentia=1+policy=RecencyProportionalResolution+target=512,<function upgma at 0x7f96503dc550>
220,77,77,[75],5001.0,4.0,316631,5001,5002,5001.0,differentia=1+policy=RecencyProportionalResolution+target=512,<function upgma at 0x7f96503dc550>
221,78,78,[38],4950.0,68.0,Inner68,4948,4953,4950.0,differentia=1+policy=RecencyProportionalResolution+target=512,<function upgma at 0x7f96503dc550>
222,79,79,[78],4971.0,21.0,Inner65,4969,4974,4971.0,differentia=1+policy=RecencyProportionalResolution+target=512,<function upgma at 0x7f96503dc550>
223,80,80,[79],4973.0,2.0,Inner64,4971,4976,4973.0,differentia=1+policy=RecencyProportionalResolution+target=512,<function upgma at 0x7f96503dc550>
224,81,81,[80],4986.0,13.0,Inner56,4984,4989,4986.0,differentia=1+policy=RecencyProportionalResolution+target=512,<function upgma at 0x7f96503dc550>
225,82,82,[81],4991.0,5.0,Inner48,4989,4994,4991.0,differentia=1+policy=RecencyProportionalResolution+target=512,<function upgma at 0x7f96503dc550>
226,83,83,[82],5000.0,9.0,316578,5000,5001,5000.0,differentia=1+policy=RecencyProportionalResolution+target=512,<function upgma at 0x7f96503dc550>
227,84,84,[82],5001.0,10.0,316619,5001,5002,5001.0,differentia=1+policy=RecencyProportionalResolution+target=512,<function upgma at 0x7f96503dc550>
228,85,85,[81],4994.0,8.0,Inner39,4992,4997,4994.0,differentia=1+policy=RecencyProportionalResolution+target=512,<function upgma at 0x7f96503dc550>
229,86,86,[85],5001.0,7.0,316600,5001,5002,5001.0,differentia=1+policy=RecencyProportionalResolution+target=512,<function upgma at 0x7f96503dc550>
230,87,87,[85],4995.0,1.0,Inner33,4993,4998,4995.0,differentia=1+policy=RecencyProportionalResolution+target=512,<function upgma at 0x7f96503dc550>
231,88,88,[87],4998.0,3.0,Inner5,4996,5001,4998.0,differentia=1+policy=RecencyProportionalResolution+target=512,<function upgma at 0x7f96503dc550>
232,89,89,[88],5001.0,3.0,316587,5001,5002,5001.0,differentia=1+policy=RecencyProportionalResolution+target=512,<function upgma at 0x7f96503dc550>
233,90,90,[88],5001.0,3.0,316616,5001,5002,5001.0,differentia=1+policy=RecencyProportionalResolution+target=512,<function upgma at 0x7f96503dc550>
234,91,91,[87],4996.0,1.0,Inner26,4994,4999,4996.0,differentia=1+policy=RecencyProportionalResolution+target=512,<function upgma at 0x7f96503dc550>
235,92,92,[91],4997.0,1.0,Inner20,4995,5000,4997.0,differentia=1+policy=RecencyProportionalResolution+target=512,<function upgma at 0x7f96503dc550>
236,93,93,[92],5001.0,4.0,316588,5001,5002,5001.0,differentia=1+policy=RecencyProportionalResolution+target=512,<function upgma at 0x7f96503dc550>
237,94,94,[92],5001.0,4.0,316595,5001,5002,5001.0,differentia=1+policy=RecencyProportionalResolution+target=512,<function upgma at 0x7f96503dc550>
238,95,95,[91],4998.0,2.0,Inner6,4996,5001,4998.0,differentia=1+policy=RecencyProportionalResolution+target=512,<function upgma at 0x7f96503dc550>
239,96,96,[95],5001.0,3.0,316604,5001,5002,5001.0,differentia=1+policy=RecencyProportionalResolution+target=512,<function upgma at 0x7f96503dc550>
240,97,97,[95],5001.0,3.0,316624,5001,5002,5001.0,differentia=1+policy=RecencyProportionalResolution+target=512,<function upgma at 0x7f96503dc550>
241,98,98,[80],4994.0,21.0,Inner34,4992,4997,4994.0,differentia=1+policy=RecencyProportionalResolution+target=512,<function upgma at 0x7f96503dc550>
242,99,99,[98],5000.0,6.0,316577,5000,5001,5000.0,differentia=1+policy=RecencyProportionalResolution+target=512,<function upgma at 0x7f96503dc550>
243,100,100,[98],4996.0,2.0,Inner25,4994,4999,4996.0,differentia=1+policy=RecencyProportionalResolution+target=512,<function upgma at 0x7f96503dc550>
244,101,101,[100],5001.0,5.0,316586,5001,5002,5001.0,differentia=1+policy=RecencyProportionalResolution+target=512,<function upgma at 0x7f96503dc550>
245,102,102,[100],5001.0,5.0,316632,5001,5002,5001.0,differentia=1+policy=RecencyProportionalResolution+target=512,<function upgma at 0x7f96503dc550>
246,103,103,[79],4978.0,7.0,Inner62,4976,4981,4978.0,differentia=1+policy=RecencyProportionalResolution+target=512,<function upgma at 0x7f96503dc550>
247,104,104,[103],4989.0,11.0,Inner54,4987,4992,4989.0,differentia=1+policy=RecencyProportionalResolution+target=512,<function upgma at 0x7f96503dc550>
248,105,105,[104],4990.0,1.0,Inner52,4988,4993,4990.0,differentia=1+policy=RecencyProportionalResolution+target=512,<function upgma at 0x7f96503dc550>
249,106,106,[105],4993.0,3.0,Inner42,4991,4996,4993.0,differentia=1+policy=RecencyProportionalResolution+target=512,<function upgma at 0x7f96503dc550>
250,107,107,[106],5000.0,7.0,316564,5000,5001,5000.0,differentia=1+policy=RecencyProportionalResolution+target=512,<function upgma at 0x7f96503dc550>
251,108,108,[106],5001.0,8.0,316594,5001,5002,5001.0,differentia=1+policy=RecencyProportionalResolution+target=512,<function upgma at 0x7f96503dc550>
252,109,109,[105],4995.0,5.0,Inner32,4993,4998,4995.0,differentia=1+policy=RecencyProportionalResolution+target=512,<function upgma at 0x7f96503dc550>
253,110,110,[109],5001.0,6.0,316598,5001,5002,5001.0,differentia=1+policy=RecencyProportionalResolution+target=512,<function upgma at 0x7f96503dc550>
254,111,111,[109],4997.0,2.0,Inner15,4995,5000,4997.0,differentia=1+policy=RecencyProportionalResolution+target=512,<function upgma at 0x7f96503dc550>
255,112,112,[111],4997.0,0.0,Inner13,4995,5000,4997.0,differentia=1+policy=RecencyProportionalResolution+target=512,<function upgma at 0x7f96503dc550>
256,113,113,[112],5000.0,3.0,316541,5000,5001,5000.0,differentia=1+policy=RecencyProportionalResolution+target=512,<function upgma at 0x7f96503dc550>
257,114,114,[112],5001.0,4.0,316581,5001,5002,5001.0,differentia=1+policy=RecencyProportionalResolution+target=512,<function upgma at 0x7f96503dc550>
258,115,115,[111],4998.0,1.0,Inner8,4996,5001,4998.0,differentia=1+policy=RecencyProportionalResolution+target=512,<function upgma at 0x7f96503dc550>
259,116,116,[115],5001.0,3.0,316611,5001,5002,5001.0,differentia=1+policy=RecencyProportionalResolution+target=512,<function upgma at 0x7f96503dc550>
260,117,117,[115],4998.0,0.0,Inner7,4996,5001,4998.0,differentia=1+policy=RecencyProportionalResolution+target=512,<function upgma at 0x7f96503dc550>
261,118,118,[117],5001.0,3.0,316590,5001,5002,5001.0,differentia=1+policy=RecencyProportionalResolution+target=512,<function upgma at 0x7f96503dc550>
262,119,119,[117],5001.0,3.0,316617,5001,5002,5001.0,differentia=1+policy=RecencyProportionalResolution+target=512,<function upgma at 0x7f96503dc550>
263,120,120,[104],4991.0,2.0,Inner51,4989,4994,4991.0,differentia=1+policy=RecencyProportionalResolution+target=512,<function upgma at 0x7f96503dc550>
264,121,121,[120],5001.0,10.0,316585,5001,5002,5001.0,differentia=1+policy=RecencyProportionalResolution+target=512,<function upgma at 0x7f96503dc550>
265,122,122,[120],4992.0,1.0,Inner45,4990,4995,4992.0,differentia=1+policy=RecencyProportionalResolution+target=512,<function upgma at 0x7f96503dc550>
266,123,123,[122],4994.0,2.0,Inner40,4992,4997,4994.0,differentia=1+policy=RecencyProportionalResolution+target=512,<function upgma at 0x7f96503dc550>
267,124,124,[123],5001.0,7.0,316625,5001,5002,5001.0,differentia=1+policy=RecencyProportionalResolution+target=512,<function upgma at 0x7f96503dc550>
268,125,125,[123],5001.0,7.0,316626,5001,5002,5001.0,differentia=1+policy=RecencyProportionalResolution+target=512,<function upgma at 0x7f96503dc550>
269,126,126,[122],5001.0,9.0,316628,5001,5002,5001.0,differentia=1+policy=RecencyProportionalResolution+target=512,<function upgma at 0x7f96503dc550>
270,127,127,[103],4992.0,14.0,Inner46,4990,4995,4992.0,differentia=1+policy=RecencyProportionalResolution+target=512,<function upgma at 0x7f96503dc550>
271,128,128,[127],5001.0,9.0,316591,5001,5002,5001.0,differentia=1+policy=RecencyProportionalResolution+target=512,<function upgma at 0x7f96503dc550>
272,129,129,[127],4996.0,4.0,Inner27,4994,4999,4996.0,differentia=1+policy=RecencyProportionalResolution+target=512,<function upgma at 0x7f96503dc550>
273,130,130,[129],5001.0,5.0,316612,5001,5002,5001.0,differentia=1+policy=RecencyProportionalResolution+target=512,<function upgma at 0x7f96503dc550>
274,131,131,[129],5001.0,5.0,316633,5001,5002,5001.0,differentia=1+policy=RecencyProportionalResolution+target=512,<function upgma at 0x7f96503dc550>
275,132,132,[78],4988.0,38.0,Inner55,4986,4991,4988.0,differentia=1+policy=RecencyProportionalResolution+target=512,<function upgma at 0x7f96503dc550>
276,133,133,[132],5001.0,13.0,316610,5001,5002,5001.0,differentia=1+policy=RecencyProportionalResolution+target=512,<function upgma at 0x7f96503dc550>
277,134,134,[132],4993.0,5.0,Inner43,4991,4996,4993.0,differentia=1+policy=RecencyProportionalResolution+target=512,<function upgma at 0x7f96503dc550>
278,135,135,[134],4995.0,2.0,Inner31,4993,4998,4995.0,differentia=1+policy=RecencyProportionalResolution+target=512,<function upgma at 0x7f96503dc550>
279,136,136,[135],5000.0,5.0,316552,5000,5001,5000.0,differentia=1+policy=RecencyProportionalResolution+target=512,<function upgma at 0x7f96503dc550>
280,137,137,[135],4998.0,3.0,Inner9,4996,5001,4998.0,differentia=1+policy=RecencyProportionalResolution+target=512,<function upgma at 0x7f96503dc550>
281,138,138,[137],5001.0,3.0,316597,5001,5002,5001.0,differentia=1+policy=RecencyProportionalResolution+target=512,<function upgma at 0x7f96503dc550>
282,139,139,[137],5001.0,3.0,316627,5001,5002,5001.0,differentia=1+policy=RecencyProportionalResolution+target=512,<function upgma at 0x7f96503dc550>
283,140,140,[134],4997.0,4.0,Inner21,4995,5000,4997.0,differentia=1+policy=RecencyProportionalResolution+target=512,<function upgma at 0x7f96503dc550>
284,141,141,[140],5001.0,4.0,316596,5001,5002,5001.0,differentia=1+policy=RecencyProportionalResolution+target=512,<function upgma at 0x7f96503dc550>
285,142,142,[140],5001.0,4.0,316635,5001,5002,5001.0,differentia=1+policy=RecencyProportionalResolution+target=512,<function upgma at 0x7f96503dc550>
286,0,0,[None],4775.5,4775.5,Inner71,4704,4848,4775.5,differentia=1+policy=RecencyProportionalResolution+target=64,<function upgma at 0x7f96503dc550>
287,1,1,[0],4937.5,162.0,Inner69,4920,4956,4937.5,differentia=1+policy=RecencyProportionalResolution+target=64,<function upgma at 0x7f96503dc550>
288,2,2,[1],4989.0,51.5,Inner51,4986,4993,4989.0,differentia=1+policy=RecencyProportionalResolution+target=64,<function upgma at 0x7f96503dc550>
289,3,3,[2],4993.0,4.0,Inner37,4991,4996,4993.0,differentia=1+policy=RecencyProportionalResolution+target=64,<function upgma at 0x7f96503dc550>
290,4,4,[3],4998.0,5.0,316382,4998,4999,4998.0,differentia=1+policy=RecencyProportionalResolution+target=64,<function upgma at 0x7f96503dc550>
291,5,5,[3],5001.0,8.0,316607,5001,5002,5001.0,differentia=1+policy=RecencyProportionalResolution+target=64,<function upgma at 0x7f96503dc550>
292,6,6,[2],5001.0,12.0,316622,5001,5002,5001.0,differentia=1+policy=RecencyProportionalResolution+target=64,<function upgma at 0x7f96503dc550>
293,7,7,[1],4965.5,28.0,Inner67,4956,4976,4965.5,differentia=1+policy=RecencyProportionalResolution+target=64,<function upgma at 0x7f96503dc550>
294,8,8,[7],5000.0,34.5,316562,5000,5001,5000.0,differentia=1+policy=RecencyProportionalResolution+target=64,<function upgma at 0x7f96503dc550>
295,9,9,[7],4968.5,3.0,Inner66,4960,4978,4968.5,differentia=1+policy=RecencyProportionalResolution+target=64,<function upgma at 0x7f96503dc550>
296,10,10,[9],4994.0,25.5,Inner41,4992,4997,4994.0,differentia=1+policy=RecencyProportionalResolution+target=64,<function upgma at 0x7f96503dc550>
297,11,11,[10],5001.0,7.0,316615,5001,5002,5001.0,differentia=1+policy=RecencyProportionalResolution+target=64,<function upgma at 0x7f96503dc550>
298,12,12,[10],4995.0,1.0,Inner32,4993,4998,4995.0,differentia=1+policy=RecencyProportionalResolution+target=64,<function upgma at 0x7f96503dc550>
299,13,13,[12],4996.0,1.0,Inner20,4994,4999,4996.0,differentia=1+policy=RecencyProportionalResolution+target=64,<function upgma at 0x7f96503dc550>
300,14,14,[13],4996.0,0.0,Inner13,4994,4999,4996.0,differentia=1+policy=RecencyProportionalResolution+target=64,<function upgma at 0x7f96503dc550>
301,15,15,[14],4999.0,3.0,316484,4999,5000,4999.0,differentia=1+policy=RecencyProportionalResolution+target=64,<function upgma at 0x7f96503dc550>
302,16,16,[14],5000.0,4.0,316544,5000,5001,5000.0,differentia=1+policy=RecencyProportionalResolution+target=64,<function upgma at 0x7f96503dc550>
303,17,17,[13],5001.0,5.0,316605,5001,5002,5001.0,differentia=1+policy=RecencyProportionalResolution+target=64,<function upgma at 0x7f96503dc550>
304,18,18,[12],4996.0,1.0,Inner26,4994,4999,4996.0,differentia=1+policy=RecencyProportionalResolution+target=64,<function upgma at 0x7f96503dc550>
305,19,19,[18],5001.0,5.0,316614,5001,5002,5001.0,differentia=1+policy=RecencyProportionalResolution+target=64,<function upgma at 0x7f96503dc550>
306,20,20,[18],5001.0,5.0,316629,5001,5002,5001.0,differentia=1+policy=RecencyProportionalResolution+target=64,<function upgma at 0x7f96503dc550>
307,21,21,[9],4972.5,4.0,Inner63,4964,4982,4972.5,differentia=1+policy=RecencyProportionalResolution+target=64,<function upgma at 0x7f96503dc550>
308,22,22,[21],5001.0,28.5,316602,5001,5002,5001.0,differentia=1+policy=RecencyProportionalResolution+target=64,<function upgma at 0x7f96503dc550>
309,23,23,[21],4982.5,10.0,Inner59,4978,4988,4982.5,differentia=1+policy=RecencyProportionalResolution+target=64,<function upgma at 0x7f96503dc550>
310,24,24,[23],4986.0,3.5,Inner55,4982,4991,4986.0,differentia=1+policy=RecencyProportionalResolution+target=64,<function upgma at 0x7f96503dc550>
311,25,25,[24],4995.0,9.0,Inner31,4993,4998,4995.0,differentia=1+policy=RecencyProportionalResolution+target=64,<function upgma at 0x7f96503dc550>
312,26,26,[25],4997.0,2.0,Inner1,4995,5000,4997.0,differentia=1+policy=RecencyProportionalResolution+target=64,<function upgma at 0x7f96503dc550>
313,27,27,[26],5000.0,3.0,316570,5000,5001,5000.0,differentia=1+policy=RecencyProportionalResolution+target=64,<function upgma at 0x7f96503dc550>
314,28,28,[26],5000.0,3.0,316574,5000,5001,5000.0,differentia=1+policy=RecencyProportionalResolution+target=64,<function upgma at 0x7f96503dc550>
315,29,29,[25],5001.0,6.0,316582,5001,5002,5001.0,differentia=1+policy=RecencyProportionalResolution+target=64,<function upgma at 0x7f96503dc550>
316,30,30,[24],4996.0,10.0,Inner25,4994,4999,4996.0,differentia=1+policy=RecencyProportionalResolution+target=64,<function upgma at 0x7f96503dc550>
317,31,31,[30],5001.0,5.0,316580,5001,5002,5001.0,differentia=1+policy=RecencyProportionalResolution+target=64,<function upgma at 0x7f96503dc550>
318,32,32,[30],5001.0,5.0,316599,5001,5002,5001.0,differentia=1+policy=RecencyProportionalResolution+target=64,<function upgma at 0x7f96503dc550>
319,33,33,[23],4987.5,5.0,Inner54,4984,4992,4987.5,differentia=1+policy=RecencyProportionalResolution+target=64,<function upgma at 0x7f96503dc550>
320,34,34,[33],4989.0,1.5,Inner50,4986,4993,4989.0,differentia=1+policy=RecencyProportionalResolution+target=64,<function upgma at 0x7f96503dc550>
321,35,35,[34],4999.0,10.0,316516,4999,5000,4999.0,differentia=1+policy=RecencyProportionalResolution+target=64,<function upgma at 0x7f96503dc550>
322,36,36,[34],5001.0,12.0,316620,5001,5002,5001.0,differentia=1+policy=RecencyProportionalResolution+target=64,<function upgma at 0x7f96503dc550>
323,37,37,[33],5001.0,13.5,316634,5001,5002,5001.0,differentia=1+policy=RecencyProportionalResolution+target=64,<function upgma at 0x7f96503dc550>
324,38,38,[0],4847.5,72.0,Inner70,4800,4896,4847.5,differentia=1+policy=RecencyProportionalResolution+target=64,<function upgma at 0x7f96503dc550>
325,39,39,[38],4972.5,125.0,Inner64,4964,4982,4972.5,differentia=1+policy=RecencyProportionalResolution+target=64,<function upgma at 0x7f96503dc550>
326,40,40,[39],4993.0,20.5,Inner45,4991,4996,4993.0,differentia=1+policy=RecencyProportionalResolution+target=64,<function upgma at 0x7f96503dc550>
327,41,41,[40],5001.0,8.0,316584,5001,5002,5001.0,differentia=1+policy=RecencyProportionalResolution+target=64,<function upgma at 0x7f96503dc550>
328,42,42,[40],4995.0,2.0,Inner35,4993,4998,4995.0,differentia=1+policy=RecencyProportionalResolution+target=64,<function upgma at 0x7f96503dc550>
329,43,43,[42],4998.0,3.0,Inner2,4996,5001,4998.0,differentia=1+policy=RecencyProportionalResolution+target=64,<function upgma at 0x7f96503dc550>
330,44,44,[43],5001.0,3.0,316592,5001,5002,5001.0,differentia=1+policy=RecencyProportionalResolution+target=64,<function upgma at 0x7f96503dc550>
331,45,45,[43],5001.0,3.0,316608,5001,5002,5001.0,differentia=1+policy=RecencyProportionalResolution+target=64,<function upgma at 0x7f96503dc550>
332,46,46,[42],4997.0,2.0,Inner15,4995,5000,4997.0,differentia=1+policy=RecencyProportionalResolution+target=64,<function upgma at 0x7f96503dc550>
333,47,47,[46],5001.0,4.0,316618,5001,5002,5001.0,differentia=1+policy=RecencyProportionalResolution+target=64,<function upgma at 0x7f96503dc550>
334,48,48,[46],5001.0,4.0,316623,5001,5002,5001.0,differentia=1+policy=RecencyProportionalResolution+target=64,<function upgma at 0x7f96503dc550>
335,49,49,[39],4978.5,6.0,Inner61,4972,4986,4978.5,differentia=1+policy=RecencyProportionalResolution+target=64,<function upgma at 0x7f96503dc550>
336,50,50,[49],5001.0,22.5,316606,5001,5002,5001.0,differentia=1+policy=RecencyProportionalResolution+target=64,<function upgma at 0x7f96503dc550>
337,51,51,[49],4982.5,4.0,Inner58,4978,4988,4982.5,differentia=1+policy=RecencyProportionalResolution+target=64,<function upgma at 0x7f96503dc550>
338,52,52,[51],4994.0,11.5,Inner36,4992,4997,4994.0,differentia=1+policy=RecencyProportionalResolution+target=64,<function upgma at 0x7f96503dc550>
339,53,53,[52],5001.0,7.0,316603,5001,5002,5001.0,differentia=1+policy=RecencyProportionalResolution+target=64,<function upgma at 0x7f96503dc550>
340,54,54,[52],4995.0,1.0,Inner23,4993,4998,4995.0,differentia=1+policy=RecencyProportionalResolution+target=64,<function upgma at 0x7f96503dc550>
341,55,55,[54],4998.0,3.0,316423,4998,4999,4998.0,differentia=1+policy=RecencyProportionalResolution+target=64,<function upgma at 0x7f96503dc550>
342,56,56,[54],4997.0,2.0,Inner17,4995,5000,4997.0,differentia=1+policy=RecencyProportionalResolution+target=64,<function upgma at 0x7f96503dc550>
343,57,57,[56],5001.0,4.0,316589,5001,5002,5001.0,differentia=1+policy=RecencyProportionalResolution+target=64,<function upgma at 0x7f96503dc550>
344,58,58,[56],4998.0,1.0,Inner5,4996,5001,4998.0,differentia=1+policy=RecencyProportionalResolution+target=64,<function upgma at 0x7f96503dc550>
345,59,59,[58],4998.0,0.0,Inner4,4996,5001,4998.0,differentia=1+policy=RecencyProportionalResolution+target=64,<function upgma at 0x7f96503dc550>
346,60,60,[59],5001.0,3.0,316583,5001,5002,5001.0,differentia=1+policy=RecencyProportionalResolution+target=64,<function upgma at 0x7f96503dc550>
347,61,61,[59],5001.0,3.0,316613,5001,5002,5001.0,differentia=1+policy=RecencyProportionalResolution+target=64,<function upgma at 0x7f96503dc550>
348,62,62,[58],5001.0,3.0,316621,5001,5002,5001.0,differentia=1+policy=RecencyProportionalResolution+target=64,<function upgma at 0x7f96503dc550>
349,63,63,[51],4985.5,3.0,Inner56,4982,4990,4985.5,differentia=1+policy=RecencyProportionalResolution+target=64,<function upgma at 0x7f96503dc550>
350,64,64,[63],4990.5,5.0,Inner49,4988,4994,4990.5,differentia=1+policy=RecencyProportionalResolution+target=64,<function upgma at 0x7f96503dc550>
351,65,65,[64],4998.0,7.5,Inner3,4996,5001,4998.0,differentia=1+policy=RecencyProportionalResolution+target=64,<function upgma at 0x7f96503dc550>
352,66,66,[65],5001.0,3.0,316593,5001,5002,5001.0,differentia=1+policy=RecencyProportionalResolution+target=64,<function upgma at 0x7f96503dc550>
353,67,67,[65],5001.0,3.0,316601,5001,5002,5001.0,differentia=1+policy=RecencyProportionalResolution+target=64,<function upgma at 0x7f96503dc550>
354,68,68,[64],4996.0,5.5,Inner22,4994,4999,4996.0,differentia=1+policy=RecencyProportionalResolution+target=64,<function upgma at 0x7f96503dc550>
355,69,69,[68],5000.0,4.0,316540,5000,5001,5000.0,differentia=1+policy=RecencyProportionalResolution+target=64,<function upgma at 0x7f96503dc550>
356,70,70,[68],5001.0,5.0,316630,5001,5002,5001.0,differentia=1+policy=RecencyProportionalResolution+target=64,<function upgma at 0x7f96503dc550>
357,71,71,[63],4995.0,9.5,Inner33,4993,4998,4995.0,differentia=1+policy=RecencyProportionalResolution+target=64,<function upgma at 0x7f96503dc550>
358,72,72,[71],5001.0,6.0,316579,5001,5002,5001.0,differentia=1+policy=RecencyProportionalResolution+target=64,<function upgma at 0x7f96503dc550>
359,73,73,[71],4996.0,1.0,Inner21,4994,4999,4996.0,differentia=1+policy=RecencyProportionalResolution+target=64,<function upgma at 0x7f96503dc550>
360,74,74,[73],5000.0,4.0,316567,5000,5001,5000.0,differentia=1+policy=RecencyProportionalResolution+target=64,<function upgma at 0x7f96503dc550>
361,75,75,[73],4997.0,1.0,Inner16,4995,5000,4997.0,differentia=1+policy=RecencyProportionalResolution+target=64,<function upgma at 0x7f96503dc550>
362,76,76,[75],5001.0,4.0,316609,5001,5002,5001.0,differentia=1+policy=RecencyProportionalResolution+target=64,<function upgma at 0x7f96503dc550>
363,77,77,[75],5001.0,4.0,316631,5001,5002,5001.0,differentia=1+policy=RecencyProportionalResolution+target=64,<function upgma at 0x7f96503dc550>
364,78,78,[38],4965.5,118.0,Inner68,4956,4976,4965.5,differentia=1+policy=RecencyProportionalResolution+target=64,<function upgma at 0x7f96503dc550>
365,79,79,[78],4968.5,3.0,Inner62,4960,4978,4968.5,differentia=1+policy=RecencyProportionalResolution+target=64,<function upgma at 0x7f96503dc550>
366,80,80,[79],4981.5,13.0,Inner60,4976,4988,4981.5,differentia=1+policy=RecencyProportionalResolution+target=64,<function upgma at 0x7f96503dc550>
367,81,81,[80],4990.5,9.0,Inner47,4988,4994,4990.5,differentia=1+policy=RecencyProportionalResolution+target=64,<function upgma at 0x7f96503dc550>
368,82,82,[81],5000.0,9.5,316578,5000,5001,5000.0,differentia=1+policy=RecencyProportionalResolution+target=64,<function upgma at 0x7f96503dc550>
369,83,83,[81],5001.0,10.5,316619,5001,5002,5001.0,differentia=1+policy=RecencyProportionalResolution+target=64,<function upgma at 0x7f96503dc550>
370,84,84,[80],4993.0,11.5,Inner46,4991,4996,4993.0,differentia=1+policy=RecencyProportionalResolution+target=64,<function upgma at 0x7f96503dc550>
371,85,85,[84],5001.0,8.0,316600,5001,5002,5001.0,differentia=1+policy=RecencyProportionalResolution+target=64,<function upgma at 0x7f96503dc550>
372,86,86,[84],4994.0,1.0,Inner42,4992,4997,4994.0,differentia=1+policy=RecencyProportionalResolution+target=64,<function upgma at 0x7f96503dc550>
373,87,87,[86],4998.0,4.0,Inner7,4996,5001,4998.0,differentia=1+policy=RecencyProportionalResolution+target=64,<function upgma at 0x7f96503dc550>
374,88,88,[87],5001.0,3.0,316587,5001,5002,5001.0,differentia=1+policy=RecencyProportionalResolution+target=64,<function upgma at 0x7f96503dc550>
375,89,89,[87],5001.0,3.0,316616,5001,5002,5001.0,differentia=1+policy=RecencyProportionalResolution+target=64,<function upgma at 0x7f96503dc550>
376,90,90,[86],4996.0,2.0,Inner27,4994,4999,4996.0,differentia=1+policy=RecencyProportionalResolution+target=64,<function upgma at 0x7f96503dc550>
377,91,91,[90],4997.0,1.0,Inner18,4995,5000,4997.0,differentia=1+policy=RecencyProportionalResolution+target=64,<function upgma at 0x7f96503dc550>
378,92,92,[91],5001.0,4.0,316588,5001,5002,5001.0,differentia=1+policy=RecencyProportionalResolution+target=64,<function upgma at 0x7f96503dc550>
379,93,93,[91],5001.0,4.0,316604,5001,5002,5001.0,differentia=1+policy=RecencyProportionalResolution+target=64,<function upgma at 0x7f96503dc550>
380,94,94,[90],4998.0,2.0,Inner8,4996,5001,4998.0,differentia=1+policy=RecencyProportionalResolution+target=64,<function upgma at 0x7f96503dc550>
381,95,95,[94],5001.0,3.0,316595,5001,5002,5001.0,differentia=1+policy=RecencyProportionalResolution+target=64,<function upgma at 0x7f96503dc550>
382,96,96,[94],5001.0,3.0,316624,5001,5002,5001.0,differentia=1+policy=RecencyProportionalResolution+target=64,<function upgma at 0x7f96503dc550>
383,97,97,[79],4984.5,16.0,Inner57,4980,4990,4984.5,differentia=1+policy=RecencyProportionalResolution+target=64,<function upgma at 0x7f96503dc550>
384,98,98,[97],4989.0,4.5,Inner52,4986,4993,4989.0,differentia=1+policy=RecencyProportionalResolution+target=64,<function upgma at 0x7f96503dc550>
385,99,99,[98],4991.0,2.0,Inner48,4989,4994,4991.0,differentia=1+policy=RecencyProportionalResolution+target=64,<function upgma at 0x7f96503dc550>
386,100,100,[99],4994.0,3.0,Inner40,4992,4997,4994.0,differentia=1+policy=RecencyProportionalResolution+target=64,<function upgma at 0x7f96503dc550>
387,101,101,[100],5001.0,7.0,316585,5001,5002,5001.0,differentia=1+policy=RecencyProportionalResolution+target=64,<function upgma at 0x7f96503dc550>
388,102,102,[100],4997.0,3.0,Inner14,4995,5000,4997.0,differentia=1+policy=RecencyProportionalResolution+target=64,<function upgma at 0x7f96503dc550>
389,103,103,[102],5000.0,3.0,316564,5000,5001,5000.0,differentia=1+policy=RecencyProportionalResolution+target=64,<function upgma at 0x7f96503dc550>
390,104,104,[102],5001.0,4.0,316594,5001,5002,5001.0,differentia=1+policy=RecencyProportionalResolution+target=64,<function upgma at 0x7f96503dc550>
391,105,105,[99],4995.0,4.0,Inner34,4993,4998,4995.0,differentia=1+policy=RecencyProportionalResolution+target=64,<function upgma at 0x7f96503dc550>
392,106,106,[105],5001.0,6.0,316611,5001,5002,5001.0,differentia=1+policy=RecencyProportionalResolution+target=64,<function upgma at 0x7f96503dc550>
393,107,107,[105],4996.0,1.0,Inner24,4994,4999,4996.0,differentia=1+policy=RecencyProportionalResolution+target=64,<function upgma at 0x7f96503dc550>
394,108,108,[107],5000.0,4.0,316541,5000,5001,5000.0,differentia=1+policy=RecencyProportionalResolution+target=64,<function upgma at 0x7f96503dc550>
395,109,109,[107],4997.0,1.0,Inner19,4995,5000,4997.0,differentia=1+policy=RecencyProportionalResolution+target=64,<function upgma at 0x7f96503dc550>
396,110,110,[109],4998.0,1.0,Inner10,4996,5001,4998.0,differentia=1+policy=RecencyProportionalResolution+target=64,<function upgma at 0x7f96503dc550>
397,111,111,[110],5001.0,3.0,316590,5001,5002,5001.0,differentia=1+policy=RecencyProportionalResolution+target=64,<function upgma at 0x7f96503dc550>
398,112,112,[110],5001.0,3.0,316598,5001,5002,5001.0,differentia=1+policy=RecencyProportionalResolution+target=64,<function upgma at 0x7f96503dc550>
399,113,113,[109],4998.0,1.0,Inner9,4996,5001,4998.0,differentia=1+policy=RecencyProportionalResolution+target=64,<function upgma at 0x7f96503dc550>
400,114,114,[113],5001.0,3.0,316581,5001,5002,5001.0,differentia=1+policy=RecencyProportionalResolution+target=64,<function upgma at 0x7f96503dc550>
401,115,115,[113],5001.0,3.0,316617,5001,5002,5001.0,differentia=1+policy=RecencyProportionalResolution+target=64,<function upgma at 0x7f96503dc550>
402,116,116,[98],4994.0,5.0,Inner43,4992,4997,4994.0,differentia=1+policy=RecencyProportionalResolution+target=64,<function upgma at 0x7f96503dc550>
403,117,117,[116],4996.0,2.0,Inner28,4994,4999,4996.0,differentia=1+policy=RecencyProportionalResolution+target=64,<function upgma at 0x7f96503dc550>
404,118,118,[117],5001.0,5.0,316625,5001,5002,5001.0,differentia=1+policy=RecencyProportionalResolution+target=64,<function upgma at 0x7f96503dc550>
405,119,119,[117],5001.0,5.0,316626,5001,5002,5001.0,differentia=1+policy=RecencyProportionalResolution+target=64,<function upgma at 0x7f96503dc550>
406,120,120,[116],5001.0,7.0,316628,5001,5002,5001.0,differentia=1+policy=RecencyProportionalResolution+target=64,<function upgma at 0x7f96503dc550>
407,121,121,[97],4996.0,11.5,Inner29,4994,4999,4996.0,differentia=1+policy=RecencyProportionalResolution+target=64,<function upgma at 0x7f96503dc550>
408,122,122,[121],5001.0,5.0,316612,5001,5002,5001.0,differentia=1+policy=RecencyProportionalResolution+target=64,<function upgma at 0x7f96503dc550>
409,123,123,[121],4998.0,2.0,Inner11,4996,5001,4998.0,differentia=1+policy=RecencyProportionalResolution+target=64,<function upgma at 0x7f96503dc550>
410,124,124,[123],5001.0,3.0,316591,5001,5002,5001.0,differentia=1+policy=RecencyProportionalResolution+target=64,<function upgma at 0x7f96503dc550>
411,125,125,[123],5001.0,3.0,316633,5001,5002,5001.0,differentia=1+policy=RecencyProportionalResolution+target=64,<function upgma at 0x7f96503dc550>
412,126,126,[78],4968.5,3.0,Inner65,4960,4978,4968.5,differentia=1+policy=RecencyProportionalResolution+target=64,<function upgma at 0x7f96503dc550>
413,127,127,[126],4994.0,25.5,Inner38,4992,4997,4994.0,differentia=1+policy=RecencyProportionalResolution+target=64,<function upgma at 0x7f96503dc550>
414,128,128,[127],5000.0,6.0,316577,5000,5001,5000.0,differentia=1+policy=RecencyProportionalResolution+target=64,<function upgma at 0x7f96503dc550>
415,129,129,[127],4998.0,4.0,Inner6,4996,5001,4998.0,differentia=1+policy=RecencyProportionalResolution+target=64,<function upgma at 0x7f96503dc550>
416,130,130,[129],5001.0,3.0,316586,5001,5002,5001.0,differentia=1+policy=RecencyProportionalResolution+target=64,<function upgma at 0x7f96503dc550>
417,131,131,[129],5001.0,3.0,316632,5001,5002,5001.0,differentia=1+policy=RecencyProportionalResolution+target=64,<function upgma at 0x7f96503dc550>
418,132,132,[126],4989.0,20.5,Inner53,4986,4993,4989.0,differentia=1+policy=RecencyProportionalResolution+target=64,<function upgma at 0x7f96503dc550>
419,133,133,[132],5001.0,12.0,316610,5001,5002,5001.0,differentia=1+policy=RecencyProportionalResolution+target=64,<function upgma at 0x7f96503dc550>
420,134,134,[132],4993.0,4.0,Inner44,4991,4996,4993.0,differentia=1+policy=RecencyProportionalResolution+target=64,<function upgma at 0x7f96503dc550>
421,135,135,[134],4998.0,5.0,Inner12,4996,5001,4998.0,differentia=1+policy=RecencyProportionalResolution+target=64,<function upgma at 0x7f96503dc550>
422,136,136,[135],5001.0,3.0,316597,5001,5002,5001.0,differentia=1+policy=RecencyProportionalResolution+target=64,<function upgma at 0x7f96503dc550>
423,137,137,[135],5001.0,3.0,316627,5001,5002,5001.0,differentia=1+policy=RecencyProportionalResolution+target=64,<function upgma at 0x7f96503dc550>
424,138,138,[134],4994.0,1.0,Inner39,4992,4997,4994.0,differentia=1+policy=RecencyProportionalResolution+target=64,<function upgma at 0x7f96503dc550>
425,139,139,[138],5000.0,6.0,316552,5000,5001,5000.0,differentia=1+policy=RecencyProportionalResolution+target=64,<function upgma at 0x7f96503dc550>
426,140,140,[138],4996.0,2.0,Inner30,4994,4999,4996.0,differentia=1+policy=RecencyProportionalResolution+target=64,<function upgma at 0x7f96503dc550>
427,141,141,[140],5001.0,5.0,316596,5001,5002,5001.0,differentia=1+policy=RecencyProportionalResolution+target=64,<function upgma at 0x7f96503dc550>
428,142,142,[140],5001.0,5.0,316635,5001,5002,5001.0,differentia=1+policy=RecencyProportionalResolution+target=64,<function upgma at 0x7f96503dc550>
429,0,0,[None],4791.0,4791.0,Inner71,4789,4794,4791.0,differentia=1+policy=TaperedDepthProportionalResolution+target=4096,<function upgma at 0x7f96503dc550>
430,1,1,[0],4949.0,158.0,Inner69,4947,4952,4949.0,differentia=1+policy=TaperedDepthProportionalResolution+target=4096,<function upgma at 0x7f96503dc550>
431,2,2,[1],4991.0,42.0,Inner47,4989,4994,4991.0,differentia=1+policy=TaperedDepthProportionalResolution+target=4096,<function upgma at 0x7f96503dc550>
432,3,3,[2],4992.0,1.0,Inner40,4990,4995,4992.0,differentia=1+policy=TaperedDepthProportionalResolution+target=4096,<function upgma at 0x7f96503dc550>
433,4,4,[3],4998.0,6.0,316382,4998,4999,4998.0,differentia=1+policy=TaperedDepthProportionalResolution+target=4096,<function upgma at 0x7f96503dc550>
434,5,5,[3],5001.0,9.0,316607,5001,5002,5001.0,differentia=1+policy=TaperedDepthProportionalResolution+target=4096,<function upgma at 0x7f96503dc550>
435,6,6,[2],5001.0,10.0,316622,5001,5002,5001.0,differentia=1+policy=TaperedDepthProportionalResolution+target=4096,<function upgma at 0x7f96503dc550>
436,7,7,[1],4965.0,16.0,Inner67,4963,4968,4965.0,differentia=1+policy=TaperedDepthProportionalResolution+target=4096,<function upgma at 0x7f96503dc550>
437,8,8,[7],4978.0,13.0,Inner63,4976,4981,4978.0,differentia=1+policy=TaperedDepthProportionalResolution+target=4096,<function upgma at 0x7f96503dc550>
438,9,9,[8],4998.0,20.0,Inner2,4996,5001,4998.0,differentia=1+policy=TaperedDepthProportionalResolution+target=4096,<function upgma at 0x7f96503dc550>
439,10,10,[9],5001.0,3.0,316580,5001,5002,5001.0,differentia=1+policy=TaperedDepthProportionalResolution+target=4096,<function upgma at 0x7f96503dc550>
440,11,11,[9],5001.0,3.0,316599,5001,5002,5001.0,differentia=1+policy=TaperedDepthProportionalResolution+target=4096,<function upgma at 0x7f96503dc550>
441,12,12,[8],4993.0,15.0,Inner39,4991,4996,4993.0,differentia=1+policy=TaperedDepthProportionalResolution+target=4096,<function upgma at 0x7f96503dc550>
442,13,13,[12],5001.0,8.0,316615,5001,5002,5001.0,differentia=1+policy=TaperedDepthProportionalResolution+target=4096,<function upgma at 0x7f96503dc550>
443,14,14,[12],4995.0,2.0,Inner19,4993,4998,4995.0,differentia=1+policy=TaperedDepthProportionalResolution+target=4096,<function upgma at 0x7f96503dc550>
444,15,15,[14],4999.0,4.0,316484,4999,5000,4999.0,differentia=1+policy=TaperedDepthProportionalResolution+target=4096,<function upgma at 0x7f96503dc550>
445,16,16,[14],4996.0,1.0,Inner18,4994,4999,4996.0,differentia=1+policy=TaperedDepthProportionalResolution+target=4096,<function upgma at 0x7f96503dc550>
446,17,17,[16],5001.0,5.0,316605,5001,5002,5001.0,differentia=1+policy=TaperedDepthProportionalResolution+target=4096,<function upgma at 0x7f96503dc550>
447,18,18,[16],4997.0,1.0,Inner10,4995,5000,4997.0,differentia=1+policy=TaperedDepthProportionalResolution+target=4096,<function upgma at 0x7f96503dc550>
448,19,19,[18],5000.0,3.0,316544,5000,5001,5000.0,differentia=1+policy=TaperedDepthProportionalResolution+target=4096,<function upgma at 0x7f96503dc550>
449,20,20,[18],4998.0,1.0,Inner3,4996,5001,4998.0,differentia=1+policy=TaperedDepthProportionalResolution+target=4096,<function upgma at 0x7f96503dc550>
450,21,21,[20],5001.0,3.0,316614,5001,5002,5001.0,differentia=1+policy=TaperedDepthProportionalResolution+target=4096,<function upgma at 0x7f96503dc550>
451,22,22,[20],5001.0,3.0,316629,5001,5002,5001.0,differentia=1+policy=TaperedDepthProportionalResolution+target=4096,<function upgma at 0x7f96503dc550>
452,23,23,[7],4970.0,5.0,Inner66,4968,4973,4970.0,differentia=1+policy=TaperedDepthProportionalResolution+target=4096,<function upgma at 0x7f96503dc550>
453,24,24,[23],5000.0,30.0,316562,5000,5001,5000.0,differentia=1+policy=TaperedDepthProportionalResolution+target=4096,<function upgma at 0x7f96503dc550>
454,25,25,[23],4979.0,9.0,Inner60,4977,4982,4979.0,differentia=1+policy=TaperedDepthProportionalResolution+target=4096,<function upgma at 0x7f96503dc550>
455,26,26,[25],5001.0,22.0,316602,5001,5002,5001.0,differentia=1+policy=TaperedDepthProportionalResolution+target=4096,<function upgma at 0x7f96503dc550>
456,27,27,[25],4980.0,1.0,Inner59,4978,4983,4980.0,differentia=1+policy=TaperedDepthProportionalResolution+target=4096,<function upgma at 0x7f96503dc550>
457,28,28,[27],4995.0,15.0,Inner28,4993,4998,4995.0,differentia=1+policy=TaperedDepthProportionalResolution+target=4096,<function upgma at 0x7f96503dc550>
458,29,29,[28],4997.0,2.0,Inner1,4995,5000,4997.0,differentia=1+policy=TaperedDepthProportionalResolution+target=4096,<function upgma at 0x7f96503dc550>
459,30,30,[29],5000.0,3.0,316570,5000,5001,5000.0,differentia=1+policy=TaperedDepthProportionalResolution+target=4096,<function upgma at 0x7f96503dc550>
460,31,31,[29],5000.0,3.0,316574,5000,5001,5000.0,differentia=1+policy=TaperedDepthProportionalResolution+target=4096,<function upgma at 0x7f96503dc550>
461,32,32,[28],5001.0,6.0,316582,5001,5002,5001.0,differentia=1+policy=TaperedDepthProportionalResolution+target=4096,<function upgma at 0x7f96503dc550>
462,33,33,[27],4989.0,9.0,Inner53,4987,4992,4989.0,differentia=1+policy=TaperedDepthProportionalResolution+target=4096,<function upgma at 0x7f96503dc550>
463,34,34,[33],4990.0,1.0,Inner50,4988,4993,4990.0,differentia=1+policy=TaperedDepthProportionalResolution+target=4096,<function upgma at 0x7f96503dc550>
464,35,35,[34],4999.0,9.0,316516,4999,5000,4999.0,differentia=1+policy=TaperedDepthProportionalResolution+target=4096,<function upgma at 0x7f96503dc550>
465,36,36,[34],5001.0,11.0,316620,5001,5002,5001.0,differentia=1+policy=TaperedDepthProportionalResolution+target=4096,<function upgma at 0x7f96503dc550>
466,37,37,[33],5001.0,12.0,316634,5001,5002,5001.0,differentia=1+policy=TaperedDepthProportionalResolution+target=4096,<function upgma at 0x7f96503dc550>
467,38,38,[0],4884.0,93.0,Inner70,4882,4887,4884.0,differentia=1+policy=TaperedDepthProportionalResolution+target=4096,<function upgma at 0x7f96503dc550>
468,39,39,[38],4979.0,95.0,Inner61,4977,4982,4979.0,differentia=1+policy=TaperedDepthProportionalResolution+target=4096,<function upgma at 0x7f96503dc550>
469,40,40,[39],4992.0,13.0,Inner46,4990,4995,4992.0,differentia=1+policy=TaperedDepthProportionalResolution+target=4096,<function upgma at 0x7f96503dc550>
470,41,41,[40],4993.0,1.0,Inner42,4991,4996,4993.0,differentia=1+policy=TaperedDepthProportionalResolution+target=4096,<function upgma at 0x7f96503dc550>
471,42,42,[41],5001.0,8.0,316584,5001,5002,5001.0,differentia=1+policy=TaperedDepthProportionalResolution+target=4096,<function upgma at 0x7f96503dc550>
472,43,43,[41],4997.0,4.0,Inner12,4995,5000,4997.0,differentia=1+policy=TaperedDepthProportionalResolution+target=4096,<function upgma at 0x7f96503dc550>
473,44,44,[43],5001.0,4.0,316592,5001,5002,5001.0,differentia=1+policy=TaperedDepthProportionalResolution+target=4096,<function upgma at 0x7f96503dc550>
474,45,45,[43],5001.0,4.0,316608,5001,5002,5001.0,differentia=1+policy=TaperedDepthProportionalResolution+target=4096,<function upgma at 0x7f96503dc550>
475,46,46,[40],4997.0,5.0,Inner11,4995,5000,4997.0,differentia=1+policy=TaperedDepthProportionalResolution+target=4096,<function upgma at 0x7f96503dc550>
476,47,47,[46],5001.0,4.0,316618,5001,5002,5001.0,differentia=1+policy=TaperedDepthProportionalResolution+target=4096,<function upgma at 0x7f96503dc550>
477,48,48,[46],5001.0,4.0,316623,5001,5002,5001.0,differentia=1+policy=TaperedDepthProportionalResolution+target=4096,<function upgma at 0x7f96503dc550>
478,49,49,[39],4982.0,3.0,Inner58,4980,4985,4982.0,differentia=1+policy=TaperedDepthProportionalResolution+target=4096,<function upgma at 0x7f96503dc550>
479,50,50,[49],4983.0,1.0,Inner57,4981,4986,4983.0,differentia=1+policy=TaperedDepthProportionalResolution+target=4096,<function upgma at 0x7f96503dc550>
480,51,51,[50],5001.0,18.0,316606,5001,5002,5001.0,differentia=1+policy=TaperedDepthProportionalResolution+target=4096,<function upgma at 0x7f96503dc550>
481,52,52,[50],4993.0,10.0,Inner34,4991,4996,4993.0,differentia=1+policy=TaperedDepthProportionalResolution+target=4096,<function upgma at 0x7f96503dc550>
482,53,53,[52],4998.0,5.0,316423,4998,4999,4998.0,differentia=1+policy=TaperedDepthProportionalResolution+target=4096,<function upgma at 0x7f96503dc550>
483,54,54,[52],4995.0,2.0,Inner31,4993,4998,4995.0,differentia=1+policy=TaperedDepthProportionalResolution+target=4096,<function upgma at 0x7f96503dc550>
484,55,55,[54],4997.0,2.0,Inner13,4995,5000,4997.0,differentia=1+policy=TaperedDepthProportionalResolution+target=4096,<function upgma at 0x7f96503dc550>
485,56,56,[55],5001.0,4.0,316589,5001,5002,5001.0,differentia=1+policy=TaperedDepthProportionalResolution+target=4096,<function upgma at 0x7f96503dc550>
486,57,57,[55],4998.0,1.0,Inner4,4996,5001,4998.0,differentia=1+policy=TaperedDepthProportionalResolution+target=4096,<function upgma at 0x7f96503dc550>
487,58,58,[57],5001.0,3.0,316583,5001,5002,5001.0,differentia=1+policy=TaperedDepthProportionalResolution+target=4096,<function upgma at 0x7f96503dc550>
488,59,59,[57],5001.0,3.0,316613,5001,5002,5001.0,differentia=1+policy=TaperedDepthProportionalResolution+target=4096,<function upgma at 0x7f96503dc550>
489,60,60,[54],4996.0,1.0,Inner22,4994,4999,4996.0,differentia=1+policy=TaperedDepthProportionalResolution+target=4096,<function upgma at 0x7f96503dc550>
490,61,61,[60],5001.0,5.0,316603,5001,5002,5001.0,differentia=1+policy=TaperedDepthProportionalResolution+target=4096,<function upgma at 0x7f96503dc550>
491,62,62,[60],5001.0,5.0,316621,5001,5002,5001.0,differentia=1+policy=TaperedDepthProportionalResolution+target=4096,<function upgma at 0x7f96503dc550>
492,63,63,[49],4987.0,5.0,Inner55,4985,4990,4987.0,differentia=1+policy=TaperedDepthProportionalResolution+target=4096,<function upgma at 0x7f96503dc550>
493,64,64,[63],4991.0,4.0,Inner48,4989,4994,4991.0,differentia=1+policy=TaperedDepthProportionalResolution+target=4096,<function upgma at 0x7f96503dc550>
494,65,65,[64],4996.0,5.0,Inner21,4994,4999,4996.0,differentia=1+policy=TaperedDepthProportionalResolution+target=4096,<function upgma at 0x7f96503dc550>
495,66,66,[65],5001.0,5.0,316593,5001,5002,5001.0,differentia=1+policy=TaperedDepthProportionalResolution+target=4096,<function upgma at 0x7f96503dc550>
496,67,67,[65],5001.0,5.0,316601,5001,5002,5001.0,differentia=1+policy=TaperedDepthProportionalResolution+target=4096,<function upgma at 0x7f96503dc550>
497,68,68,[64],4996.0,5.0,Inner17,4994,4999,4996.0,differentia=1+policy=TaperedDepthProportionalResolution+target=4096,<function upgma at 0x7f96503dc550>
498,69,69,[68],5000.0,4.0,316540,5000,5001,5000.0,differentia=1+policy=TaperedDepthProportionalResolution+target=4096,<function upgma at 0x7f96503dc550>
499,70,70,[68],5001.0,5.0,316630,5001,5002,5001.0,differentia=1+policy=TaperedDepthProportionalResolution+target=4096,<function upgma at 0x7f96503dc550>
500,71,71,[63],4994.0,7.0,Inner36,4992,4997,4994.0,differentia=1+policy=TaperedDepthProportionalResolution+target=4096,<function upgma at 0x7f96503dc550>
501,72,72,[71],4996.0,2.0,Inner16,4994,4999,4996.0,differentia=1+policy=TaperedDepthProportionalResolution+target=4096,<function upgma at 0x7f96503dc550>
502,73,73,[72],5000.0,4.0,316567,5000,5001,5000.0,differentia=1+policy=TaperedDepthProportionalResolution+target=4096,<function upgma at 0x7f96503dc550>
503,74,74,[72],5001.0,5.0,316579,5001,5002,5001.0,differentia=1+policy=TaperedDepthProportionalResolution+target=4096,<function upgma at 0x7f96503dc550>
504,75,75,[71],4996.0,2.0,Inner20,4994,4999,4996.0,differentia=1+policy=TaperedDepthProportionalResolution+target=4096,<function upgma at 0x7f96503dc550>
505,76,76,[75],5001.0,5.0,316609,5001,5002,5001.0,differentia=1+policy=TaperedDepthProportionalResolution+target=4096,<function upgma at 0x7f96503dc550>
506,77,77,[75],5001.0,5.0,316631,5001,5002,5001.0,differentia=1+policy=TaperedDepthProportionalResolution+target=4096,<function upgma at 0x7f96503dc550>
507,78,78,[38],4950.0,66.0,Inner68,4948,4953,4950.0,differentia=1+policy=TaperedDepthProportionalResolution+target=4096,<function upgma at 0x7f96503dc550>
508,79,79,[78],4973.0,23.0,Inner65,4971,4976,4973.0,differentia=1+policy=TaperedDepthProportionalResolution+target=4096,<function upgma at 0x7f96503dc550>
509,80,80,[79],4994.0,21.0,Inner35,4992,4997,4994.0,differentia=1+policy=TaperedDepthProportionalResolution+target=4096,<function upgma at 0x7f96503dc550>
510,81,81,[80],5000.0,6.0,316577,5000,5001,5000.0,differentia=1+policy=TaperedDepthProportionalResolution+target=4096,<function upgma at 0x7f96503dc550>
511,82,82,[80],4998.0,4.0,Inner5,4996,5001,4998.0,differentia=1+policy=TaperedDepthProportionalResolution+target=4096,<function upgma at 0x7f96503dc550>
512,83,83,[82],5001.0,3.0,316586,5001,5002,5001.0,differentia=1+policy=TaperedDepthProportionalResolution+target=4096,<function upgma at 0x7f96503dc550>
513,84,84,[82],5001.0,3.0,316632,5001,5002,5001.0,differentia=1+policy=TaperedDepthProportionalResolution+target=4096,<function upgma at 0x7f96503dc550>
514,85,85,[79],4975.0,2.0,Inner64,4973,4978,4975.0,differentia=1+policy=TaperedDepthProportionalResolution+target=4096,<function upgma at 0x7f96503dc550>
515,86,86,[85],4987.0,12.0,Inner56,4985,4990,4987.0,differentia=1+policy=TaperedDepthProportionalResolution+target=4096,<function upgma at 0x7f96503dc550>
516,87,87,[86],4990.0,3.0,Inner51,4988,4993,4990.0,differentia=1+policy=TaperedDepthProportionalResolution+target=4096,<function upgma at 0x7f96503dc550>
517,88,88,[87],5000.0,10.0,316578,5000,5001,5000.0,differentia=1+policy=TaperedDepthProportionalResolution+target=4096,<function upgma at 0x7f96503dc550>
518,89,89,[87],5001.0,11.0,316619,5001,5002,5001.0,differentia=1+policy=TaperedDepthProportionalResolution+target=4096,<function upgma at 0x7f96503dc550>
519,90,90,[86],4993.0,6.0,Inner43,4991,4996,4993.0,differentia=1+policy=TaperedDepthProportionalResolution+target=4096,<function upgma at 0x7f96503dc550>
520,91,91,[90],4997.0,4.0,Inner14,4995,5000,4997.0,differentia=1+policy=TaperedDepthProportionalResolution+target=4096,<function upgma at 0x7f96503dc550>
521,92,92,[91],5001.0,4.0,316587,5001,5002,5001.0,differentia=1+policy=TaperedDepthProportionalResolution+target=4096,<function upgma at 0x7f96503dc550>
522,93,93,[91],5001.0,4.0,316616,5001,5002,5001.0,differentia=1+policy=TaperedDepthProportionalResolution+target=4096,<function upgma at 0x7f96503dc550>
523,94,94,[90],4995.0,2.0,Inner32,4993,4998,4995.0,differentia=1+policy=TaperedDepthProportionalResolution+target=4096,<function upgma at 0x7f96503dc550>
524,95,95,[94],5001.0,6.0,316600,5001,5002,5001.0,differentia=1+policy=TaperedDepthProportionalResolution+target=4096,<function upgma at 0x7f96503dc550>
525,96,96,[94],4996.0,1.0,Inner23,4994,4999,4996.0,differentia=1+policy=TaperedDepthProportionalResolution+target=4096,<function upgma at 0x7f96503dc550>
526,97,97,[96],5001.0,5.0,316588,5001,5002,5001.0,differentia=1+policy=TaperedDepthProportionalResolution+target=4096,<function upgma at 0x7f96503dc550>
527,98,98,[96],4997.0,1.0,Inner15,4995,5000,4997.0,differentia=1+policy=TaperedDepthProportionalResolution+target=4096,<function upgma at 0x7f96503dc550>
528,99,99,[98],4998.0,1.0,Inner6,4996,5001,4998.0,differentia=1+policy=TaperedDepthProportionalResolution+target=4096,<function upgma at 0x7f96503dc550>
529,100,100,[99],5001.0,3.0,316595,5001,5002,5001.0,differentia=1+policy=TaperedDepthProportionalResolution+target=4096,<function upgma at 0x7f96503dc550>
530,101,101,[99],5001.0,3.0,316604,5001,5002,5001.0,differentia=1+policy=TaperedDepthProportionalResolution+target=4096,<function upgma at 0x7f96503dc550>
531,102,102,[98],5001.0,4.0,316624,5001,5002,5001.0,differentia=1+policy=TaperedDepthProportionalResolution+target=4096,<function upgma at 0x7f96503dc550>
532,103,103,[85],4979.0,4.0,Inner62,4977,4982,4979.0,differentia=1+policy=TaperedDepthProportionalResolution+target=4096,<function upgma at 0x7f96503dc550>
533,104,104,[103],4990.0,11.0,Inner52,4988,4993,4990.0,differentia=1+policy=TaperedDepthProportionalResolution+target=4096,<function upgma at 0x7f96503dc550>
534,105,105,[104],5001.0,11.0,316585,5001,5002,5001.0,differentia=1+policy=TaperedDepthProportionalResolution+target=4096,<function upgma at 0x7f96503dc550>
535,106,106,[104],4991.0,1.0,Inner49,4989,4994,4991.0,differentia=1+policy=TaperedDepthProportionalResolution+target=4096,<function upgma at 0x7f96503dc550>
536,107,107,[106],4993.0,2.0,Inner41,4991,4996,4993.0,differentia=1+policy=TaperedDepthProportionalResolution+target=4096,<function upgma at 0x7f96503dc550>
537,108,108,[107],5001.0,8.0,316594,5001,5002,5001.0,differentia=1+policy=TaperedDepthProportionalResolution+target=4096,<function upgma at 0x7f96503dc550>
538,109,109,[107],4994.0,1.0,Inner33,4992,4997,4994.0,differentia=1+policy=TaperedDepthProportionalResolution+target=4096,<function upgma at 0x7f96503dc550>
539,110,110,[109],5000.0,6.0,316564,5000,5001,5000.0,differentia=1+policy=TaperedDepthProportionalResolution+target=4096,<function upgma at 0x7f96503dc550>
540,111,111,[109],4995.0,1.0,Inner29,4993,4998,4995.0,differentia=1+policy=TaperedDepthProportionalResolution+target=4096,<function upgma at 0x7f96503dc550>
541,112,112,[111],5000.0,5.0,316541,5000,5001,5000.0,differentia=1+policy=TaperedDepthProportionalResolution+target=4096,<function upgma at 0x7f96503dc550>
542,113,113,[111],4996.0,1.0,Inner24,4994,4999,4996.0,differentia=1+policy=TaperedDepthProportionalResolution+target=4096,<function upgma at 0x7f96503dc550>
543,114,114,[113],5001.0,5.0,316611,5001,5002,5001.0,differentia=1+policy=TaperedDepthProportionalResolution+target=4096,<function upgma at 0x7f96503dc550>
544,115,115,[113],4998.0,2.0,Inner9,4996,5001,4998.0,differentia=1+policy=TaperedDepthProportionalResolution+target=4096,<function upgma at 0x7f96503dc550>
545,116,116,[115],5001.0,3.0,316598,5001,5002,5001.0,differentia=1+policy=TaperedDepthProportionalResolution+target=4096,<function upgma at 0x7f96503dc550>
546,117,117,[115],4998.0,0.0,Inner8,4996,5001,4998.0,differentia=1+policy=TaperedDepthProportionalResolution+target=4096,<function upgma at 0x7f96503dc550>
547,118,118,[117],5001.0,3.0,316590,5001,5002,5001.0,differentia=1+policy=TaperedDepthProportionalResolution+target=4096,<function upgma at 0x7f96503dc550>
548,119,119,[117],4998.0,0.0,Inner7,4996,5001,4998.0,differentia=1+policy=TaperedDepthProportionalResolution+target=4096,<function upgma at 0x7f96503dc550>
549,120,120,[119],5001.0,3.0,316581,5001,5002,5001.0,differentia=1+policy=TaperedDepthProportionalResolution+target=4096,<function upgma at 0x7f96503dc550>
550,121,121,[119],5001.0,3.0,316617,5001,5002,5001.0,differentia=1+policy=TaperedDepthProportionalResolution+target=4096,<function upgma at 0x7f96503dc550>
551,122,122,[106],4993.0,2.0,Inner44,4991,4996,4993.0,differentia=1+policy=TaperedDepthProportionalResolution+target=4096,<function upgma at 0x7f96503dc550>
552,123,123,[122],4994.0,1.0,Inner38,4992,4997,4994.0,differentia=1+policy=TaperedDepthProportionalResolution+target=4096,<function upgma at 0x7f96503dc550>
553,124,124,[123],5001.0,7.0,316625,5001,5002,5001.0,differentia=1+policy=TaperedDepthProportionalResolution+target=4096,<function upgma at 0x7f96503dc550>
554,125,125,[123],5001.0,7.0,316626,5001,5002,5001.0,differentia=1+policy=TaperedDepthProportionalResolution+target=4096,<function upgma at 0x7f96503dc550>
555,126,126,[122],5001.0,8.0,316628,5001,5002,5001.0,differentia=1+policy=TaperedDepthProportionalResolution+target=4096,<function upgma at 0x7f96503dc550>
556,127,127,[103],4993.0,14.0,Inner45,4991,4996,4993.0,differentia=1+policy=TaperedDepthProportionalResolution+target=4096,<function upgma at 0x7f96503dc550>
557,128,128,[127],5001.0,8.0,316591,5001,5002,5001.0,differentia=1+policy=TaperedDepthProportionalResolution+target=4096,<function upgma at 0x7f96503dc550>
558,129,129,[127],4996.0,3.0,Inner25,4994,4999,4996.0,differentia=1+policy=TaperedDepthProportionalResolution+target=4096,<function upgma at 0x7f96503dc550>
559,130,130,[129],5001.0,5.0,316612,5001,5002,5001.0,differentia=1+policy=TaperedDepthProportionalResolution+target=4096,<function upgma at 0x7f96503dc550>
560,131,131,[129],5001.0,5.0,316633,5001,5002,5001.0,differentia=1+policy=TaperedDepthProportionalResolution+target=4096,<function upgma at 0x7f96503dc550>
561,132,132,[78],4988.0,38.0,Inner54,4986,4991,4988.0,differentia=1+policy=TaperedDepthProportionalResolution+target=4096,<function upgma at 0x7f96503dc550>
562,133,133,[132],5001.0,13.0,316610,5001,5002,5001.0,differentia=1+policy=TaperedDepthProportionalResolution+target=4096,<function upgma at 0x7f96503dc550>
563,134,134,[132],4994.0,6.0,Inner37,4992,4997,4994.0,differentia=1+policy=TaperedDepthProportionalResolution+target=4096,<function upgma at 0x7f96503dc550>
564,135,135,[134],4995.0,1.0,Inner30,4993,4998,4995.0,differentia=1+policy=TaperedDepthProportionalResolution+target=4096,<function upgma at 0x7f96503dc550>
565,136,136,[135],5000.0,5.0,316552,5000,5001,5000.0,differentia=1+policy=TaperedDepthProportionalResolution+target=4096,<function upgma at 0x7f96503dc550>
566,137,137,[135],4996.0,1.0,Inner26,4994,4999,4996.0,differentia=1+policy=TaperedDepthProportionalResolution+target=4096,<function upgma at 0x7f96503dc550>
567,138,138,[137],5001.0,5.0,316597,5001,5002,5001.0,differentia=1+policy=TaperedDepthProportionalResolution+target=4096,<function upgma at 0x7f96503dc550>
568,139,139,[137],5001.0,5.0,316627,5001,5002,5001.0,differentia=1+policy=TaperedDepthProportionalResolution+target=4096,<function upgma at 0x7f96503dc550>
569,140,140,[134],4996.0,2.0,Inner27,4994,4999,4996.0,differentia=1+policy=TaperedDepthProportionalResolution+target=4096,<function upgma at 0x7f96503dc550>
570,141,141,[140],5001.0,5.0,316596,5001,5002,5001.0,differentia=1+policy=TaperedDepthProportionalResolution+target=4096,<function upgma at 0x7f96503dc550>
571,142,142,[140],5001.0,5.0,316635,5001,5002,5001.0,differentia=1+policy=TaperedDepthProportionalResolution+target=4096,<function upgma at 0x7f96503dc550>
572,0,0,[None],4795.5,4795.5,Inner71,4776,4816,4795.5,differentia=1+policy=TaperedDepthProportionalResolution+target=512,<function upgma at 0x7f96503dc550>
573,1,1,[0],4931.5,136.0,Inner69,4912,4952,4931.5,differentia=1+policy=TaperedDepthProportionalResolution+target=512,<function upgma at 0x7f96503dc550>
574,2,2,[1],4978.5,47.0,Inner40,4960,4998,4978.5,differentia=1+policy=TaperedDepthProportionalResolution+target=512,<function upgma at 0x7f96503dc550>
575,3,3,[2],4998.0,19.5,316382,4998,4999,4998.0,differentia=1+policy=TaperedDepthProportionalResolution+target=512,<function upgma at 0x7f96503dc550>
576,4,4,[2],4984.0,5.5,Inner2,4968,5001,4984.0,differentia=1+policy=TaperedDepthProportionalResolution+target=512,<function upgma at 0x7f96503dc550>
577,5,5,[4],5001.0,17.0,316607,5001,5002,5001.0,differentia=1+policy=TaperedDepthProportionalResolution+target=512,<function upgma at 0x7f96503dc550>
578,6,6,[4],5001.0,17.0,316622,5001,5002,5001.0,differentia=1+policy=TaperedDepthProportionalResolution+target=512,<function upgma at 0x7f96503dc550>
579,7,7,[1],4955.5,24.0,Inner66,4936,4976,4955.5,differentia=1+policy=TaperedDepthProportionalResolution+target=512,<function upgma at 0x7f96503dc550>
580,8,8,[7],5000.0,44.5,316562,5000,5001,5000.0,differentia=1+policy=TaperedDepthProportionalResolution+target=512,<function upgma at 0x7f96503dc550>
581,9,9,[7],4963.5,8.0,Inner65,4944,4984,4963.5,differentia=1+policy=TaperedDepthProportionalResolution+target=512,<function upgma at 0x7f96503dc550>
582,10,10,[9],4971.5,8.0,Inner59,4952,4992,4971.5,differentia=1+policy=TaperedDepthProportionalResolution+target=512,<function upgma at 0x7f96503dc550>
583,11,11,[10],4979.5,8.0,Inner42,4960,5000,4979.5,differentia=1+policy=TaperedDepthProportionalResolution+target=512,<function upgma at 0x7f96503dc550>
584,12,12,[11],4979.0,-0.5,Inner41,4960,4999,4979.0,differentia=1+policy=TaperedDepthProportionalResolution+target=512,<function upgma at 0x7f96503dc550>
585,13,13,[12],5000.0,21.0,316570,5000,5001,5000.0,differentia=1+policy=TaperedDepthProportionalResolution+target=512,<function upgma at 0x7f96503dc550>
586,14,14,[12],5000.0,21.0,316574,5000,5001,5000.0,differentia=1+policy=TaperedDepthProportionalResolution+target=512,<function upgma at 0x7f96503dc550>
587,15,15,[11],5001.0,21.5,316582,5001,5002,5001.0,differentia=1+policy=TaperedDepthProportionalResolution+target=512,<function upgma at 0x7f96503dc550>
588,16,16,[10],4979.5,8.0,Inner55,4960,5000,4979.5,differentia=1+policy=TaperedDepthProportionalResolution+target=512,<function upgma at 0x7f96503dc550>
589,17,17,[16],5001.0,21.5,316580,5001,5002,5001.0,differentia=1+policy=TaperedDepthProportionalResolution+target=512,<function upgma at 0x7f96503dc550>
590,18,18,[16],5001.0,21.5,316599,5001,5002,5001.0,differentia=1+policy=TaperedDepthProportionalResolution+target=512,<function upgma at 0x7f96503dc550>
591,19,19,[9],4971.5,8.0,Inner60,4952,4992,4971.5,differentia=1+policy=TaperedDepthProportionalResolution+target=512,<function upgma at 0x7f96503dc550>
592,20,20,[19],4979.0,7.5,Inner50,4960,4999,4979.0,differentia=1+policy=TaperedDepthProportionalResolution+target=512,<function upgma at 0x7f96503dc550>
593,21,21,[20],4979.0,0.0,Inner43,4960,4999,4979.0,differentia=1+policy=TaperedDepthProportionalResolution+target=512,<function upgma at 0x7f96503dc550>
594,22,22,[21],4978.5,-0.5,Inner38,4960,4998,4978.5,differentia=1+policy=TaperedDepthProportionalResolution+target=512,<function upgma at 0x7f96503dc550>
595,23,23,[22],4999.0,20.5,316484,4999,5000,4999.0,differentia=1+policy=TaperedDepthProportionalResolution+target=512,<function upgma at 0x7f96503dc550>
596,24,24,[22],4979.0,0.5,Inner37,4960,4999,4979.0,differentia=1+policy=TaperedDepthProportionalResolution+target=512,<function upgma at 0x7f96503dc550>
597,25,25,[24],4999.0,20.0,316516,4999,5000,4999.0,differentia=1+policy=TaperedDepthProportionalResolution+target=512,<function upgma at 0x7f96503dc550>
598,26,26,[24],5000.0,21.0,316544,5000,5001,5000.0,differentia=1+policy=TaperedDepthProportionalResolution+target=512,<function upgma at 0x7f96503dc550>
599,27,27,[21],4984.0,5.0,Inner6,4968,5001,4984.0,differentia=1+policy=TaperedDepthProportionalResolution+target=512,<function upgma at 0x7f96503dc550>
600,28,28,[27],4984.0,0.0,Inner3,4968,5001,4984.0,differentia=1+policy=TaperedDepthProportionalResolution+target=512,<function upgma at 0x7f96503dc550>
601,29,29,[28],5001.0,17.0,316602,5001,5002,5001.0,differentia=1+policy=TaperedDepthProportionalResolution+target=512,<function upgma at 0x7f96503dc550>
602,30,30,[28],5001.0,17.0,316605,5001,5002,5001.0,differentia=1+policy=TaperedDepthProportionalResolution+target=512,<function upgma at 0x7f96503dc550>
603,31,31,[27],5001.0,17.0,316614,5001,5002,5001.0,differentia=1+policy=TaperedDepthProportionalResolution+target=512,<function upgma at 0x7f96503dc550>
604,32,32,[20],4984.0,5.0,Inner5,4968,5001,4984.0,differentia=1+policy=TaperedDepthProportionalResolution+target=512,<function upgma at 0x7f96503dc550>
605,33,33,[32],4984.0,0.0,Inner4,4968,5001,4984.0,differentia=1+policy=TaperedDepthProportionalResolution+target=512,<function upgma at 0x7f96503dc550>
606,34,34,[33],5001.0,17.0,316615,5001,5002,5001.0,differentia=1+policy=TaperedDepthProportionalResolution+target=512,<function upgma at 0x7f96503dc550>
607,35,35,[33],5001.0,17.0,316620,5001,5002,5001.0,differentia=1+policy=TaperedDepthProportionalResolution+target=512,<function upgma at 0x7f96503dc550>
608,36,36,[32],5001.0,17.0,316629,5001,5002,5001.0,differentia=1+policy=TaperedDepthProportionalResolution+target=512,<function upgma at 0x7f96503dc550>
609,37,37,[19],5001.0,29.5,316634,5001,5002,5001.0,differentia=1+policy=TaperedDepthProportionalResolution+target=512,<function upgma at 0x7f96503dc550>
610,38,38,[0],4875.5,80.0,Inner70,4856,4896,4875.5,differentia=1+policy=TaperedDepthProportionalResolution+target=512,<function upgma at 0x7f96503dc550>
611,39,39,[38],4963.5,88.0,Inner64,4944,4984,4963.5,differentia=1+policy=TaperedDepthProportionalResolution+target=512,<function upgma at 0x7f96503dc550>
612,40,40,[39],4984.0,20.5,Inner10,4968,5001,4984.0,differentia=1+policy=TaperedDepthProportionalResolution+target=512,<function upgma at 0x7f96503dc550>
613,41,41,[40],5001.0,17.0,316608,5001,5002,5001.0,differentia=1+policy=TaperedDepthProportionalResolution+target=512,<function upgma at 0x7f96503dc550>
614,42,42,[40],4984.0,0.0,Inner9,4968,5001,4984.0,differentia=1+policy=TaperedDepthProportionalResolution+target=512,<function upgma at 0x7f96503dc550>
615,43,43,[42],5001.0,17.0,316592,5001,5002,5001.0,differentia=1+policy=TaperedDepthProportionalResolution+target=512,<function upgma at 0x7f96503dc550>
616,44,44,[42],4984.0,0.0,Inner8,4968,5001,4984.0,differentia=1+policy=TaperedDepthProportionalResolution+target=512,<function upgma at 0x7f96503dc550>
617,45,45,[44],4984.0,0.0,Inner7,4968,5001,4984.0,differentia=1+policy=TaperedDepthProportionalResolution+target=512,<function upgma at 0x7f96503dc550>
618,46,46,[45],5001.0,17.0,316584,5001,5002,5001.0,differentia=1+policy=TaperedDepthProportionalResolution+target=512,<function upgma at 0x7f96503dc550>
619,47,47,[45],5001.0,17.0,316618,5001,5002,5001.0,differentia=1+policy=TaperedDepthProportionalResolution+target=512,<function upgma at 0x7f96503dc550>
620,48,48,[44],5001.0,17.0,316623,5001,5002,5001.0,differentia=1+policy=TaperedDepthProportionalResolution+target=512,<function upgma at 0x7f96503dc550>
621,49,49,[39],4971.5,8.0,Inner58,4952,4992,4971.5,differentia=1+policy=TaperedDepthProportionalResolution+target=512,<function upgma at 0x7f96503dc550>
622,50,50,[49],4978.5,7.0,Inner51,4960,4998,4978.5,differentia=1+policy=TaperedDepthProportionalResolution+target=512,<function upgma at 0x7f96503dc550>
623,51,51,[50],4984.0,5.5,Inner18,4968,5001,4984.0,differentia=1+policy=TaperedDepthProportionalResolution+target=512,<function upgma at 0x7f96503dc550>
624,52,52,[51],4984.0,0.0,Inner16,4968,5001,4984.0,differentia=1+policy=TaperedDepthProportionalResolution+target=512,<function upgma at 0x7f96503dc550>
625,53,53,[52],5001.0,17.0,316583,5001,5002,5001.0,differentia=1+policy=TaperedDepthProportionalResolution+target=512,<function upgma at 0x7f96503dc550>
626,54,54,[52],5001.0,17.0,316603,5001,5002,5001.0,differentia=1+policy=TaperedDepthProportionalResolution+target=512,<function upgma at 0x7f96503dc550>
627,55,55,[51],5001.0,17.0,316606,5001,5002,5001.0,differentia=1+policy=TaperedDepthProportionalResolution+target=512,<function upgma at 0x7f96503dc550>
628,56,56,[50],4978.5,0.0,Inner45,4960,4998,4978.5,differentia=1+policy=TaperedDepthProportionalResolution+target=512,<function upgma at 0x7f96503dc550>
629,57,57,[56],4978.5,0.0,Inner39,4960,4998,4978.5,differentia=1+policy=TaperedDepthProportionalResolution+target=512,<function upgma at 0x7f96503dc550>
630,58,58,[57],4998.0,19.5,316423,4998,4999,4998.0,differentia=1+policy=TaperedDepthProportionalResolution+target=512,<function upgma at 0x7f96503dc550>
631,59,59,[57],5000.0,21.5,316540,5000,5001,5000.0,differentia=1+policy=TaperedDepthProportionalResolution+target=512,<function upgma at 0x7f96503dc550>
632,60,60,[56],4984.0,5.5,Inner19,4968,5001,4984.0,differentia=1+policy=TaperedDepthProportionalResolution+target=512,<function upgma at 0x7f96503dc550>
633,61,61,[60],5001.0,17.0,316621,5001,5002,5001.0,differentia=1+policy=TaperedDepthProportionalResolution+target=512,<function upgma at 0x7f96503dc550>
634,62,62,[60],4984.0,0.0,Inner17,4968,5001,4984.0,differentia=1+policy=TaperedDepthProportionalResolution+target=512,<function upgma at 0x7f96503dc550>
635,63,63,[62],5001.0,17.0,316613,5001,5002,5001.0,differentia=1+policy=TaperedDepthProportionalResolution+target=512,<function upgma at 0x7f96503dc550>
636,64,64,[62],4984.0,0.0,Inner15,4968,5001,4984.0,differentia=1+policy=TaperedDepthProportionalResolution+target=512,<function upgma at 0x7f96503dc550>
637,65,65,[64],5001.0,17.0,316589,5001,5002,5001.0,differentia=1+policy=TaperedDepthProportionalResolution+target=512,<function upgma at 0x7f96503dc550>
638,66,66,[64],4984.0,0.0,Inner14,4968,5001,4984.0,differentia=1+policy=TaperedDepthProportionalResolution+target=512,<function upgma at 0x7f96503dc550>
639,67,67,[66],4984.0,0.0,Inner13,4968,5001,4984.0,differentia=1+policy=TaperedDepthProportionalResolution+target=512,<function upgma at 0x7f96503dc550>
640,68,68,[67],5001.0,17.0,316593,5001,5002,5001.0,differentia=1+policy=TaperedDepthProportionalResolution+target=512,<function upgma at 0x7f96503dc550>
641,69,69,[67],5001.0,17.0,316601,5001,5002,5001.0,differentia=1+policy=TaperedDepthProportionalResolution+target=512,<function upgma at 0x7f96503dc550>
642,70,70,[66],5001.0,17.0,316630,5001,5002,5001.0,differentia=1+policy=TaperedDepthProportionalResolution+target=512,<function upgma at 0x7f96503dc550>
643,71,71,[49],4979.5,8.0,Inner44,4960,5000,4979.5,differentia=1+policy=TaperedDepthProportionalResolution+target=512,<function upgma at 0x7f96503dc550>
644,72,72,[71],5000.0,20.5,316567,5000,5001,5000.0,differentia=1+policy=TaperedDepthProportionalResolution+target=512,<function upgma at 0x7f96503dc550>
645,73,73,[71],4984.0,4.5,Inner12,4968,5001,4984.0,differentia=1+policy=TaperedDepthProportionalResolution+target=512,<function upgma at 0x7f96503dc550>
646,74,74,[73],5001.0,17.0,316579,5001,5002,5001.0,differentia=1+policy=TaperedDepthProportionalResolution+target=512,<function upgma at 0x7f96503dc550>
647,75,75,[73],4984.0,0.0,Inner11,4968,5001,4984.0,differentia=1+policy=TaperedDepthProportionalResolution+target=512,<function upgma at 0x7f96503dc550>
648,76,76,[75],5001.0,17.0,316609,5001,5002,5001.0,differentia=1+policy=TaperedDepthProportionalResolution+target=512,<function upgma at 0x7f96503dc550>
649,77,77,[75],5001.0,17.0,316631,5001,5002,5001.0,differentia=1+policy=TaperedDepthProportionalResolution+target=512,<function upgma at 0x7f96503dc550>
650,78,78,[38],4947.5,72.0,Inner68,4928,4968,4947.5,differentia=1+policy=TaperedDepthProportionalResolution+target=512,<function upgma at 0x7f96503dc550>
651,79,79,[78],4955.5,8.0,Inner67,4936,4976,4955.5,differentia=1+policy=TaperedDepthProportionalResolution+target=512,<function upgma at 0x7f96503dc550>
652,80,80,[79],4971.5,16.0,Inner61,4952,4992,4971.5,differentia=1+policy=TaperedDepthProportionalResolution+target=512,<function upgma at 0x7f96503dc550>
653,81,81,[80],4979.5,8.0,Inner56,4960,5000,4979.5,differentia=1+policy=TaperedDepthProportionalResolution+target=512,<function upgma at 0x7f96503dc550>
654,82,82,[81],4984.0,4.5,Inner24,4968,5001,4984.0,differentia=1+policy=TaperedDepthProportionalResolution+target=512,<function upgma at 0x7f96503dc550>
655,83,83,[82],5001.0,17.0,316604,5001,5002,5001.0,differentia=1+policy=TaperedDepthProportionalResolution+target=512,<function upgma at 0x7f96503dc550>
656,84,84,[82],4984.0,0.0,Inner23,4968,5001,4984.0,differentia=1+policy=TaperedDepthProportionalResolution+target=512,<function upgma at 0x7f96503dc550>
657,85,85,[84],5001.0,17.0,316588,5001,5002,5001.0,differentia=1+policy=TaperedDepthProportionalResolution+target=512,<function upgma at 0x7f96503dc550>
658,86,86,[84],5001.0,17.0,316616,5001,5002,5001.0,differentia=1+policy=TaperedDepthProportionalResolution+target=512,<function upgma at 0x7f96503dc550>
659,87,87,[81],4984.0,4.5,Inner25,4968,5001,4984.0,differentia=1+policy=TaperedDepthProportionalResolution+target=512,<function upgma at 0x7f96503dc550>
660,88,88,[87],4984.0,0.0,Inner22,4968,5001,4984.0,differentia=1+policy=TaperedDepthProportionalResolution+target=512,<function upgma at 0x7f96503dc550>
661,89,89,[88],5001.0,17.0,316595,5001,5002,5001.0,differentia=1+policy=TaperedDepthProportionalResolution+target=512,<function upgma at 0x7f96503dc550>
662,90,90,[88],4984.0,0.0,Inner21,4968,5001,4984.0,differentia=1+policy=TaperedDepthProportionalResolution+target=512,<function upgma at 0x7f96503dc550>
663,91,91,[90],5001.0,17.0,316587,5001,5002,5001.0,differentia=1+policy=TaperedDepthProportionalResolution+target=512,<function upgma at 0x7f96503dc550>
664,92,92,[90],5001.0,17.0,316600,5001,5002,5001.0,differentia=1+policy=TaperedDepthProportionalResolution+target=512,<function upgma at 0x7f96503dc550>
665,93,93,[87],5001.0,17.0,316624,5001,5002,5001.0,differentia=1+policy=TaperedDepthProportionalResolution+target=512,<function upgma at 0x7f96503dc550>
666,94,94,[80],4979.5,8.0,Inner52,4960,5000,4979.5,differentia=1+policy=TaperedDepthProportionalResolution+target=512,<function upgma at 0x7f96503dc550>
667,95,95,[94],4984.0,4.5,Inner20,4968,5001,4984.0,differentia=1+policy=TaperedDepthProportionalResolution+target=512,<function upgma at 0x7f96503dc550>
668,96,96,[95],5001.0,17.0,316586,5001,5002,5001.0,differentia=1+policy=TaperedDepthProportionalResolution+target=512,<function upgma at 0x7f96503dc550>
669,97,97,[95],5001.0,17.0,316619,5001,5002,5001.0,differentia=1+policy=TaperedDepthProportionalResolution+target=512,<function upgma at 0x7f96503dc550>
670,98,98,[94],4979.5,0.0,Inner46,4960,5000,4979.5,differentia=1+policy=TaperedDepthProportionalResolution+target=512,<function upgma at 0x7f96503dc550>
671,99,99,[98],4983.5,4.0,Inner1,4968,5000,4983.5,differentia=1+policy=TaperedDepthProportionalResolution+target=512,<function upgma at 0x7f96503dc550>
672,100,100,[99],5000.0,16.5,316577,5000,5001,5000.0,differentia=1+policy=TaperedDepthProportionalResolution+target=512,<function upgma at 0x7f96503dc550>
673,101,101,[99],5000.0,16.5,316578,5000,5001,5000.0,differentia=1+policy=TaperedDepthProportionalResolution+target=512,<function upgma at 0x7f96503dc550>
674,102,102,[98],5001.0,21.5,316632,5001,5002,5001.0,differentia=1+policy=TaperedDepthProportionalResolution+target=512,<function upgma at 0x7f96503dc550>
675,103,103,[79],4971.5,16.0,Inner62,4952,4992,4971.5,differentia=1+policy=TaperedDepthProportionalResolution+target=512,<function upgma at 0x7f96503dc550>
676,104,104,[103],4979.5,8.0,Inner53,4960,5000,4979.5,differentia=1+policy=TaperedDepthProportionalResolution+target=512,<function upgma at 0x7f96503dc550>
677,105,105,[104],4984.0,4.5,Inner33,4968,5001,4984.0,differentia=1+policy=TaperedDepthProportionalResolution+target=512,<function upgma at 0x7f96503dc550>
678,106,106,[105],5001.0,17.0,316585,5001,5002,5001.0,differentia=1+policy=TaperedDepthProportionalResolution+target=512,<function upgma at 0x7f96503dc550>
679,107,107,[105],4984.0,0.0,Inner30,4968,5001,4984.0,differentia=1+policy=TaperedDepthProportionalResolution+target=512,<function upgma at 0x7f96503dc550>
680,108,108,[107],4984.0,0.0,Inner29,4968,5001,4984.0,differentia=1+policy=TaperedDepthProportionalResolution+target=512,<function upgma at 0x7f96503dc550>
681,109,109,[108],5001.0,17.0,316598,5001,5002,5001.0,differentia=1+policy=TaperedDepthProportionalResolution+target=512,<function upgma at 0x7f96503dc550>
682,110,110,[108],4984.0,0.0,Inner28,4968,5001,4984.0,differentia=1+policy=TaperedDepthProportionalResolution+target=512,<function upgma at 0x7f96503dc550>
683,111,111,[110],5001.0,17.0,316590,5001,5002,5001.0,differentia=1+policy=TaperedDepthProportionalResolution+target=512,<function upgma at 0x7f96503dc550>
684,112,112,[110],4984.0,0.0,Inner26,4968,5001,4984.0,differentia=1+policy=TaperedDepthProportionalResolution+target=512,<function upgma at 0x7f96503dc550>
685,113,113,[112],5001.0,17.0,316594,5001,5002,5001.0,differentia=1+policy=TaperedDepthProportionalResolution+target=512,<function upgma at 0x7f96503dc550>
686,114,114,[112],5001.0,17.0,316617,5001,5002,5001.0,differentia=1+policy=TaperedDepthProportionalResolution+target=512,<function upgma at 0x7f96503dc550>
687,115,115,[107],5001.0,17.0,316625,5001,5002,5001.0,differentia=1+policy=TaperedDepthProportionalResolution+target=512,<function upgma at 0x7f96503dc550>
688,116,116,[104],4979.5,0.0,Inner48,4960,5000,4979.5,differentia=1+policy=TaperedDepthProportionalResolution+target=512,<function upgma at 0x7f96503dc550>
689,117,117,[116],4979.0,-0.5,Inner47,4960,4999,4979.0,differentia=1+policy=TaperedDepthProportionalResolution+target=512,<function upgma at 0x7f96503dc550>
690,118,118,[117],5000.0,21.0,316541,5000,5001,5000.0,differentia=1+policy=TaperedDepthProportionalResolution+target=512,<function upgma at 0x7f96503dc550>
691,119,119,[117],5000.0,21.0,316564,5000,5001,5000.0,differentia=1+policy=TaperedDepthProportionalResolution+target=512,<function upgma at 0x7f96503dc550>
692,120,120,[116],4984.0,4.5,Inner32,4968,5001,4984.0,differentia=1+policy=TaperedDepthProportionalResolution+target=512,<function upgma at 0x7f96503dc550>
693,121,121,[120],4984.0,0.0,Inner31,4968,5001,4984.0,differentia=1+policy=TaperedDepthProportionalResolution+target=512,<function upgma at 0x7f96503dc550>
694,122,122,[121],4984.0,0.0,Inner27,4968,5001,4984.0,differentia=1+policy=TaperedDepthProportionalResolution+target=512,<function upgma at 0x7f96503dc550>
695,123,123,[122],5001.0,17.0,316581,5001,5002,5001.0,differentia=1+policy=TaperedDepthProportionalResolution+target=512,<function upgma at 0x7f96503dc550>
696,124,124,[122],5001.0,17.0,316611,5001,5002,5001.0,differentia=1+policy=TaperedDepthProportionalResolution+target=512,<function upgma at 0x7f96503dc550>
697,125,125,[121],5001.0,17.0,316626,5001,5002,5001.0,differentia=1+policy=TaperedDepthProportionalResolution+target=512,<function upgma at 0x7f96503dc550>
698,126,126,[120],5001.0,17.0,316628,5001,5002,5001.0,differentia=1+policy=TaperedDepthProportionalResolution+target=512,<function upgma at 0x7f96503dc550>
699,127,127,[103],4979.5,8.0,Inner57,4960,5000,4979.5,differentia=1+policy=TaperedDepthProportionalResolution+target=512,<function upgma at 0x7f96503dc550>
700,128,128,[127],4984.0,4.5,Inner34,4968,5001,4984.0,differentia=1+policy=TaperedDepthProportionalResolution+target=512,<function upgma at 0x7f96503dc550>
701,129,129,[128],5001.0,17.0,316591,5001,5002,5001.0,differentia=1+policy=TaperedDepthProportionalResolution+target=512,<function upgma at 0x7f96503dc550>
702,130,130,[128],5001.0,17.0,316612,5001,5002,5001.0,differentia=1+policy=TaperedDepthProportionalResolution+target=512,<function upgma at 0x7f96503dc550>
703,131,131,[127],5001.0,21.5,316633,5001,5002,5001.0,differentia=1+policy=TaperedDepthProportionalResolution+target=512,<function upgma at 0x7f96503dc550>
704,132,132,[78],4971.5,24.0,Inner63,4952,4992,4971.5,differentia=1+policy=TaperedDepthProportionalResolution+target=512,<function upgma at 0x7f96503dc550>
705,133,133,[132],5001.0,29.5,316610,5001,5002,5001.0,differentia=1+policy=TaperedDepthProportionalResolution+target=512,<function upgma at 0x7f96503dc550>
706,134,134,[132],4979.5,8.0,Inner54,4960,5000,4979.5,differentia=1+policy=TaperedDepthProportionalResolution+target=512,<function upgma at 0x7f96503dc550>
707,135,135,[134],4979.5,0.0,Inner49,4960,5000,4979.5,differentia=1+policy=TaperedDepthProportionalResolution+target=512,<function upgma at 0x7f96503dc550>
708,136,136,[135],5000.0,20.5,316552,5000,5001,5000.0,differentia=1+policy=TaperedDepthProportionalResolution+target=512,<function upgma at 0x7f96503dc550>
709,137,137,[135],4984.0,4.5,Inner35,4968,5001,4984.0,differentia=1+policy=TaperedDepthProportionalResolution+target=512,<function upgma at 0x7f96503dc550>
710,138,138,[137],5001.0,17.0,316597,5001,5002,5001.0,differentia=1+policy=TaperedDepthProportionalResolution+target=512,<function upgma at 0x7f96503dc550>
711,139,139,[137],5001.0,17.0,316627,5001,5002,5001.0,differentia=1+policy=TaperedDepthProportionalResolution+target=512,<function upgma at 0x7f96503dc550>
712,140,140,[134],4984.0,4.5,Inner36,4968,5001,4984.0,differentia=1+policy=TaperedDepthProportionalResolution+target=512,<function upgma at 0x7f96503dc550>
713,141,141,[140],5001.0,17.0,316596,5001,5002,5001.0,differentia=1+policy=TaperedDepthProportionalResolution+target=512,<function upgma at 0x7f96503dc550>
714,142,142,[140],5001.0,17.0,316635,5001,5002,5001.0,differentia=1+policy=TaperedDepthProportionalResolution+target=512,<function upgma at 0x7f96503dc550>
715,0,0,[None],4703.5,4703.5,Inner71,4544,4864,4703.5,differentia=1+policy=TaperedDepthProportionalResolution+target=64,<function upgma at 0x7f96503dc550>
716,1,1,[0],4831.5,128.0,Inner70,4672,4992,4831.5,differentia=1+policy=TaperedDepthProportionalResolution+target=64,<function upgma at 0x7f96503dc550>
717,2,2,[1],4866.5,35.0,Inner67,4736,4998,4866.5,differentia=1+policy=TaperedDepthProportionalResolution+target=64,<function upgma at 0x7f96503dc550>
718,3,3,[2],4866.5,0.0,Inner61,4736,4998,4866.5,differentia=1+policy=TaperedDepthProportionalResolution+target=64,<function upgma at 0x7f96503dc550>
719,4,4,[3],4866.5,0.0,Inner59,4736,4998,4866.5,differentia=1+policy=TaperedDepthProportionalResolution+target=64,<function upgma at 0x7f96503dc550>
720,5,5,[4],4866.5,0.0,Inner57,4736,4998,4866.5,differentia=1+policy=TaperedDepthProportionalResolution+target=64,<function upgma at 0x7f96503dc550>
721,6,6,[5],4866.5,0.0,Inner55,4736,4998,4866.5,differentia=1+policy=TaperedDepthProportionalResolution+target=64,<function upgma at 0x7f96503dc550>
722,7,7,[6],4998.0,131.5,316382,4998,4999,4998.0,differentia=1+policy=TaperedDepthProportionalResolution+target=64,<function upgma at 0x7f96503dc550>
723,8,8,[6],4999.0,132.5,316484,4999,5000,4999.0,differentia=1+policy=TaperedDepthProportionalResolution+target=64,<function upgma at 0x7f96503dc550>
724,9,9,[5],5000.0,133.5,316570,5000,5001,5000.0,differentia=1+policy=TaperedDepthProportionalResolution+target=64,<function upgma at 0x7f96503dc550>
725,10,10,[4],4899.5,33.0,Inner1,4800,5000,4899.5,differentia=1+policy=TaperedDepthProportionalResolution+target=64,<function upgma at 0x7f96503dc550>
726,11,11,[10],5000.0,100.5,316544,5000,5001,5000.0,differentia=1+policy=TaperedDepthProportionalResolution+target=64,<function upgma at 0x7f96503dc550>
727,12,12,[10],5000.0,100.5,316574,5000,5001,5000.0,differentia=1+policy=TaperedDepthProportionalResolution+target=64,<function upgma at 0x7f96503dc550>
728,13,13,[3],4900.0,33.5,Inner8,4800,5001,4900.0,differentia=1+policy=TaperedDepthProportionalResolution+target=64,<function upgma at 0x7f96503dc550>
729,14,14,[13],5001.0,101.0,316605,5001,5002,5001.0,differentia=1+policy=TaperedDepthProportionalResolution+target=64,<function upgma at 0x7f96503dc550>
730,15,15,[13],4900.0,0.0,Inner6,4800,5001,4900.0,differentia=1+policy=TaperedDepthProportionalResolution+target=64,<function upgma at 0x7f96503dc550>
731,16,16,[15],5001.0,101.0,316602,5001,5002,5001.0,differentia=1+policy=TaperedDepthProportionalResolution+target=64,<function upgma at 0x7f96503dc550>
732,17,17,[15],5001.0,101.0,316622,5001,5002,5001.0,differentia=1+policy=TaperedDepthProportionalResolution+target=64,<function upgma at 0x7f96503dc550>
733,18,18,[2],4900.0,33.5,Inner13,4800,5001,4900.0,differentia=1+policy=TaperedDepthProportionalResolution+target=64,<function upgma at 0x7f96503dc550>
734,19,19,[18],4900.0,0.0,Inner12,4800,5001,4900.0,differentia=1+policy=TaperedDepthProportionalResolution+target=64,<function upgma at 0x7f96503dc550>
735,20,20,[19],5001.0,101.0,316614,5001,5002,5001.0,differentia=1+policy=TaperedDepthProportionalResolution+target=64,<function upgma at 0x7f96503dc550>
736,21,21,[19],4900.0,0.0,Inner11,4800,5001,4900.0,differentia=1+policy=TaperedDepthProportionalResolution+target=64,<function upgma at 0x7f96503dc550>
737,22,22,[21],4900.0,0.0,Inner7,4800,5001,4900.0,differentia=1+policy=TaperedDepthProportionalResolution+target=64,<function upgma at 0x7f96503dc550>
738,23,23,[22],5001.0,101.0,316582,5001,5002,5001.0,differentia=1+policy=TaperedDepthProportionalResolution+target=64,<function upgma at 0x7f96503dc550>
739,24,24,[22],5001.0,101.0,316607,5001,5002,5001.0,differentia=1+policy=TaperedDepthProportionalResolution+target=64,<function upgma at 0x7f96503dc550>
740,25,25,[21],5001.0,101.0,316615,5001,5002,5001.0,differentia=1+policy=TaperedDepthProportionalResolution+target=64,<function upgma at 0x7f96503dc550>
741,26,26,[18],5001.0,101.0,316629,5001,5002,5001.0,differentia=1+policy=TaperedDepthProportionalResolution+target=64,<function upgma at 0x7f96503dc550>
742,27,27,[1],4867.0,35.5,Inner66,4736,4999,4867.0,differentia=1+policy=TaperedDepthProportionalResolution+target=64,<function upgma at 0x7f96503dc550>
743,28,28,[27],4867.0,0.0,Inner60,4736,4999,4867.0,differentia=1+policy=TaperedDepthProportionalResolution+target=64,<function upgma at 0x7f96503dc550>
744,29,29,[28],4867.0,0.0,Inner56,4736,4999,4867.0,differentia=1+policy=TaperedDepthProportionalResolution+target=64,<function upgma at 0x7f96503dc550>
745,30,30,[29],4999.0,132.0,316516,4999,5000,4999.0,differentia=1+policy=TaperedDepthProportionalResolution+target=64,<function upgma at 0x7f96503dc550>
746,31,31,[29],5000.0,133.0,316562,5000,5001,5000.0,differentia=1+policy=TaperedDepthProportionalResolution+target=64,<function upgma at 0x7f96503dc550>
747,32,32,[28],4900.0,33.0,Inner10,4800,5001,4900.0,differentia=1+policy=TaperedDepthProportionalResolution+target=64,<function upgma at 0x7f96503dc550>
748,33,33,[32],5001.0,101.0,316580,5001,5002,5001.0,differentia=1+policy=TaperedDepthProportionalResolution+target=64,<function upgma at 0x7f96503dc550>
749,34,34,[32],5001.0,101.0,316620,5001,5002,5001.0,differentia=1+policy=TaperedDepthProportionalResolution+target=64,<function upgma at 0x7f96503dc550>
750,35,35,[27],4900.0,33.0,Inner9,4800,5001,4900.0,differentia=1+policy=TaperedDepthProportionalResolution+target=64,<function upgma at 0x7f96503dc550>
751,36,36,[35],5001.0,101.0,316599,5001,5002,5001.0,differentia=1+policy=TaperedDepthProportionalResolution+target=64,<function upgma at 0x7f96503dc550>
752,37,37,[35],5001.0,101.0,316634,5001,5002,5001.0,differentia=1+policy=TaperedDepthProportionalResolution+target=64,<function upgma at 0x7f96503dc550>
753,38,38,[0],4831.5,128.0,Inner69,4672,4992,4831.5,differentia=1+policy=TaperedDepthProportionalResolution+target=64,<function upgma at 0x7f96503dc550>
754,39,39,[38],4866.5,35.0,Inner68,4736,4998,4866.5,differentia=1+policy=TaperedDepthProportionalResolution+target=64,<function upgma at 0x7f96503dc550>
755,40,40,[39],4866.5,0.0,Inner62,4736,4998,4866.5,differentia=1+policy=TaperedDepthProportionalResolution+target=64,<function upgma at 0x7f96503dc550>
756,41,41,[40],4866.5,0.0,Inner58,4736,4998,4866.5,differentia=1+policy=TaperedDepthProportionalResolution+target=64,<function upgma at 0x7f96503dc550>
757,42,42,[41],4998.0,131.5,316423,4998,4999,4998.0,differentia=1+policy=TaperedDepthProportionalResolution+target=64,<function upgma at 0x7f96503dc550>
758,43,43,[41],5000.0,133.5,316577,5000,5001,5000.0,differentia=1+policy=TaperedDepthProportionalResolution+target=64,<function upgma at 0x7f96503dc550>
759,44,44,[40],4900.0,33.5,Inner35,4800,5001,4900.0,differentia=1+policy=TaperedDepthProportionalResolution+target=64,<function upgma at 0x7f96503dc550>
760,45,45,[44],5001.0,101.0,316595,5001,5002,5001.0,differentia=1+policy=TaperedDepthProportionalResolution+target=64,<function upgma at 0x7f96503dc550>
761,46,46,[44],4900.0,0.0,Inner34,4800,5001,4900.0,differentia=1+policy=TaperedDepthProportionalResolution+target=64,<function upgma at 0x7f96503dc550>
762,47,47,[46],5001.0,101.0,316616,5001,5002,5001.0,differentia=1+policy=TaperedDepthProportionalResolution+target=64,<function upgma at 0x7f96503dc550>
763,48,48,[46],4900.0,0.0,Inner33,4800,5001,4900.0,differentia=1+policy=TaperedDepthProportionalResolution+target=64,<function upgma at 0x7f96503dc550>
764,49,49,[48],5001.0,101.0,316587,5001,5002,5001.0,differentia=1+policy=TaperedDepthProportionalResolution+target=64,<function upgma at 0x7f96503dc550>
765,50,50,[48],4900.0,0.0,Inner31,4800,5001,4900.0,differentia=1+policy=TaperedDepthProportionalResolution+target=64,<function upgma at 0x7f96503dc550>
766,51,51,[50],5001.0,101.0,316600,5001,5002,5001.0,differentia=1+policy=TaperedDepthProportionalResolution+target=64,<function upgma at 0x7f96503dc550>
767,52,52,[50],4900.0,0.0,Inner30,4800,5001,4900.0,differentia=1+policy=TaperedDepthProportionalResolution+target=64,<function upgma at 0x7f96503dc550>
768,53,53,[52],4900.0,0.0,Inner27,4800,5001,4900.0,differentia=1+policy=TaperedDepthProportionalResolution+target=64,<function upgma at 0x7f96503dc550>
769,54,54,[53],4900.0,0.0,Inner25,4800,5001,4900.0,differentia=1+policy=TaperedDepthProportionalResolution+target=64,<function upgma at 0x7f96503dc550>
770,55,55,[54],5001.0,101.0,316583,5001,5002,5001.0,differentia=1+policy=TaperedDepthProportionalResolution+target=64,<function upgma at 0x7f96503dc550>
771,56,56,[54],5001.0,101.0,316603,5001,5002,5001.0,differentia=1+policy=TaperedDepthProportionalResolution+target=64,<function upgma at 0x7f96503dc550>
772,57,57,[53],5001.0,101.0,316606,5001,5002,5001.0,differentia=1+policy=TaperedDepthProportionalResolution+target=64,<function upgma at 0x7f96503dc550>
773,58,58,[52],5001.0,101.0,316632,5001,5002,5001.0,differentia=1+policy=TaperedDepthProportionalResolution+target=64,<function upgma at 0x7f96503dc550>
774,59,59,[39],4900.0,33.5,Inner51,4800,5001,4900.0,differentia=1+policy=TaperedDepthProportionalResolution+target=64,<function upgma at 0x7f96503dc550>
775,60,60,[59],4900.0,0.0,Inner50,4800,5001,4900.0,differentia=1+policy=TaperedDepthProportionalResolution+target=64,<function upgma at 0x7f96503dc550>
776,61,61,[60],5001.0,101.0,316612,5001,5002,5001.0,differentia=1+policy=TaperedDepthProportionalResolution+target=64,<function upgma at 0x7f96503dc550>
777,62,62,[60],4900.0,0.0,Inner38,4800,5001,4900.0,differentia=1+policy=TaperedDepthProportionalResolution+target=64,<function upgma at 0x7f96503dc550>
778,63,63,[62],5001.0,101.0,316591,5001,5002,5001.0,differentia=1+policy=TaperedDepthProportionalResolution+target=64,<function upgma at 0x7f96503dc550>
779,64,64,[62],4900.0,0.0,Inner37,4800,5001,4900.0,differentia=1+policy=TaperedDepthProportionalResolution+target=64,<function upgma at 0x7f96503dc550>
780,65,65,[64],4900.0,0.0,Inner36,4800,5001,4900.0,differentia=1+policy=TaperedDepthProportionalResolution+target=64,<function upgma at 0x7f96503dc550>
781,66,66,[65],5001.0,101.0,316604,5001,5002,5001.0,differentia=1+policy=TaperedDepthProportionalResolution+target=64,<function upgma at 0x7f96503dc550>
782,67,67,[65],4900.0,0.0,Inner32,4800,5001,4900.0,differentia=1+policy=TaperedDepthProportionalResolution+target=64,<function upgma at 0x7f96503dc550>
783,68,68,[67],5001.0,101.0,316588,5001,5002,5001.0,differentia=1+policy=TaperedDepthProportionalResolution+target=64,<function upgma at 0x7f96503dc550>
784,69,69,[67],4900.0,0.0,Inner29,4800,5001,4900.0,differentia=1+policy=TaperedDepthProportionalResolution+target=64,<function upgma at 0x7f96503dc550>
785,70,70,[69],5001.0,101.0,316586,5001,5002,5001.0,differentia=1+policy=TaperedDepthProportionalResolution+target=64,<function upgma at 0x7f96503dc550>
786,71,71,[69],4900.0,0.0,Inner28,4800,5001,4900.0,differentia=1+policy=TaperedDepthProportionalResolution+target=64,<function upgma at 0x7f96503dc550>
787,72,72,[71],5001.0,101.0,316621,5001,5002,5001.0,differentia=1+policy=TaperedDepthProportionalResolution+target=64,<function upgma at 0x7f96503dc550>
788,73,73,[71],4900.0,0.0,Inner26,4800,5001,4900.0,differentia=1+policy=TaperedDepthProportionalResolution+target=64,<function upgma at 0x7f96503dc550>
789,74,74,[73],5001.0,101.0,316613,5001,5002,5001.0,differentia=1+policy=TaperedDepthProportionalResolution+target=64,<function upgma at 0x7f96503dc550>
790,75,75,[73],4900.0,0.0,Inner18,4800,5001,4900.0,differentia=1+policy=TaperedDepthProportionalResolution+target=64,<function upgma at 0x7f96503dc550>
791,76,76,[75],5001.0,101.0,316589,5001,5002,5001.0,differentia=1+policy=TaperedDepthProportionalResolution+target=64,<function upgma at 0x7f96503dc550>
792,77,77,[75],4900.0,0.0,Inner17,4800,5001,4900.0,differentia=1+policy=TaperedDepthProportionalResolution+target=64,<function upgma at 0x7f96503dc550>
793,78,78,[77],5001.0,101.0,316608,5001,5002,5001.0,differentia=1+policy=TaperedDepthProportionalResolution+target=64,<function upgma at 0x7f96503dc550>
794,79,79,[77],4900.0,0.0,Inner16,4800,5001,4900.0,differentia=1+policy=TaperedDepthProportionalResolution+target=64,<function upgma at 0x7f96503dc550>
795,80,80,[79],5001.0,101.0,316592,5001,5002,5001.0,differentia=1+policy=TaperedDepthProportionalResolution+target=64,<function upgma at 0x7f96503dc550>
796,81,81,[79],4900.0,0.0,Inner15,4800,5001,4900.0,differentia=1+policy=TaperedDepthProportionalResolution+target=64,<function upgma at 0x7f96503dc550>
797,82,82,[81],4900.0,0.0,Inner14,4800,5001,4900.0,differentia=1+policy=TaperedDepthProportionalResolution+target=64,<function upgma at 0x7f96503dc550>
798,83,83,[82],5001.0,101.0,316584,5001,5002,5001.0,differentia=1+policy=TaperedDepthProportionalResolution+target=64,<function upgma at 0x7f96503dc550>
799,84,84,[82],5001.0,101.0,316618,5001,5002,5001.0,differentia=1+policy=TaperedDepthProportionalResolution+target=64,<function upgma at 0x7f96503dc550>
800,85,85,[81],5001.0,101.0,316623,5001,5002,5001.0,differentia=1+policy=TaperedDepthProportionalResolution+target=64,<function upgma at 0x7f96503dc550>
801,86,86,[64],5001.0,101.0,316624,5001,5002,5001.0,differentia=1+policy=TaperedDepthProportionalResolution+target=64,<function upgma at 0x7f96503dc550>
802,87,87,[59],5001.0,101.0,316633,5001,5002,5001.0,differentia=1+policy=TaperedDepthProportionalResolution+target=64,<function upgma at 0x7f96503dc550>
803,88,88,[38],4867.5,36.0,Inner65,4736,5000,4867.5,differentia=1+policy=TaperedDepthProportionalResolution+target=64,<function upgma at 0x7f96503dc550>
804,89,89,[88],4867.0,-0.5,Inner64,4736,4999,4867.0,differentia=1+policy=TaperedDepthProportionalResolution+target=64,<function upgma at 0x7f96503dc550>
805,90,90,[89],4899.5,32.5,Inner5,4800,5000,4899.5,differentia=1+policy=TaperedDepthProportionalResolution+target=64,<function upgma at 0x7f96503dc550>
806,91,91,[90],5000.0,100.5,316552,5000,5001,5000.0,differentia=1+policy=TaperedDepthProportionalResolution+target=64,<function upgma at 0x7f96503dc550>
807,92,92,[90],4899.5,0.0,Inner3,4800,5000,4899.5,differentia=1+policy=TaperedDepthProportionalResolution+target=64,<function upgma at 0x7f96503dc550>
808,93,93,[92],5000.0,100.5,316540,5000,5001,5000.0,differentia=1+policy=TaperedDepthProportionalResolution+target=64,<function upgma at 0x7f96503dc550>
809,94,94,[92],5000.0,100.5,316564,5000,5001,5000.0,differentia=1+policy=TaperedDepthProportionalResolution+target=64,<function upgma at 0x7f96503dc550>
810,95,95,[89],4867.5,0.5,Inner63,4736,5000,4867.5,differentia=1+policy=TaperedDepthProportionalResolution+target=64,<function upgma at 0x7f96503dc550>
811,96,96,[95],4899.5,32.0,Inner4,4800,5000,4899.5,differentia=1+policy=TaperedDepthProportionalResolution+target=64,<function upgma at 0x7f96503dc550>
812,97,97,[96],5000.0,100.5,316541,5000,5001,5000.0,differentia=1+policy=TaperedDepthProportionalResolution+target=64,<function upgma at 0x7f96503dc550>
813,98,98,[96],4899.5,0.0,Inner2,4800,5000,4899.5,differentia=1+policy=TaperedDepthProportionalResolution+target=64,<function upgma at 0x7f96503dc550>
814,99,99,[98],5000.0,100.5,316567,5000,5001,5000.0,differentia=1+policy=TaperedDepthProportionalResolution+target=64,<function upgma at 0x7f96503dc550>
815,100,100,[98],5000.0,100.5,316578,5000,5001,5000.0,differentia=1+policy=TaperedDepthProportionalResolution+target=64,<function upgma at 0x7f96503dc550>
816,101,101,[95],4900.0,32.5,Inner53,4800,5001,4900.0,differentia=1+policy=TaperedDepthProportionalResolution+target=64,<function upgma at 0x7f96503dc550>
817,102,102,[101],4900.0,0.0,Inner49,4800,5001,4900.0,differentia=1+policy=TaperedDepthProportionalResolution+target=64,<function upgma at 0x7f96503dc550>
818,103,103,[102],5001.0,101.0,316597,5001,5002,5001.0,differentia=1+policy=TaperedDepthProportionalResolution+target=64,<function upgma at 0x7f96503dc550>
819,104,104,[102],4900.0,0.0,Inner47,4800,5001,4900.0,differentia=1+policy=TaperedDepthProportionalResolution+target=64,<function upgma at 0x7f96503dc550>
820,105,105,[104],5001.0,101.0,316585,5001,5002,5001.0,differentia=1+policy=TaperedDepthProportionalResolution+target=64,<function upgma at 0x7f96503dc550>
821,106,106,[104],4900.0,0.0,Inner46,4800,5001,4900.0,differentia=1+policy=TaperedDepthProportionalResolution+target=64,<function upgma at 0x7f96503dc550>
822,107,107,[106],5001.0,101.0,316625,5001,5002,5001.0,differentia=1+policy=TaperedDepthProportionalResolution+target=64,<function upgma at 0x7f96503dc550>
823,108,108,[106],4900.0,0.0,Inner45,4800,5001,4900.0,differentia=1+policy=TaperedDepthProportionalResolution+target=64,<function upgma at 0x7f96503dc550>
824,109,109,[108],4900.0,0.0,Inner44,4800,5001,4900.0,differentia=1+policy=TaperedDepthProportionalResolution+target=64,<function upgma at 0x7f96503dc550>
825,110,110,[109],4900.0,0.0,Inner43,4800,5001,4900.0,differentia=1+policy=TaperedDepthProportionalResolution+target=64,<function upgma at 0x7f96503dc550>
826,111,111,[110],5001.0,101.0,316598,5001,5002,5001.0,differentia=1+policy=TaperedDepthProportionalResolution+target=64,<function upgma at 0x7f96503dc550>
827,112,112,[110],4900.0,0.0,Inner40,4800,5001,4900.0,differentia=1+policy=TaperedDepthProportionalResolution+target=64,<function upgma at 0x7f96503dc550>
828,113,113,[112],5001.0,101.0,316590,5001,5002,5001.0,differentia=1+policy=TaperedDepthProportionalResolution+target=64,<function upgma at 0x7f96503dc550>
829,114,114,[112],4900.0,0.0,Inner23,4800,5001,4900.0,differentia=1+policy=TaperedDepthProportionalResolution+target=64,<function upgma at 0x7f96503dc550>
830,115,115,[114],5001.0,101.0,316594,5001,5002,5001.0,differentia=1+policy=TaperedDepthProportionalResolution+target=64,<function upgma at 0x7f96503dc550>
831,116,116,[114],4900.0,0.0,Inner22,4800,5001,4900.0,differentia=1+policy=TaperedDepthProportionalResolution+target=64,<function upgma at 0x7f96503dc550>
832,117,117,[116],4900.0,0.0,Inner21,4800,5001,4900.0,differentia=1+policy=TaperedDepthProportionalResolution+target=64,<function upgma at 0x7f96503dc550>
833,118,118,[117],5001.0,101.0,316579,5001,5002,5001.0,differentia=1+policy=TaperedDepthProportionalResolution+target=64,<function upgma at 0x7f96503dc550>
834,119,119,[117],5001.0,101.0,316593,5001,5002,5001.0,differentia=1+policy=TaperedDepthProportionalResolution+target=64,<function upgma at 0x7f96503dc550>
835,120,120,[116],5001.0,101.0,316601,5001,5002,5001.0,differentia=1+policy=TaperedDepthProportionalResolution+target=64,<function upgma at 0x7f96503dc550>
836,121,121,[109],5001.0,101.0,316611,5001,5002,5001.0,differentia=1+policy=TaperedDepthProportionalResolution+target=64,<function upgma at 0x7f96503dc550>
837,122,122,[108],5001.0,101.0,316626,5001,5002,5001.0,differentia=1+policy=TaperedDepthProportionalResolution+target=64,<function upgma at 0x7f96503dc550>
838,123,123,[101],5001.0,101.0,316627,5001,5002,5001.0,differentia=1+policy=TaperedDepthProportionalResolution+target=64,<function upgma at 0x7f96503dc550>
839,124,124,[88],4900.0,32.5,Inner54,4800,5001,4900.0,differentia=1+policy=TaperedDepthProportionalResolution+target=64,<function upgma at 0x7f96503dc550>
840,125,125,[124],5001.0,101.0,316596,5001,5002,5001.0,differentia=1+policy=TaperedDepthProportionalResolution+target=64,<function upgma at 0x7f96503dc550>
841,126,126,[124],4900.0,0.0,Inner52,4800,5001,4900.0,differentia=1+policy=TaperedDepthProportionalResolution+target=64,<function upgma at 0x7f96503dc550>
842,127,127,[126],4900.0,0.0,Inner48,4800,5001,4900.0,differentia=1+policy=TaperedDepthProportionalResolution+target=64,<function upgma at 0x7f96503dc550>
843,128,128,[127],5001.0,101.0,316610,5001,5002,5001.0,differentia=1+policy=TaperedDepthProportionalResolution+target=64,<function upgma at 0x7f96503dc550>
844,129,129,[127],4900.0,0.0,Inner42,4800,5001,4900.0,differentia=1+policy=TaperedDepthProportionalResolution+target=64,<function upgma at 0x7f96503dc550>
845,130,130,[129],5001.0,101.0,316628,5001,5002,5001.0,differentia=1+policy=TaperedDepthProportionalResolution+target=64,<function upgma at 0x7f96503dc550>
846,131,131,[129],4900.0,0.0,Inner41,4800,5001,4900.0,differentia=1+policy=TaperedDepthProportionalResolution+target=64,<function upgma at 0x7f96503dc550>
847,132,132,[131],5001.0,101.0,316617,5001,5002,5001.0,differentia=1+policy=TaperedDepthProportionalResolution+target=64,<function upgma at 0x7f96503dc550>
848,133,133,[131],4900.0,0.0,Inner39,4800,5001,4900.0,differentia=1+policy=TaperedDepthProportionalResolution+target=64,<function upgma at 0x7f96503dc550>
849,134,134,[133],5001.0,101.0,316581,5001,5002,5001.0,differentia=1+policy=TaperedDepthProportionalResolution+target=64,<function upgma at 0x7f96503dc550>
850,135,135,[133],4900.0,0.0,Inner24,4800,5001,4900.0,differentia=1+policy=TaperedDepthProportionalResolution+target=64,<function upgma at 0x7f96503dc550>
851,136,136,[135],5001.0,101.0,316619,5001,5002,5001.0,differentia=1+policy=TaperedDepthProportionalResolution+target=64,<function upgma at 0x7f96503dc550>
852,137,137,[135],4900.0,0.0,Inner20,4800,5001,4900.0,differentia=1+policy=TaperedDepthProportionalResolution+target=64,<function upgma at 0x7f96503dc550>
853,138,138,[137],5001.0,101.0,316630,5001,5002,5001.0,differentia=1+policy=TaperedDepthProportionalResolution+target=64,<function upgma at 0x7f96503dc550>
854,139,139,[137],4900.0,0.0,Inner19,4800,5001,4900.0,differentia=1+policy=TaperedDepthProportionalResolution+target=64,<function upgma at 0x7f96503dc550>
855,140,140,[139],5001.0,101.0,316609,5001,5002,5001.0,differentia=1+policy=TaperedDepthProportionalResolution+target=64,<function upgma at 0x7f96503dc550>
856,141,141,[139],5001.0,101.0,316631,5001,5002,5001.0,differentia=1+policy=TaperedDepthProportionalResolution+target=64,<function upgma at 0x7f96503dc550>
857,142,142,[126],5001.0,101.0,316635,5001,5002,5001.0,differentia=1+policy=TaperedDepthProportionalResolution+target=64,<function upgma at 0x7f96503dc550>
858,0,0,[None],4783.5,4783.5,Inner71,4768,4800,4783.5,differentia=64+policy=RecencyProportionalResolution+target=4096,<function upgma at 0x7f96503dc550>
859,1,1,[0],4947.5,164.0,Inner69,4944,4952,4947.5,differentia=64+policy=RecencyProportionalResolution+target=4096,<function upgma at 0x7f96503dc550>
860,2,2,[1],4992.0,44.5,Inner48,4992,4993,4992.0,differentia=64+policy=RecencyProportionalResolution+target=4096,<function upgma at 0x7f96503dc550>
861,3,3,[2],4993.0,1.0,Inner41,4993,4994,4993.0,differentia=64+policy=RecencyProportionalResolution+target=4096,<function upgma at 0x7f96503dc550>
862,4,4,[3],4998.0,5.0,316382,4998,4999,4998.0,differentia=64+policy=RecencyProportionalResolution+target=4096,<function upgma at 0x7f96503dc550>
863,5,5,[3],5001.0,8.0,316607,5001,5002,5001.0,differentia=64+policy=RecencyProportionalResolution+target=4096,<function upgma at 0x7f96503dc550>
864,6,6,[2],5001.0,9.0,316622,5001,5002,5001.0,differentia=64+policy=RecencyProportionalResolution+target=4096,<function upgma at 0x7f96503dc550>
865,7,7,[1],4965.5,18.0,Inner67,4964,4968,4965.5,differentia=64+policy=RecencyProportionalResolution+target=4096,<function upgma at 0x7f96503dc550>
866,8,8,[7],4977.5,12.0,Inner63,4976,4980,4977.5,differentia=64+policy=RecencyProportionalResolution+target=4096,<function upgma at 0x7f96503dc550>
867,9,9,[8],4998.0,20.5,Inner11,4998,4999,4998.0,differentia=64+policy=RecencyProportionalResolution+target=4096,<function upgma at 0x7f96503dc550>
868,10,10,[9],5001.0,3.0,316580,5001,5002,5001.0,differentia=64+policy=RecencyProportionalResolution+target=4096,<function upgma at 0x7f96503dc550>
869,11,11,[9],5001.0,3.0,316599,5001,5002,5001.0,differentia=64+policy=RecencyProportionalResolution+target=4096,<function upgma at 0x7f96503dc550>
870,12,12,[8],4995.0,17.5,Inner36,4995,4996,4995.0,differentia=64+policy=RecencyProportionalResolution+target=4096,<function upgma at 0x7f96503dc550>
871,13,13,[12],5001.0,6.0,316615,5001,5002,5001.0,differentia=64+policy=RecencyProportionalResolution+target=4096,<function upgma at 0x7f96503dc550>
872,14,14,[12],4997.0,2.0,Inner21,4997,4998,4997.0,differentia=64+policy=RecencyProportionalResolution+target=4096,<function upgma at 0x7f96503dc550>
873,15,15,[14],4997.0,0.0,Inner10,4997,4998,4997.0,differentia=64+policy=RecencyProportionalResolution+target=4096,<function upgma at 0x7f96503dc550>
874,16,16,[15],4999.0,2.0,316484,4999,5000,4999.0,differentia=64+policy=RecencyProportionalResolution+target=4096,<function upgma at 0x7f96503dc550>
875,17,17,[15],4998.0,1.0,Inner9,4998,4999,4998.0,differentia=64+policy=RecencyProportionalResolution+target=4096,<function upgma at 0x7f96503dc550>
876,18,18,[17],5000.0,2.0,316544,5000,5001,5000.0,differentia=64+policy=RecencyProportionalResolution+target=4096,<function upgma at 0x7f96503dc550>
877,19,19,[17],5001.0,3.0,316605,5001,5002,5001.0,differentia=64+policy=RecencyProportionalResolution+target=4096,<function upgma at 0x7f96503dc550>
878,20,20,[14],4998.0,1.0,Inner12,4998,4999,4998.0,differentia=64+policy=RecencyProportionalResolution+target=4096,<function upgma at 0x7f96503dc550>
879,21,21,[20],5001.0,3.0,316614,5001,5002,5001.0,differentia=64+policy=RecencyProportionalResolution+target=4096,<function upgma at 0x7f96503dc550>
880,22,22,[20],5001.0,3.0,316629,5001,5002,5001.0,differentia=64+policy=RecencyProportionalResolution+target=4096,<function upgma at 0x7f96503dc550>
881,23,23,[7],4973.5,8.0,Inner64,4972,4976,4973.5,differentia=64+policy=RecencyProportionalResolution+target=4096,<function upgma at 0x7f96503dc550>
882,24,24,[23],5000.0,26.5,316562,5000,5001,5000.0,differentia=64+policy=RecencyProportionalResolution+target=4096,<function upgma at 0x7f96503dc550>
883,25,25,[23],4980.5,7.0,Inner60,4980,4982,4980.5,differentia=64+policy=RecencyProportionalResolution+target=4096,<function upgma at 0x7f96503dc550>
884,26,26,[25],5001.0,20.5,316602,5001,5002,5001.0,differentia=64+policy=RecencyProportionalResolution+target=4096,<function upgma at 0x7f96503dc550>
885,27,27,[25],4980.5,0.0,Inner59,4980,4982,4980.5,differentia=64+policy=RecencyProportionalResolution+target=4096,<function upgma at 0x7f96503dc550>
886,28,28,[27],4997.0,16.5,Inner22,4997,4998,4997.0,differentia=64+policy=RecencyProportionalResolution+target=4096,<function upgma at 0x7f96503dc550>
887,29,29,[28],4998.0,1.0,Inner1,4998,4999,4998.0,differentia=64+policy=RecencyProportionalResolution+target=4096,<function upgma at 0x7f96503dc550>
888,30,30,[29],5000.0,2.0,316570,5000,5001,5000.0,differentia=64+policy=RecencyProportionalResolution+target=4096,<function upgma at 0x7f96503dc550>
889,31,31,[29],5000.0,2.0,316574,5000,5001,5000.0,differentia=64+policy=RecencyProportionalResolution+target=4096,<function upgma at 0x7f96503dc550>
890,32,32,[28],5001.0,4.0,316582,5001,5002,5001.0,differentia=64+policy=RecencyProportionalResolution+target=4096,<function upgma at 0x7f96503dc550>
891,33,33,[27],4990.0,9.5,Inner53,4990,4991,4990.0,differentia=64+policy=RecencyProportionalResolution+target=4096,<function upgma at 0x7f96503dc550>
892,34,34,[33],4992.0,2.0,Inner47,4992,4993,4992.0,differentia=64+policy=RecencyProportionalResolution+target=4096,<function upgma at 0x7f96503dc550>
893,35,35,[34],4999.0,7.0,316516,4999,5000,4999.0,differentia=64+policy=RecencyProportionalResolution+target=4096,<function upgma at 0x7f96503dc550>
894,36,36,[34],5001.0,9.0,316620,5001,5002,5001.0,differentia=64+policy=RecencyProportionalResolution+target=4096,<function upgma at 0x7f96503dc550>
895,37,37,[33],5001.0,11.0,316634,5001,5002,5001.0,differentia=64+policy=RecencyProportionalResolution+target=4096,<function upgma at 0x7f96503dc550>
896,38,38,[0],4887.5,104.0,Inner70,4880,4896,4887.5,differentia=64+policy=RecencyProportionalResolution+target=4096,<function upgma at 0x7f96503dc550>
897,39,39,[38],4980.5,93.0,Inner61,4980,4982,4980.5,differentia=64+policy=RecencyProportionalResolution+target=4096,<function upgma at 0x7f96503dc550>
898,40,40,[39],4994.0,13.5,Inner43,4994,4995,4994.0,differentia=64+policy=RecencyProportionalResolution+target=4096,<function upgma at 0x7f96503dc550>
899,41,41,[40],4999.0,5.0,Inner3,4999,5000,4999.0,differentia=64+policy=RecencyProportionalResolution+target=4096,<function upgma at 0x7f96503dc550>
900,42,42,[41],5001.0,2.0,316592,5001,5002,5001.0,differentia=64+policy=RecencyProportionalResolution+target=4096,<function upgma at 0x7f96503dc550>
901,43,43,[41],5001.0,2.0,316608,5001,5002,5001.0,differentia=64+policy=RecencyProportionalResolution+target=4096,<function upgma at 0x7f96503dc550>
902,44,44,[40],4994.0,0.0,Inner42,4994,4995,4994.0,differentia=64+policy=RecencyProportionalResolution+target=4096,<function upgma at 0x7f96503dc550>
903,45,45,[44],5001.0,7.0,316584,5001,5002,5001.0,differentia=64+policy=RecencyProportionalResolution+target=4096,<function upgma at 0x7f96503dc550>
904,46,46,[44],4999.0,5.0,Inner2,4999,5000,4999.0,differentia=64+policy=RecencyProportionalResolution+target=4096,<function upgma at 0x7f96503dc550>
905,47,47,[46],5001.0,2.0,316618,5001,5002,5001.0,differentia=64+policy=RecencyProportionalResolution+target=4096,<function upgma at 0x7f96503dc550>
906,48,48,[46],5001.0,2.0,316623,5001,5002,5001.0,differentia=64+policy=RecencyProportionalResolution+target=4096,<function upgma at 0x7f96503dc550>
907,49,49,[39],4982.5,2.0,Inner58,4982,4984,4982.5,differentia=64+policy=RecencyProportionalResolution+target=4096,<function upgma at 0x7f96503dc550>
908,50,50,[49],4984.5,2.0,Inner57,4984,4986,4984.5,differentia=64+policy=RecencyProportionalResolution+target=4096,<function upgma at 0x7f96503dc550>
909,51,51,[50],5001.0,16.5,316606,5001,5002,5001.0,differentia=64+policy=RecencyProportionalResolution+target=4096,<function upgma at 0x7f96503dc550>
910,52,52,[50],4995.0,10.5,Inner33,4995,4996,4995.0,differentia=64+policy=RecencyProportionalResolution+target=4096,<function upgma at 0x7f96503dc550>
911,53,53,[52],4995.0,0.0,Inner30,4995,4996,4995.0,differentia=64+policy=RecencyProportionalResolution+target=4096,<function upgma at 0x7f96503dc550>
912,54,54,[53],4998.0,3.0,316423,4998,4999,4998.0,differentia=64+policy=RecencyProportionalResolution+target=4096,<function upgma at 0x7f96503dc550>
913,55,55,[53],5001.0,6.0,316603,5001,5002,5001.0,differentia=64+policy=RecencyProportionalResolution+target=4096,<function upgma at 0x7f96503dc550>
914,56,56,[52],4997.0,2.0,Inner29,4997,4998,4997.0,differentia=64+policy=RecencyProportionalResolution+target=4096,<function upgma at 0x7f96503dc550>
915,57,57,[56],4999.0,2.0,Inner5,4999,5000,4999.0,differentia=64+policy=RecencyProportionalResolution+target=4096,<function upgma at 0x7f96503dc550>
916,58,58,[57],4999.0,0.0,Inner4,4999,5000,4999.0,differentia=64+policy=RecencyProportionalResolution+target=4096,<function upgma at 0x7f96503dc550>
917,59,59,[58],5001.0,2.0,316583,5001,5002,5001.0,differentia=64+policy=RecencyProportionalResolution+target=4096,<function upgma at 0x7f96503dc550>
918,60,60,[58],5001.0,2.0,316589,5001,5002,5001.0,differentia=64+policy=RecencyProportionalResolution+target=4096,<function upgma at 0x7f96503dc550>
919,61,61,[57],5001.0,2.0,316613,5001,5002,5001.0,differentia=64+policy=RecencyProportionalResolution+target=4096,<function upgma at 0x7f96503dc550>
920,62,62,[56],5001.0,4.0,316621,5001,5002,5001.0,differentia=64+policy=RecencyProportionalResolution+target=4096,<function upgma at 0x7f96503dc550>
921,63,63,[49],4989.0,6.5,Inner55,4989,4990,4989.0,differentia=64+policy=RecencyProportionalResolution+target=4096,<function upgma at 0x7f96503dc550>
922,64,64,[63],4993.0,4.0,Inner46,4993,4994,4993.0,differentia=64+policy=RecencyProportionalResolution+target=4096,<function upgma at 0x7f96503dc550>
923,65,65,[64],4997.0,4.0,Inner28,4997,4998,4997.0,differentia=64+policy=RecencyProportionalResolution+target=4096,<function upgma at 0x7f96503dc550>
924,66,66,[65],5001.0,4.0,316593,5001,5002,5001.0,differentia=64+policy=RecencyProportionalResolution+target=4096,<function upgma at 0x7f96503dc550>
925,67,67,[65],5001.0,4.0,316601,5001,5002,5001.0,differentia=64+policy=RecencyProportionalResolution+target=4096,<function upgma at 0x7f96503dc550>
926,68,68,[64],4997.0,4.0,Inner24,4997,4998,4997.0,differentia=64+policy=RecencyProportionalResolution+target=4096,<function upgma at 0x7f96503dc550>
927,69,69,[68],5000.0,3.0,316540,5000,5001,5000.0,differentia=64+policy=RecencyProportionalResolution+target=4096,<function upgma at 0x7f96503dc550>
928,70,70,[68],5001.0,4.0,316630,5001,5002,5001.0,differentia=64+policy=RecencyProportionalResolution+target=4096,<function upgma at 0x7f96503dc550>
929,71,71,[63],4996.0,7.0,Inner32,4996,4997,4996.0,differentia=64+policy=RecencyProportionalResolution+target=4096,<function upgma at 0x7f96503dc550>
930,72,72,[71],4997.0,1.0,Inner23,4997,4998,4997.0,differentia=64+policy=RecencyProportionalResolution+target=4096,<function upgma at 0x7f96503dc550>
931,73,73,[72],5000.0,3.0,316567,5000,5001,5000.0,differentia=64+policy=RecencyProportionalResolution+target=4096,<function upgma at 0x7f96503dc550>
932,74,74,[72],5001.0,4.0,316579,5001,5002,5001.0,differentia=64+policy=RecencyProportionalResolution+target=4096,<function upgma at 0x7f96503dc550>
933,75,75,[71],4998.0,2.0,Inner13,4998,4999,4998.0,differentia=64+policy=RecencyProportionalResolution+target=4096,<function upgma at 0x7f96503dc550>
934,76,76,[75],5001.0,3.0,316609,5001,5002,5001.0,differentia=64+policy=RecencyProportionalResolution+target=4096,<function upgma at 0x7f96503dc550>
935,77,77,[75],5001.0,3.0,316631,5001,5002,5001.0,differentia=64+policy=RecencyProportionalResolution+target=4096,<function upgma at 0x7f96503dc550>
936,78,78,[38],4953.5,66.0,Inner68,4952,4956,4953.5,differentia=64+policy=RecencyProportionalResolution+target=4096,<function upgma at 0x7f96503dc550>
937,79,79,[78],4973.5,20.0,Inner66,4972,4976,4973.5,differentia=64+policy=RecencyProportionalResolution+target=4096,<function upgma at 0x7f96503dc550>
938,80,80,[79],4973.5,0.0,Inner65,4972,4976,4973.5,differentia=64+policy=RecencyProportionalResolution+target=4096,<function upgma at 0x7f96503dc550>
939,81,81,[80],4986.5,13.0,Inner56,4986,4988,4986.5,differentia=64+policy=RecencyProportionalResolution+target=4096,<function upgma at 0x7f96503dc550>
940,82,82,[81],4992.0,5.5,Inner49,4992,4993,4992.0,differentia=64+policy=RecencyProportionalResolution+target=4096,<function upgma at 0x7f96503dc550>
941,83,83,[82],5000.0,8.0,316578,5000,5001,5000.0,differentia=64+policy=RecencyProportionalResolution+target=4096,<function upgma at 0x7f96503dc550>
942,84,84,[82],5001.0,9.0,316619,5001,5002,5001.0,differentia=64+policy=RecencyProportionalResolution+target=4096,<function upgma at 0x7f96503dc550>
943,85,85,[81],4995.0,8.5,Inner39,4995,4996,4995.0,differentia=64+policy=RecencyProportionalResolution+target=4096,<function upgma at 0x7f96503dc550>
944,86,86,[85],4995.0,0.0,Inner38,4995,4996,4995.0,differentia=64+policy=RecencyProportionalResolution+target=4096,<function upgma at 0x7f96503dc550>
945,87,87,[86],5001.0,6.0,316600,5001,5002,5001.0,differentia=64+policy=RecencyProportionalResolution+target=4096,<function upgma at 0x7f96503dc550>
946,88,88,[86],4999.0,4.0,Inner6,4999,5000,4999.0,differentia=64+policy=RecencyProportionalResolution+target=4096,<function upgma at 0x7f96503dc550>
947,89,89,[88],5001.0,2.0,316587,5001,5002,5001.0,differentia=64+policy=RecencyProportionalResolution+target=4096,<function upgma at 0x7f96503dc550>
948,90,90,[88],5001.0,2.0,316616,5001,5002,5001.0,differentia=64+policy=RecencyProportionalResolution+target=4096,<function upgma at 0x7f96503dc550>
949,91,91,[85],4998.0,3.0,Inner17,4998,4999,4998.0,differentia=64+policy=RecencyProportionalResolution+target=4096,<function upgma at 0x7f96503dc550>
950,92,92,[91],4998.0,0.0,Inner16,4998,4999,4998.0,differentia=64+policy=RecencyProportionalResolution+target=4096,<function upgma at 0x7f96503dc550>
951,93,93,[92],5001.0,3.0,316595,5001,5002,5001.0,differentia=64+policy=RecencyProportionalResolution+target=4096,<function upgma at 0x7f96503dc550>
952,94,94,[92],4998.0,0.0,Inner15,4998,4999,4998.0,differentia=64+policy=RecencyProportionalResolution+target=4096,<function upgma at 0x7f96503dc550>
953,95,95,[94],5001.0,3.0,316588,5001,5002,5001.0,differentia=64+policy=RecencyProportionalResolution+target=4096,<function upgma at 0x7f96503dc550>
954,96,96,[94],5001.0,3.0,316604,5001,5002,5001.0,differentia=64+policy=RecencyProportionalResolution+target=4096,<function upgma at 0x7f96503dc550>
955,97,97,[91],5001.0,3.0,316624,5001,5002,5001.0,differentia=64+policy=RecencyProportionalResolution+target=4096,<function upgma at 0x7f96503dc550>
956,98,98,[80],4996.0,22.5,Inner31,4996,4997,4996.0,differentia=64+policy=RecencyProportionalResolution+target=4096,<function upgma at 0x7f96503dc550>
957,99,99,[98],5000.0,4.0,316577,5000,5001,5000.0,differentia=64+policy=RecencyProportionalResolution+target=4096,<function upgma at 0x7f96503dc550>
958,100,100,[98],4998.0,2.0,Inner14,4998,4999,4998.0,differentia=64+policy=RecencyProportionalResolution+target=4096,<function upgma at 0x7f96503dc550>
959,101,101,[100],5001.0,3.0,316586,5001,5002,5001.0,differentia=64+policy=RecencyProportionalResolution+target=4096,<function upgma at 0x7f96503dc550>
960,102,102,[100],5001.0,3.0,316632,5001,5002,5001.0,differentia=64+policy=RecencyProportionalResolution+target=4096,<function upgma at 0x7f96503dc550>
961,103,103,[79],4980.5,7.0,Inner62,4980,4982,4980.5,differentia=64+policy=RecencyProportionalResolution+target=4096,<function upgma at 0x7f96503dc550>
962,104,104,[103],4991.0,10.5,Inner52,4991,4992,4991.0,differentia=64+policy=RecencyProportionalResolution+target=4096,<function upgma at 0x7f96503dc550>
963,105,105,[104],4992.0,1.0,Inner50,4992,4993,4992.0,differentia=64+policy=RecencyProportionalResolution+target=4096,<function upgma at 0x7f96503dc550>
964,106,106,[105],4995.0,3.0,Inner34,4995,4996,4995.0,differentia=64+policy=RecencyProportionalResolution+target=4096,<function upgma at 0x7f96503dc550>
965,107,107,[106],5000.0,5.0,316564,5000,5001,5000.0,differentia=64+policy=RecencyProportionalResolution+target=4096,<function upgma at 0x7f96503dc550>
966,108,108,[106],5001.0,6.0,316594,5001,5002,5001.0,differentia=64+policy=RecencyProportionalResolution+target=4096,<function upgma at 0x7f96503dc550>
967,109,109,[105],4997.0,5.0,Inner27,4997,4998,4997.0,differentia=64+policy=RecencyProportionalResolution+target=4096,<function upgma at 0x7f96503dc550>
968,110,110,[109],5001.0,4.0,316611,5001,5002,5001.0,differentia=64+policy=RecencyProportionalResolution+target=4096,<function upgma at 0x7f96503dc550>
969,111,111,[109],4997.0,0.0,Inner26,4997,4998,4997.0,differentia=64+policy=RecencyProportionalResolution+target=4096,<function upgma at 0x7f96503dc550>
970,112,112,[111],5001.0,4.0,316598,5001,5002,5001.0,differentia=64+policy=RecencyProportionalResolution+target=4096,<function upgma at 0x7f96503dc550>
971,113,113,[111],4997.0,0.0,Inner25,4997,4998,4997.0,differentia=64+policy=RecencyProportionalResolution+target=4096,<function upgma at 0x7f96503dc550>
972,114,114,[113],5000.0,3.0,316541,5000,5001,5000.0,differentia=64+policy=RecencyProportionalResolution+target=4096,<function upgma at 0x7f96503dc550>
973,115,115,[113],4999.0,2.0,Inner8,4999,5000,4999.0,differentia=64+policy=RecencyProportionalResolution+target=4096,<function upgma at 0x7f96503dc550>
974,116,116,[115],5001.0,2.0,316590,5001,5002,5001.0,differentia=64+policy=RecencyProportionalResolution+target=4096,<function upgma at 0x7f96503dc550>
975,117,117,[115],4999.0,0.0,Inner7,4999,5000,4999.0,differentia=64+policy=RecencyProportionalResolution+target=4096,<function upgma at 0x7f96503dc550>
976,118,118,[117],5001.0,2.0,316581,5001,5002,5001.0,differentia=64+policy=RecencyProportionalResolution+target=4096,<function upgma at 0x7f96503dc550>
977,119,119,[117],5001.0,2.0,316617,5001,5002,5001.0,differentia=64+policy=RecencyProportionalResolution+target=4096,<function upgma at 0x7f96503dc550>
978,120,120,[104],4992.0,1.0,Inner51,4992,4993,4992.0,differentia=64+policy=RecencyProportionalResolution+target=4096,<function upgma at 0x7f96503dc550>
979,121,121,[120],5001.0,9.0,316585,5001,5002,5001.0,differentia=64+policy=RecencyProportionalResolution+target=4096,<function upgma at 0x7f96503dc550>
980,122,122,[120],4994.0,2.0,Inner44,4994,4995,4994.0,differentia=64+policy=RecencyProportionalResolution+target=4096,<function upgma at 0x7f96503dc550>
981,123,123,[122],4995.0,1.0,Inner40,4995,4996,4995.0,differentia=64+policy=RecencyProportionalResolution+target=4096,<function upgma at 0x7f96503dc550>
982,124,124,[123],5001.0,6.0,316625,5001,5002,5001.0,differentia=64+policy=RecencyProportionalResolution+target=4096,<function upgma at 0x7f96503dc550>
983,125,125,[123],5001.0,6.0,316626,5001,5002,5001.0,differentia=64+policy=RecencyProportionalResolution+target=4096,<function upgma at 0x7f96503dc550>
984,126,126,[122],5001.0,7.0,316628,5001,5002,5001.0,differentia=64+policy=RecencyProportionalResolution+target=4096,<function upgma at 0x7f96503dc550>
985,127,127,[103],4994.0,13.5,Inner45,4994,4995,4994.0,differentia=64+policy=RecencyProportionalResolution+target=4096,<function upgma at 0x7f96503dc550>
986,128,128,[127],5001.0,7.0,316591,5001,5002,5001.0,differentia=64+policy=RecencyProportionalResolution+target=4096,<function upgma at 0x7f96503dc550>
987,129,129,[127],4998.0,4.0,Inner18,4998,4999,4998.0,differentia=64+policy=RecencyProportionalResolution+target=4096,<function upgma at 0x7f96503dc550>
988,130,130,[129],5001.0,3.0,316612,5001,5002,5001.0,differentia=64+policy=RecencyProportionalResolution+target=4096,<function upgma at 0x7f96503dc550>
989,131,131,[129],5001.0,3.0,316633,5001,5002,5001.0,differentia=64+policy=RecencyProportionalResolution+target=4096,<function upgma at 0x7f96503dc550>
990,132,132,[78],4990.0,36.5,Inner54,4990,4991,4990.0,differentia=64+policy=RecencyProportionalResolution+target=4096,<function upgma at 0x7f96503dc550>
991,133,133,[132],5001.0,11.0,316610,5001,5002,5001.0,differentia=64+policy=RecencyProportionalResolution+target=4096,<function upgma at 0x7f96503dc550>
992,134,134,[132],4995.0,5.0,Inner37,4995,4996,4995.0,differentia=64+policy=RecencyProportionalResolution+target=4096,<function upgma at 0x7f96503dc550>
993,135,135,[134],4995.0,0.0,Inner35,4995,4996,4995.0,differentia=64+policy=RecencyProportionalResolution+target=4096,<function upgma at 0x7f96503dc550>
994,136,136,[135],5000.0,5.0,316552,5000,5001,5000.0,differentia=64+policy=RecencyProportionalResolution+target=4096,<function upgma at 0x7f96503dc550>
995,137,137,[135],4998.0,3.0,Inner19,4998,4999,4998.0,differentia=64+policy=RecencyProportionalResolution+target=4096,<function upgma at 0x7f96503dc550>
996,138,138,[137],5001.0,3.0,316597,5001,5002,5001.0,differentia=64+policy=RecencyProportionalResolution+target=4096,<function upgma at 0x7f96503dc550>
997,139,139,[137],5001.0,3.0,316627,5001,5002,5001.0,differentia=64+policy=RecencyProportionalResolution+target=4096,<function upgma at 0x7f96503dc550>
998,140,140,[134],4998.0,3.0,Inner20,4998,4999,4998.0,differentia=64+policy=RecencyProportionalResolution+target=4096,<function upgma at 0x7f96503dc550>
999,141,141,[140],5001.0,3.0,316596,5001,5002,5001.0,differentia=64+policy=RecencyProportionalResolution+target=4096,<function upgma at 0x7f96503dc550>
1000,142,142,[140],5001.0,3.0,316635,5001,5002,5001.0,differentia=64+policy=RecencyProportionalResolution+target=4096,<function upgma at 0x7f96503dc550>
1001,0,0,[None],4735.5,4735.5,Inner71,4608,4864,4735.5,differentia=64+policy=RecencyProportionalResolution+target=512,<function upgma at 0x7f96503dc550>
1002,1,1,[0],4927.5,192.0,Inner64,4864,4992,4927.5,differentia=64+policy=RecencyProportionalResolution+target=512,<function upgma at 0x7f96503dc550>
1003,2,2,[1],4995.5,68.0,Inner36,4992,5000,4995.5,differentia=64+policy=RecencyProportionalResolution+target=512,<function upgma at 0x7f96503dc550>
1004,3,3,[2],5001.0,5.5,316580,5001,5002,5001.0,differentia=64+policy=RecencyProportionalResolution+target=512,<function upgma at 0x7f96503dc550>
1005,4,4,[2],5001.0,5.5,316599,5001,5002,5001.0,differentia=64+policy=RecencyProportionalResolution+target=512,<function upgma at 0x7f96503dc550>
1006,5,5,[1],4927.5,0.0,Inner62,4864,4992,4927.5,differentia=64+policy=RecencyProportionalResolution+target=512,<function upgma at 0x7f96503dc550>
1007,6,6,[5],4927.5,0.0,Inner58,4864,4992,4927.5,differentia=64+policy=RecencyProportionalResolution+target=512,<function upgma at 0x7f96503dc550>
1008,7,7,[6],5001.0,73.5,316602,5001,5002,5001.0,differentia=64+policy=RecencyProportionalResolution+target=512,<function upgma at 0x7f96503dc550>
1009,8,8,[6],4927.5,0.0,Inner55,4864,4992,4927.5,differentia=64+policy=RecencyProportionalResolution+target=512,<function upgma at 0x7f96503dc550>
1010,9,9,[8],4927.5,0.0,Inner54,4864,4992,4927.5,differentia=64+policy=RecencyProportionalResolution+target=512,<function upgma at 0x7f96503dc550>
1011,10,10,[9],4995.5,68.0,Inner5,4992,5000,4995.5,differentia=64+policy=RecencyProportionalResolution+target=512,<function upgma at 0x7f96503dc550>
1012,11,11,[10],4998.0,2.5,Inner1,4998,4999,4998.0,differentia=64+policy=RecencyProportionalResolution+target=512,<function upgma at 0x7f96503dc550>
1013,12,12,[11],5000.0,2.0,316570,5000,5001,5000.0,differentia=64+policy=RecencyProportionalResolution+target=512,<function upgma at 0x7f96503dc550>
1014,13,13,[11],5000.0,2.0,316574,5000,5001,5000.0,differentia=64+policy=RecencyProportionalResolution+target=512,<function upgma at 0x7f96503dc550>
1015,14,14,[10],5001.0,5.5,316582,5001,5002,5001.0,differentia=64+policy=RecencyProportionalResolution+target=512,<function upgma at 0x7f96503dc550>
1016,15,15,[9],4927.5,0.0,Inner53,4864,4992,4927.5,differentia=64+policy=RecencyProportionalResolution+target=512,<function upgma at 0x7f96503dc550>
1017,16,16,[15],4927.5,0.0,Inner52,4864,4992,4927.5,differentia=64+policy=RecencyProportionalResolution+target=512,<function upgma at 0x7f96503dc550>
1018,17,17,[16],5000.0,72.5,316562,5000,5001,5000.0,differentia=64+policy=RecencyProportionalResolution+target=512,<function upgma at 0x7f96503dc550>
1019,18,18,[16],4995.0,67.5,Inner4,4992,4999,4995.0,differentia=64+policy=RecencyProportionalResolution+target=512,<function upgma at 0x7f96503dc550>
1020,19,19,[18],4999.0,4.0,316516,4999,5000,4999.0,differentia=64+policy=RecencyProportionalResolution+target=512,<function upgma at 0x7f96503dc550>
1021,20,20,[18],5001.0,6.0,316620,5001,5002,5001.0,differentia=64+policy=RecencyProportionalResolution+target=512,<function upgma at 0x7f96503dc550>
1022,21,21,[15],4994.5,67.0,Inner15,4992,4998,4994.5,differentia=64+policy=RecencyProportionalResolution+target=512,<function upgma at 0x7f96503dc550>
1023,22,22,[21],5001.0,6.5,316607,5001,5002,5001.0,differentia=64+policy=RecencyProportionalResolution+target=512,<function upgma at 0x7f96503dc550>
1024,23,23,[21],4994.5,0.0,Inner3,4992,4998,4994.5,differentia=64+policy=RecencyProportionalResolution+target=512,<function upgma at 0x7f96503dc550>
1025,24,24,[23],4998.0,3.5,316382,4998,4999,4998.0,differentia=64+policy=RecencyProportionalResolution+target=512,<function upgma at 0x7f96503dc550>
1026,25,25,[23],5001.0,6.5,316622,5001,5002,5001.0,differentia=64+policy=RecencyProportionalResolution+target=512,<function upgma at 0x7f96503dc550>
1027,26,26,[8],4995.0,67.5,Inner32,4992,4999,4995.0,differentia=64+policy=RecencyProportionalResolution+target=512,<function upgma at 0x7f96503dc550>
1028,27,27,[26],4995.0,0.0,Inner24,4992,4999,4995.0,differentia=64+policy=RecencyProportionalResolution+target=512,<function upgma at 0x7f96503dc550>
1029,28,28,[27],5001.0,6.0,316614,5001,5002,5001.0,differentia=64+policy=RecencyProportionalResolution+target=512,<function upgma at 0x7f96503dc550>
1030,29,29,[27],4995.0,0.0,Inner16,4992,4999,4995.0,differentia=64+policy=RecencyProportionalResolution+target=512,<function upgma at 0x7f96503dc550>
1031,30,30,[29],5001.0,6.0,316605,5001,5002,5001.0,differentia=64+policy=RecencyProportionalResolution+target=512,<function upgma at 0x7f96503dc550>
1032,31,31,[29],4995.0,0.0,Inner6,4992,4999,4995.0,differentia=64+policy=RecencyProportionalResolution+target=512,<function upgma at 0x7f96503dc550>
1033,32,32,[31],4996.5,1.5,Inner2,4996,4998,4996.5,differentia=64+policy=RecencyProportionalResolution+target=512,<function upgma at 0x7f96503dc550>
1034,33,33,[32],4999.0,2.5,316484,4999,5000,4999.0,differentia=64+policy=RecencyProportionalResolution+target=512,<function upgma at 0x7f96503dc550>
1035,34,34,[32],5000.0,3.5,316544,5000,5001,5000.0,differentia=64+policy=RecencyProportionalResolution+target=512,<function upgma at 0x7f96503dc550>
1036,35,35,[31],5001.0,6.0,316615,5001,5002,5001.0,differentia=64+policy=RecencyProportionalResolution+target=512,<function upgma at 0x7f96503dc550>
1037,36,36,[26],5001.0,6.0,316629,5001,5002,5001.0,differentia=64+policy=RecencyProportionalResolution+target=512,<function upgma at 0x7f96503dc550>
1038,37,37,[5],5001.0,73.5,316634,5001,5002,5001.0,differentia=64+policy=RecencyProportionalResolution+target=512,<function upgma at 0x7f96503dc550>
1039,38,38,[0],4927.5,192.0,Inner70,4864,4992,4927.5,differentia=64+policy=RecencyProportionalResolution+target=512,<function upgma at 0x7f96503dc550>
1040,39,39,[38],5001.0,73.5,316610,5001,5002,5001.0,differentia=64+policy=RecencyProportionalResolution+target=512,<function upgma at 0x7f96503dc550>
1041,40,40,[38],4927.5,0.0,Inner69,4864,4992,4927.5,differentia=64+policy=RecencyProportionalResolution+target=512,<function upgma at 0x7f96503dc550>
1042,41,41,[40],4995.5,68.0,Inner51,4992,5000,4995.5,differentia=64+policy=RecencyProportionalResolution+target=512,<function upgma at 0x7f96503dc550>
1043,42,42,[41],4995.5,0.0,Inner50,4992,5000,4995.5,differentia=64+policy=RecencyProportionalResolution+target=512,<function upgma at 0x7f96503dc550>
1044,43,43,[42],5001.0,5.5,316591,5001,5002,5001.0,differentia=64+policy=RecencyProportionalResolution+target=512,<function upgma at 0x7f96503dc550>
1045,44,44,[42],5001.0,5.5,316612,5001,5002,5001.0,differentia=64+policy=RecencyProportionalResolution+target=512,<function upgma at 0x7f96503dc550>
1046,45,45,[41],5001.0,5.5,316633,5001,5002,5001.0,differentia=64+policy=RecencyProportionalResolution+target=512,<function upgma at 0x7f96503dc550>
1047,46,46,[40],4927.5,0.0,Inner68,4864,4992,4927.5,differentia=64+policy=RecencyProportionalResolution+target=512,<function upgma at 0x7f96503dc550>
1048,47,47,[46],4995.5,68.0,Inner49,4992,5000,4995.5,differentia=64+policy=RecencyProportionalResolution+target=512,<function upgma at 0x7f96503dc550>
1049,48,48,[47],5001.0,5.5,316585,5001,5002,5001.0,differentia=64+policy=RecencyProportionalResolution+target=512,<function upgma at 0x7f96503dc550>
1050,49,49,[47],4995.5,0.0,Inner48,4992,5000,4995.5,differentia=64+policy=RecencyProportionalResolution+target=512,<function upgma at 0x7f96503dc550>
1051,50,50,[49],4995.5,0.0,Inner47,4992,5000,4995.5,differentia=64+policy=RecencyProportionalResolution+target=512,<function upgma at 0x7f96503dc550>
1052,51,51,[50],5001.0,5.5,316625,5001,5002,5001.0,differentia=64+policy=RecencyProportionalResolution+target=512,<function upgma at 0x7f96503dc550>
1053,52,52,[50],5001.0,5.5,316626,5001,5002,5001.0,differentia=64+policy=RecencyProportionalResolution+target=512,<function upgma at 0x7f96503dc550>
1054,53,53,[49],5001.0,5.5,316628,5001,5002,5001.0,differentia=64+policy=RecencyProportionalResolution+target=512,<function upgma at 0x7f96503dc550>
1055,54,54,[46],4927.5,0.0,Inner67,4864,4992,4927.5,differentia=64+policy=RecencyProportionalResolution+target=512,<function upgma at 0x7f96503dc550>
1056,55,55,[54],4995.5,68.0,Inner46,4992,5000,4995.5,differentia=64+policy=RecencyProportionalResolution+target=512,<function upgma at 0x7f96503dc550>
1057,56,56,[55],4995.5,0.0,Inner45,4992,5000,4995.5,differentia=64+policy=RecencyProportionalResolution+target=512,<function upgma at 0x7f96503dc550>
1058,57,57,[56],5001.0,5.5,316595,5001,5002,5001.0,differentia=64+policy=RecencyProportionalResolution+target=512,<function upgma at 0x7f96503dc550>
1059,58,58,[56],4995.5,0.0,Inner44,4992,5000,4995.5,differentia=64+policy=RecencyProportionalResolution+target=512,<function upgma at 0x7f96503dc550>
1060,59,59,[58],5001.0,5.5,316604,5001,5002,5001.0,differentia=64+policy=RecencyProportionalResolution+target=512,<function upgma at 0x7f96503dc550>
1061,60,60,[58],4995.5,0.0,Inner43,4992,5000,4995.5,differentia=64+policy=RecencyProportionalResolution+target=512,<function upgma at 0x7f96503dc550>
1062,61,61,[60],5001.0,5.5,316588,5001,5002,5001.0,differentia=64+policy=RecencyProportionalResolution+target=512,<function upgma at 0x7f96503dc550>
1063,62,62,[60],4995.5,0.0,Inner42,4992,5000,4995.5,differentia=64+policy=RecencyProportionalResolution+target=512,<function upgma at 0x7f96503dc550>
1064,63,63,[62],4995.5,0.0,Inner41,4992,5000,4995.5,differentia=64+policy=RecencyProportionalResolution+target=512,<function upgma at 0x7f96503dc550>
1065,64,64,[63],5001.0,5.5,316587,5001,5002,5001.0,differentia=64+policy=RecencyProportionalResolution+target=512,<function upgma at 0x7f96503dc550>
1066,65,65,[63],5001.0,5.5,316600,5001,5002,5001.0,differentia=64+policy=RecencyProportionalResolution+target=512,<function upgma at 0x7f96503dc550>
1067,66,66,[62],5001.0,5.5,316616,5001,5002,5001.0,differentia=64+policy=RecencyProportionalResolution+target=512,<function upgma at 0x7f96503dc550>
1068,67,67,[55],5001.0,5.5,316624,5001,5002,5001.0,differentia=64+policy=RecencyProportionalResolution+target=512,<function upgma at 0x7f96503dc550>
1069,68,68,[54],4927.5,0.0,Inner66,4864,4992,4927.5,differentia=64+policy=RecencyProportionalResolution+target=512,<function upgma at 0x7f96503dc550>
1070,69,69,[68],5001.0,73.5,316606,5001,5002,5001.0,differentia=64+policy=RecencyProportionalResolution+target=512,<function upgma at 0x7f96503dc550>
1071,70,70,[68],4927.5,0.0,Inner65,4864,4992,4927.5,differentia=64+policy=RecencyProportionalResolution+target=512,<function upgma at 0x7f96503dc550>
1072,71,71,[70],4995.5,68.0,Inner40,4992,5000,4995.5,differentia=64+policy=RecencyProportionalResolution+target=512,<function upgma at 0x7f96503dc550>
1073,72,72,[71],5001.0,5.5,316608,5001,5002,5001.0,differentia=64+policy=RecencyProportionalResolution+target=512,<function upgma at 0x7f96503dc550>
1074,73,73,[71],4995.5,0.0,Inner39,4992,5000,4995.5,differentia=64+policy=RecencyProportionalResolution+target=512,<function upgma at 0x7f96503dc550>
1075,74,74,[73],5001.0,5.5,316592,5001,5002,5001.0,differentia=64+policy=RecencyProportionalResolution+target=512,<function upgma at 0x7f96503dc550>
1076,75,75,[73],4995.5,0.0,Inner38,4992,5000,4995.5,differentia=64+policy=RecencyProportionalResolution+target=512,<function upgma at 0x7f96503dc550>
1077,76,76,[75],4995.5,0.0,Inner37,4992,5000,4995.5,differentia=64+policy=RecencyProportionalResolution+target=512,<function upgma at 0x7f96503dc550>
1078,77,77,[76],5001.0,5.5,316584,5001,5002,5001.0,differentia=64+policy=RecencyProportionalResolution+target=512,<function upgma at 0x7f96503dc550>
1079,78,78,[76],5001.0,5.5,316618,5001,5002,5001.0,differentia=64+policy=RecencyProportionalResolution+target=512,<function upgma at 0x7f96503dc550>
1080,79,79,[75],5001.0,5.5,316623,5001,5002,5001.0,differentia=64+policy=RecencyProportionalResolution+target=512,<function upgma at 0x7f96503dc550>
1081,80,80,[70],4927.5,0.0,Inner63,4864,4992,4927.5,differentia=64+policy=RecencyProportionalResolution+target=512,<function upgma at 0x7f96503dc550>
1082,81,81,[80],4927.5,0.0,Inner61,4864,4992,4927.5,differentia=64+policy=RecencyProportionalResolution+target=512,<function upgma at 0x7f96503dc550>
1083,82,82,[81],4995.5,68.0,Inner31,4992,5000,4995.5,differentia=64+policy=RecencyProportionalResolution+target=512,<function upgma at 0x7f96503dc550>
1084,83,83,[82],5001.0,5.5,316611,5001,5002,5001.0,differentia=64+policy=RecencyProportionalResolution+target=512,<function upgma at 0x7f96503dc550>
1085,84,84,[82],4993.5,-2.0,Inner29,4992,4996,4993.5,differentia=64+policy=RecencyProportionalResolution+target=512,<function upgma at 0x7f96503dc550>
1086,85,85,[84],4995.5,2.0,Inner22,4992,5000,4995.5,differentia=64+policy=RecencyProportionalResolution+target=512,<function upgma at 0x7f96503dc550>
1087,86,86,[85],4995.5,0.0,Inner13,4992,5000,4995.5,differentia=64+policy=RecencyProportionalResolution+target=512,<function upgma at 0x7f96503dc550>
1088,87,87,[86],5000.0,4.5,316541,5000,5001,5000.0,differentia=64+policy=RecencyProportionalResolution+target=512,<function upgma at 0x7f96503dc550>
1089,88,88,[86],5001.0,5.5,316581,5001,5002,5001.0,differentia=64+policy=RecencyProportionalResolution+target=512,<function upgma at 0x7f96503dc550>
1090,89,89,[85],5001.0,5.5,316590,5001,5002,5001.0,differentia=64+policy=RecencyProportionalResolution+target=512,<function upgma at 0x7f96503dc550>
1091,90,90,[84],4995.5,2.0,Inner28,4992,5000,4995.5,differentia=64+policy=RecencyProportionalResolution+target=512,<function upgma at 0x7f96503dc550>
1092,91,91,[90],5001.0,5.5,316598,5001,5002,5001.0,differentia=64+policy=RecencyProportionalResolution+target=512,<function upgma at 0x7f96503dc550>
1093,92,92,[90],4995.5,0.0,Inner21,4992,5000,4995.5,differentia=64+policy=RecencyProportionalResolution+target=512,<function upgma at 0x7f96503dc550>
1094,93,93,[92],4995.5,0.0,Inner12,4992,5000,4995.5,differentia=64+policy=RecencyProportionalResolution+target=512,<function upgma at 0x7f96503dc550>
1095,94,94,[93],5000.0,4.5,316564,5000,5001,5000.0,differentia=64+policy=RecencyProportionalResolution+target=512,<function upgma at 0x7f96503dc550>
1096,95,95,[93],5001.0,5.5,316594,5001,5002,5001.0,differentia=64+policy=RecencyProportionalResolution+target=512,<function upgma at 0x7f96503dc550>
1097,96,96,[92],5001.0,5.5,316617,5001,5002,5001.0,differentia=64+policy=RecencyProportionalResolution+target=512,<function upgma at 0x7f96503dc550>
1098,97,97,[81],4927.5,0.0,Inner60,4864,4992,4927.5,differentia=64+policy=RecencyProportionalResolution+target=512,<function upgma at 0x7f96503dc550>
1099,98,98,[97],4994.5,67.0,Inner35,4992,4998,4994.5,differentia=64+policy=RecencyProportionalResolution+target=512,<function upgma at 0x7f96503dc550>
1100,99,99,[98],4994.5,0.0,Inner33,4992,4998,4994.5,differentia=64+policy=RecencyProportionalResolution+target=512,<function upgma at 0x7f96503dc550>
1101,100,100,[99],4994.5,0.0,Inner27,4992,4998,4994.5,differentia=64+policy=RecencyProportionalResolution+target=512,<function upgma at 0x7f96503dc550>
1102,101,101,[100],5001.0,6.5,316583,5001,5002,5001.0,differentia=64+policy=RecencyProportionalResolution+target=512,<function upgma at 0x7f96503dc550>
1103,102,102,[100],4994.5,0.0,Inner19,4992,4998,4994.5,differentia=64+policy=RecencyProportionalResolution+target=512,<function upgma at 0x7f96503dc550>
1104,103,103,[102],5001.0,6.5,316589,5001,5002,5001.0,differentia=64+policy=RecencyProportionalResolution+target=512,<function upgma at 0x7f96503dc550>
1105,104,104,[102],4994.5,0.0,Inner9,4992,4998,4994.5,differentia=64+policy=RecencyProportionalResolution+target=512,<function upgma at 0x7f96503dc550>
1106,105,105,[104],4998.0,3.5,316423,4998,4999,4998.0,differentia=64+policy=RecencyProportionalResolution+target=512,<function upgma at 0x7f96503dc550>
1107,106,106,[104],5001.0,6.5,316603,5001,5002,5001.0,differentia=64+policy=RecencyProportionalResolution+target=512,<function upgma at 0x7f96503dc550>
1108,107,107,[99],5001.0,6.5,316613,5001,5002,5001.0,differentia=64+policy=RecencyProportionalResolution+target=512,<function upgma at 0x7f96503dc550>
1109,108,108,[98],5001.0,6.5,316621,5001,5002,5001.0,differentia=64+policy=RecencyProportionalResolution+target=512,<function upgma at 0x7f96503dc550>
1110,109,109,[97],4927.5,0.0,Inner59,4864,4992,4927.5,differentia=64+policy=RecencyProportionalResolution+target=512,<function upgma at 0x7f96503dc550>
1111,110,110,[109],4995.5,68.0,Inner26,4992,5000,4995.5,differentia=64+policy=RecencyProportionalResolution+target=512,<function upgma at 0x7f96503dc550>
1112,111,111,[110],4995.5,0.0,Inner18,4992,5000,4995.5,differentia=64+policy=RecencyProportionalResolution+target=512,<function upgma at 0x7f96503dc550>
1113,112,112,[111],4995.5,0.0,Inner8,4992,5000,4995.5,differentia=64+policy=RecencyProportionalResolution+target=512,<function upgma at 0x7f96503dc550>
1114,113,113,[112],5000.0,4.5,316540,5000,5001,5000.0,differentia=64+policy=RecencyProportionalResolution+target=512,<function upgma at 0x7f96503dc550>
1115,114,114,[112],5001.0,5.5,316593,5001,5002,5001.0,differentia=64+policy=RecencyProportionalResolution+target=512,<function upgma at 0x7f96503dc550>
1116,115,115,[111],5001.0,5.5,316601,5001,5002,5001.0,differentia=64+policy=RecencyProportionalResolution+target=512,<function upgma at 0x7f96503dc550>
1117,116,116,[110],5001.0,5.5,316630,5001,5002,5001.0,differentia=64+policy=RecencyProportionalResolution+target=512,<function upgma at 0x7f96503dc550>
1118,117,117,[109],4927.5,0.0,Inner57,4864,4992,4927.5,differentia=64+policy=RecencyProportionalResolution+target=512,<function upgma at 0x7f96503dc550>
1119,118,118,[117],4995.5,68.0,Inner25,4992,5000,4995.5,differentia=64+policy=RecencyProportionalResolution+target=512,<function upgma at 0x7f96503dc550>
1120,119,119,[118],5001.0,5.5,316579,5001,5002,5001.0,differentia=64+policy=RecencyProportionalResolution+target=512,<function upgma at 0x7f96503dc550>
1121,120,120,[118],4995.5,0.0,Inner17,4992,5000,4995.5,differentia=64+policy=RecencyProportionalResolution+target=512,<function upgma at 0x7f96503dc550>
1122,121,121,[120],4995.5,0.0,Inner7,4992,5000,4995.5,differentia=64+policy=RecencyProportionalResolution+target=512,<function upgma at 0x7f96503dc550>
1123,122,122,[121],5000.0,4.5,316567,5000,5001,5000.0,differentia=64+policy=RecencyProportionalResolution+target=512,<function upgma at 0x7f96503dc550>
1124,123,123,[121],5001.0,5.5,316609,5001,5002,5001.0,differentia=64+policy=RecencyProportionalResolution+target=512,<function upgma at 0x7f96503dc550>
1125,124,124,[120],5001.0,5.5,316631,5001,5002,5001.0,differentia=64+policy=RecencyProportionalResolution+target=512,<function upgma at 0x7f96503dc550>
1126,125,125,[117],4927.5,0.0,Inner56,4864,4992,4927.5,differentia=64+policy=RecencyProportionalResolution+target=512,<function upgma at 0x7f96503dc550>
1127,126,126,[125],4995.5,68.0,Inner11,4992,5000,4995.5,differentia=64+policy=RecencyProportionalResolution+target=512,<function upgma at 0x7f96503dc550>
1128,127,127,[126],5000.0,4.5,316578,5000,5001,5000.0,differentia=64+policy=RecencyProportionalResolution+target=512,<function upgma at 0x7f96503dc550>
1129,128,128,[126],5001.0,5.5,316619,5001,5002,5001.0,differentia=64+policy=RecencyProportionalResolution+target=512,<function upgma at 0x7f96503dc550>
1130,129,129,[125],4995.5,68.0,Inner20,4992,5000,4995.5,differentia=64+policy=RecencyProportionalResolution+target=512,<function upgma at 0x7f96503dc550>
1131,130,130,[129],5001.0,5.5,316586,5001,5002,5001.0,differentia=64+policy=RecencyProportionalResolution+target=512,<function upgma at 0x7f96503dc550>
1132,131,131,[129],4995.5,0.0,Inner10,4992,5000,4995.5,differentia=64+policy=RecencyProportionalResolution+target=512,<function upgma at 0x7f96503dc550>
1133,132,132,[131],5000.0,4.5,316577,5000,5001,5000.0,differentia=64+policy=RecencyProportionalResolution+target=512,<function upgma at 0x7f96503dc550>
1134,133,133,[131],5001.0,5.5,316632,5001,5002,5001.0,differentia=64+policy=RecencyProportionalResolution+target=512,<function upgma at 0x7f96503dc550>
1135,134,134,[80],4995.5,68.0,Inner34,4992,5000,4995.5,differentia=64+policy=RecencyProportionalResolution+target=512,<function upgma at 0x7f96503dc550>
1136,135,135,[134],5001.0,5.5,316596,5001,5002,5001.0,differentia=64+policy=RecencyProportionalResolution+target=512,<function upgma at 0x7f96503dc550>
1137,136,136,[134],4995.5,0.0,Inner30,4992,5000,4995.5,differentia=64+policy=RecencyProportionalResolution+target=512,<function upgma at 0x7f96503dc550>
1138,137,137,[136],4995.5,0.0,Inner23,4992,5000,4995.5,differentia=64+policy=RecencyProportionalResolution+target=512,<function upgma at 0x7f96503dc550>
1139,138,138,[137],4995.5,0.0,Inner14,4992,5000,4995.5,differentia=64+policy=RecencyProportionalResolution+target=512,<function upgma at 0x7f96503dc550>
1140,139,139,[138],5000.0,4.5,316552,5000,5001,5000.0,differentia=64+policy=RecencyProportionalResolution+target=512,<function upgma at 0x7f96503dc550>
1141,140,140,[138],5001.0,5.5,316597,5001,5002,5001.0,differentia=64+policy=RecencyProportionalResolution+target=512,<function upgma at 0x7f96503dc550>
1142,141,141,[137],5001.0,5.5,316627,5001,5002,5001.0,differentia=64+policy=RecencyProportionalResolution+target=512,<function upgma at 0x7f96503dc550>
1143,142,142,[136],5001.0,5.5,316635,5001,5002,5001.0,differentia=64+policy=RecencyProportionalResolution+target=512,<function upgma at 0x7f96503dc550>
1144,0,0,[None],4735.5,4735.5,Inner71,4608,4864,4735.5,differentia=64+policy=RecencyProportionalResolution+target=64,<function upgma at 0x7f96503dc550>
1145,1,1,[0],4927.5,192.0,Inner64,4864,4992,4927.5,differentia=64+policy=RecencyProportionalResolution+target=64,<function upgma at 0x7f96503dc550>
1146,2,2,[1],4995.5,68.0,Inner36,4992,5000,4995.5,differentia=64+policy=RecencyProportionalResolution+target=64,<function upgma at 0x7f96503dc550>
1147,3,3,[2],5001.0,5.5,316580,5001,5002,5001.0,differentia=64+policy=RecencyProportionalResolution+target=64,<function upgma at 0x7f96503dc550>
1148,4,4,[2],5001.0,5.5,316599,5001,5002,5001.0,differentia=64+policy=RecencyProportionalResolution+target=64,<function upgma at 0x7f96503dc550>
1149,5,5,[1],4927.5,0.0,Inner62,4864,4992,4927.5,differentia=64+policy=RecencyProportionalResolution+target=64,<function upgma at 0x7f96503dc550>
1150,6,6,[5],4927.5,0.0,Inner58,4864,4992,4927.5,differentia=64+policy=RecencyProportionalResolution+target=64,<function upgma at 0x7f96503dc550>
1151,7,7,[6],5001.0,73.5,316602,5001,5002,5001.0,differentia=64+policy=RecencyProportionalResolution+target=64,<function upgma at 0x7f96503dc550>
1152,8,8,[6],4927.5,0.0,Inner55,4864,4992,4927.5,differentia=64+policy=RecencyProportionalResolution+target=64,<function upgma at 0x7f96503dc550>
1153,9,9,[8],4927.5,0.0,Inner54,4864,4992,4927.5,differentia=64+policy=RecencyProportionalResolution+target=64,<function upgma at 0x7f96503dc550>
1154,10,10,[9],4995.5,68.0,Inner5,4992,5000,4995.5,differentia=64+policy=RecencyProportionalResolution+target=64,<function upgma at 0x7f96503dc550>
1155,11,11,[10],4998.0,2.5,Inner1,4998,4999,4998.0,differentia=64+policy=RecencyProportionalResolution+target=64,<function upgma at 0x7f96503dc550>
1156,12,12,[11],5000.0,2.0,316570,5000,5001,5000.0,differentia=64+policy=RecencyProportionalResolution+target=64,<function upgma at 0x7f96503dc550>
1157,13,13,[11],5000.0,2.0,316574,5000,5001,5000.0,differentia=64+policy=RecencyProportionalResolution+target=64,<function upgma at 0x7f96503dc550>
1158,14,14,[10],5001.0,5.5,316582,5001,5002,5001.0,differentia=64+policy=RecencyProportionalResolution+target=64,<function upgma at 0x7f96503dc550>
1159,15,15,[9],4927.5,0.0,Inner53,4864,4992,4927.5,differentia=64+policy=RecencyProportionalResolution+target=64,<function upgma at 0x7f96503dc550>
1160,16,16,[15],4927.5,0.0,Inner52,4864,4992,4927.5,differentia=64+policy=RecencyProportionalResolution+target=64,<function upgma at 0x7f96503dc550>
1161,17,17,[16],5000.0,72.5,316562,5000,5001,5000.0,differentia=64+policy=RecencyProportionalResolution+target=64,<function upgma at 0x7f96503dc550>
1162,18,18,[16],4995.0,67.5,Inner4,4992,4999,4995.0,differentia=64+policy=RecencyProportionalResolution+target=64,<function upgma at 0x7f96503dc550>
1163,19,19,[18],4999.0,4.0,316516,4999,5000,4999.0,differentia=64+policy=RecencyProportionalResolution+target=64,<function upgma at 0x7f96503dc550>
1164,20,20,[18],5001.0,6.0,316620,5001,5002,5001.0,differentia=64+policy=RecencyProportionalResolution+target=64,<function upgma at 0x7f96503dc550>
1165,21,21,[15],4994.5,67.0,Inner15,4992,4998,4994.5,differentia=64+policy=RecencyProportionalResolution+target=64,<function upgma at 0x7f96503dc550>
1166,22,22,[21],5001.0,6.5,316607,5001,5002,5001.0,differentia=64+policy=RecencyProportionalResolution+target=64,<function upgma at 0x7f96503dc550>
1167,23,23,[21],4994.5,0.0,Inner3,4992,4998,4994.5,differentia=64+policy=RecencyProportionalResolution+target=64,<function upgma at 0x7f96503dc550>
1168,24,24,[23],4998.0,3.5,316382,4998,4999,4998.0,differentia=64+policy=RecencyProportionalResolution+target=64,<function upgma at 0x7f96503dc550>
1169,25,25,[23],5001.0,6.5,316622,5001,5002,5001.0,differentia=64+policy=RecencyProportionalResolution+target=64,<function upgma at 0x7f96503dc550>
1170,26,26,[8],4995.0,67.5,Inner32,4992,4999,4995.0,differentia=64+policy=RecencyProportionalResolution+target=64,<function upgma at 0x7f96503dc550>
1171,27,27,[26],4995.0,0.0,Inner24,4992,4999,4995.0,differentia=64+policy=RecencyProportionalResolution+target=64,<function upgma at 0x7f96503dc550>
1172,28,28,[27],5001.0,6.0,316614,5001,5002,5001.0,differentia=64+policy=RecencyProportionalResolution+target=64,<function upgma at 0x7f96503dc550>
1173,29,29,[27],4995.0,0.0,Inner16,4992,4999,4995.0,differentia=64+policy=RecencyProportionalResolution+target=64,<function upgma at 0x7f96503dc550>
1174,30,30,[29],5001.0,6.0,316605,5001,5002,5001.0,differentia=64+policy=RecencyProportionalResolution+target=64,<function upgma at 0x7f96503dc550>
1175,31,31,[29],4995.0,0.0,Inner6,4992,4999,4995.0,differentia=64+policy=RecencyProportionalResolution+target=64,<function upgma at 0x7f96503dc550>
1176,32,32,[31],4996.5,1.5,Inner2,4996,4998,4996.5,differentia=64+policy=RecencyProportionalResolution+target=64,<function upgma at 0x7f96503dc550>
1177,33,33,[32],4999.0,2.5,316484,4999,5000,4999.0,differentia=64+policy=RecencyProportionalResolution+target=64,<function upgma at 0x7f96503dc550>
1178,34,34,[32],5000.0,3.5,316544,5000,5001,5000.0,differentia=64+policy=RecencyProportionalResolution+target=64,<function upgma at 0x7f96503dc550>
1179,35,35,[31],5001.0,6.0,316615,5001,5002,5001.0,differentia=64+policy=RecencyProportionalResolution+target=64,<function upgma at 0x7f96503dc550>
1180,36,36,[26],5001.0,6.0,316629,5001,5002,5001.0,differentia=64+policy=RecencyProportionalResolution+target=64,<function upgma at 0x7f96503dc550>
1181,37,37,[5],5001.0,73.5,316634,5001,5002,5001.0,differentia=64+policy=RecencyProportionalResolution+target=64,<function upgma at 0x7f96503dc550>
1182,38,38,[0],4927.5,192.0,Inner70,4864,4992,4927.5,differentia=64+policy=RecencyProportionalResolution+target=64,<function upgma at 0x7f96503dc550>
1183,39,39,[38],5001.0,73.5,316610,5001,5002,5001.0,differentia=64+policy=RecencyProportionalResolution+target=64,<function upgma at 0x7f96503dc550>
1184,40,40,[38],4927.5,0.0,Inner69,4864,4992,4927.5,differentia=64+policy=RecencyProportionalResolution+target=64,<function upgma at 0x7f96503dc550>
1185,41,41,[40],4995.5,68.0,Inner51,4992,5000,4995.5,differentia=64+policy=RecencyProportionalResolution+target=64,<function upgma at 0x7f96503dc550>
1186,42,42,[41],4995.5,0.0,Inner50,4992,5000,4995.5,differentia=64+policy=RecencyProportionalResolution+target=64,<function upgma at 0x7f96503dc550>
1187,43,43,[42],5001.0,5.5,316591,5001,5002,5001.0,differentia=64+policy=RecencyProportionalResolution+target=64,<function upgma at 0x7f96503dc550>
1188,44,44,[42],5001.0,5.5,316612,5001,5002,5001.0,differentia=64+policy=RecencyProportionalResolution+target=64,<function upgma at 0x7f96503dc550>
1189,45,45,[41],5001.0,5.5,316633,5001,5002,5001.0,differentia=64+policy=RecencyProportionalResolution+target=64,<function upgma at 0x7f96503dc550>
1190,46,46,[40],4927.5,0.0,Inner68,4864,4992,4927.5,differentia=64+policy=RecencyProportionalResolution+target=64,<function upgma at 0x7f96503dc550>
1191,47,47,[46],4995.5,68.0,Inner49,4992,5000,4995.5,differentia=64+policy=RecencyProportionalResolution+target=64,<function upgma at 0x7f96503dc550>
1192,48,48,[47],5001.0,5.5,316585,5001,5002,5001.0,differentia=64+policy=RecencyProportionalResolution+target=64,<function upgma at 0x7f96503dc550>
1193,49,49,[47],4995.5,0.0,Inner48,4992,5000,4995.5,differentia=64+policy=RecencyProportionalResolution+target=64,<function upgma at 0x7f96503dc550>
1194,50,50,[49],4995.5,0.0,Inner47,4992,5000,4995.5,differentia=64+policy=RecencyProportionalResolution+target=64,<function upgma at 0x7f96503dc550>
1195,51,51,[50],5001.0,5.5,316625,5001,5002,5001.0,differentia=64+policy=RecencyProportionalResolution+target=64,<function upgma at 0x7f96503dc550>
1196,52,52,[50],5001.0,5.5,316626,5001,5002,5001.0,differentia=64+policy=RecencyProportionalResolution+target=64,<function upgma at 0x7f96503dc550>
1197,53,53,[49],5001.0,5.5,316628,5001,5002,5001.0,differentia=64+policy=RecencyProportionalResolution+target=64,<function upgma at 0x7f96503dc550>
1198,54,54,[46],4927.5,0.0,Inner67,4864,4992,4927.5,differentia=64+policy=RecencyProportionalResolution+target=64,<function upgma at 0x7f96503dc550>
1199,55,55,[54],4995.5,68.0,Inner46,4992,5000,4995.5,differentia=64+policy=RecencyProportionalResolution+target=64,<function upgma at 0x7f96503dc550>
1200,56,56,[55],4995.5,0.0,Inner45,4992,5000,4995.5,differentia=64+policy=RecencyProportionalResolution+target=64,<function upgma at 0x7f96503dc550>
1201,57,57,[56],5001.0,5.5,316595,5001,5002,5001.0,differentia=64+policy=RecencyProportionalResolution+target=64,<function upgma at 0x7f96503dc550>
1202,58,58,[56],4995.5,0.0,Inner44,4992,5000,4995.5,differentia=64+policy=RecencyProportionalResolution+target=64,<function upgma at 0x7f96503dc550>
1203,59,59,[58],5001.0,5.5,316604,5001,5002,5001.0,differentia=64+policy=RecencyProportionalResolution+target=64,<function upgma at 0x7f96503dc550>
1204,60,60,[58],4995.5,0.0,Inner43,4992,5000,4995.5,differentia=64+policy=RecencyProportionalResolution+target=64,<function upgma at 0x7f96503dc550>
1205,61,61,[60],5001.0,5.5,316588,5001,5002,5001.0,differentia=64+policy=RecencyProportionalResolution+target=64,<function upgma at 0x7f96503dc550>
1206,62,62,[60],4995.5,0.0,Inner42,4992,5000,4995.5,differentia=64+policy=RecencyProportionalResolution+target=64,<function upgma at 0x7f96503dc550>
1207,63,63,[62],4995.5,0.0,Inner41,4992,5000,4995.5,differentia=64+policy=RecencyProportionalResolution+target=64,<function upgma at 0x7f96503dc550>
1208,64,64,[63],5001.0,5.5,316587,5001,5002,5001.0,differentia=64+policy=RecencyProportionalResolution+target=64,<function upgma at 0x7f96503dc550>
1209,65,65,[63],5001.0,5.5,316600,5001,5002,5001.0,differentia=64+policy=RecencyProportionalResolution+target=64,<function upgma at 0x7f96503dc550>
1210,66,66,[62],5001.0,5.5,316616,5001,5002,5001.0,differentia=64+policy=RecencyProportionalResolution+target=64,<function upgma at 0x7f96503dc550>
1211,67,67,[55],5001.0,5.5,316624,5001,5002,5001.0,differentia=64+policy=RecencyProportionalResolution+target=64,<function upgma at 0x7f96503dc550>
1212,68,68,[54],4927.5,0.0,Inner66,4864,4992,4927.5,differentia=64+policy=RecencyProportionalResolution+target=64,<function upgma at 0x7f96503dc550>
1213,69,69,[68],5001.0,73.5,316606,5001,5002,5001.0,differentia=64+policy=RecencyProportionalResolution+target=64,<function upgma at 0x7f96503dc550>
1214,70,70,[68],4927.5,0.0,Inner65,4864,4992,4927.5,differentia=64+policy=RecencyProportionalResolution+target=64,<function upgma at 0x7f96503dc550>
1215,71,71,[70],4995.5,68.0,Inner40,4992,5000,4995.5,differentia=64+policy=RecencyProportionalResolution+target=64,<function upgma at 0x7f96503dc550>
1216,72,72,[71],5001.0,5.5,316608,5001,5002,5001.0,differentia=64+policy=RecencyProportionalResolution+target=64,<function upgma at 0x7f96503dc550>
1217,73,73,[71],4995.5,0.0,Inner39,4992,5000,4995.5,differentia=64+policy=RecencyProportionalResolution+target=64,<function upgma at 0x7f96503dc550>
1218,74,74,[73],5001.0,5.5,316592,5001,5002,5001.0,differentia=64+policy=RecencyProportionalResolution+target=64,<function upgma at 0x7f96503dc550>
1219,75,75,[73],4995.5,0.0,Inner38,4992,5000,4995.5,differentia=64+policy=RecencyProportionalResolution+target=64,<function upgma at 0x7f96503dc550>
1220,76,76,[75],4995.5,0.0,Inner37,4992,5000,4995.5,differentia=64+policy=RecencyProportionalResolution+target=64,<function upgma at 0x7f96503dc550>
1221,77,77,[76],5001.0,5.5,316584,5001,5002,5001.0,differentia=64+policy=RecencyProportionalResolution+target=64,<function upgma at 0x7f96503dc550>
1222,78,78,[76],5001.0,5.5,316618,5001,5002,5001.0,differentia=64+policy=RecencyProportionalResolution+target=64,<function upgma at 0x7f96503dc550>
1223,79,79,[75],5001.0,5.5,316623,5001,5002,5001.0,differentia=64+policy=RecencyProportionalResolution+target=64,<function upgma at 0x7f96503dc550>
1224,80,80,[70],4927.5,0.0,Inner63,4864,4992,4927.5,differentia=64+policy=RecencyProportionalResolution+target=64,<function upgma at 0x7f96503dc550>
1225,81,81,[80],4927.5,0.0,Inner61,4864,4992,4927.5,differentia=64+policy=RecencyProportionalResolution+target=64,<function upgma at 0x7f96503dc550>
1226,82,82,[81],4995.5,68.0,Inner31,4992,5000,4995.5,differentia=64+policy=RecencyProportionalResolution+target=64,<function upgma at 0x7f96503dc550>
1227,83,83,[82],5001.0,5.5,316611,5001,5002,5001.0,differentia=64+policy=RecencyProportionalResolution+target=64,<function upgma at 0x7f96503dc550>
1228,84,84,[82],4993.5,-2.0,Inner29,4992,4996,4993.5,differentia=64+policy=RecencyProportionalResolution+target=64,<function upgma at 0x7f96503dc550>
1229,85,85,[84],4995.5,2.0,Inner22,4992,5000,4995.5,differentia=64+policy=RecencyProportionalResolution+target=64,<function upgma at 0x7f96503dc550>
1230,86,86,[85],4995.5,0.0,Inner13,4992,5000,4995.5,differentia=64+policy=RecencyProportionalResolution+target=64,<function upgma at 0x7f96503dc550>
1231,87,87,[86],5000.0,4.5,316541,5000,5001,5000.0,differentia=64+policy=RecencyProportionalResolution+target=64,<function upgma at 0x7f96503dc550>
1232,88,88,[86],5001.0,5.5,316581,5001,5002,5001.0,differentia=64+policy=RecencyProportionalResolution+target=64,<function upgma at 0x7f96503dc550>
1233,89,89,[85],5001.0,5.5,316590,5001,5002,5001.0,differentia=64+policy=RecencyProportionalResolution+target=64,<function upgma at 0x7f96503dc550>
1234,90,90,[84],4995.5,2.0,Inner28,4992,5000,4995.5,differentia=64+policy=RecencyProportionalResolution+target=64,<function upgma at 0x7f96503dc550>
1235,91,91,[90],5001.0,5.5,316598,5001,5002,5001.0,differentia=64+policy=RecencyProportionalResolution+target=64,<function upgma at 0x7f96503dc550>
1236,92,92,[90],4995.5,0.0,Inner21,4992,5000,4995.5,differentia=64+policy=RecencyProportionalResolution+target=64,<function upgma at 0x7f96503dc550>
1237,93,93,[92],4995.5,0.0,Inner12,4992,5000,4995.5,differentia=64+policy=RecencyProportionalResolution+target=64,<function upgma at 0x7f96503dc550>
1238,94,94,[93],5000.0,4.5,316564,5000,5001,5000.0,differentia=64+policy=RecencyProportionalResolution+target=64,<function upgma at 0x7f96503dc550>
1239,95,95,[93],5001.0,5.5,316594,5001,5002,5001.0,differentia=64+policy=RecencyProportionalResolution+target=64,<function upgma at 0x7f96503dc550>
1240,96,96,[92],5001.0,5.5,316617,5001,5002,5001.0,differentia=64+policy=RecencyProportionalResolution+target=64,<function upgma at 0x7f96503dc550>
1241,97,97,[81],4927.5,0.0,Inner60,4864,4992,4927.5,differentia=64+policy=RecencyProportionalResolution+target=64,<function upgma at 0x7f96503dc550>
1242,98,98,[97],4994.5,67.0,Inner35,4992,4998,4994.5,differentia=64+policy=RecencyProportionalResolution+target=64,<function upgma at 0x7f96503dc550>
1243,99,99,[98],4994.5,0.0,Inner33,4992,4998,4994.5,differentia=64+policy=RecencyProportionalResolution+target=64,<function upgma at 0x7f96503dc550>
1244,100,100,[99],4994.5,0.0,Inner27,4992,4998,4994.5,differentia=64+policy=RecencyProportionalResolution+target=64,<function upgma at 0x7f96503dc550>
1245,101,101,[100],5001.0,6.5,316583,5001,5002,5001.0,differentia=64+policy=RecencyProportionalResolution+target=64,<function upgma at 0x7f96503dc550>
1246,102,102,[100],4994.5,0.0,Inner19,4992,4998,4994.5,differentia=64+policy=RecencyProportionalResolution+target=64,<function upgma at 0x7f96503dc550>
1247,103,103,[102],5001.0,6.5,316589,5001,5002,5001.0,differentia=64+policy=RecencyProportionalResolution+target=64,<function upgma at 0x7f96503dc550>
1248,104,104,[102],4994.5,0.0,Inner9,4992,4998,4994.5,differentia=64+policy=RecencyProportionalResolution+target=64,<function upgma at 0x7f96503dc550>
1249,105,105,[104],4998.0,3.5,316423,4998,4999,4998.0,differentia=64+policy=RecencyProportionalResolution+target=64,<function upgma at 0x7f96503dc550>
1250,106,106,[104],5001.0,6.5,316603,5001,5002,5001.0,differentia=64+policy=RecencyProportionalResolution+target=64,<function upgma at 0x7f96503dc550>
1251,107,107,[99],5001.0,6.5,316613,5001,5002,5001.0,differentia=64+policy=RecencyProportionalResolution+target=64,<function upgma at 0x7f96503dc550>
1252,108,108,[98],5001.0,6.5,316621,5001,5002,5001.0,differentia=64+policy=RecencyProportionalResolution+target=64,<function upgma at 0x7f96503dc550>
1253,109,109,[97],4927.5,0.0,Inner59,4864,4992,4927.5,differentia=64+policy=RecencyProportionalResolution+target=64,<function upgma at 0x7f96503dc550>
1254,110,110,[109],4995.5,68.0,Inner26,4992,5000,4995.5,differentia=64+policy=RecencyProportionalResolution+target=64,<function upgma at 0x7f96503dc550>
1255,111,111,[110],4995.5,0.0,Inner18,4992,5000,4995.5,differentia=64+policy=RecencyProportionalResolution+target=64,<function upgma at 0x7f96503dc550>
1256,112,112,[111],4995.5,0.0,Inner8,4992,5000,4995.5,differentia=64+policy=RecencyProportionalResolution+target=64,<function upgma at 0x7f96503dc550>
1257,113,113,[112],5000.0,4.5,316540,5000,5001,5000.0,differentia=64+policy=RecencyProportionalResolution+target=64,<function upgma at 0x7f96503dc550>
1258,114,114,[112],5001.0,5.5,316593,5001,5002,5001.0,differentia=64+policy=RecencyProportionalResolution+target=64,<function upgma at 0x7f96503dc550>
1259,115,115,[111],5001.0,5.5,316601,5001,5002,5001.0,differentia=64+policy=RecencyProportionalResolution+target=64,<function upgma at 0x7f96503dc550>
1260,116,116,[110],5001.0,5.5,316630,5001,5002,5001.0,differentia=64+policy=RecencyProportionalResolution+target=64,<function upgma at 0x7f96503dc550>
1261,117,117,[109],4927.5,0.0,Inner57,4864,4992,4927.5,differentia=64+policy=RecencyProportionalResolution+target=64,<function upgma at 0x7f96503dc550>
1262,118,118,[117],4995.5,68.0,Inner25,4992,5000,4995.5,differentia=64+policy=RecencyProportionalResolution+target=64,<function upgma at 0x7f96503dc550>
1263,119,119,[118],5001.0,5.5,316579,5001,5002,5001.0,differentia=64+policy=RecencyProportionalResolution+target=64,<function upgma at 0x7f96503dc550>
1264,120,120,[118],4995.5,0.0,Inner17,4992,5000,4995.5,differentia=64+policy=RecencyProportionalResolution+target=64,<function upgma at 0x7f96503dc550>
1265,121,121,[120],4995.5,0.0,Inner7,4992,5000,4995.5,differentia=64+policy=RecencyProportionalResolution+target=64,<function upgma at 0x7f96503dc550>
1266,122,122,[121],5000.0,4.5,316567,5000,5001,5000.0,differentia=64+policy=RecencyProportionalResolution+target=64,<function upgma at 0x7f96503dc550>
1267,123,123,[121],5001.0,5.5,316609,5001,5002,5001.0,differentia=64+policy=RecencyProportionalResolution+target=64,<function upgma at 0x7f96503dc550>
1268,124,124,[120],5001.0,5.5,316631,5001,5002,5001.0,differentia=64+policy=RecencyProportionalResolution+target=64,<function upgma at 0x7f96503dc550>
1269,125,125,[117],4927.5,0.0,Inner56,4864,4992,4927.5,differentia=64+policy=RecencyProportionalResolution+target=64,<function upgma at 0x7f96503dc550>
1270,126,126,[125],4995.5,68.0,Inner11,4992,5000,4995.5,differentia=64+policy=RecencyProportionalResolution+target=64,<function upgma at 0x7f96503dc550>
1271,127,127,[126],5000.0,4.5,316578,5000,5001,5000.0,differentia=64+policy=RecencyProportionalResolution+target=64,<function upgma at 0x7f96503dc550>
1272,128,128,[126],5001.0,5.5,316619,5001,5002,5001.0,differentia=64+policy=RecencyProportionalResolution+target=64,<function upgma at 0x7f96503dc550>
1273,129,129,[125],4995.5,68.0,Inner20,4992,5000,4995.5,differentia=64+policy=RecencyProportionalResolution+target=64,<function upgma at 0x7f96503dc550>
1274,130,130,[129],5001.0,5.5,316586,5001,5002,5001.0,differentia=64+policy=RecencyProportionalResolution+target=64,<function upgma at 0x7f96503dc550>
1275,131,131,[129],4995.5,0.0,Inner10,4992,5000,4995.5,differentia=64+policy=RecencyProportionalResolution+target=64,<function upgma at 0x7f96503dc550>
1276,132,132,[131],5000.0,4.5,316577,5000,5001,5000.0,differentia=64+policy=RecencyProportionalResolution+target=64,<function upgma at 0x7f96503dc550>
1277,133,133,[131],5001.0,5.5,316632,5001,5002,5001.0,differentia=64+policy=RecencyProportionalResolution+target=64,<function upgma at 0x7f96503dc550>
1278,134,134,[80],4995.5,68.0,Inner34,4992,5000,4995.5,differentia=64+policy=RecencyProportionalResolution+target=64,<function upgma at 0x7f96503dc550>
1279,135,135,[134],5001.0,5.5,316596,5001,5002,5001.0,differentia=64+policy=RecencyProportionalResolution+target=64,<function upgma at 0x7f96503dc550>
1280,136,136,[134],4995.5,0.0,Inner30,4992,5000,4995.5,differentia=64+policy=RecencyProportionalResolution+target=64,<function upgma at 0x7f96503dc550>
1281,137,137,[136],4995.5,0.0,Inner23,4992,5000,4995.5,differentia=64+policy=RecencyProportionalResolution+target=64,<function upgma at 0x7f96503dc550>
1282,138,138,[137],4995.5,0.0,Inner14,4992,5000,4995.5,differentia=64+policy=RecencyProportionalResolution+target=64,<function upgma at 0x7f96503dc550>
1283,139,139,[138],5000.0,4.5,316552,5000,5001,5000.0,differentia=64+policy=RecencyProportionalResolution+target=64,<function upgma at 0x7f96503dc550>
1284,140,140,[138],5001.0,5.5,316597,5001,5002,5001.0,differentia=64+policy=RecencyProportionalResolution+target=64,<function upgma at 0x7f96503dc550>
1285,141,141,[137],5001.0,5.5,316627,5001,5002,5001.0,differentia=64+policy=RecencyProportionalResolution+target=64,<function upgma at 0x7f96503dc550>
1286,142,142,[136],5001.0,5.5,316635,5001,5002,5001.0,differentia=64+policy=RecencyProportionalResolution+target=64,<function upgma at 0x7f96503dc550>
1287,0,0,[None],4767.5,4767.5,Inner71,4736,4800,4767.5,differentia=64+policy=TaperedDepthProportionalResolution+target=4096,<function upgma at 0x7f96503dc550>
1288,1,1,[0],4959.5,192.0,Inner65,4928,4992,4959.5,differentia=64+policy=TaperedDepthProportionalResolution+target=4096,<function upgma at 0x7f96503dc550>
1289,2,2,[1],4995.5,36.0,Inner36,4992,5000,4995.5,differentia=64+policy=TaperedDepthProportionalResolution+target=4096,<function upgma at 0x7f96503dc550>
1290,3,3,[2],5001.0,5.5,316580,5001,5002,5001.0,differentia=64+policy=TaperedDepthProportionalResolution+target=4096,<function upgma at 0x7f96503dc550>
1291,4,4,[2],5001.0,5.5,316599,5001,5002,5001.0,differentia=64+policy=TaperedDepthProportionalResolution+target=4096,<function upgma at 0x7f96503dc550>
1292,5,5,[1],4959.5,0.0,Inner62,4928,4992,4959.5,differentia=64+policy=TaperedDepthProportionalResolution+target=4096,<function upgma at 0x7f96503dc550>
1293,6,6,[5],4959.5,0.0,Inner58,4928,4992,4959.5,differentia=64+policy=TaperedDepthProportionalResolution+target=4096,<function upgma at 0x7f96503dc550>
1294,7,7,[6],5001.0,41.5,316602,5001,5002,5001.0,differentia=64+policy=TaperedDepthProportionalResolution+target=4096,<function upgma at 0x7f96503dc550>
1295,8,8,[6],4959.5,0.0,Inner55,4928,4992,4959.5,differentia=64+policy=TaperedDepthProportionalResolution+target=4096,<function upgma at 0x7f96503dc550>
1296,9,9,[8],4959.5,0.0,Inner54,4928,4992,4959.5,differentia=64+policy=TaperedDepthProportionalResolution+target=4096,<function upgma at 0x7f96503dc550>
1297,10,10,[9],4995.5,36.0,Inner5,4992,5000,4995.5,differentia=64+policy=TaperedDepthProportionalResolution+target=4096,<function upgma at 0x7f96503dc550>
1298,11,11,[10],4995.0,-0.5,Inner4,4992,4999,4995.0,differentia=64+policy=TaperedDepthProportionalResolution+target=4096,<function upgma at 0x7f96503dc550>
1299,12,12,[11],5000.0,5.0,316570,5000,5001,5000.0,differentia=64+policy=TaperedDepthProportionalResolution+target=4096,<function upgma at 0x7f96503dc550>
1300,13,13,[11],5000.0,5.0,316574,5000,5001,5000.0,differentia=64+policy=TaperedDepthProportionalResolution+target=4096,<function upgma at 0x7f96503dc550>
1301,14,14,[10],5001.0,5.5,316582,5001,5002,5001.0,differentia=64+policy=TaperedDepthProportionalResolution+target=4096,<function upgma at 0x7f96503dc550>
1302,15,15,[9],4959.5,0.0,Inner53,4928,4992,4959.5,differentia=64+policy=TaperedDepthProportionalResolution+target=4096,<function upgma at 0x7f96503dc550>
1303,16,16,[15],4959.5,0.0,Inner52,4928,4992,4959.5,differentia=64+policy=TaperedDepthProportionalResolution+target=4096,<function upgma at 0x7f96503dc550>
1304,17,17,[16],5000.0,40.5,316562,5000,5001,5000.0,differentia=64+policy=TaperedDepthProportionalResolution+target=4096,<function upgma at 0x7f96503dc550>
1305,18,18,[16],4995.0,35.5,Inner3,4992,4999,4995.0,differentia=64+policy=TaperedDepthProportionalResolution+target=4096,<function upgma at 0x7f96503dc550>
1306,19,19,[18],4999.0,4.0,316516,4999,5000,4999.0,differentia=64+policy=TaperedDepthProportionalResolution+target=4096,<function upgma at 0x7f96503dc550>
1307,20,20,[18],5001.0,6.0,316620,5001,5002,5001.0,differentia=64+policy=TaperedDepthProportionalResolution+target=4096,<function upgma at 0x7f96503dc550>
1308,21,21,[15],4994.5,35.0,Inner16,4992,4998,4994.5,differentia=64+policy=TaperedDepthProportionalResolution+target=4096,<function upgma at 0x7f96503dc550>
1309,22,22,[21],5001.0,6.5,316607,5001,5002,5001.0,differentia=64+policy=TaperedDepthProportionalResolution+target=4096,<function upgma at 0x7f96503dc550>
1310,23,23,[21],4994.5,0.0,Inner2,4992,4998,4994.5,differentia=64+policy=TaperedDepthProportionalResolution+target=4096,<function upgma at 0x7f96503dc550>
1311,24,24,[23],4998.0,3.5,316382,4998,4999,4998.0,differentia=64+policy=TaperedDepthProportionalResolution+target=4096,<function upgma at 0x7f96503dc550>
1312,25,25,[23],5001.0,6.5,316622,5001,5002,5001.0,differentia=64+policy=TaperedDepthProportionalResolution+target=4096,<function upgma at 0x7f96503dc550>
1313,26,26,[8],4995.0,35.5,Inner30,4992,4999,4995.0,differentia=64+policy=TaperedDepthProportionalResolution+target=4096,<function upgma at 0x7f96503dc550>
1314,27,27,[26],4995.0,0.0,Inner24,4992,4999,4995.0,differentia=64+policy=TaperedDepthProportionalResolution+target=4096,<function upgma at 0x7f96503dc550>
1315,28,28,[27],5001.0,6.0,316614,5001,5002,5001.0,differentia=64+policy=TaperedDepthProportionalResolution+target=4096,<function upgma at 0x7f96503dc550>
1316,29,29,[27],4995.0,0.0,Inner17,4992,4999,4995.0,differentia=64+policy=TaperedDepthProportionalResolution+target=4096,<function upgma at 0x7f96503dc550>
1317,30,30,[29],5001.0,6.0,316605,5001,5002,5001.0,differentia=64+policy=TaperedDepthProportionalResolution+target=4096,<function upgma at 0x7f96503dc550>
1318,31,31,[29],4995.0,0.0,Inner6,4992,4999,4995.0,differentia=64+policy=TaperedDepthProportionalResolution+target=4096,<function upgma at 0x7f96503dc550>
1319,32,32,[31],4995.0,0.0,Inner1,4992,4999,4995.0,differentia=64+policy=TaperedDepthProportionalResolution+target=4096,<function upgma at 0x7f96503dc550>
1320,33,33,[32],4999.0,4.0,316484,4999,5000,4999.0,differentia=64+policy=TaperedDepthProportionalResolution+target=4096,<function upgma at 0x7f96503dc550>
1321,34,34,[32],5000.0,5.0,316544,5000,5001,5000.0,differentia=64+policy=TaperedDepthProportionalResolution+target=4096,<function upgma at 0x7f96503dc550>
1322,35,35,[31],5001.0,6.0,316615,5001,5002,5001.0,differentia=64+policy=TaperedDepthProportionalResolution+target=4096,<function upgma at 0x7f96503dc550>
1323,36,36,[26],5001.0,6.0,316629,5001,5002,5001.0,differentia=64+policy=TaperedDepthProportionalResolution+target=4096,<function upgma at 0x7f96503dc550>
1324,37,37,[5],5001.0,41.5,316634,5001,5002,5001.0,differentia=64+policy=TaperedDepthProportionalResolution+target=4096,<function upgma at 0x7f96503dc550>
1325,38,38,[0],4895.5,128.0,Inner70,4864,4928,4895.5,differentia=64+policy=TaperedDepthProportionalResolution+target=4096,<function upgma at 0x7f96503dc550>
1326,39,39,[38],4959.5,64.0,Inner67,4928,4992,4959.5,differentia=64+policy=TaperedDepthProportionalResolution+target=4096,<function upgma at 0x7f96503dc550>
1327,40,40,[39],5001.0,41.5,316606,5001,5002,5001.0,differentia=64+policy=TaperedDepthProportionalResolution+target=4096,<function upgma at 0x7f96503dc550>
1328,41,41,[39],4959.5,0.0,Inner64,4928,4992,4959.5,differentia=64+policy=TaperedDepthProportionalResolution+target=4096,<function upgma at 0x7f96503dc550>
1329,42,42,[41],4995.5,36.0,Inner40,4992,5000,4995.5,differentia=64+policy=TaperedDepthProportionalResolution+target=4096,<function upgma at 0x7f96503dc550>
1330,43,43,[42],5001.0,5.5,316608,5001,5002,5001.0,differentia=64+policy=TaperedDepthProportionalResolution+target=4096,<function upgma at 0x7f96503dc550>
1331,44,44,[42],4995.5,0.0,Inner39,4992,5000,4995.5,differentia=64+policy=TaperedDepthProportionalResolution+target=4096,<function upgma at 0x7f96503dc550>
1332,45,45,[44],5001.0,5.5,316592,5001,5002,5001.0,differentia=64+policy=TaperedDepthProportionalResolution+target=4096,<function upgma at 0x7f96503dc550>
1333,46,46,[44],4995.5,0.0,Inner38,4992,5000,4995.5,differentia=64+policy=TaperedDepthProportionalResolution+target=4096,<function upgma at 0x7f96503dc550>
1334,47,47,[46],4995.5,0.0,Inner37,4992,5000,4995.5,differentia=64+policy=TaperedDepthProportionalResolution+target=4096,<function upgma at 0x7f96503dc550>
1335,48,48,[47],5001.0,5.5,316584,5001,5002,5001.0,differentia=64+policy=TaperedDepthProportionalResolution+target=4096,<function upgma at 0x7f96503dc550>
1336,49,49,[47],5001.0,5.5,316618,5001,5002,5001.0,differentia=64+policy=TaperedDepthProportionalResolution+target=4096,<function upgma at 0x7f96503dc550>
1337,50,50,[46],5001.0,5.5,316623,5001,5002,5001.0,differentia=64+policy=TaperedDepthProportionalResolution+target=4096,<function upgma at 0x7f96503dc550>
1338,51,51,[41],4959.5,0.0,Inner61,4928,4992,4959.5,differentia=64+policy=TaperedDepthProportionalResolution+target=4096,<function upgma at 0x7f96503dc550>
1339,52,52,[51],4994.5,35.0,Inner34,4992,4998,4994.5,differentia=64+policy=TaperedDepthProportionalResolution+target=4096,<function upgma at 0x7f96503dc550>
1340,53,53,[52],4994.5,0.0,Inner31,4992,4998,4994.5,differentia=64+policy=TaperedDepthProportionalResolution+target=4096,<function upgma at 0x7f96503dc550>
1341,54,54,[53],4994.5,0.0,Inner27,4992,4998,4994.5,differentia=64+policy=TaperedDepthProportionalResolution+target=4096,<function upgma at 0x7f96503dc550>
1342,55,55,[54],5001.0,6.5,316583,5001,5002,5001.0,differentia=64+policy=TaperedDepthProportionalResolution+target=4096,<function upgma at 0x7f96503dc550>
1343,56,56,[54],4994.5,0.0,Inner20,4992,4998,4994.5,differentia=64+policy=TaperedDepthProportionalResolution+target=4096,<function upgma at 0x7f96503dc550>
1344,57,57,[56],5001.0,6.5,316589,5001,5002,5001.0,differentia=64+policy=TaperedDepthProportionalResolution+target=4096,<function upgma at 0x7f96503dc550>
1345,58,58,[56],4994.5,0.0,Inner9,4992,4998,4994.5,differentia=64+policy=TaperedDepthProportionalResolution+target=4096,<function upgma at 0x7f96503dc550>
1346,59,59,[58],4998.0,3.5,316423,4998,4999,4998.0,differentia=64+policy=TaperedDepthProportionalResolution+target=4096,<function upgma at 0x7f96503dc550>
1347,60,60,[58],5001.0,6.5,316603,5001,5002,5001.0,differentia=64+policy=TaperedDepthProportionalResolution+target=4096,<function upgma at 0x7f96503dc550>
1348,61,61,[53],5001.0,6.5,316613,5001,5002,5001.0,differentia=64+policy=TaperedDepthProportionalResolution+target=4096,<function upgma at 0x7f96503dc550>
1349,62,62,[52],5001.0,6.5,316621,5001,5002,5001.0,differentia=64+policy=TaperedDepthProportionalResolution+target=4096,<function upgma at 0x7f96503dc550>
1350,63,63,[51],4959.5,0.0,Inner59,4928,4992,4959.5,differentia=64+policy=TaperedDepthProportionalResolution+target=4096,<function upgma at 0x7f96503dc550>
1351,64,64,[63],4995.5,36.0,Inner26,4992,5000,4995.5,differentia=64+policy=TaperedDepthProportionalResolution+target=4096,<function upgma at 0x7f96503dc550>
1352,65,65,[64],4995.5,0.0,Inner19,4992,5000,4995.5,differentia=64+policy=TaperedDepthProportionalResolution+target=4096,<function upgma at 0x7f96503dc550>
1353,66,66,[65],4995.5,0.0,Inner8,4992,5000,4995.5,differentia=64+policy=TaperedDepthProportionalResolution+target=4096,<function upgma at 0x7f96503dc550>
1354,67,67,[66],5000.0,4.5,316540,5000,5001,5000.0,differentia=64+policy=TaperedDepthProportionalResolution+target=4096,<function upgma at 0x7f96503dc550>
1355,68,68,[66],5001.0,5.5,316593,5001,5002,5001.0,differentia=64+policy=TaperedDepthProportionalResolution+target=4096,<function upgma at 0x7f96503dc550>
1356,69,69,[65],5001.0,5.5,316601,5001,5002,5001.0,differentia=64+policy=TaperedDepthProportionalResolution+target=4096,<function upgma at 0x7f96503dc550>
1357,70,70,[64],5001.0,5.5,316630,5001,5002,5001.0,differentia=64+policy=TaperedDepthProportionalResolution+target=4096,<function upgma at 0x7f96503dc550>
1358,71,71,[63],4995.5,36.0,Inner25,4992,5000,4995.5,differentia=64+policy=TaperedDepthProportionalResolution+target=4096,<function upgma at 0x7f96503dc550>
1359,72,72,[71],5001.0,5.5,316579,5001,5002,5001.0,differentia=64+policy=TaperedDepthProportionalResolution+target=4096,<function upgma at 0x7f96503dc550>
1360,73,73,[71],4995.5,0.0,Inner18,4992,5000,4995.5,differentia=64+policy=TaperedDepthProportionalResolution+target=4096,<function upgma at 0x7f96503dc550>
1361,74,74,[73],4995.5,0.0,Inner7,4992,5000,4995.5,differentia=64+policy=TaperedDepthProportionalResolution+target=4096,<function upgma at 0x7f96503dc550>
1362,75,75,[74],5000.0,4.5,316567,5000,5001,5000.0,differentia=64+policy=TaperedDepthProportionalResolution+target=4096,<function upgma at 0x7f96503dc550>
1363,76,76,[74],5001.0,5.5,316609,5001,5002,5001.0,differentia=64+policy=TaperedDepthProportionalResolution+target=4096,<function upgma at 0x7f96503dc550>
1364,77,77,[73],5001.0,5.5,316631,5001,5002,5001.0,differentia=64+policy=TaperedDepthProportionalResolution+target=4096,<function upgma at 0x7f96503dc550>
1365,78,78,[38],4959.5,64.0,Inner69,4928,4992,4959.5,differentia=64+policy=TaperedDepthProportionalResolution+target=4096,<function upgma at 0x7f96503dc550>
1366,79,79,[78],5001.0,41.5,316610,5001,5002,5001.0,differentia=64+policy=TaperedDepthProportionalResolution+target=4096,<function upgma at 0x7f96503dc550>
1367,80,80,[78],4959.5,0.0,Inner68,4928,4992,4959.5,differentia=64+policy=TaperedDepthProportionalResolution+target=4096,<function upgma at 0x7f96503dc550>
1368,81,81,[80],4995.5,36.0,Inner51,4992,5000,4995.5,differentia=64+policy=TaperedDepthProportionalResolution+target=4096,<function upgma at 0x7f96503dc550>
1369,82,82,[81],4995.5,0.0,Inner50,4992,5000,4995.5,differentia=64+policy=TaperedDepthProportionalResolution+target=4096,<function upgma at 0x7f96503dc550>
1370,83,83,[82],5001.0,5.5,316591,5001,5002,5001.0,differentia=64+policy=TaperedDepthProportionalResolution+target=4096,<function upgma at 0x7f96503dc550>
1371,84,84,[82],5001.0,5.5,316612,5001,5002,5001.0,differentia=64+policy=TaperedDepthProportionalResolution+target=4096,<function upgma at 0x7f96503dc550>
1372,85,85,[81],5001.0,5.5,316633,5001,5002,5001.0,differentia=64+policy=TaperedDepthProportionalResolution+target=4096,<function upgma at 0x7f96503dc550>
1373,86,86,[80],4959.5,0.0,Inner66,4928,4992,4959.5,differentia=64+policy=TaperedDepthProportionalResolution+target=4096,<function upgma at 0x7f96503dc550>
1374,87,87,[86],4995.5,36.0,Inner49,4992,5000,4995.5,differentia=64+policy=TaperedDepthProportionalResolution+target=4096,<function upgma at 0x7f96503dc550>
1375,88,88,[87],5001.0,5.5,316585,5001,5002,5001.0,differentia=64+policy=TaperedDepthProportionalResolution+target=4096,<function upgma at 0x7f96503dc550>
1376,89,89,[87],4995.5,0.0,Inner48,4992,5000,4995.5,differentia=64+policy=TaperedDepthProportionalResolution+target=4096,<function upgma at 0x7f96503dc550>
1377,90,90,[89],4995.5,0.0,Inner47,4992,5000,4995.5,differentia=64+policy=TaperedDepthProportionalResolution+target=4096,<function upgma at 0x7f96503dc550>
1378,91,91,[90],5001.0,5.5,316625,5001,5002,5001.0,differentia=64+policy=TaperedDepthProportionalResolution+target=4096,<function upgma at 0x7f96503dc550>
1379,92,92,[90],5001.0,5.5,316626,5001,5002,5001.0,differentia=64+policy=TaperedDepthProportionalResolution+target=4096,<function upgma at 0x7f96503dc550>
1380,93,93,[89],5001.0,5.5,316628,5001,5002,5001.0,differentia=64+policy=TaperedDepthProportionalResolution+target=4096,<function upgma at 0x7f96503dc550>
1381,94,94,[86],4959.5,0.0,Inner63,4928,4992,4959.5,differentia=64+policy=TaperedDepthProportionalResolution+target=4096,<function upgma at 0x7f96503dc550>
1382,95,95,[94],4995.5,36.0,Inner46,4992,5000,4995.5,differentia=64+policy=TaperedDepthProportionalResolution+target=4096,<function upgma at 0x7f96503dc550>
1383,96,96,[95],4995.5,0.0,Inner45,4992,5000,4995.5,differentia=64+policy=TaperedDepthProportionalResolution+target=4096,<function upgma at 0x7f96503dc550>
1384,97,97,[96],5001.0,5.5,316595,5001,5002,5001.0,differentia=64+policy=TaperedDepthProportionalResolution+target=4096,<function upgma at 0x7f96503dc550>
1385,98,98,[96],4995.5,0.0,Inner44,4992,5000,4995.5,differentia=64+policy=TaperedDepthProportionalResolution+target=4096,<function upgma at 0x7f96503dc550>
1386,99,99,[98],5001.0,5.5,316604,5001,5002,5001.0,differentia=64+policy=TaperedDepthProportionalResolution+target=4096,<function upgma at 0x7f96503dc550>
1387,100,100,[98],4995.5,0.0,Inner43,4992,5000,4995.5,differentia=64+policy=TaperedDepthProportionalResolution+target=4096,<function upgma at 0x7f96503dc550>
1388,101,101,[100],5001.0,5.5,316588,5001,5002,5001.0,differentia=64+policy=TaperedDepthProportionalResolution+target=4096,<function upgma at 0x7f96503dc550>
1389,102,102,[100],4995.5,0.0,Inner42,4992,5000,4995.5,differentia=64+policy=TaperedDepthProportionalResolution+target=4096,<function upgma at 0x7f96503dc550>
1390,103,103,[102],4995.5,0.0,Inner41,4992,5000,4995.5,differentia=64+policy=TaperedDepthProportionalResolution+target=4096,<function upgma at 0x7f96503dc550>
1391,104,104,[103],5001.0,5.5,316587,5001,5002,5001.0,differentia=64+policy=TaperedDepthProportionalResolution+target=4096,<function upgma at 0x7f96503dc550>
1392,105,105,[103],5001.0,5.5,316600,5001,5002,5001.0,differentia=64+policy=TaperedDepthProportionalResolution+target=4096,<function upgma at 0x7f96503dc550>
1393,106,106,[102],5001.0,5.5,316616,5001,5002,5001.0,differentia=64+policy=TaperedDepthProportionalResolution+target=4096,<function upgma at 0x7f96503dc550>
1394,107,107,[95],5001.0,5.5,316624,5001,5002,5001.0,differentia=64+policy=TaperedDepthProportionalResolution+target=4096,<function upgma at 0x7f96503dc550>
1395,108,108,[94],4959.5,0.0,Inner60,4928,4992,4959.5,differentia=64+policy=TaperedDepthProportionalResolution+target=4096,<function upgma at 0x7f96503dc550>
1396,109,109,[108],4995.5,36.0,Inner35,4992,5000,4995.5,differentia=64+policy=TaperedDepthProportionalResolution+target=4096,<function upgma at 0x7f96503dc550>
1397,110,110,[109],5001.0,5.5,316611,5001,5002,5001.0,differentia=64+policy=TaperedDepthProportionalResolution+target=4096,<function upgma at 0x7f96503dc550>
1398,111,111,[109],4995.5,0.0,Inner33,4992,5000,4995.5,differentia=64+policy=TaperedDepthProportionalResolution+target=4096,<function upgma at 0x7f96503dc550>
1399,112,112,[111],5001.0,5.5,316598,5001,5002,5001.0,differentia=64+policy=TaperedDepthProportionalResolution+target=4096,<function upgma at 0x7f96503dc550>
1400,113,113,[111],4995.5,0.0,Inner29,4992,5000,4995.5,differentia=64+policy=TaperedDepthProportionalResolution+target=4096,<function upgma at 0x7f96503dc550>
1401,114,114,[113],5001.0,5.5,316590,5001,5002,5001.0,differentia=64+policy=TaperedDepthProportionalResolution+target=4096,<function upgma at 0x7f96503dc550>
1402,115,115,[113],4995.5,0.0,Inner23,4992,5000,4995.5,differentia=64+policy=TaperedDepthProportionalResolution+target=4096,<function upgma at 0x7f96503dc550>
1403,116,116,[115],4995.5,0.0,Inner15,4992,5000,4995.5,differentia=64+policy=TaperedDepthProportionalResolution+target=4096,<function upgma at 0x7f96503dc550>
1404,117,117,[116],5001.0,5.5,316581,5001,5002,5001.0,differentia=64+policy=TaperedDepthProportionalResolution+target=4096,<function upgma at 0x7f96503dc550>
1405,118,118,[116],4995.0,-0.5,Inner13,4992,4999,4995.0,differentia=64+policy=TaperedDepthProportionalResolution+target=4096,<function upgma at 0x7f96503dc550>
1406,119,119,[118],5000.0,5.0,316541,5000,5001,5000.0,differentia=64+policy=TaperedDepthProportionalResolution+target=4096,<function upgma at 0x7f96503dc550>
1407,120,120,[118],4995.5,0.5,Inner12,4992,5000,4995.5,differentia=64+policy=TaperedDepthProportionalResolution+target=4096,<function upgma at 0x7f96503dc550>
1408,121,121,[120],5000.0,4.5,316564,5000,5001,5000.0,differentia=64+policy=TaperedDepthProportionalResolution+target=4096,<function upgma at 0x7f96503dc550>
1409,122,122,[120],5001.0,5.5,316594,5001,5002,5001.0,differentia=64+policy=TaperedDepthProportionalResolution+target=4096,<function upgma at 0x7f96503dc550>
1410,123,123,[115],5001.0,5.5,316617,5001,5002,5001.0,differentia=64+policy=TaperedDepthProportionalResolution+target=4096,<function upgma at 0x7f96503dc550>
1411,124,124,[108],4959.5,0.0,Inner57,4928,4992,4959.5,differentia=64+policy=TaperedDepthProportionalResolution+target=4096,<function upgma at 0x7f96503dc550>
1412,125,125,[124],4959.5,0.0,Inner56,4928,4992,4959.5,differentia=64+policy=TaperedDepthProportionalResolution+target=4096,<function upgma at 0x7f96503dc550>
1413,126,126,[125],4995.5,36.0,Inner11,4992,5000,4995.5,differentia=64+policy=TaperedDepthProportionalResolution+target=4096,<function upgma at 0x7f96503dc550>
1414,127,127,[126],5000.0,4.5,316578,5000,5001,5000.0,differentia=64+policy=TaperedDepthProportionalResolution+target=4096,<function upgma at 0x7f96503dc550>
1415,128,128,[126],5001.0,5.5,316619,5001,5002,5001.0,differentia=64+policy=TaperedDepthProportionalResolution+target=4096,<function upgma at 0x7f96503dc550>
1416,129,129,[125],4995.5,36.0,Inner21,4992,5000,4995.5,differentia=64+policy=TaperedDepthProportionalResolution+target=4096,<function upgma at 0x7f96503dc550>
1417,130,130,[129],5001.0,5.5,316586,5001,5002,5001.0,differentia=64+policy=TaperedDepthProportionalResolution+target=4096,<function upgma at 0x7f96503dc550>
1418,131,131,[129],4995.5,0.0,Inner10,4992,5000,4995.5,differentia=64+policy=TaperedDepthProportionalResolution+target=4096,<function upgma at 0x7f96503dc550>
1419,132,132,[131],5000.0,4.5,316577,5000,5001,5000.0,differentia=64+policy=TaperedDepthProportionalResolution+target=4096,<function upgma at 0x7f96503dc550>
1420,133,133,[131],5001.0,5.5,316632,5001,5002,5001.0,differentia=64+policy=TaperedDepthProportionalResolution+target=4096,<function upgma at 0x7f96503dc550>
1421,134,134,[124],4995.5,36.0,Inner32,4992,5000,4995.5,differentia=64+policy=TaperedDepthProportionalResolution+target=4096,<function upgma at 0x7f96503dc550>
1422,135,135,[134],5001.0,5.5,316596,5001,5002,5001.0,differentia=64+policy=TaperedDepthProportionalResolution+target=4096,<function upgma at 0x7f96503dc550>
1423,136,136,[134],4995.5,0.0,Inner28,4992,5000,4995.5,differentia=64+policy=TaperedDepthProportionalResolution+target=4096,<function upgma at 0x7f96503dc550>
1424,137,137,[136],4995.5,0.0,Inner22,4992,5000,4995.5,differentia=64+policy=TaperedDepthProportionalResolution+target=4096,<function upgma at 0x7f96503dc550>
1425,138,138,[137],4995.5,0.0,Inner14,4992,5000,4995.5,differentia=64+policy=TaperedDepthProportionalResolution+target=4096,<function upgma at 0x7f96503dc550>
1426,139,139,[138],5000.0,4.5,316552,5000,5001,5000.0,differentia=64+policy=TaperedDepthProportionalResolution+target=4096,<function upgma at 0x7f96503dc550>
1427,140,140,[138],5001.0,5.5,316597,5001,5002,5001.0,differentia=64+policy=TaperedDepthProportionalResolution+target=4096,<function upgma at 0x7f96503dc550>
1428,141,141,[137],5001.0,5.5,316627,5001,5002,5001.0,differentia=64+policy=TaperedDepthProportionalResolution+target=4096,<function upgma at 0x7f96503dc550>
1429,142,142,[136],5001.0,5.5,316635,5001,5002,5001.0,differentia=64+policy=TaperedDepthProportionalResolution+target=4096,<function upgma at 0x7f96503dc550>
1430,0,0,[None],4802.0,4802.0,Inner2,4608,4997,4802.0,differentia=64+policy=TaperedDepthProportionalResolution+target=512,<function upgma at 0x7f96503dc550>
1431,1,1,[0],4998.0,196.0,316423,4998,4999,4998.0,differentia=64+policy=TaperedDepthProportionalResolution+target=512,<function upgma at 0x7f96503dc550>
1432,2,2,[0],4802.5,0.5,Inner1,4608,4998,4802.5,differentia=64+policy=TaperedDepthProportionalResolution+target=512,<function upgma at 0x7f96503dc550>
1433,3,3,[2],4998.0,195.5,316382,4998,4999,4998.0,differentia=64+policy=TaperedDepthProportionalResolution+target=512,<function upgma at 0x7f96503dc550>
1434,4,4,[2],4999.0,196.5,316516,4999,5000,4999.0,differentia=64+policy=TaperedDepthProportionalResolution+target=512,<function upgma at 0x7f96503dc550>
1435,5,5,[0],4802.5,0.5,Inner3,4608,4998,4802.5,differentia=64+policy=TaperedDepthProportionalResolution+target=512,<function upgma at 0x7f96503dc550>
1436,6,6,[5],4999.0,196.5,316484,4999,5000,4999.0,differentia=64+policy=TaperedDepthProportionalResolution+target=512,<function upgma at 0x7f96503dc550>
1437,7,7,[5],4802.5,0.0,Inner4,4608,4998,4802.5,differentia=64+policy=TaperedDepthProportionalResolution+target=512,<function upgma at 0x7f96503dc550>
1438,8,8,[7],5000.0,197.5,316562,5000,5001,5000.0,differentia=64+policy=TaperedDepthProportionalResolution+target=512,<function upgma at 0x7f96503dc550>
1439,9,9,[7],4802.5,0.0,Inner5,4608,4998,4802.5,differentia=64+policy=TaperedDepthProportionalResolution+target=512,<function upgma at 0x7f96503dc550>
1440,10,10,[9],5000.0,197.5,316570,5000,5001,5000.0,differentia=64+policy=TaperedDepthProportionalResolution+target=512,<function upgma at 0x7f96503dc550>
1441,11,11,[9],4802.5,0.0,Inner6,4608,4998,4802.5,differentia=64+policy=TaperedDepthProportionalResolution+target=512,<function upgma at 0x7f96503dc550>
1442,12,12,[11],5000.0,197.5,316574,5000,5001,5000.0,differentia=64+policy=TaperedDepthProportionalResolution+target=512,<function upgma at 0x7f96503dc550>
1443,13,13,[11],4802.5,0.0,Inner7,4608,4998,4802.5,differentia=64+policy=TaperedDepthProportionalResolution+target=512,<function upgma at 0x7f96503dc550>
1444,14,14,[13],5000.0,197.5,316544,5000,5001,5000.0,differentia=64+policy=TaperedDepthProportionalResolution+target=512,<function upgma at 0x7f96503dc550>
1445,15,15,[13],4802.5,0.0,Inner8,4608,4998,4802.5,differentia=64+policy=TaperedDepthProportionalResolution+target=512,<function upgma at 0x7f96503dc550>
1446,16,16,[15],5000.0,197.5,316567,5000,5001,5000.0,differentia=64+policy=TaperedDepthProportionalResolution+target=512,<function upgma at 0x7f96503dc550>
1447,17,17,[15],4802.5,0.0,Inner9,4608,4998,4802.5,differentia=64+policy=TaperedDepthProportionalResolution+target=512,<function upgma at 0x7f96503dc550>
1448,18,18,[17],5000.0,197.5,316540,5000,5001,5000.0,differentia=64+policy=TaperedDepthProportionalResolution+target=512,<function upgma at 0x7f96503dc550>
1449,19,19,[17],4802.5,0.0,Inner10,4608,4998,4802.5,differentia=64+policy=TaperedDepthProportionalResolution+target=512,<function upgma at 0x7f96503dc550>
1450,20,20,[19],5000.0,197.5,316577,5000,5001,5000.0,differentia=64+policy=TaperedDepthProportionalResolution+target=512,<function upgma at 0x7f96503dc550>
1451,21,21,[19],4802.5,0.0,Inner11,4608,4998,4802.5,differentia=64+policy=TaperedDepthProportionalResolution+target=512,<function upgma at 0x7f96503dc550>
1452,22,22,[21],5000.0,197.5,316578,5000,5001,5000.0,differentia=64+policy=TaperedDepthProportionalResolution+target=512,<function upgma at 0x7f96503dc550>
1453,23,23,[21],4802.5,0.0,Inner12,4608,4998,4802.5,differentia=64+policy=TaperedDepthProportionalResolution+target=512,<function upgma at 0x7f96503dc550>
1454,24,24,[23],5000.0,197.5,316564,5000,5001,5000.0,differentia=64+policy=TaperedDepthProportionalResolution+target=512,<function upgma at 0x7f96503dc550>
1455,25,25,[23],4802.5,0.0,Inner13,4608,4998,4802.5,differentia=64+policy=TaperedDepthProportionalResolution+target=512,<function upgma at 0x7f96503dc550>
1456,26,26,[25],5000.0,197.5,316541,5000,5001,5000.0,differentia=64+policy=TaperedDepthProportionalResolution+target=512,<function upgma at 0x7f96503dc550>
1457,27,27,[25],4802.5,0.0,Inner14,4608,4998,4802.5,differentia=64+policy=TaperedDepthProportionalResolution+target=512,<function upgma at 0x7f96503dc550>
1458,28,28,[27],5000.0,197.5,316552,5000,5001,5000.0,differentia=64+policy=TaperedDepthProportionalResolution+target=512,<function upgma at 0x7f96503dc550>
1459,29,29,[27],4802.5,0.0,Inner15,4608,4998,4802.5,differentia=64+policy=TaperedDepthProportionalResolution+target=512,<function upgma at 0x7f96503dc550>
1460,30,30,[29],5001.0,198.5,316622,5001,5002,5001.0,differentia=64+policy=TaperedDepthProportionalResolution+target=512,<function upgma at 0x7f96503dc550>
1461,31,31,[29],4802.5,0.0,Inner16,4608,4998,4802.5,differentia=64+policy=TaperedDepthProportionalResolution+target=512,<function upgma at 0x7f96503dc550>
1462,32,32,[31],5001.0,198.5,316607,5001,5002,5001.0,differentia=64+policy=TaperedDepthProportionalResolution+target=512,<function upgma at 0x7f96503dc550>
1463,33,33,[31],4802.5,0.0,Inner17,4608,4998,4802.5,differentia=64+policy=TaperedDepthProportionalResolution+target=512,<function upgma at 0x7f96503dc550>
1464,34,34,[33],5001.0,198.5,316602,5001,5002,5001.0,differentia=64+policy=TaperedDepthProportionalResolution+target=512,<function upgma at 0x7f96503dc550>
1465,35,35,[33],4802.5,0.0,Inner18,4608,4998,4802.5,differentia=64+policy=TaperedDepthProportionalResolution+target=512,<function upgma at 0x7f96503dc550>
1466,36,36,[35],5001.0,198.5,316634,5001,5002,5001.0,differentia=64+policy=TaperedDepthProportionalResolution+target=512,<function upgma at 0x7f96503dc550>
1467,37,37,[35],4802.5,0.0,Inner19,4608,4998,4802.5,differentia=64+policy=TaperedDepthProportionalResolution+target=512,<function upgma at 0x7f96503dc550>
1468,38,38,[37],5001.0,198.5,316620,5001,5002,5001.0,differentia=64+policy=TaperedDepthProportionalResolution+target=512,<function upgma at 0x7f96503dc550>
1469,39,39,[37],4802.5,0.0,Inner20,4608,4998,4802.5,differentia=64+policy=TaperedDepthProportionalResolution+target=512,<function upgma at 0x7f96503dc550>
1470,40,40,[39],5001.0,198.5,316582,5001,5002,5001.0,differentia=64+policy=TaperedDepthProportionalResolution+target=512,<function upgma at 0x7f96503dc550>
1471,41,41,[39],4802.5,0.0,Inner21,4608,4998,4802.5,differentia=64+policy=TaperedDepthProportionalResolution+target=512,<function upgma at 0x7f96503dc550>
1472,42,42,[41],5001.0,198.5,316580,5001,5002,5001.0,differentia=64+policy=TaperedDepthProportionalResolution+target=512,<function upgma at 0x7f96503dc550>
1473,43,43,[41],4802.5,0.0,Inner22,4608,4998,4802.5,differentia=64+policy=TaperedDepthProportionalResolution+target=512,<function upgma at 0x7f96503dc550>
1474,44,44,[43],5001.0,198.5,316599,5001,5002,5001.0,differentia=64+policy=TaperedDepthProportionalResolution+target=512,<function upgma at 0x7f96503dc550>
1475,45,45,[43],4802.5,0.0,Inner23,4608,4998,4802.5,differentia=64+policy=TaperedDepthProportionalResolution+target=512,<function upgma at 0x7f96503dc550>
1476,46,46,[45],5001.0,198.5,316615,5001,5002,5001.0,differentia=64+policy=TaperedDepthProportionalResolution+target=512,<function upgma at 0x7f96503dc550>
1477,47,47,[45],4802.5,0.0,Inner24,4608,4998,4802.5,differentia=64+policy=TaperedDepthProportionalResolution+target=512,<function upgma at 0x7f96503dc550>
1478,48,48,[47],5001.0,198.5,316605,5001,5002,5001.0,differentia=64+policy=TaperedDepthProportionalResolution+target=512,<function upgma at 0x7f96503dc550>
1479,49,49,[47],4802.5,0.0,Inner25,4608,4998,4802.5,differentia=64+policy=TaperedDepthProportionalResolution+target=512,<function upgma at 0x7f96503dc550>
1480,50,50,[49],5001.0,198.5,316614,5001,5002,5001.0,differentia=64+policy=TaperedDepthProportionalResolution+target=512,<function upgma at 0x7f96503dc550>
1481,51,51,[49],4802.5,0.0,Inner26,4608,4998,4802.5,differentia=64+policy=TaperedDepthProportionalResolution+target=512,<function upgma at 0x7f96503dc550>
1482,52,52,[51],5001.0,198.5,316629,5001,5002,5001.0,differentia=64+policy=TaperedDepthProportionalResolution+target=512,<function upgma at 0x7f96503dc550>
1483,53,53,[51],4802.5,0.0,Inner27,4608,4998,4802.5,differentia=64+policy=TaperedDepthProportionalResolution+target=512,<function upgma at 0x7f96503dc550>
1484,54,54,[53],5001.0,198.5,316584,5001,5002,5001.0,differentia=64+policy=TaperedDepthProportionalResolution+target=512,<function upgma at 0x7f96503dc550>
1485,55,55,[53],4802.5,0.0,Inner28,4608,4998,4802.5,differentia=64+policy=TaperedDepthProportionalResolution+target=512,<function upgma at 0x7f96503dc550>
1486,56,56,[55],5001.0,198.5,316618,5001,5002,5001.0,differentia=64+policy=TaperedDepthProportionalResolution+target=512,<function upgma at 0x7f96503dc550>
1487,57,57,[55],4802.5,0.0,Inner29,4608,4998,4802.5,differentia=64+policy=TaperedDepthProportionalResolution+target=512,<function upgma at 0x7f96503dc550>
1488,58,58,[57],5001.0,198.5,316623,5001,5002,5001.0,differentia=64+policy=TaperedDepthProportionalResolution+target=512,<function upgma at 0x7f96503dc550>
1489,59,59,[57],4802.5,0.0,Inner30,4608,4998,4802.5,differentia=64+policy=TaperedDepthProportionalResolution+target=512,<function upgma at 0x7f96503dc550>
1490,60,60,[59],5001.0,198.5,316592,5001,5002,5001.0,differentia=64+policy=TaperedDepthProportionalResolution+target=512,<function upgma at 0x7f96503dc550>
1491,61,61,[59],4802.5,0.0,Inner31,4608,4998,4802.5,differentia=64+policy=TaperedDepthProportionalResolution+target=512,<function upgma at 0x7f96503dc550>
1492,62,62,[61],5001.0,198.5,316608,5001,5002,5001.0,differentia=64+policy=TaperedDepthProportionalResolution+target=512,<function upgma at 0x7f96503dc550>
1493,63,63,[61],4802.5,0.0,Inner32,4608,4998,4802.5,differentia=64+policy=TaperedDepthProportionalResolution+target=512,<function upgma at 0x7f96503dc550>
1494,64,64,[63],5001.0,198.5,316609,5001,5002,5001.0,differentia=64+policy=TaperedDepthProportionalResolution+target=512,<function upgma at 0x7f96503dc550>
1495,65,65,[63],4802.5,0.0,Inner33,4608,4998,4802.5,differentia=64+policy=TaperedDepthProportionalResolution+target=512,<function upgma at 0x7f96503dc550>
1496,66,66,[65],5001.0,198.5,316631,5001,5002,5001.0,differentia=64+policy=TaperedDepthProportionalResolution+target=512,<function upgma at 0x7f96503dc550>
1497,67,67,[65],4802.5,0.0,Inner34,4608,4998,4802.5,differentia=64+policy=TaperedDepthProportionalResolution+target=512,<function upgma at 0x7f96503dc550>
1498,68,68,[67],5001.0,198.5,316579,5001,5002,5001.0,differentia=64+policy=TaperedDepthProportionalResolution+target=512,<function upgma at 0x7f96503dc550>
1499,69,69,[67],4802.5,0.0,Inner35,4608,4998,4802.5,differentia=64+policy=TaperedDepthProportionalResolution+target=512,<function upgma at 0x7f96503dc550>
1500,70,70,[69],5001.0,198.5,316593,5001,5002,5001.0,differentia=64+policy=TaperedDepthProportionalResolution+target=512,<function upgma at 0x7f96503dc550>
1501,71,71,[69],4802.5,0.0,Inner36,4608,4998,4802.5,differentia=64+policy=TaperedDepthProportionalResolution+target=512,<function upgma at 0x7f96503dc550>
1502,72,72,[71],5001.0,198.5,316601,5001,5002,5001.0,differentia=64+policy=TaperedDepthProportionalResolution+target=512,<function upgma at 0x7f96503dc550>
1503,73,73,[71],4802.5,0.0,Inner37,4608,4998,4802.5,differentia=64+policy=TaperedDepthProportionalResolution+target=512,<function upgma at 0x7f96503dc550>
1504,74,74,[73],5001.0,198.5,316630,5001,5002,5001.0,differentia=64+policy=TaperedDepthProportionalResolution+target=512,<function upgma at 0x7f96503dc550>
1505,75,75,[73],4802.5,0.0,Inner38,4608,4998,4802.5,differentia=64+policy=TaperedDepthProportionalResolution+target=512,<function upgma at 0x7f96503dc550>
1506,76,76,[75],5001.0,198.5,316603,5001,5002,5001.0,differentia=64+policy=TaperedDepthProportionalResolution+target=512,<function upgma at 0x7f96503dc550>
1507,77,77,[75],4802.5,0.0,Inner39,4608,4998,4802.5,differentia=64+policy=TaperedDepthProportionalResolution+target=512,<function upgma at 0x7f96503dc550>
1508,78,78,[77],5001.0,198.5,316589,5001,5002,5001.0,differentia=64+policy=TaperedDepthProportionalResolution+target=512,<function upgma at 0x7f96503dc550>
1509,79,79,[77],4802.5,0.0,Inner40,4608,4998,4802.5,differentia=64+policy=TaperedDepthProportionalResolution+target=512,<function upgma at 0x7f96503dc550>
1510,80,80,[79],5001.0,198.5,316583,5001,5002,5001.0,differentia=64+policy=TaperedDepthProportionalResolution+target=512,<function upgma at 0x7f96503dc550>
1511,81,81,[79],4802.5,0.0,Inner41,4608,4998,4802.5,differentia=64+policy=TaperedDepthProportionalResolution+target=512,<function upgma at 0x7f96503dc550>
1512,82,82,[81],5001.0,198.5,316613,5001,5002,5001.0,differentia=64+policy=TaperedDepthProportionalResolution+target=512,<function upgma at 0x7f96503dc550>
1513,83,83,[81],4802.5,0.0,Inner42,4608,4998,4802.5,differentia=64+policy=TaperedDepthProportionalResolution+target=512,<function upgma at 0x7f96503dc550>
1514,84,84,[83],5001.0,198.5,316621,5001,5002,5001.0,differentia=64+policy=TaperedDepthProportionalResolution+target=512,<function upgma at 0x7f96503dc550>
1515,85,85,[83],4802.5,0.0,Inner43,4608,4998,4802.5,differentia=64+policy=TaperedDepthProportionalResolution+target=512,<function upgma at 0x7f96503dc550>
1516,86,86,[85],5001.0,198.5,316606,5001,5002,5001.0,differentia=64+policy=TaperedDepthProportionalResolution+target=512,<function upgma at 0x7f96503dc550>
1517,87,87,[85],4802.5,0.0,Inner44,4608,4998,4802.5,differentia=64+policy=TaperedDepthProportionalResolution+target=512,<function upgma at 0x7f96503dc550>
1518,88,88,[87],5001.0,198.5,316632,5001,5002,5001.0,differentia=64+policy=TaperedDepthProportionalResolution+target=512,<function upgma at 0x7f96503dc550>
1519,89,89,[87],4802.5,0.0,Inner45,4608,4998,4802.5,differentia=64+policy=TaperedDepthProportionalResolution+target=512,<function upgma at 0x7f96503dc550>
1520,90,90,[89],5001.0,198.5,316586,5001,5002,5001.0,differentia=64+policy=TaperedDepthProportionalResolution+target=512,<function upgma at 0x7f96503dc550>
1521,91,91,[89],4802.5,0.0,Inner46,4608,4998,4802.5,differentia=64+policy=TaperedDepthProportionalResolution+target=512,<function upgma at 0x7f96503dc550>
1522,92,92,[91],5001.0,198.5,316600,5001,5002,5001.0,differentia=64+policy=TaperedDepthProportionalResolution+target=512,<function upgma at 0x7f96503dc550>
1523,93,93,[91],4802.5,0.0,Inner47,4608,4998,4802.5,differentia=64+policy=TaperedDepthProportionalResolution+target=512,<function upgma at 0x7f96503dc550>
1524,94,94,[93],5001.0,198.5,316587,5001,5002,5001.0,differentia=64+policy=TaperedDepthProportionalResolution+target=512,<function upgma at 0x7f96503dc550>
1525,95,95,[93],4802.5,0.0,Inner48,4608,4998,4802.5,differentia=64+policy=TaperedDepthProportionalResolution+target=512,<function upgma at 0x7f96503dc550>
1526,96,96,[95],5001.0,198.5,316616,5001,5002,5001.0,differentia=64+policy=TaperedDepthProportionalResolution+target=512,<function upgma at 0x7f96503dc550>
1527,97,97,[95],4802.5,0.0,Inner49,4608,4998,4802.5,differentia=64+policy=TaperedDepthProportionalResolution+target=512,<function upgma at 0x7f96503dc550>
1528,98,98,[97],5001.0,198.5,316588,5001,5002,5001.0,differentia=64+policy=TaperedDepthProportionalResolution+target=512,<function upgma at 0x7f96503dc550>
1529,99,99,[97],4802.5,0.0,Inner50,4608,4998,4802.5,differentia=64+policy=TaperedDepthProportionalResolution+target=512,<function upgma at 0x7f96503dc550>
1530,100,100,[99],5001.0,198.5,316604,5001,5002,5001.0,differentia=64+policy=TaperedDepthProportionalResolution+target=512,<function upgma at 0x7f96503dc550>
1531,101,101,[99],4802.5,0.0,Inner51,4608,4998,4802.5,differentia=64+policy=TaperedDepthProportionalResolution+target=512,<function upgma at 0x7f96503dc550>
1532,102,102,[101],5001.0,198.5,316595,5001,5002,5001.0,differentia=64+policy=TaperedDepthProportionalResolution+target=512,<function upgma at 0x7f96503dc550>
1533,103,103,[101],4802.5,0.0,Inner52,4608,4998,4802.5,differentia=64+policy=TaperedDepthProportionalResolution+target=512,<function upgma at 0x7f96503dc550>
1534,104,104,[103],5001.0,198.5,316624,5001,5002,5001.0,differentia=64+policy=TaperedDepthProportionalResolution+target=512,<function upgma at 0x7f96503dc550>
1535,105,105,[103],4802.5,0.0,Inner53,4608,4998,4802.5,differentia=64+policy=TaperedDepthProportionalResolution+target=512,<function upgma at 0x7f96503dc550>
1536,106,106,[105],5001.0,198.5,316619,5001,5002,5001.0,differentia=64+policy=TaperedDepthProportionalResolution+target=512,<function upgma at 0x7f96503dc550>
1537,107,107,[105],4802.5,0.0,Inner54,4608,4998,4802.5,differentia=64+policy=TaperedDepthProportionalResolution+target=512,<function upgma at 0x7f96503dc550>
1538,108,108,[107],5001.0,198.5,316594,5001,5002,5001.0,differentia=64+policy=TaperedDepthProportionalResolution+target=512,<function upgma at 0x7f96503dc550>
1539,109,109,[107],4802.5,0.0,Inner55,4608,4998,4802.5,differentia=64+policy=TaperedDepthProportionalResolution+target=512,<function upgma at 0x7f96503dc550>
1540,110,110,[109],5001.0,198.5,316581,5001,5002,5001.0,differentia=64+policy=TaperedDepthProportionalResolution+target=512,<function upgma at 0x7f96503dc550>
1541,111,111,[109],4802.5,0.0,Inner56,4608,4998,4802.5,differentia=64+policy=TaperedDepthProportionalResolution+target=512,<function upgma at 0x7f96503dc550>
1542,112,112,[111],5001.0,198.5,316617,5001,5002,5001.0,differentia=64+policy=TaperedDepthProportionalResolution+target=512,<function upgma at 0x7f96503dc550>
1543,113,113,[111],4802.5,0.0,Inner57,4608,4998,4802.5,differentia=64+policy=TaperedDepthProportionalResolution+target=512,<function upgma at 0x7f96503dc550>
1544,114,114,[113],5001.0,198.5,316590,5001,5002,5001.0,differentia=64+policy=TaperedDepthProportionalResolution+target=512,<function upgma at 0x7f96503dc550>
1545,115,115,[113],4802.5,0.0,Inner58,4608,4998,4802.5,differentia=64+policy=TaperedDepthProportionalResolution+target=512,<function upgma at 0x7f96503dc550>
1546,116,116,[115],5001.0,198.5,316598,5001,5002,5001.0,differentia=64+policy=TaperedDepthProportionalResolution+target=512,<function upgma at 0x7f96503dc550>
1547,117,117,[115],4802.5,0.0,Inner59,4608,4998,4802.5,differentia=64+policy=TaperedDepthProportionalResolution+target=512,<function upgma at 0x7f96503dc550>
1548,118,118,[117],5001.0,198.5,316611,5001,5002,5001.0,differentia=64+policy=TaperedDepthProportionalResolution+target=512,<function upgma at 0x7f96503dc550>
1549,119,119,[117],4803.5,1.0,Inner70,4608,5000,4803.5,differentia=64+policy=TaperedDepthProportionalResolution+target=512,<function upgma at 0x7f96503dc550>
1550,120,120,[119],5001.0,197.5,316596,5001,5002,5001.0,differentia=64+policy=TaperedDepthProportionalResolution+target=512,<function upgma at 0x7f96503dc550>
1551,121,121,[119],4803.5,0.0,Inner69,4608,5000,4803.5,differentia=64+policy=TaperedDepthProportionalResolution+target=512,<function upgma at 0x7f96503dc550>
1552,122,122,[121],4803.5,0.0,Inner68,4608,5000,4803.5,differentia=64+policy=TaperedDepthProportionalResolution+target=512,<function upgma at 0x7f96503dc550>
1553,123,123,[122],5001.0,197.5,316627,5001,5002,5001.0,differentia=64+policy=TaperedDepthProportionalResolution+target=512,<function upgma at 0x7f96503dc550>
1554,124,124,[122],4803.5,0.0,Inner67,4608,5000,4803.5,differentia=64+policy=TaperedDepthProportionalResolution+target=512,<function upgma at 0x7f96503dc550>
1555,125,125,[124],5001.0,197.5,316597,5001,5002,5001.0,differentia=64+policy=TaperedDepthProportionalResolution+target=512,<function upgma at 0x7f96503dc550>
1556,126,126,[124],4803.5,0.0,Inner66,4608,5000,4803.5,differentia=64+policy=TaperedDepthProportionalResolution+target=512,<function upgma at 0x7f96503dc550>
1557,127,127,[126],5001.0,197.5,316610,5001,5002,5001.0,differentia=64+policy=TaperedDepthProportionalResolution+target=512,<function upgma at 0x7f96503dc550>
1558,128,128,[126],4803.5,0.0,Inner65,4608,5000,4803.5,differentia=64+policy=TaperedDepthProportionalResolution+target=512,<function upgma at 0x7f96503dc550>
1559,129,129,[128],4803.5,0.0,Inner64,4608,5000,4803.5,differentia=64+policy=TaperedDepthProportionalResolution+target=512,<function upgma at 0x7f96503dc550>
1560,130,130,[129],5001.0,197.5,316612,5001,5002,5001.0,differentia=64+policy=TaperedDepthProportionalResolution+target=512,<function upgma at 0x7f96503dc550>
1561,131,131,[129],4803.5,0.0,Inner63,4608,5000,4803.5,differentia=64+policy=TaperedDepthProportionalResolution+target=512,<function upgma at 0x7f96503dc550>
1562,132,132,[131],5001.0,197.5,316591,5001,5002,5001.0,differentia=64+policy=TaperedDepthProportionalResolution+target=512,<function upgma at 0x7f96503dc550>
1563,133,133,[131],4803.5,0.0,Inner62,4608,5000,4803.5,differentia=64+policy=TaperedDepthProportionalResolution+target=512,<function upgma at 0x7f96503dc550>
1564,134,134,[133],5001.0,197.5,316585,5001,5002,5001.0,differentia=64+policy=TaperedDepthProportionalResolution+target=512,<function upgma at 0x7f96503dc550>
1565,135,135,[133],4803.5,0.0,Inner61,4608,5000,4803.5,differentia=64+policy=TaperedDepthProportionalResolution+target=512,<function upgma at 0x7f96503dc550>
1566,136,136,[135],4803.5,0.0,Inner60,4608,5000,4803.5,differentia=64+policy=TaperedDepthProportionalResolution+target=512,<function upgma at 0x7f96503dc550>
1567,137,137,[136],5001.0,197.5,316625,5001,5002,5001.0,differentia=64+policy=TaperedDepthProportionalResolution+target=512,<function upgma at 0x7f96503dc550>
1568,138,138,[136],5001.0,197.5,316626,5001,5002,5001.0,differentia=64+policy=TaperedDepthProportionalResolution+target=512,<function upgma at 0x7f96503dc550>
1569,139,139,[135],5001.0,197.5,316628,5001,5002,5001.0,differentia=64+policy=TaperedDepthProportionalResolution+target=512,<function upgma at 0x7f96503dc550>
1570,140,140,[128],5001.0,197.5,316633,5001,5002,5001.0,differentia=64+policy=TaperedDepthProportionalResolution+target=512,<function upgma at 0x7f96503dc550>
1571,141,141,[121],5001.0,197.5,316635,5001,5002,5001.0,differentia=64+policy=TaperedDepthProportionalResolution+target=512,<function upgma at 0x7f96503dc550>
1572,0,0,[None],4546.0,4546.0,Inner2,4096,4997,4546.0,differentia=64+policy=TaperedDepthProportionalResolution+target=64,<function upgma at 0x7f96503dc550>
1573,1,1,[0],4998.0,452.0,316423,4998,4999,4998.0,differentia=64+policy=TaperedDepthProportionalResolution+target=64,<function upgma at 0x7f96503dc550>
1574,2,2,[0],4546.5,0.5,Inner1,4096,4998,4546.5,differentia=64+policy=TaperedDepthProportionalResolution+target=64,<function upgma at 0x7f96503dc550>
1575,3,3,[2],4998.0,451.5,316382,4998,4999,4998.0,differentia=64+policy=TaperedDepthProportionalResolution+target=64,<function upgma at 0x7f96503dc550>
1576,4,4,[2],4999.0,452.5,316516,4999,5000,4999.0,differentia=64+policy=TaperedDepthProportionalResolution+target=64,<function upgma at 0x7f96503dc550>
1577,5,5,[0],4546.5,0.5,Inner3,4096,4998,4546.5,differentia=64+policy=TaperedDepthProportionalResolution+target=64,<function upgma at 0x7f96503dc550>
1578,6,6,[5],4999.0,452.5,316484,4999,5000,4999.0,differentia=64+policy=TaperedDepthProportionalResolution+target=64,<function upgma at 0x7f96503dc550>
1579,7,7,[5],4546.5,0.0,Inner4,4096,4998,4546.5,differentia=64+policy=TaperedDepthProportionalResolution+target=64,<function upgma at 0x7f96503dc550>
1580,8,8,[7],5000.0,453.5,316562,5000,5001,5000.0,differentia=64+policy=TaperedDepthProportionalResolution+target=64,<function upgma at 0x7f96503dc550>
1581,9,9,[7],4546.5,0.0,Inner5,4096,4998,4546.5,differentia=64+policy=TaperedDepthProportionalResolution+target=64,<function upgma at 0x7f96503dc550>
1582,10,10,[9],5000.0,453.5,316570,5000,5001,5000.0,differentia=64+policy=TaperedDepthProportionalResolution+target=64,<function upgma at 0x7f96503dc550>
1583,11,11,[9],4546.5,0.0,Inner6,4096,4998,4546.5,differentia=64+policy=TaperedDepthProportionalResolution+target=64,<function upgma at 0x7f96503dc550>
1584,12,12,[11],5000.0,453.5,316574,5000,5001,5000.0,differentia=64+policy=TaperedDepthProportionalResolution+target=64,<function upgma at 0x7f96503dc550>
1585,13,13,[11],4546.5,0.0,Inner7,4096,4998,4546.5,differentia=64+policy=TaperedDepthProportionalResolution+target=64,<function upgma at 0x7f96503dc550>
1586,14,14,[13],5000.0,453.5,316544,5000,5001,5000.0,differentia=64+policy=TaperedDepthProportionalResolution+target=64,<function upgma at 0x7f96503dc550>
1587,15,15,[13],4546.5,0.0,Inner8,4096,4998,4546.5,differentia=64+policy=TaperedDepthProportionalResolution+target=64,<function upgma at 0x7f96503dc550>
1588,16,16,[15],5000.0,453.5,316567,5000,5001,5000.0,differentia=64+policy=TaperedDepthProportionalResolution+target=64,<function upgma at 0x7f96503dc550>
1589,17,17,[15],4546.5,0.0,Inner9,4096,4998,4546.5,differentia=64+policy=TaperedDepthProportionalResolution+target=64,<function upgma at 0x7f96503dc550>
1590,18,18,[17],5000.0,453.5,316540,5000,5001,5000.0,differentia=64+policy=TaperedDepthProportionalResolution+target=64,<function upgma at 0x7f96503dc550>
1591,19,19,[17],4546.5,0.0,Inner10,4096,4998,4546.5,differentia=64+policy=TaperedDepthProportionalResolution+target=64,<function upgma at 0x7f96503dc550>
1592,20,20,[19],5000.0,453.5,316577,5000,5001,5000.0,differentia=64+policy=TaperedDepthProportionalResolution+target=64,<function upgma at 0x7f96503dc550>
1593,21,21,[19],4546.5,0.0,Inner11,4096,4998,4546.5,differentia=64+policy=TaperedDepthProportionalResolution+target=64,<function upgma at 0x7f96503dc550>
1594,22,22,[21],5000.0,453.5,316578,5000,5001,5000.0,differentia=64+policy=TaperedDepthProportionalResolution+target=64,<function upgma at 0x7f96503dc550>
1595,23,23,[21],4546.5,0.0,Inner12,4096,4998,4546.5,differentia=64+policy=TaperedDepthProportionalResolution+target=64,<function upgma at 0x7f96503dc550>
1596,24,24,[23],5000.0,453.5,316564,5000,5001,5000.0,differentia=64+policy=TaperedDepthProportionalResolution+target=64,<function upgma at 0x7f96503dc550>
1597,25,25,[23],4546.5,0.0,Inner13,4096,4998,4546.5,differentia=64+policy=TaperedDepthProportionalResolution+target=64,<function upgma at 0x7f96503dc550>
1598,26,26,[25],5000.0,453.5,316541,5000,5001,5000.0,differentia=64+policy=TaperedDepthProportionalResolution+target=64,<function upgma at 0x7f96503dc550>
1599,27,27,[25],4546.5,0.0,Inner14,4096,4998,4546.5,differentia=64+policy=TaperedDepthProportionalResolution+target=64,<function upgma at 0x7f96503dc550>
1600,28,28,[27],5000.0,453.5,316552,5000,5001,5000.0,differentia=64+policy=TaperedDepthProportionalResolution+target=64,<function upgma at 0x7f96503dc550>
1601,29,29,[27],4546.5,0.0,Inner15,4096,4998,4546.5,differentia=64+policy=TaperedDepthProportionalResolution+target=64,<function upgma at 0x7f96503dc550>
1602,30,30,[29],5001.0,454.5,316622,5001,5002,5001.0,differentia=64+policy=TaperedDepthProportionalResolution+target=64,<function upgma at 0x7f96503dc550>
1603,31,31,[29],4546.5,0.0,Inner16,4096,4998,4546.5,differentia=64+policy=TaperedDepthProportionalResolution+target=64,<function upgma at 0x7f96503dc550>
1604,32,32,[31],5001.0,454.5,316607,5001,5002,5001.0,differentia=64+policy=TaperedDepthProportionalResolution+target=64,<function upgma at 0x7f96503dc550>
1605,33,33,[31],4546.5,0.0,Inner17,4096,4998,4546.5,differentia=64+policy=TaperedDepthProportionalResolution+target=64,<function upgma at 0x7f96503dc550>
1606,34,34,[33],5001.0,454.5,316602,5001,5002,5001.0,differentia=64+policy=TaperedDepthProportionalResolution+target=64,<function upgma at 0x7f96503dc550>
1607,35,35,[33],4546.5,0.0,Inner18,4096,4998,4546.5,differentia=64+policy=TaperedDepthProportionalResolution+target=64,<function upgma at 0x7f96503dc550>
1608,36,36,[35],5001.0,454.5,316634,5001,5002,5001.0,differentia=64+policy=TaperedDepthProportionalResolution+target=64,<function upgma at 0x7f96503dc550>
1609,37,37,[35],4546.5,0.0,Inner19,4096,4998,4546.5,differentia=64+policy=TaperedDepthProportionalResolution+target=64,<function upgma at 0x7f96503dc550>
1610,38,38,[37],5001.0,454.5,316620,5001,5002,5001.0,differentia=64+policy=TaperedDepthProportionalResolution+target=64,<function upgma at 0x7f96503dc550>
1611,39,39,[37],4546.5,0.0,Inner20,4096,4998,4546.5,differentia=64+policy=TaperedDepthProportionalResolution+target=64,<function upgma at 0x7f96503dc550>
1612,40,40,[39],5001.0,454.5,316582,5001,5002,5001.0,differentia=64+policy=TaperedDepthProportionalResolution+target=64,<function upgma at 0x7f96503dc550>
1613,41,41,[39],4546.5,0.0,Inner21,4096,4998,4546.5,differentia=64+policy=TaperedDepthProportionalResolution+target=64,<function upgma at 0x7f96503dc550>
1614,42,42,[41],5001.0,454.5,316580,5001,5002,5001.0,differentia=64+policy=TaperedDepthProportionalResolution+target=64,<function upgma at 0x7f96503dc550>
1615,43,43,[41],4546.5,0.0,Inner22,4096,4998,4546.5,differentia=64+policy=TaperedDepthProportionalResolution+target=64,<function upgma at 0x7f96503dc550>
1616,44,44,[43],5001.0,454.5,316599,5001,5002,5001.0,differentia=64+policy=TaperedDepthProportionalResolution+target=64,<function upgma at 0x7f96503dc550>
1617,45,45,[43],4546.5,0.0,Inner23,4096,4998,4546.5,differentia=64+policy=TaperedDepthProportionalResolution+target=64,<function upgma at 0x7f96503dc550>
1618,46,46,[45],5001.0,454.5,316615,5001,5002,5001.0,differentia=64+policy=TaperedDepthProportionalResolution+target=64,<function upgma at 0x7f96503dc550>
1619,47,47,[45],4546.5,0.0,Inner24,4096,4998,4546.5,differentia=64+policy=TaperedDepthProportionalResolution+target=64,<function upgma at 0x7f96503dc550>
1620,48,48,[47],5001.0,454.5,316605,5001,5002,5001.0,differentia=64+policy=TaperedDepthProportionalResolution+target=64,<function upgma at 0x7f96503dc550>
1621,49,49,[47],4546.5,0.0,Inner25,4096,4998,4546.5,differentia=64+policy=TaperedDepthProportionalResolution+target=64,<function upgma at 0x7f96503dc550>
1622,50,50,[49],5001.0,454.5,316614,5001,5002,5001.0,differentia=64+policy=TaperedDepthProportionalResolution+target=64,<function upgma at 0x7f96503dc550>
1623,51,51,[49],4546.5,0.0,Inner26,4096,4998,4546.5,differentia=64+policy=TaperedDepthProportionalResolution+target=64,<function upgma at 0x7f96503dc550>
1624,52,52,[51],5001.0,454.5,316629,5001,5002,5001.0,differentia=64+policy=TaperedDepthProportionalResolution+target=64,<function upgma at 0x7f96503dc550>
1625,53,53,[51],4546.5,0.0,Inner27,4096,4998,4546.5,differentia=64+policy=TaperedDepthProportionalResolution+target=64,<function upgma at 0x7f96503dc550>
1626,54,54,[53],5001.0,454.5,316584,5001,5002,5001.0,differentia=64+policy=TaperedDepthProportionalResolution+target=64,<function upgma at 0x7f96503dc550>
1627,55,55,[53],4546.5,0.0,Inner28,4096,4998,4546.5,differentia=64+policy=TaperedDepthProportionalResolution+target=64,<function upgma at 0x7f96503dc550>
1628,56,56,[55],5001.0,454.5,316618,5001,5002,5001.0,differentia=64+policy=TaperedDepthProportionalResolution+target=64,<function upgma at 0x7f96503dc550>
1629,57,57,[55],4546.5,0.0,Inner29,4096,4998,4546.5,differentia=64+policy=TaperedDepthProportionalResolution+target=64,<function upgma at 0x7f96503dc550>
1630,58,58,[57],5001.0,454.5,316623,5001,5002,5001.0,differentia=64+policy=TaperedDepthProportionalResolution+target=64,<function upgma at 0x7f96503dc550>
1631,59,59,[57],4546.5,0.0,Inner30,4096,4998,4546.5,differentia=64+policy=TaperedDepthProportionalResolution+target=64,<function upgma at 0x7f96503dc550>
1632,60,60,[59],5001.0,454.5,316592,5001,5002,5001.0,differentia=64+policy=TaperedDepthProportionalResolution+target=64,<function upgma at 0x7f96503dc550>
1633,61,61,[59],4546.5,0.0,Inner31,4096,4998,4546.5,differentia=64+policy=TaperedDepthProportionalResolution+target=64,<function upgma at 0x7f96503dc550>
1634,62,62,[61],5001.0,454.5,316608,5001,5002,5001.0,differentia=64+policy=TaperedDepthProportionalResolution+target=64,<function upgma at 0x7f96503dc550>
1635,63,63,[61],4546.5,0.0,Inner32,4096,4998,4546.5,differentia=64+policy=TaperedDepthProportionalResolution+target=64,<function upgma at 0x7f96503dc550>
1636,64,64,[63],5001.0,454.5,316609,5001,5002,5001.0,differentia=64+policy=TaperedDepthProportionalResolution+target=64,<function upgma at 0x7f96503dc550>
1637,65,65,[63],4546.5,0.0,Inner33,4096,4998,4546.5,differentia=64+policy=TaperedDepthProportionalResolution+target=64,<function upgma at 0x7f96503dc550>
1638,66,66,[65],5001.0,454.5,316631,5001,5002,5001.0,differentia=64+policy=TaperedDepthProportionalResolution+target=64,<function upgma at 0x7f96503dc550>
1639,67,67,[65],4546.5,0.0,Inner34,4096,4998,4546.5,differentia=64+policy=TaperedDepthProportionalResolution+target=64,<function upgma at 0x7f96503dc550>
1640,68,68,[67],5001.0,454.5,316579,5001,5002,5001.0,differentia=64+policy=TaperedDepthProportionalResolution+target=64,<function upgma at 0x7f96503dc550>
1641,69,69,[67],4546.5,0.0,Inner35,4096,4998,4546.5,differentia=64+policy=TaperedDepthProportionalResolution+target=64,<function upgma at 0x7f96503dc550>
1642,70,70,[69],5001.0,454.5,316593,5001,5002,5001.0,differentia=64+policy=TaperedDepthProportionalResolution+target=64,<function upgma at 0x7f96503dc550>
1643,71,71,[69],4546.5,0.0,Inner36,4096,4998,4546.5,differentia=64+policy=TaperedDepthProportionalResolution+target=64,<function upgma at 0x7f96503dc550>
1644,72,72,[71],5001.0,454.5,316601,5001,5002,5001.0,differentia=64+policy=TaperedDepthProportionalResolution+target=64,<function upgma at 0x7f96503dc550>
1645,73,73,[71],4546.5,0.0,Inner37,4096,4998,4546.5,differentia=64+policy=TaperedDepthProportionalResolution+target=64,<function upgma at 0x7f96503dc550>
1646,74,74,[73],5001.0,454.5,316630,5001,5002,5001.0,differentia=64+policy=TaperedDepthProportionalResolution+target=64,<function upgma at 0x7f96503dc550>
1647,75,75,[73],4546.5,0.0,Inner38,4096,4998,4546.5,differentia=64+policy=TaperedDepthProportionalResolution+target=64,<function upgma at 0x7f96503dc550>
1648,76,76,[75],5001.0,454.5,316603,5001,5002,5001.0,differentia=64+policy=TaperedDepthProportionalResolution+target=64,<function upgma at 0x7f96503dc550>
1649,77,77,[75],4546.5,0.0,Inner39,4096,4998,4546.5,differentia=64+policy=TaperedDepthProportionalResolution+target=64,<function upgma at 0x7f96503dc550>
1650,78,78,[77],5001.0,454.5,316589,5001,5002,5001.0,differentia=64+policy=TaperedDepthProportionalResolution+target=64,<function upgma at 0x7f96503dc550>
1651,79,79,[77],4546.5,0.0,Inner40,4096,4998,4546.5,differentia=64+policy=TaperedDepthProportionalResolution+target=64,<function upgma at 0x7f96503dc550>
1652,80,80,[79],5001.0,454.5,316583,5001,5002,5001.0,differentia=64+policy=TaperedDepthProportionalResolution+target=64,<function upgma at 0x7f96503dc550>
1653,81,81,[79],4546.5,0.0,Inner41,4096,4998,4546.5,differentia=64+policy=TaperedDepthProportionalResolution+target=64,<function upgma at 0x7f96503dc550>
1654,82,82,[81],5001.0,454.5,316613,5001,5002,5001.0,differentia=64+policy=TaperedDepthProportionalResolution+target=64,<function upgma at 0x7f96503dc550>
1655,83,83,[81],4546.5,0.0,Inner42,4096,4998,4546.5,differentia=64+policy=TaperedDepthProportionalResolution+target=64,<function upgma at 0x7f96503dc550>
1656,84,84,[83],5001.0,454.5,316621,5001,5002,5001.0,differentia=64+policy=TaperedDepthProportionalResolution+target=64,<function upgma at 0x7f96503dc550>
1657,85,85,[83],4546.5,0.0,Inner43,4096,4998,4546.5,differentia=64+policy=TaperedDepthProportionalResolution+target=64,<function upgma at 0x7f96503dc550>
1658,86,86,[85],5001.0,454.5,316606,5001,5002,5001.0,differentia=64+policy=TaperedDepthProportionalResolution+target=64,<function upgma at 0x7f96503dc550>
1659,87,87,[85],4546.5,0.0,Inner44,4096,4998,4546.5,differentia=64+policy=TaperedDepthProportionalResolution+target=64,<function upgma at 0x7f96503dc550>
1660,88,88,[87],5001.0,454.5,316632,5001,5002,5001.0,differentia=64+policy=TaperedDepthProportionalResolution+target=64,<function upgma at 0x7f96503dc550>
1661,89,89,[87],4546.5,0.0,Inner45,4096,4998,4546.5,differentia=64+policy=TaperedDepthProportionalResolution+target=64,<function upgma at 0x7f96503dc550>
1662,90,90,[89],5001.0,454.5,316586,5001,5002,5001.0,differentia=64+policy=TaperedDepthProportionalResolution+target=64,<function upgma at 0x7f96503dc550>
1663,91,91,[89],4546.5,0.0,Inner46,4096,4998,4546.5,differentia=64+policy=TaperedDepthProportionalResolution+target=64,<function upgma at 0x7f96503dc550>
1664,92,92,[91],5001.0,454.5,316600,5001,5002,5001.0,differentia=64+policy=TaperedDepthProportionalResolution+target=64,<function upgma at 0x7f96503dc550>
1665,93,93,[91],4546.5,0.0,Inner47,4096,4998,4546.5,differentia=64+policy=TaperedDepthProportionalResolution+target=64,<function upgma at 0x7f96503dc550>
1666,94,94,[93],5001.0,454.5,316587,5001,5002,5001.0,differentia=64+policy=TaperedDepthProportionalResolution+target=64,<function upgma at 0x7f96503dc550>
1667,95,95,[93],4546.5,0.0,Inner48,4096,4998,4546.5,differentia=64+policy=TaperedDepthProportionalResolution+target=64,<function upgma at 0x7f96503dc550>
1668,96,96,[95],5001.0,454.5,316616,5001,5002,5001.0,differentia=64+policy=TaperedDepthProportionalResolution+target=64,<function upgma at 0x7f96503dc550>
1669,97,97,[95],4546.5,0.0,Inner49,4096,4998,4546.5,differentia=64+policy=TaperedDepthProportionalResolution+target=64,<function upgma at 0x7f96503dc550>
1670,98,98,[97],5001.0,454.5,316588,5001,5002,5001.0,differentia=64+policy=TaperedDepthProportionalResolution+target=64,<function upgma at 0x7f96503dc550>
1671,99,99,[97],4546.5,0.0,Inner50,4096,4998,4546.5,differentia=64+policy=TaperedDepthProportionalResolution+target=64,<function upgma at 0x7f96503dc550>
1672,100,100,[99],5001.0,454.5,316604,5001,5002,5001.0,differentia=64+policy=TaperedDepthProportionalResolution+target=64,<function upgma at 0x7f96503dc550>
1673,101,101,[99],4546.5,0.0,Inner51,4096,4998,4546.5,differentia=64+policy=TaperedDepthProportionalResolution+target=64,<function upgma at 0x7f96503dc550>
1674,102,102,[101],5001.0,454.5,316595,5001,5002,5001.0,differentia=64+policy=TaperedDepthProportionalResolution+target=64,<function upgma at 0x7f96503dc550>
1675,103,103,[101],4546.5,0.0,Inner52,4096,4998,4546.5,differentia=64+policy=TaperedDepthProportionalResolution+target=64,<function upgma at 0x7f96503dc550>
1676,104,104,[103],5001.0,454.5,316624,5001,5002,5001.0,differentia=64+policy=TaperedDepthProportionalResolution+target=64,<function upgma at 0x7f96503dc550>
1677,105,105,[103],4546.5,0.0,Inner53,4096,4998,4546.5,differentia=64+policy=TaperedDepthProportionalResolution+target=64,<function upgma at 0x7f96503dc550>
1678,106,106,[105],5001.0,454.5,316619,5001,5002,5001.0,differentia=64+policy=TaperedDepthProportionalResolution+target=64,<function upgma at 0x7f96503dc550>
1679,107,107,[105],4546.5,0.0,Inner54,4096,4998,4546.5,differentia=64+policy=TaperedDepthProportionalResolution+target=64,<function upgma at 0x7f96503dc550>
1680,108,108,[107],5001.0,454.5,316594,5001,5002,5001.0,differentia=64+policy=TaperedDepthProportionalResolution+target=64,<function upgma at 0x7f96503dc550>
1681,109,109,[107],4546.5,0.0,Inner55,4096,4998,4546.5,differentia=64+policy=TaperedDepthProportionalResolution+target=64,<function upgma at 0x7f96503dc550>
1682,110,110,[109],5001.0,454.5,316581,5001,5002,5001.0,differentia=64+policy=TaperedDepthProportionalResolution+target=64,<function upgma at 0x7f96503dc550>
1683,111,111,[109],4546.5,0.0,Inner56,4096,4998,4546.5,differentia=64+policy=TaperedDepthProportionalResolution+target=64,<function upgma at 0x7f96503dc550>
1684,112,112,[111],5001.0,454.5,316617,5001,5002,5001.0,differentia=64+policy=TaperedDepthProportionalResolution+target=64,<function upgma at 0x7f96503dc550>
1685,113,113,[111],4546.5,0.0,Inner57,4096,4998,4546.5,differentia=64+policy=TaperedDepthProportionalResolution+target=64,<function upgma at 0x7f96503dc550>
1686,114,114,[113],5001.0,454.5,316590,5001,5002,5001.0,differentia=64+policy=TaperedDepthProportionalResolution+target=64,<function upgma at 0x7f96503dc550>
1687,115,115,[113],4546.5,0.0,Inner58,4096,4998,4546.5,differentia=64+policy=TaperedDepthProportionalResolution+target=64,<function upgma at 0x7f96503dc550>
1688,116,116,[115],5001.0,454.5,316598,5001,5002,5001.0,differentia=64+policy=TaperedDepthProportionalResolution+target=64,<function upgma at 0x7f96503dc550>
1689,117,117,[115],4547.5,1.0,Inner70,4096,5000,4547.5,differentia=64+policy=TaperedDepthProportionalResolution+target=64,<function upgma at 0x7f96503dc550>
1690,118,118,[117],5001.0,453.5,316596,5001,5002,5001.0,differentia=64+policy=TaperedDepthProportionalResolution+target=64,<function upgma at 0x7f96503dc550>
1691,119,119,[117],4547.5,0.0,Inner69,4096,5000,4547.5,differentia=64+policy=TaperedDepthProportionalResolution+target=64,<function upgma at 0x7f96503dc550>
1692,120,120,[119],4547.5,0.0,Inner68,4096,5000,4547.5,differentia=64+policy=TaperedDepthProportionalResolution+target=64,<function upgma at 0x7f96503dc550>
1693,121,121,[120],5001.0,453.5,316627,5001,5002,5001.0,differentia=64+policy=TaperedDepthProportionalResolution+target=64,<function upgma at 0x7f96503dc550>
1694,122,122,[120],4547.5,0.0,Inner67,4096,5000,4547.5,differentia=64+policy=TaperedDepthProportionalResolution+target=64,<function upgma at 0x7f96503dc550>
1695,123,123,[122],5001.0,453.5,316597,5001,5002,5001.0,differentia=64+policy=TaperedDepthProportionalResolution+target=64,<function upgma at 0x7f96503dc550>
1696,124,124,[122],4547.5,0.0,Inner66,4096,5000,4547.5,differentia=64+policy=TaperedDepthProportionalResolution+target=64,<function upgma at 0x7f96503dc550>
1697,125,125,[124],5001.0,453.5,316610,5001,5002,5001.0,differentia=64+policy=TaperedDepthProportionalResolution+target=64,<function upgma at 0x7f96503dc550>
1698,126,126,[124],4547.5,0.0,Inner65,4096,5000,4547.5,differentia=64+policy=TaperedDepthProportionalResolution+target=64,<function upgma at 0x7f96503dc550>
1699,127,127,[126],4547.5,0.0,Inner64,4096,5000,4547.5,differentia=64+policy=TaperedDepthProportionalResolution+target=64,<function upgma at 0x7f96503dc550>
1700,128,128,[127],5001.0,453.5,316612,5001,5002,5001.0,differentia=64+policy=TaperedDepthProportionalResolution+target=64,<function upgma at 0x7f96503dc550>
1701,129,129,[127],4547.5,0.0,Inner63,4096,5000,4547.5,differentia=64+policy=TaperedDepthProportionalResolution+target=64,<function upgma at 0x7f96503dc550>
1702,130,130,[129],5001.0,453.5,316591,5001,5002,5001.0,differentia=64+policy=TaperedDepthProportionalResolution+target=64,<function upgma at 0x7f96503dc550>
1703,131,131,[129],4547.5,0.0,Inner62,4096,5000,4547.5,differentia=64+policy=TaperedDepthProportionalResolution+target=64,<function upgma at 0x7f96503dc550>
1704,132,132,[131],5001.0,453.5,316585,5001,5002,5001.0,differentia=64+policy=TaperedDepthProportionalResolution+target=64,<function upgma at 0x7f96503dc550>
1705,133,133,[131],4547.5,0.0,Inner61,4096,5000,4547.5,differentia=64+policy=TaperedDepthProportionalResolution+target=64,<function upgma at 0x7f96503dc550>
1706,134,134,[133],4547.5,0.0,Inner60,4096,5000,4547.5,differentia=64+policy=TaperedDepthProportionalResolution+target=64,<function upgma at 0x7f96503dc550>
1707,135,135,[134],5001.0,453.5,316625,5001,5002,5001.0,differentia=64+policy=TaperedDepthProportionalResolution+target=64,<function upgma at 0x7f96503dc550>
1708,136,136,[134],4547.5,0.0,Inner59,4096,5000,4547.5,differentia=64+policy=TaperedDepthProportionalResolution+target=64,<function upgma at 0x7f96503dc550>
1709,137,137,[136],5001.0,453.5,316611,5001,5002,5001.0,differentia=64+policy=TaperedDepthProportionalResolution+target=64,<function upgma at 0x7f96503dc550>
1710,138,138,[136],5001.0,453.5,316626,5001,5002,5001.0,differentia=64+policy=TaperedDepthProportionalResolution+target=64,<function upgma at 0x7f96503dc550>
1711,139,139,[133],5001.0,453.5,316628,5001,5002,5001.0,differentia=64+policy=TaperedDepthProportionalResolution+target=64,<function upgma at 0x7f96503dc550>
1712,140,140,[126],5001.0,453.5,316633,5001,5002,5001.0,differentia=64+policy=TaperedDepthProportionalResolution+target=64,<function upgma at 0x7f96503dc550>
1713,141,141,[119],5001.0,453.5,316635,5001,5002,5001.0,differentia=64+policy=TaperedDepthProportionalResolution+target=64,<function upgma at 0x7f96503dc550>
1714,0,0,[None],4792.5,4792.5,Inner71,4792,4794,4792.5,differentia=8+policy=RecencyProportionalResolution+target=4096,<function upgma at 0x7f96503dc550>
1715,1,1,[0],4949.0,156.5,Inner69,4949,4950,4949.0,differentia=8+policy=RecencyProportionalResolution+target=4096,<function upgma at 0x7f96503dc550>
1716,2,2,[1],4992.0,43.0,Inner48,4992,4993,4992.0,differentia=8+policy=RecencyProportionalResolution+target=4096,<function upgma at 0x7f96503dc550>
1717,3,3,[2],4993.0,1.0,Inner41,4993,4994,4993.0,differentia=8+policy=RecencyProportionalResolution+target=4096,<function upgma at 0x7f96503dc550>
1718,4,4,[3],4998.0,5.0,316382,4998,4999,4998.0,differentia=8+policy=RecencyProportionalResolution+target=4096,<function upgma at 0x7f96503dc550>
1719,5,5,[3],5001.0,8.0,316607,5001,5002,5001.0,differentia=8+policy=RecencyProportionalResolution+target=4096,<function upgma at 0x7f96503dc550>
1720,6,6,[2],5001.0,9.0,316622,5001,5002,5001.0,differentia=8+policy=RecencyProportionalResolution+target=4096,<function upgma at 0x7f96503dc550>
1721,7,7,[1],4966.0,17.0,Inner67,4966,4967,4966.0,differentia=8+policy=RecencyProportionalResolution+target=4096,<function upgma at 0x7f96503dc550>
1722,8,8,[7],4979.0,13.0,Inner63,4979,4980,4979.0,differentia=8+policy=RecencyProportionalResolution+target=4096,<function upgma at 0x7f96503dc550>
1723,9,9,[8],4998.0,19.0,Inner11,4998,4999,4998.0,differentia=8+policy=RecencyProportionalResolution+target=4096,<function upgma at 0x7f96503dc550>
1724,10,10,[9],5001.0,3.0,316580,5001,5002,5001.0,differentia=8+policy=RecencyProportionalResolution+target=4096,<function upgma at 0x7f96503dc550>
1725,11,11,[9],5001.0,3.0,316599,5001,5002,5001.0,differentia=8+policy=RecencyProportionalResolution+target=4096,<function upgma at 0x7f96503dc550>
1726,12,12,[8],4995.0,16.0,Inner36,4995,4996,4995.0,differentia=8+policy=RecencyProportionalResolution+target=4096,<function upgma at 0x7f96503dc550>
1727,13,13,[12],5001.0,6.0,316615,5001,5002,5001.0,differentia=8+policy=RecencyProportionalResolution+target=4096,<function upgma at 0x7f96503dc550>
1728,14,14,[12],4997.0,2.0,Inner21,4997,4998,4997.0,differentia=8+policy=RecencyProportionalResolution+target=4096,<function upgma at 0x7f96503dc550>
1729,15,15,[14],4997.0,0.0,Inner10,4997,4998,4997.0,differentia=8+policy=RecencyProportionalResolution+target=4096,<function upgma at 0x7f96503dc550>
1730,16,16,[15],4999.0,2.0,316484,4999,5000,4999.0,differentia=8+policy=RecencyProportionalResolution+target=4096,<function upgma at 0x7f96503dc550>
1731,17,17,[15],4998.0,1.0,Inner9,4998,4999,4998.0,differentia=8+policy=RecencyProportionalResolution+target=4096,<function upgma at 0x7f96503dc550>
1732,18,18,[17],5000.0,2.0,316544,5000,5001,5000.0,differentia=8+policy=RecencyProportionalResolution+target=4096,<function upgma at 0x7f96503dc550>
1733,19,19,[17],5001.0,3.0,316605,5001,5002,5001.0,differentia=8+policy=RecencyProportionalResolution+target=4096,<function upgma at 0x7f96503dc550>
1734,20,20,[14],4998.0,1.0,Inner12,4998,4999,4998.0,differentia=8+policy=RecencyProportionalResolution+target=4096,<function upgma at 0x7f96503dc550>
1735,21,21,[20],5001.0,3.0,316614,5001,5002,5001.0,differentia=8+policy=RecencyProportionalResolution+target=4096,<function upgma at 0x7f96503dc550>
1736,22,22,[20],5001.0,3.0,316629,5001,5002,5001.0,differentia=8+policy=RecencyProportionalResolution+target=4096,<function upgma at 0x7f96503dc550>
1737,23,23,[7],4972.0,6.0,Inner66,4972,4973,4972.0,differentia=8+policy=RecencyProportionalResolution+target=4096,<function upgma at 0x7f96503dc550>
1738,24,24,[23],5000.0,28.0,316562,5000,5001,5000.0,differentia=8+policy=RecencyProportionalResolution+target=4096,<function upgma at 0x7f96503dc550>
1739,25,25,[23],4981.0,9.0,Inner60,4981,4982,4981.0,differentia=8+policy=RecencyProportionalResolution+target=4096,<function upgma at 0x7f96503dc550>
1740,26,26,[25],5001.0,20.0,316602,5001,5002,5001.0,differentia=8+policy=RecencyProportionalResolution+target=4096,<function upgma at 0x7f96503dc550>
1741,27,27,[25],4981.0,0.0,Inner59,4981,4982,4981.0,differentia=8+policy=RecencyProportionalResolution+target=4096,<function upgma at 0x7f96503dc550>
1742,28,28,[27],4997.0,16.0,Inner22,4997,4998,4997.0,differentia=8+policy=RecencyProportionalResolution+target=4096,<function upgma at 0x7f96503dc550>
1743,29,29,[28],4998.0,1.0,Inner1,4998,4999,4998.0,differentia=8+policy=RecencyProportionalResolution+target=4096,<function upgma at 0x7f96503dc550>
1744,30,30,[29],5000.0,2.0,316570,5000,5001,5000.0,differentia=8+policy=RecencyProportionalResolution+target=4096,<function upgma at 0x7f96503dc550>
1745,31,31,[29],5000.0,2.0,316574,5000,5001,5000.0,differentia=8+policy=RecencyProportionalResolution+target=4096,<function upgma at 0x7f96503dc550>
1746,32,32,[28],5001.0,4.0,316582,5001,5002,5001.0,differentia=8+policy=RecencyProportionalResolution+target=4096,<function upgma at 0x7f96503dc550>
1747,33,33,[27],4990.0,9.0,Inner53,4990,4991,4990.0,differentia=8+policy=RecencyProportionalResolution+target=4096,<function upgma at 0x7f96503dc550>
1748,34,34,[33],4992.0,2.0,Inner47,4992,4993,4992.0,differentia=8+policy=RecencyProportionalResolution+target=4096,<function upgma at 0x7f96503dc550>
1749,35,35,[34],4999.0,7.0,316516,4999,5000,4999.0,differentia=8+policy=RecencyProportionalResolution+target=4096,<function upgma at 0x7f96503dc550>
1750,36,36,[34],5001.0,9.0,316620,5001,5002,5001.0,differentia=8+policy=RecencyProportionalResolution+target=4096,<function upgma at 0x7f96503dc550>
1751,37,37,[33],5001.0,11.0,316634,5001,5002,5001.0,differentia=8+policy=RecencyProportionalResolution+target=4096,<function upgma at 0x7f96503dc550>
1752,38,38,[0],4881.0,88.5,Inner70,4881,4882,4881.0,differentia=8+policy=RecencyProportionalResolution+target=4096,<function upgma at 0x7f96503dc550>
1753,39,39,[38],4981.0,100.0,Inner61,4981,4982,4981.0,differentia=8+policy=RecencyProportionalResolution+target=4096,<function upgma at 0x7f96503dc550>
1754,40,40,[39],4994.0,13.0,Inner43,4994,4995,4994.0,differentia=8+policy=RecencyProportionalResolution+target=4096,<function upgma at 0x7f96503dc550>
1755,41,41,[40],4999.0,5.0,Inner3,4999,5000,4999.0,differentia=8+policy=RecencyProportionalResolution+target=4096,<function upgma at 0x7f96503dc550>
1756,42,42,[41],5001.0,2.0,316592,5001,5002,5001.0,differentia=8+policy=RecencyProportionalResolution+target=4096,<function upgma at 0x7f96503dc550>
1757,43,43,[41],5001.0,2.0,316608,5001,5002,5001.0,differentia=8+policy=RecencyProportionalResolution+target=4096,<function upgma at 0x7f96503dc550>
1758,44,44,[40],4994.0,0.0,Inner42,4994,4995,4994.0,differentia=8+policy=RecencyProportionalResolution+target=4096,<function upgma at 0x7f96503dc550>
1759,45,45,[44],5001.0,7.0,316584,5001,5002,5001.0,differentia=8+policy=RecencyProportionalResolution+target=4096,<function upgma at 0x7f96503dc550>
1760,46,46,[44],4999.0,5.0,Inner2,4999,5000,4999.0,differentia=8+policy=RecencyProportionalResolution+target=4096,<function upgma at 0x7f96503dc550>
1761,47,47,[46],5001.0,2.0,316618,5001,5002,5001.0,differentia=8+policy=RecencyProportionalResolution+target=4096,<function upgma at 0x7f96503dc550>
1762,48,48,[46],5001.0,2.0,316623,5001,5002,5001.0,differentia=8+policy=RecencyProportionalResolution+target=4096,<function upgma at 0x7f96503dc550>
1763,49,49,[39],4983.0,2.0,Inner58,4983,4984,4983.0,differentia=8+policy=RecencyProportionalResolution+target=4096,<function upgma at 0x7f96503dc550>
1764,50,50,[49],4985.0,2.0,Inner57,4985,4986,4985.0,differentia=8+policy=RecencyProportionalResolution+target=4096,<function upgma at 0x7f96503dc550>
1765,51,51,[50],5001.0,16.0,316606,5001,5002,5001.0,differentia=8+policy=RecencyProportionalResolution+target=4096,<function upgma at 0x7f96503dc550>
1766,52,52,[50],4995.0,10.0,Inner33,4995,4996,4995.0,differentia=8+policy=RecencyProportionalResolution+target=4096,<function upgma at 0x7f96503dc550>
1767,53,53,[52],4995.0,0.0,Inner30,4995,4996,4995.0,differentia=8+policy=RecencyProportionalResolution+target=4096,<function upgma at 0x7f96503dc550>
1768,54,54,[53],4998.0,3.0,316423,4998,4999,4998.0,differentia=8+policy=RecencyProportionalResolution+target=4096,<function upgma at 0x7f96503dc550>
1769,55,55,[53],5001.0,6.0,316603,5001,5002,5001.0,differentia=8+policy=RecencyProportionalResolution+target=4096,<function upgma at 0x7f96503dc550>
1770,56,56,[52],4997.0,2.0,Inner29,4997,4998,4997.0,differentia=8+policy=RecencyProportionalResolution+target=4096,<function upgma at 0x7f96503dc550>
1771,57,57,[56],4999.0,2.0,Inner5,4999,5000,4999.0,differentia=8+policy=RecencyProportionalResolution+target=4096,<function upgma at 0x7f96503dc550>
1772,58,58,[57],4999.0,0.0,Inner4,4999,5000,4999.0,differentia=8+policy=RecencyProportionalResolution+target=4096,<function upgma at 0x7f96503dc550>
1773,59,59,[58],5001.0,2.0,316583,5001,5002,5001.0,differentia=8+policy=RecencyProportionalResolution+target=4096,<function upgma at 0x7f96503dc550>
1774,60,60,[58],5001.0,2.0,316589,5001,5002,5001.0,differentia=8+policy=RecencyProportionalResolution+target=4096,<function upgma at 0x7f96503dc550>
1775,61,61,[57],5001.0,2.0,316613,5001,5002,5001.0,differentia=8+policy=RecencyProportionalResolution+target=4096,<function upgma at 0x7f96503dc550>
1776,62,62,[56],5001.0,4.0,316621,5001,5002,5001.0,differentia=8+policy=RecencyProportionalResolution+target=4096,<function upgma at 0x7f96503dc550>
1777,63,63,[49],4989.0,6.0,Inner55,4989,4990,4989.0,differentia=8+policy=RecencyProportionalResolution+target=4096,<function upgma at 0x7f96503dc550>
1778,64,64,[63],4993.0,4.0,Inner46,4993,4994,4993.0,differentia=8+policy=RecencyProportionalResolution+target=4096,<function upgma at 0x7f96503dc550>
1779,65,65,[64],4997.0,4.0,Inner28,4997,4998,4997.0,differentia=8+policy=RecencyProportionalResolution+target=4096,<function upgma at 0x7f96503dc550>
1780,66,66,[65],5001.0,4.0,316593,5001,5002,5001.0,differentia=8+policy=RecencyProportionalResolution+target=4096,<function upgma at 0x7f96503dc550>
1781,67,67,[65],5001.0,4.0,316601,5001,5002,5001.0,differentia=8+policy=RecencyProportionalResolution+target=4096,<function upgma at 0x7f96503dc550>
1782,68,68,[64],4997.0,4.0,Inner24,4997,4998,4997.0,differentia=8+policy=RecencyProportionalResolution+target=4096,<function upgma at 0x7f96503dc550>
1783,69,69,[68],5000.0,3.0,316540,5000,5001,5000.0,differentia=8+policy=RecencyProportionalResolution+target=4096,<function upgma at 0x7f96503dc550>
1784,70,70,[68],5001.0,4.0,316630,5001,5002,5001.0,differentia=8+policy=RecencyProportionalResolution+target=4096,<function upgma at 0x7f96503dc550>
1785,71,71,[63],4996.0,7.0,Inner32,4996,4997,4996.0,differentia=8+policy=RecencyProportionalResolution+target=4096,<function upgma at 0x7f96503dc550>
1786,72,72,[71],4997.0,1.0,Inner23,4997,4998,4997.0,differentia=8+policy=RecencyProportionalResolution+target=4096,<function upgma at 0x7f96503dc550>
1787,73,73,[72],5000.0,3.0,316567,5000,5001,5000.0,differentia=8+policy=RecencyProportionalResolution+target=4096,<function upgma at 0x7f96503dc550>
1788,74,74,[72],5001.0,4.0,316579,5001,5002,5001.0,differentia=8+policy=RecencyProportionalResolution+target=4096,<function upgma at 0x7f96503dc550>
1789,75,75,[71],4998.0,2.0,Inner13,4998,4999,4998.0,differentia=8+policy=RecencyProportionalResolution+target=4096,<function upgma at 0x7f96503dc550>
1790,76,76,[75],5001.0,3.0,316609,5001,5002,5001.0,differentia=8+policy=RecencyProportionalResolution+target=4096,<function upgma at 0x7f96503dc550>
1791,77,77,[75],5001.0,3.0,316631,5001,5002,5001.0,differentia=8+policy=RecencyProportionalResolution+target=4096,<function upgma at 0x7f96503dc550>
1792,78,78,[38],4952.0,71.0,Inner68,4952,4953,4952.0,differentia=8+policy=RecencyProportionalResolution+target=4096,<function upgma at 0x7f96503dc550>
1793,79,79,[78],4973.0,21.0,Inner65,4973,4974,4973.0,differentia=8+policy=RecencyProportionalResolution+target=4096,<function upgma at 0x7f96503dc550>
1794,80,80,[79],4975.0,2.0,Inner64,4975,4976,4975.0,differentia=8+policy=RecencyProportionalResolution+target=4096,<function upgma at 0x7f96503dc550>
1795,81,81,[80],4987.0,12.0,Inner56,4987,4988,4987.0,differentia=8+policy=RecencyProportionalResolution+target=4096,<function upgma at 0x7f96503dc550>
1796,82,82,[81],4992.0,5.0,Inner49,4992,4993,4992.0,differentia=8+policy=RecencyProportionalResolution+target=4096,<function upgma at 0x7f96503dc550>
1797,83,83,[82],5000.0,8.0,316578,5000,5001,5000.0,differentia=8+policy=RecencyProportionalResolution+target=4096,<function upgma at 0x7f96503dc550>
1798,84,84,[82],5001.0,9.0,316619,5001,5002,5001.0,differentia=8+policy=RecencyProportionalResolution+target=4096,<function upgma at 0x7f96503dc550>
1799,85,85,[81],4995.0,8.0,Inner39,4995,4996,4995.0,differentia=8+policy=RecencyProportionalResolution+target=4096,<function upgma at 0x7f96503dc550>
1800,86,86,[85],4995.0,0.0,Inner38,4995,4996,4995.0,differentia=8+policy=RecencyProportionalResolution+target=4096,<function upgma at 0x7f96503dc550>
1801,87,87,[86],5001.0,6.0,316600,5001,5002,5001.0,differentia=8+policy=RecencyProportionalResolution+target=4096,<function upgma at 0x7f96503dc550>
1802,88,88,[86],4999.0,4.0,Inner6,4999,5000,4999.0,differentia=8+policy=RecencyProportionalResolution+target=4096,<function upgma at 0x7f96503dc550>
1803,89,89,[88],5001.0,2.0,316587,5001,5002,5001.0,differentia=8+policy=RecencyProportionalResolution+target=4096,<function upgma at 0x7f96503dc550>
1804,90,90,[88],5001.0,2.0,316616,5001,5002,5001.0,differentia=8+policy=RecencyProportionalResolution+target=4096,<function upgma at 0x7f96503dc550>
1805,91,91,[85],4998.0,3.0,Inner17,4998,4999,4998.0,differentia=8+policy=RecencyProportionalResolution+target=4096,<function upgma at 0x7f96503dc550>
1806,92,92,[91],4998.0,0.0,Inner16,4998,4999,4998.0,differentia=8+policy=RecencyProportionalResolution+target=4096,<function upgma at 0x7f96503dc550>
1807,93,93,[92],5001.0,3.0,316595,5001,5002,5001.0,differentia=8+policy=RecencyProportionalResolution+target=4096,<function upgma at 0x7f96503dc550>
1808,94,94,[92],4998.0,0.0,Inner15,4998,4999,4998.0,differentia=8+policy=RecencyProportionalResolution+target=4096,<function upgma at 0x7f96503dc550>
1809,95,95,[94],5001.0,3.0,316588,5001,5002,5001.0,differentia=8+policy=RecencyProportionalResolution+target=4096,<function upgma at 0x7f96503dc550>
1810,96,96,[94],5001.0,3.0,316604,5001,5002,5001.0,differentia=8+policy=RecencyProportionalResolution+target=4096,<function upgma at 0x7f96503dc550>
1811,97,97,[91],5001.0,3.0,316624,5001,5002,5001.0,differentia=8+policy=RecencyProportionalResolution+target=4096,<function upgma at 0x7f96503dc550>
1812,98,98,[80],4996.0,21.0,Inner31,4996,4997,4996.0,differentia=8+policy=RecencyProportionalResolution+target=4096,<function upgma at 0x7f96503dc550>
1813,99,99,[98],5000.0,4.0,316577,5000,5001,5000.0,differentia=8+policy=RecencyProportionalResolution+target=4096,<function upgma at 0x7f96503dc550>
1814,100,100,[98],4998.0,2.0,Inner14,4998,4999,4998.0,differentia=8+policy=RecencyProportionalResolution+target=4096,<function upgma at 0x7f96503dc550>
1815,101,101,[100],5001.0,3.0,316586,5001,5002,5001.0,differentia=8+policy=RecencyProportionalResolution+target=4096,<function upgma at 0x7f96503dc550>
1816,102,102,[100],5001.0,3.0,316632,5001,5002,5001.0,differentia=8+policy=RecencyProportionalResolution+target=4096,<function upgma at 0x7f96503dc550>
1817,103,103,[79],4980.0,7.0,Inner62,4980,4981,4980.0,differentia=8+policy=RecencyProportionalResolution+target=4096,<function upgma at 0x7f96503dc550>
1818,104,104,[103],4991.0,11.0,Inner52,4991,4992,4991.0,differentia=8+policy=RecencyProportionalResolution+target=4096,<function upgma at 0x7f96503dc550>
1819,105,105,[104],4992.0,1.0,Inner50,4992,4993,4992.0,differentia=8+policy=RecencyProportionalResolution+target=4096,<function upgma at 0x7f96503dc550>
1820,106,106,[105],4995.0,3.0,Inner34,4995,4996,4995.0,differentia=8+policy=RecencyProportionalResolution+target=4096,<function upgma at 0x7f96503dc550>
1821,107,107,[106],5000.0,5.0,316564,5000,5001,5000.0,differentia=8+policy=RecencyProportionalResolution+target=4096,<function upgma at 0x7f96503dc550>
1822,108,108,[106],5001.0,6.0,316594,5001,5002,5001.0,differentia=8+policy=RecencyProportionalResolution+target=4096,<function upgma at 0x7f96503dc550>
1823,109,109,[105],4997.0,5.0,Inner27,4997,4998,4997.0,differentia=8+policy=RecencyProportionalResolution+target=4096,<function upgma at 0x7f96503dc550>
1824,110,110,[109],5001.0,4.0,316611,5001,5002,5001.0,differentia=8+policy=RecencyProportionalResolution+target=4096,<function upgma at 0x7f96503dc550>
1825,111,111,[109],4997.0,0.0,Inner26,4997,4998,4997.0,differentia=8+policy=RecencyProportionalResolution+target=4096,<function upgma at 0x7f96503dc550>
1826,112,112,[111],5001.0,4.0,316598,5001,5002,5001.0,differentia=8+policy=RecencyProportionalResolution+target=4096,<function upgma at 0x7f96503dc550>
1827,113,113,[111],4997.0,0.0,Inner25,4997,4998,4997.0,differentia=8+policy=RecencyProportionalResolution+target=4096,<function upgma at 0x7f96503dc550>
1828,114,114,[113],5000.0,3.0,316541,5000,5001,5000.0,differentia=8+policy=RecencyProportionalResolution+target=4096,<function upgma at 0x7f96503dc550>
1829,115,115,[113],4999.0,2.0,Inner8,4999,5000,4999.0,differentia=8+policy=RecencyProportionalResolution+target=4096,<function upgma at 0x7f96503dc550>
1830,116,116,[115],5001.0,2.0,316590,5001,5002,5001.0,differentia=8+policy=RecencyProportionalResolution+target=4096,<function upgma at 0x7f96503dc550>
1831,117,117,[115],4999.0,0.0,Inner7,4999,5000,4999.0,differentia=8+policy=RecencyProportionalResolution+target=4096,<function upgma at 0x7f96503dc550>
1832,118,118,[117],5001.0,2.0,316581,5001,5002,5001.0,differentia=8+policy=RecencyProportionalResolution+target=4096,<function upgma at 0x7f96503dc550>
1833,119,119,[117],5001.0,2.0,316617,5001,5002,5001.0,differentia=8+policy=RecencyProportionalResolution+target=4096,<function upgma at 0x7f96503dc550>
1834,120,120,[104],4992.0,1.0,Inner51,4992,4993,4992.0,differentia=8+policy=RecencyProportionalResolution+target=4096,<function upgma at 0x7f96503dc550>
1835,121,121,[120],5001.0,9.0,316585,5001,5002,5001.0,differentia=8+policy=RecencyProportionalResolution+target=4096,<function upgma at 0x7f96503dc550>
1836,122,122,[120],4994.0,2.0,Inner44,4994,4995,4994.0,differentia=8+policy=RecencyProportionalResolution+target=4096,<function upgma at 0x7f96503dc550>
1837,123,123,[122],4995.0,1.0,Inner40,4995,4996,4995.0,differentia=8+policy=RecencyProportionalResolution+target=4096,<function upgma at 0x7f96503dc550>
1838,124,124,[123],5001.0,6.0,316625,5001,5002,5001.0,differentia=8+policy=RecencyProportionalResolution+target=4096,<function upgma at 0x7f96503dc550>
1839,125,125,[123],5001.0,6.0,316626,5001,5002,5001.0,differentia=8+policy=RecencyProportionalResolution+target=4096,<function upgma at 0x7f96503dc550>
1840,126,126,[122],5001.0,7.0,316628,5001,5002,5001.0,differentia=8+policy=RecencyProportionalResolution+target=4096,<function upgma at 0x7f96503dc550>
1841,127,127,[103],4994.0,14.0,Inner45,4994,4995,4994.0,differentia=8+policy=RecencyProportionalResolution+target=4096,<function upgma at 0x7f96503dc550>
1842,128,128,[127],5001.0,7.0,316591,5001,5002,5001.0,differentia=8+policy=RecencyProportionalResolution+target=4096,<function upgma at 0x7f96503dc550>
1843,129,129,[127],4998.0,4.0,Inner18,4998,4999,4998.0,differentia=8+policy=RecencyProportionalResolution+target=4096,<function upgma at 0x7f96503dc550>
1844,130,130,[129],5001.0,3.0,316612,5001,5002,5001.0,differentia=8+policy=RecencyProportionalResolution+target=4096,<function upgma at 0x7f96503dc550>
1845,131,131,[129],5001.0,3.0,316633,5001,5002,5001.0,differentia=8+policy=RecencyProportionalResolution+target=4096,<function upgma at 0x7f96503dc550>
1846,132,132,[78],4990.0,38.0,Inner54,4990,4991,4990.0,differentia=8+policy=RecencyProportionalResolution+target=4096,<function upgma at 0x7f96503dc550>
1847,133,133,[132],5001.0,11.0,316610,5001,5002,5001.0,differentia=8+policy=RecencyProportionalResolution+target=4096,<function upgma at 0x7f96503dc550>
1848,134,134,[132],4995.0,5.0,Inner37,4995,4996,4995.0,differentia=8+policy=RecencyProportionalResolution+target=4096,<function upgma at 0x7f96503dc550>
1849,135,135,[134],4995.0,0.0,Inner35,4995,4996,4995.0,differentia=8+policy=RecencyProportionalResolution+target=4096,<function upgma at 0x7f96503dc550>
1850,136,136,[135],5000.0,5.0,316552,5000,5001,5000.0,differentia=8+policy=RecencyProportionalResolution+target=4096,<function upgma at 0x7f96503dc550>
1851,137,137,[135],4998.0,3.0,Inner19,4998,4999,4998.0,differentia=8+policy=RecencyProportionalResolution+target=4096,<function upgma at 0x7f96503dc550>
1852,138,138,[137],5001.0,3.0,316597,5001,5002,5001.0,differentia=8+policy=RecencyProportionalResolution+target=4096,<function upgma at 0x7f96503dc550>
1853,139,139,[137],5001.0,3.0,316627,5001,5002,5001.0,differentia=8+policy=RecencyProportionalResolution+target=4096,<function upgma at 0x7f96503dc550>
1854,140,140,[134],4998.0,3.0,Inner20,4998,4999,4998.0,differentia=8+policy=RecencyProportionalResolution+target=4096,<function upgma at 0x7f96503dc550>
1855,141,141,[140],5001.0,3.0,316596,5001,5002,5001.0,differentia=8+policy=RecencyProportionalResolution+target=4096,<function upgma at 0x7f96503dc550>
1856,142,142,[140],5001.0,3.0,316635,5001,5002,5001.0,differentia=8+policy=RecencyProportionalResolution+target=4096,<function upgma at 0x7f96503dc550>
1857,0,0,[None],4783.5,4783.5,Inner71,4768,4800,4783.5,differentia=8+policy=RecencyProportionalResolution+target=512,<function upgma at 0x7f96503dc550>
1858,1,1,[0],4947.5,164.0,Inner69,4944,4952,4947.5,differentia=8+policy=RecencyProportionalResolution+target=512,<function upgma at 0x7f96503dc550>
1859,2,2,[1],4992.0,44.5,Inner48,4992,4993,4992.0,differentia=8+policy=RecencyProportionalResolution+target=512,<function upgma at 0x7f96503dc550>
1860,3,3,[2],4993.0,1.0,Inner41,4993,4994,4993.0,differentia=8+policy=RecencyProportionalResolution+target=512,<function upgma at 0x7f96503dc550>
1861,4,4,[3],4998.0,5.0,316382,4998,4999,4998.0,differentia=8+policy=RecencyProportionalResolution+target=512,<function upgma at 0x7f96503dc550>
1862,5,5,[3],5001.0,8.0,316607,5001,5002,5001.0,differentia=8+policy=RecencyProportionalResolution+target=512,<function upgma at 0x7f96503dc550>
1863,6,6,[2],5001.0,9.0,316622,5001,5002,5001.0,differentia=8+policy=RecencyProportionalResolution+target=512,<function upgma at 0x7f96503dc550>
1864,7,7,[1],4965.5,18.0,Inner67,4964,4968,4965.5,differentia=8+policy=RecencyProportionalResolution+target=512,<function upgma at 0x7f96503dc550>
1865,8,8,[7],4977.5,12.0,Inner63,4976,4980,4977.5,differentia=8+policy=RecencyProportionalResolution+target=512,<function upgma at 0x7f96503dc550>
1866,9,9,[8],4998.0,20.5,Inner11,4998,4999,4998.0,differentia=8+policy=RecencyProportionalResolution+target=512,<function upgma at 0x7f96503dc550>
1867,10,10,[9],5001.0,3.0,316580,5001,5002,5001.0,differentia=8+policy=RecencyProportionalResolution+target=512,<function upgma at 0x7f96503dc550>
1868,11,11,[9],5001.0,3.0,316599,5001,5002,5001.0,differentia=8+policy=RecencyProportionalResolution+target=512,<function upgma at 0x7f96503dc550>
1869,12,12,[8],4995.0,17.5,Inner36,4995,4996,4995.0,differentia=8+policy=RecencyProportionalResolution+target=512,<function upgma at 0x7f96503dc550>
1870,13,13,[12],5001.0,6.0,316615,5001,5002,5001.0,differentia=8+policy=RecencyProportionalResolution+target=512,<function upgma at 0x7f96503dc550>
1871,14,14,[12],4997.0,2.0,Inner21,4997,4998,4997.0,differentia=8+policy=RecencyProportionalResolution+target=512,<function upgma at 0x7f96503dc550>
1872,15,15,[14],4997.0,0.0,Inner10,4997,4998,4997.0,differentia=8+policy=RecencyProportionalResolution+target=512,<function upgma at 0x7f96503dc550>
1873,16,16,[15],4999.0,2.0,316484,4999,5000,4999.0,differentia=8+policy=RecencyProportionalResolution+target=512,<function upgma at 0x7f96503dc550>
1874,17,17,[15],4998.0,1.0,Inner9,4998,4999,4998.0,differentia=8+policy=RecencyProportionalResolution+target=512,<function upgma at 0x7f96503dc550>
1875,18,18,[17],5000.0,2.0,316544,5000,5001,5000.0,differentia=8+policy=RecencyProportionalResolution+target=512,<function upgma at 0x7f96503dc550>
1876,19,19,[17],5001.0,3.0,316605,5001,5002,5001.0,differentia=8+policy=RecencyProportionalResolution+target=512,<function upgma at 0x7f96503dc550>
1877,20,20,[14],4998.0,1.0,Inner12,4998,4999,4998.0,differentia=8+policy=RecencyProportionalResolution+target=512,<function upgma at 0x7f96503dc550>
1878,21,21,[20],5001.0,3.0,316614,5001,5002,5001.0,differentia=8+policy=RecencyProportionalResolution+target=512,<function upgma at 0x7f96503dc550>
1879,22,22,[20],5001.0,3.0,316629,5001,5002,5001.0,differentia=8+policy=RecencyProportionalResolution+target=512,<function upgma at 0x7f96503dc550>
1880,23,23,[7],4973.5,8.0,Inner64,4972,4976,4973.5,differentia=8+policy=RecencyProportionalResolution+target=512,<function upgma at 0x7f96503dc550>
1881,24,24,[23],5000.0,26.5,316562,5000,5001,5000.0,differentia=8+policy=RecencyProportionalResolution+target=512,<function upgma at 0x7f96503dc550>
1882,25,25,[23],4980.5,7.0,Inner60,4980,4982,4980.5,differentia=8+policy=RecencyProportionalResolution+target=512,<function upgma at 0x7f96503dc550>
1883,26,26,[25],5001.0,20.5,316602,5001,5002,5001.0,differentia=8+policy=RecencyProportionalResolution+target=512,<function upgma at 0x7f96503dc550>
1884,27,27,[25],4980.5,0.0,Inner59,4980,4982,4980.5,differentia=8+policy=RecencyProportionalResolution+target=512,<function upgma at 0x7f96503dc550>
1885,28,28,[27],4997.0,16.5,Inner22,4997,4998,4997.0,differentia=8+policy=RecencyProportionalResolution+target=512,<function upgma at 0x7f96503dc550>
1886,29,29,[28],4998.0,1.0,Inner1,4998,4999,4998.0,differentia=8+policy=RecencyProportionalResolution+target=512,<function upgma at 0x7f96503dc550>
1887,30,30,[29],5000.0,2.0,316570,5000,5001,5000.0,differentia=8+policy=RecencyProportionalResolution+target=512,<function upgma at 0x7f96503dc550>
1888,31,31,[29],5000.0,2.0,316574,5000,5001,5000.0,differentia=8+policy=RecencyProportionalResolution+target=512,<function upgma at 0x7f96503dc550>
1889,32,32,[28],5001.0,4.0,316582,5001,5002,5001.0,differentia=8+policy=RecencyProportionalResolution+target=512,<function upgma at 0x7f96503dc550>
1890,33,33,[27],4990.0,9.5,Inner53,4990,4991,4990.0,differentia=8+policy=RecencyProportionalResolution+target=512,<function upgma at 0x7f96503dc550>
1891,34,34,[33],4992.0,2.0,Inner47,4992,4993,4992.0,differentia=8+policy=RecencyProportionalResolution+target=512,<function upgma at 0x7f96503dc550>
1892,35,35,[34],4999.0,7.0,316516,4999,5000,4999.0,differentia=8+policy=RecencyProportionalResolution+target=512,<function upgma at 0x7f96503dc550>
1893,36,36,[34],5001.0,9.0,316620,5001,5002,5001.0,differentia=8+policy=RecencyProportionalResolution+target=512,<function upgma at 0x7f96503dc550>
1894,37,37,[33],5001.0,11.0,316634,5001,5002,5001.0,differentia=8+policy=RecencyProportionalResolution+target=512,<function upgma at 0x7f96503dc550>
1895,38,38,[0],4887.5,104.0,Inner70,4880,4896,4887.5,differentia=8+policy=RecencyProportionalResolution+target=512,<function upgma at 0x7f96503dc550>
1896,39,39,[38],4980.5,93.0,Inner61,4980,4982,4980.5,differentia=8+policy=RecencyProportionalResolution+target=512,<function upgma at 0x7f96503dc550>
1897,40,40,[39],4994.0,13.5,Inner43,4994,4995,4994.0,differentia=8+policy=RecencyProportionalResolution+target=512,<function upgma at 0x7f96503dc550>
1898,41,41,[40],4999.0,5.0,Inner3,4999,5000,4999.0,differentia=8+policy=RecencyProportionalResolution+target=512,<function upgma at 0x7f96503dc550>
1899,42,42,[41],5001.0,2.0,316592,5001,5002,5001.0,differentia=8+policy=RecencyProportionalResolution+target=512,<function upgma at 0x7f96503dc550>
1900,43,43,[41],5001.0,2.0,316608,5001,5002,5001.0,differentia=8+policy=RecencyProportionalResolution+target=512,<function upgma at 0x7f96503dc550>
1901,44,44,[40],4994.0,0.0,Inner42,4994,4995,4994.0,differentia=8+policy=RecencyProportionalResolution+target=512,<function upgma at 0x7f96503dc550>
1902,45,45,[44],5001.0,7.0,316584,5001,5002,5001.0,differentia=8+policy=RecencyProportionalResolution+target=512,<function upgma at 0x7f96503dc550>
1903,46,46,[44],4999.0,5.0,Inner2,4999,5000,4999.0,differentia=8+policy=RecencyProportionalResolution+target=512,<function upgma at 0x7f96503dc550>
1904,47,47,[46],5001.0,2.0,316618,5001,5002,5001.0,differentia=8+policy=RecencyProportionalResolution+target=512,<function upgma at 0x7f96503dc550>
1905,48,48,[46],5001.0,2.0,316623,5001,5002,5001.0,differentia=8+policy=RecencyProportionalResolution+target=512,<function upgma at 0x7f96503dc550>
1906,49,49,[39],4982.5,2.0,Inner58,4982,4984,4982.5,differentia=8+policy=RecencyProportionalResolution+target=512,<function upgma at 0x7f96503dc550>
1907,50,50,[49],4984.5,2.0,Inner57,4984,4986,4984.5,differentia=8+policy=RecencyProportionalResolution+target=512,<function upgma at 0x7f96503dc550>
1908,51,51,[50],5001.0,16.5,316606,5001,5002,5001.0,differentia=8+policy=RecencyProportionalResolution+target=512,<function upgma at 0x7f96503dc550>
1909,52,52,[50],4995.0,10.5,Inner33,4995,4996,4995.0,differentia=8+policy=RecencyProportionalResolution+target=512,<function upgma at 0x7f96503dc550>
1910,53,53,[52],4995.0,0.0,Inner30,4995,4996,4995.0,differentia=8+policy=RecencyProportionalResolution+target=512,<function upgma at 0x7f96503dc550>
1911,54,54,[53],4998.0,3.0,316423,4998,4999,4998.0,differentia=8+policy=RecencyProportionalResolution+target=512,<function upgma at 0x7f96503dc550>
1912,55,55,[53],5001.0,6.0,316603,5001,5002,5001.0,differentia=8+policy=RecencyProportionalResolution+target=512,<function upgma at 0x7f96503dc550>
1913,56,56,[52],4997.0,2.0,Inner29,4997,4998,4997.0,differentia=8+policy=RecencyProportionalResolution+target=512,<function upgma at 0x7f96503dc550>
1914,57,57,[56],4999.0,2.0,Inner5,4999,5000,4999.0,differentia=8+policy=RecencyProportionalResolution+target=512,<function upgma at 0x7f96503dc550>
1915,58,58,[57],4999.0,0.0,Inner4,4999,5000,4999.0,differentia=8+policy=RecencyProportionalResolution+target=512,<function upgma at 0x7f96503dc550>
1916,59,59,[58],5001.0,2.0,316583,5001,5002,5001.0,differentia=8+policy=RecencyProportionalResolution+target=512,<function upgma at 0x7f96503dc550>
1917,60,60,[58],5001.0,2.0,316589,5001,5002,5001.0,differentia=8+policy=RecencyProportionalResolution+target=512,<function upgma at 0x7f96503dc550>
1918,61,61,[57],5001.0,2.0,316613,5001,5002,5001.0,differentia=8+policy=RecencyProportionalResolution+target=512,<function upgma at 0x7f96503dc550>
1919,62,62,[56],5001.0,4.0,316621,5001,5002,5001.0,differentia=8+policy=RecencyProportionalResolution+target=512,<function upgma at 0x7f96503dc550>
1920,63,63,[49],4989.0,6.5,Inner55,4989,4990,4989.0,differentia=8+policy=RecencyProportionalResolution+target=512,<function upgma at 0x7f96503dc550>
1921,64,64,[63],4993.0,4.0,Inner46,4993,4994,4993.0,differentia=8+policy=RecencyProportionalResolution+target=512,<function upgma at 0x7f96503dc550>
1922,65,65,[64],4997.0,4.0,Inner28,4997,4998,4997.0,differentia=8+policy=RecencyProportionalResolution+target=512,<function upgma at 0x7f96503dc550>
1923,66,66,[65],5001.0,4.0,316593,5001,5002,5001.0,differentia=8+policy=RecencyProportionalResolution+target=512,<function upgma at 0x7f96503dc550>
1924,67,67,[65],5001.0,4.0,316601,5001,5002,5001.0,differentia=8+policy=RecencyProportionalResolution+target=512,<function upgma at 0x7f96503dc550>
1925,68,68,[64],4997.0,4.0,Inner24,4997,4998,4997.0,differentia=8+policy=RecencyProportionalResolution+target=512,<function upgma at 0x7f96503dc550>
1926,69,69,[68],5000.0,3.0,316540,5000,5001,5000.0,differentia=8+policy=RecencyProportionalResolution+target=512,<function upgma at 0x7f96503dc550>
1927,70,70,[68],5001.0,4.0,316630,5001,5002,5001.0,differentia=8+policy=RecencyProportionalResolution+target=512,<function upgma at 0x7f96503dc550>
1928,71,71,[63],4996.0,7.0,Inner32,4996,4997,4996.0,differentia=8+policy=RecencyProportionalResolution+target=512,<function upgma at 0x7f96503dc550>
1929,72,72,[71],4997.0,1.0,Inner23,4997,4998,4997.0,differentia=8+policy=RecencyProportionalResolution+target=512,<function upgma at 0x7f96503dc550>
1930,73,73,[72],5000.0,3.0,316567,5000,5001,5000.0,differentia=8+policy=RecencyProportionalResolution+target=512,<function upgma at 0x7f96503dc550>
1931,74,74,[72],5001.0,4.0,316579,5001,5002,5001.0,differentia=8+policy=RecencyProportionalResolution+target=512,<function upgma at 0x7f96503dc550>
1932,75,75,[71],4998.0,2.0,Inner13,4998,4999,4998.0,differentia=8+policy=RecencyProportionalResolution+target=512,<function upgma at 0x7f96503dc550>
1933,76,76,[75],5001.0,3.0,316609,5001,5002,5001.0,differentia=8+policy=RecencyProportionalResolution+target=512,<function upgma at 0x7f96503dc550>
1934,77,77,[75],5001.0,3.0,316631,5001,5002,5001.0,differentia=8+policy=RecencyProportionalResolution+target=512,<function upgma at 0x7f96503dc550>
1935,78,78,[38],4953.5,66.0,Inner68,4952,4956,4953.5,differentia=8+policy=RecencyProportionalResolution+target=512,<function upgma at 0x7f96503dc550>
1936,79,79,[78],4973.5,20.0,Inner66,4972,4976,4973.5,differentia=8+policy=RecencyProportionalResolution+target=512,<function upgma at 0x7f96503dc550>
1937,80,80,[79],4973.5,0.0,Inner65,4972,4976,4973.5,differentia=8+policy=RecencyProportionalResolution+target=512,<function upgma at 0x7f96503dc550>
1938,81,81,[80],4986.5,13.0,Inner56,4986,4988,4986.5,differentia=8+policy=RecencyProportionalResolution+target=512,<function upgma at 0x7f96503dc550>
1939,82,82,[81],4992.0,5.5,Inner49,4992,4993,4992.0,differentia=8+policy=RecencyProportionalResolution+target=512,<function upgma at 0x7f96503dc550>
1940,83,83,[82],5000.0,8.0,316578,5000,5001,5000.0,differentia=8+policy=RecencyProportionalResolution+target=512,<function upgma at 0x7f96503dc550>
1941,84,84,[82],5001.0,9.0,316619,5001,5002,5001.0,differentia=8+policy=RecencyProportionalResolution+target=512,<function upgma at 0x7f96503dc550>
1942,85,85,[81],4995.0,8.5,Inner39,4995,4996,4995.0,differentia=8+policy=RecencyProportionalResolution+target=512,<function upgma at 0x7f96503dc550>
1943,86,86,[85],4995.0,0.0,Inner38,4995,4996,4995.0,differentia=8+policy=RecencyProportionalResolution+target=512,<function upgma at 0x7f96503dc550>
1944,87,87,[86],5001.0,6.0,316600,5001,5002,5001.0,differentia=8+policy=RecencyProportionalResolution+target=512,<function upgma at 0x7f96503dc550>
1945,88,88,[86],4999.0,4.0,Inner6,4999,5000,4999.0,differentia=8+policy=RecencyProportionalResolution+target=512,<function upgma at 0x7f96503dc550>
1946,89,89,[88],5001.0,2.0,316587,5001,5002,5001.0,differentia=8+policy=RecencyProportionalResolution+target=512,<function upgma at 0x7f96503dc550>
1947,90,90,[88],5001.0,2.0,316616,5001,5002,5001.0,differentia=8+policy=RecencyProportionalResolution+target=512,<function upgma at 0x7f96503dc550>
1948,91,91,[85],4998.0,3.0,Inner17,4998,4999,4998.0,differentia=8+policy=RecencyProportionalResolution+target=512,<function upgma at 0x7f96503dc550>
1949,92,92,[91],4998.0,0.0,Inner16,4998,4999,4998.0,differentia=8+policy=RecencyProportionalResolution+target=512,<function upgma at 0x7f96503dc550>
1950,93,93,[92],5001.0,3.0,316595,5001,5002,5001.0,differentia=8+policy=RecencyProportionalResolution+target=512,<function upgma at 0x7f96503dc550>
1951,94,94,[92],4998.0,0.0,Inner15,4998,4999,4998.0,differentia=8+policy=RecencyProportionalResolution+target=512,<function upgma at 0x7f96503dc550>
1952,95,95,[94],5001.0,3.0,316588,5001,5002,5001.0,differentia=8+policy=RecencyProportionalResolution+target=512,<function upgma at 0x7f96503dc550>
1953,96,96,[94],5001.0,3.0,316604,5001,5002,5001.0,differentia=8+policy=RecencyProportionalResolution+target=512,<function upgma at 0x7f96503dc550>
1954,97,97,[91],5001.0,3.0,316624,5001,5002,5001.0,differentia=8+policy=RecencyProportionalResolution+target=512,<function upgma at 0x7f96503dc550>
1955,98,98,[80],4996.0,22.5,Inner31,4996,4997,4996.0,differentia=8+policy=RecencyProportionalResolution+target=512,<function upgma at 0x7f96503dc550>
1956,99,99,[98],5000.0,4.0,316577,5000,5001,5000.0,differentia=8+policy=RecencyProportionalResolution+target=512,<function upgma at 0x7f96503dc550>
1957,100,100,[98],4998.0,2.0,Inner14,4998,4999,4998.0,differentia=8+policy=RecencyProportionalResolution+target=512,<function upgma at 0x7f96503dc550>
1958,101,101,[100],5001.0,3.0,316586,5001,5002,5001.0,differentia=8+policy=RecencyProportionalResolution+target=512,<function upgma at 0x7f96503dc550>
1959,102,102,[100],5001.0,3.0,316632,5001,5002,5001.0,differentia=8+policy=RecencyProportionalResolution+target=512,<function upgma at 0x7f96503dc550>
1960,103,103,[79],4980.5,7.0,Inner62,4980,4982,4980.5,differentia=8+policy=RecencyProportionalResolution+target=512,<function upgma at 0x7f96503dc550>
1961,104,104,[103],4991.0,10.5,Inner52,4991,4992,4991.0,differentia=8+policy=RecencyProportionalResolution+target=512,<function upgma at 0x7f96503dc550>
1962,105,105,[104],4992.0,1.0,Inner50,4992,4993,4992.0,differentia=8+policy=RecencyProportionalResolution+target=512,<function upgma at 0x7f96503dc550>
1963,106,106,[105],4995.0,3.0,Inner34,4995,4996,4995.0,differentia=8+policy=RecencyProportionalResolution+target=512,<function upgma at 0x7f96503dc550>
1964,107,107,[106],5000.0,5.0,316564,5000,5001,5000.0,differentia=8+policy=RecencyProportionalResolution+target=512,<function upgma at 0x7f96503dc550>
1965,108,108,[106],5001.0,6.0,316594,5001,5002,5001.0,differentia=8+policy=RecencyProportionalResolution+target=512,<function upgma at 0x7f96503dc550>
1966,109,109,[105],4997.0,5.0,Inner27,4997,4998,4997.0,differentia=8+policy=RecencyProportionalResolution+target=512,<function upgma at 0x7f96503dc550>
1967,110,110,[109],5001.0,4.0,316611,5001,5002,5001.0,differentia=8+policy=RecencyProportionalResolution+target=512,<function upgma at 0x7f96503dc550>
1968,111,111,[109],4997.0,0.0,Inner26,4997,4998,4997.0,differentia=8+policy=RecencyProportionalResolution+target=512,<function upgma at 0x7f96503dc550>
1969,112,112,[111],5001.0,4.0,316598,5001,5002,5001.0,differentia=8+policy=RecencyProportionalResolution+target=512,<function upgma at 0x7f96503dc550>
1970,113,113,[111],4997.0,0.0,Inner25,4997,4998,4997.0,differentia=8+policy=RecencyProportionalResolution+target=512,<function upgma at 0x7f96503dc550>
1971,114,114,[113],5000.0,3.0,316541,5000,5001,5000.0,differentia=8+policy=RecencyProportionalResolution+target=512,<function upgma at 0x7f96503dc550>
1972,115,115,[113],4999.0,2.0,Inner8,4999,5000,4999.0,differentia=8+policy=RecencyProportionalResolution+target=512,<function upgma at 0x7f96503dc550>
1973,116,116,[115],5001.0,2.0,316590,5001,5002,5001.0,differentia=8+policy=RecencyProportionalResolution+target=512,<function upgma at 0x7f96503dc550>
1974,117,117,[115],4999.0,0.0,Inner7,4999,5000,4999.0,differentia=8+policy=RecencyProportionalResolution+target=512,<function upgma at 0x7f96503dc550>
1975,118,118,[117],5001.0,2.0,316581,5001,5002,5001.0,differentia=8+policy=RecencyProportionalResolution+target=512,<function upgma at 0x7f96503dc550>
1976,119,119,[117],5001.0,2.0,316617,5001,5002,5001.0,differentia=8+policy=RecencyProportionalResolution+target=512,<function upgma at 0x7f96503dc550>
1977,120,120,[104],4992.0,1.0,Inner51,4992,4993,4992.0,differentia=8+policy=RecencyProportionalResolution+target=512,<function upgma at 0x7f96503dc550>
1978,121,121,[120],5001.0,9.0,316585,5001,5002,5001.0,differentia=8+policy=RecencyProportionalResolution+target=512,<function upgma at 0x7f96503dc550>
1979,122,122,[120],4994.0,2.0,Inner44,4994,4995,4994.0,differentia=8+policy=RecencyProportionalResolution+target=512,<function upgma at 0x7f96503dc550>
1980,123,123,[122],4995.0,1.0,Inner40,4995,4996,4995.0,differentia=8+policy=RecencyProportionalResolution+target=512,<function upgma at 0x7f96503dc550>
1981,124,124,[123],5001.0,6.0,316625,5001,5002,5001.0,differentia=8+policy=RecencyProportionalResolution+target=512,<function upgma at 0x7f96503dc550>
1982,125,125,[123],5001.0,6.0,316626,5001,5002,5001.0,differentia=8+policy=RecencyProportionalResolution+target=512,<function upgma at 0x7f96503dc550>
1983,126,126,[122],5001.0,7.0,316628,5001,5002,5001.0,differentia=8+policy=RecencyProportionalResolution+target=512,<function upgma at 0x7f96503dc550>
1984,127,127,[103],4994.0,13.5,Inner45,4994,4995,4994.0,differentia=8+policy=RecencyProportionalResolution+target=512,<function upgma at 0x7f96503dc550>
1985,128,128,[127],5001.0,7.0,316591,5001,5002,5001.0,differentia=8+policy=RecencyProportionalResolution+target=512,<function upgma at 0x7f96503dc550>
1986,129,129,[127],4998.0,4.0,Inner18,4998,4999,4998.0,differentia=8+policy=RecencyProportionalResolution+target=512,<function upgma at 0x7f96503dc550>
1987,130,130,[129],5001.0,3.0,316612,5001,5002,5001.0,differentia=8+policy=RecencyProportionalResolution+target=512,<function upgma at 0x7f96503dc550>
1988,131,131,[129],5001.0,3.0,316633,5001,5002,5001.0,differentia=8+policy=RecencyProportionalResolution+target=512,<function upgma at 0x7f96503dc550>
1989,132,132,[78],4990.0,36.5,Inner54,4990,4991,4990.0,differentia=8+policy=RecencyProportionalResolution+target=512,<function upgma at 0x7f96503dc550>
1990,133,133,[132],5001.0,11.0,316610,5001,5002,5001.0,differentia=8+policy=RecencyProportionalResolution+target=512,<function upgma at 0x7f96503dc550>
1991,134,134,[132],4995.0,5.0,Inner37,4995,4996,4995.0,differentia=8+policy=RecencyProportionalResolution+target=512,<function upgma at 0x7f96503dc550>
1992,135,135,[134],4995.0,0.0,Inner35,4995,4996,4995.0,differentia=8+policy=RecencyProportionalResolution+target=512,<function upgma at 0x7f96503dc550>
1993,136,136,[135],5000.0,5.0,316552,5000,5001,5000.0,differentia=8+policy=RecencyProportionalResolution+target=512,<function upgma at 0x7f96503dc550>
1994,137,137,[135],4998.0,3.0,Inner19,4998,4999,4998.0,differentia=8+policy=RecencyProportionalResolution+target=512,<function upgma at 0x7f96503dc550>
1995,138,138,[137],5001.0,3.0,316597,5001,5002,5001.0,differentia=8+policy=RecencyProportionalResolution+target=512,<function upgma at 0x7f96503dc550>
1996,139,139,[137],5001.0,3.0,316627,5001,5002,5001.0,differentia=8+policy=RecencyProportionalResolution+target=512,<function upgma at 0x7f96503dc550>
1997,140,140,[134],4998.0,3.0,Inner20,4998,4999,4998.0,differentia=8+policy=RecencyProportionalResolution+target=512,<function upgma at 0x7f96503dc550>
1998,141,141,[140],5001.0,3.0,316596,5001,5002,5001.0,differentia=8+policy=RecencyProportionalResolution+target=512,<function upgma at 0x7f96503dc550>
1999,142,142,[140],5001.0,3.0,316635,5001,5002,5001.0,differentia=8+policy=RecencyProportionalResolution+target=512,<function upgma at 0x7f96503dc550>
2000,0,0,[None],4735.5,4735.5,Inner71,4608,4864,4735.5,differentia=8+policy=RecencyProportionalResolution+target=64,<function upgma at 0x7f96503dc550>
2001,1,1,[0],4927.5,192.0,Inner64,4864,4992,4927.5,differentia=8+policy=RecencyProportionalResolution+target=64,<function upgma at 0x7f96503dc550>
2002,2,2,[1],4995.5,68.0,Inner36,4992,5000,4995.5,differentia=8+policy=RecencyProportionalResolution+target=64,<function upgma at 0x7f96503dc550>
2003,3,3,[2],5001.0,5.5,316580,5001,5002,5001.0,differentia=8+policy=RecencyProportionalResolution+target=64,<function upgma at 0x7f96503dc550>
2004,4,4,[2],5001.0,5.5,316599,5001,5002,5001.0,differentia=8+policy=RecencyProportionalResolution+target=64,<function upgma at 0x7f96503dc550>
2005,5,5,[1],4927.5,0.0,Inner62,4864,4992,4927.5,differentia=8+policy=RecencyProportionalResolution+target=64,<function upgma at 0x7f96503dc550>
2006,6,6,[5],4927.5,0.0,Inner58,4864,4992,4927.5,differentia=8+policy=RecencyProportionalResolution+target=64,<function upgma at 0x7f96503dc550>
2007,7,7,[6],5001.0,73.5,316602,5001,5002,5001.0,differentia=8+policy=RecencyProportionalResolution+target=64,<function upgma at 0x7f96503dc550>
2008,8,8,[6],4927.5,0.0,Inner55,4864,4992,4927.5,differentia=8+policy=RecencyProportionalResolution+target=64,<function upgma at 0x7f96503dc550>
2009,9,9,[8],4927.5,0.0,Inner54,4864,4992,4927.5,differentia=8+policy=RecencyProportionalResolution+target=64,<function upgma at 0x7f96503dc550>
2010,10,10,[9],4995.5,68.0,Inner5,4992,5000,4995.5,differentia=8+policy=RecencyProportionalResolution+target=64,<function upgma at 0x7f96503dc550>
2011,11,11,[10],4998.0,2.5,Inner1,4998,4999,4998.0,differentia=8+policy=RecencyProportionalResolution+target=64,<function upgma at 0x7f96503dc550>
2012,12,12,[11],5000.0,2.0,316570,5000,5001,5000.0,differentia=8+policy=RecencyProportionalResolution+target=64,<function upgma at 0x7f96503dc550>
2013,13,13,[11],5000.0,2.0,316574,5000,5001,5000.0,differentia=8+policy=RecencyProportionalResolution+target=64,<function upgma at 0x7f96503dc550>
2014,14,14,[10],5001.0,5.5,316582,5001,5002,5001.0,differentia=8+policy=RecencyProportionalResolution+target=64,<function upgma at 0x7f96503dc550>
2015,15,15,[9],4927.5,0.0,Inner53,4864,4992,4927.5,differentia=8+policy=RecencyProportionalResolution+target=64,<function upgma at 0x7f96503dc550>
2016,16,16,[15],4927.5,0.0,Inner52,4864,4992,4927.5,differentia=8+policy=RecencyProportionalResolution+target=64,<function upgma at 0x7f96503dc550>
2017,17,17,[16],5000.0,72.5,316562,5000,5001,5000.0,differentia=8+policy=RecencyProportionalResolution+target=64,<function upgma at 0x7f96503dc550>
2018,18,18,[16],4995.0,67.5,Inner4,4992,4999,4995.0,differentia=8+policy=RecencyProportionalResolution+target=64,<function upgma at 0x7f96503dc550>
2019,19,19,[18],4999.0,4.0,316516,4999,5000,4999.0,differentia=8+policy=RecencyProportionalResolution+target=64,<function upgma at 0x7f96503dc550>
2020,20,20,[18],5001.0,6.0,316620,5001,5002,5001.0,differentia=8+policy=RecencyProportionalResolution+target=64,<function upgma at 0x7f96503dc550>
2021,21,21,[15],4994.5,67.0,Inner15,4992,4998,4994.5,differentia=8+policy=RecencyProportionalResolution+target=64,<function upgma at 0x7f96503dc550>
2022,22,22,[21],5001.0,6.5,316607,5001,5002,5001.0,differentia=8+policy=RecencyProportionalResolution+target=64,<function upgma at 0x7f96503dc550>
2023,23,23,[21],4994.5,0.0,Inner3,4992,4998,4994.5,differentia=8+policy=RecencyProportionalResolution+target=64,<function upgma at 0x7f96503dc550>
2024,24,24,[23],4998.0,3.5,316382,4998,4999,4998.0,differentia=8+policy=RecencyProportionalResolution+target=64,<function upgma at 0x7f96503dc550>
2025,25,25,[23],5001.0,6.5,316622,5001,5002,5001.0,differentia=8+policy=RecencyProportionalResolution+target=64,<function upgma at 0x7f96503dc550>
2026,26,26,[8],4995.0,67.5,Inner32,4992,4999,4995.0,differentia=8+policy=RecencyProportionalResolution+target=64,<function upgma at 0x7f96503dc550>
2027,27,27,[26],4995.0,0.0,Inner24,4992,4999,4995.0,differentia=8+policy=RecencyProportionalResolution+target=64,<function upgma at 0x7f96503dc550>
2028,28,28,[27],5001.0,6.0,316614,5001,5002,5001.0,differentia=8+policy=RecencyProportionalResolution+target=64,<function upgma at 0x7f96503dc550>
2029,29,29,[27],4995.0,0.0,Inner16,4992,4999,4995.0,differentia=8+policy=RecencyProportionalResolution+target=64,<function upgma at 0x7f96503dc550>
2030,30,30,[29],5001.0,6.0,316605,5001,5002,5001.0,differentia=8+policy=RecencyProportionalResolution+target=64,<function upgma at 0x7f96503dc550>
2031,31,31,[29],4995.0,0.0,Inner6,4992,4999,4995.0,differentia=8+policy=RecencyProportionalResolution+target=64,<function upgma at 0x7f96503dc550>
2032,32,32,[31],4996.5,1.5,Inner2,4996,4998,4996.5,differentia=8+policy=RecencyProportionalResolution+target=64,<function upgma at 0x7f96503dc550>
2033,33,33,[32],4999.0,2.5,316484,4999,5000,4999.0,differentia=8+policy=RecencyProportionalResolution+target=64,<function upgma at 0x7f96503dc550>
2034,34,34,[32],5000.0,3.5,316544,5000,5001,5000.0,differentia=8+policy=RecencyProportionalResolution+target=64,<function upgma at 0x7f96503dc550>
2035,35,35,[31],5001.0,6.0,316615,5001,5002,5001.0,differentia=8+policy=RecencyProportionalResolution+target=64,<function upgma at 0x7f96503dc550>
2036,36,36,[26],5001.0,6.0,316629,5001,5002,5001.0,differentia=8+policy=RecencyProportionalResolution+target=64,<function upgma at 0x7f96503dc550>
2037,37,37,[5],5001.0,73.5,316634,5001,5002,5001.0,differentia=8+policy=RecencyProportionalResolution+target=64,<function upgma at 0x7f96503dc550>
2038,38,38,[0],4927.5,192.0,Inner70,4864,4992,4927.5,differentia=8+policy=RecencyProportionalResolution+target=64,<function upgma at 0x7f96503dc550>
2039,39,39,[38],5001.0,73.5,316610,5001,5002,5001.0,differentia=8+policy=RecencyProportionalResolution+target=64,<function upgma at 0x7f96503dc550>
2040,40,40,[38],4927.5,0.0,Inner69,4864,4992,4927.5,differentia=8+policy=RecencyProportionalResolution+target=64,<function upgma at 0x7f96503dc550>
2041,41,41,[40],4995.5,68.0,Inner51,4992,5000,4995.5,differentia=8+policy=RecencyProportionalResolution+target=64,<function upgma at 0x7f96503dc550>
2042,42,42,[41],4995.5,0.0,Inner50,4992,5000,4995.5,differentia=8+policy=RecencyProportionalResolution+target=64,<function upgma at 0x7f96503dc550>
2043,43,43,[42],5001.0,5.5,316591,5001,5002,5001.0,differentia=8+policy=RecencyProportionalResolution+target=64,<function upgma at 0x7f96503dc550>
2044,44,44,[42],5001.0,5.5,316612,5001,5002,5001.0,differentia=8+policy=RecencyProportionalResolution+target=64,<function upgma at 0x7f96503dc550>
2045,45,45,[41],5001.0,5.5,316633,5001,5002,5001.0,differentia=8+policy=RecencyProportionalResolution+target=64,<function upgma at 0x7f96503dc550>
2046,46,46,[40],4927.5,0.0,Inner68,4864,4992,4927.5,differentia=8+policy=RecencyProportionalResolution+target=64,<function upgma at 0x7f96503dc550>
2047,47,47,[46],4995.5,68.0,Inner49,4992,5000,4995.5,differentia=8+policy=RecencyProportionalResolution+target=64,<function upgma at 0x7f96503dc550>
2048,48,48,[47],5001.0,5.5,316585,5001,5002,5001.0,differentia=8+policy=RecencyProportionalResolution+target=64,<function upgma at 0x7f96503dc550>
2049,49,49,[47],4995.5,0.0,Inner48,4992,5000,4995.5,differentia=8+policy=RecencyProportionalResolution+target=64,<function upgma at 0x7f96503dc550>
2050,50,50,[49],4995.5,0.0,Inner47,4992,5000,4995.5,differentia=8+policy=RecencyProportionalResolution+target=64,<function upgma at 0x7f96503dc550>
2051,51,51,[50],5001.0,5.5,316625,5001,5002,5001.0,differentia=8+policy=RecencyProportionalResolution+target=64,<function upgma at 0x7f96503dc550>
2052,52,52,[50],5001.0,5.5,316626,5001,5002,5001.0,differentia=8+policy=RecencyProportionalResolution+target=64,<function upgma at 0x7f96503dc550>
2053,53,53,[49],5001.0,5.5,316628,5001,5002,5001.0,differentia=8+policy=RecencyProportionalResolution+target=64,<function upgma at 0x7f96503dc550>
2054,54,54,[46],4927.5,0.0,Inner67,4864,4992,4927.5,differentia=8+policy=RecencyProportionalResolution+target=64,<function upgma at 0x7f96503dc550>
2055,55,55,[54],4995.5,68.0,Inner46,4992,5000,4995.5,differentia=8+policy=RecencyProportionalResolution+target=64,<function upgma at 0x7f96503dc550>
2056,56,56,[55],4995.5,0.0,Inner45,4992,5000,4995.5,differentia=8+policy=RecencyProportionalResolution+target=64,<function upgma at 0x7f96503dc550>
2057,57,57,[56],5001.0,5.5,316595,5001,5002,5001.0,differentia=8+policy=RecencyProportionalResolution+target=64,<function upgma at 0x7f96503dc550>
2058,58,58,[56],4995.5,0.0,Inner44,4992,5000,4995.5,differentia=8+policy=RecencyProportionalResolution+target=64,<function upgma at 0x7f96503dc550>
2059,59,59,[58],5001.0,5.5,316604,5001,5002,5001.0,differentia=8+policy=RecencyProportionalResolution+target=64,<function upgma at 0x7f96503dc550>
2060,60,60,[58],4995.5,0.0,Inner43,4992,5000,4995.5,differentia=8+policy=RecencyProportionalResolution+target=64,<function upgma at 0x7f96503dc550>
2061,61,61,[60],5001.0,5.5,316588,5001,5002,5001.0,differentia=8+policy=RecencyProportionalResolution+target=64,<function upgma at 0x7f96503dc550>
2062,62,62,[60],4995.5,0.0,Inner42,4992,5000,4995.5,differentia=8+policy=RecencyProportionalResolution+target=64,<function upgma at 0x7f96503dc550>
2063,63,63,[62],4995.5,0.0,Inner41,4992,5000,4995.5,differentia=8+policy=RecencyProportionalResolution+target=64,<function upgma at 0x7f96503dc550>
2064,64,64,[63],5001.0,5.5,316587,5001,5002,5001.0,differentia=8+policy=RecencyProportionalResolution+target=64,<function upgma at 0x7f96503dc550>
2065,65,65,[63],5001.0,5.5,316600,5001,5002,5001.0,differentia=8+policy=RecencyProportionalResolution+target=64,<function upgma at 0x7f96503dc550>
2066,66,66,[62],5001.0,5.5,316616,5001,5002,5001.0,differentia=8+policy=RecencyProportionalResolution+target=64,<function upgma at 0x7f96503dc550>
2067,67,67,[55],5001.0,5.5,316624,5001,5002,5001.0,differentia=8+policy=RecencyProportionalResolution+target=64,<function upgma at 0x7f96503dc550>
2068,68,68,[54],4927.5,0.0,Inner66,4864,4992,4927.5,differentia=8+policy=RecencyProportionalResolution+target=64,<function upgma at 0x7f96503dc550>
2069,69,69,[68],5001.0,73.5,316606,5001,5002,5001.0,differentia=8+policy=RecencyProportionalResolution+target=64,<function upgma at 0x7f96503dc550>
2070,70,70,[68],4927.5,0.0,Inner65,4864,4992,4927.5,differentia=8+policy=RecencyProportionalResolution+target=64,<function upgma at 0x7f96503dc550>
2071,71,71,[70],4995.5,68.0,Inner40,4992,5000,4995.5,differentia=8+policy=RecencyProportionalResolution+target=64,<function upgma at 0x7f96503dc550>
2072,72,72,[71],5001.0,5.5,316608,5001,5002,5001.0,differentia=8+policy=RecencyProportionalResolution+target=64,<function upgma at 0x7f96503dc550>
2073,73,73,[71],4995.5,0.0,Inner39,4992,5000,4995.5,differentia=8+policy=RecencyProportionalResolution+target=64,<function upgma at 0x7f96503dc550>
2074,74,74,[73],5001.0,5.5,316592,5001,5002,5001.0,differentia=8+policy=RecencyProportionalResolution+target=64,<function upgma at 0x7f96503dc550>
2075,75,75,[73],4995.5,0.0,Inner38,4992,5000,4995.5,differentia=8+policy=RecencyProportionalResolution+target=64,<function upgma at 0x7f96503dc550>
2076,76,76,[75],4995.5,0.0,Inner37,4992,5000,4995.5,differentia=8+policy=RecencyProportionalResolution+target=64,<function upgma at 0x7f96503dc550>
2077,77,77,[76],5001.0,5.5,316584,5001,5002,5001.0,differentia=8+policy=RecencyProportionalResolution+target=64,<function upgma at 0x7f96503dc550>
2078,78,78,[76],5001.0,5.5,316618,5001,5002,5001.0,differentia=8+policy=RecencyProportionalResolution+target=64,<function upgma at 0x7f96503dc550>
2079,79,79,[75],5001.0,5.5,316623,5001,5002,5001.0,differentia=8+policy=RecencyProportionalResolution+target=64,<function upgma at 0x7f96503dc550>
2080,80,80,[70],4927.5,0.0,Inner63,4864,4992,4927.5,differentia=8+policy=RecencyProportionalResolution+target=64,<function upgma at 0x7f96503dc550>
2081,81,81,[80],4927.5,0.0,Inner61,4864,4992,4927.5,differentia=8+policy=RecencyProportionalResolution+target=64,<function upgma at 0x7f96503dc550>
2082,82,82,[81],4995.5,68.0,Inner31,4992,5000,4995.5,differentia=8+policy=RecencyProportionalResolution+target=64,<function upgma at 0x7f96503dc550>
2083,83,83,[82],5001.0,5.5,316611,5001,5002,5001.0,differentia=8+policy=RecencyProportionalResolution+target=64,<function upgma at 0x7f96503dc550>
2084,84,84,[82],4993.5,-2.0,Inner29,4992,4996,4993.5,differentia=8+policy=RecencyProportionalResolution+target=64,<function upgma at 0x7f96503dc550>
2085,85,85,[84],4995.5,2.0,Inner22,4992,5000,4995.5,differentia=8+policy=RecencyProportionalResolution+target=64,<function upgma at 0x7f96503dc550>
2086,86,86,[85],4995.5,0.0,Inner13,4992,5000,4995.5,differentia=8+policy=RecencyProportionalResolution+target=64,<function upgma at 0x7f96503dc550>
2087,87,87,[86],5000.0,4.5,316541,5000,5001,5000.0,differentia=8+policy=RecencyProportionalResolution+target=64,<function upgma at 0x7f96503dc550>
2088,88,88,[86],5001.0,5.5,316581,5001,5002,5001.0,differentia=8+policy=RecencyProportionalResolution+target=64,<function upgma at 0x7f96503dc550>
2089,89,89,[85],5001.0,5.5,316590,5001,5002,5001.0,differentia=8+policy=RecencyProportionalResolution+target=64,<function upgma at 0x7f96503dc550>
2090,90,90,[84],4995.5,2.0,Inner28,4992,5000,4995.5,differentia=8+policy=RecencyProportionalResolution+target=64,<function upgma at 0x7f96503dc550>
2091,91,91,[90],5001.0,5.5,316598,5001,5002,5001.0,differentia=8+policy=RecencyProportionalResolution+target=64,<function upgma at 0x7f96503dc550>
2092,92,92,[90],4995.5,0.0,Inner21,4992,5000,4995.5,differentia=8+policy=RecencyProportionalResolution+target=64,<function upgma at 0x7f96503dc550>
2093,93,93,[92],4995.5,0.0,Inner12,4992,5000,4995.5,differentia=8+policy=RecencyProportionalResolution+target=64,<function upgma at 0x7f96503dc550>
2094,94,94,[93],5000.0,4.5,316564,5000,5001,5000.0,differentia=8+policy=RecencyProportionalResolution+target=64,<function upgma at 0x7f96503dc550>
2095,95,95,[93],5001.0,5.5,316594,5001,5002,5001.0,differentia=8+policy=RecencyProportionalResolution+target=64,<function upgma at 0x7f96503dc550>
2096,96,96,[92],5001.0,5.5,316617,5001,5002,5001.0,differentia=8+policy=RecencyProportionalResolution+target=64,<function upgma at 0x7f96503dc550>
2097,97,97,[81],4927.5,0.0,Inner60,4864,4992,4927.5,differentia=8+policy=RecencyProportionalResolution+target=64,<function upgma at 0x7f96503dc550>
2098,98,98,[97],4994.5,67.0,Inner35,4992,4998,4994.5,differentia=8+policy=RecencyProportionalResolution+target=64,<function upgma at 0x7f96503dc550>
2099,99,99,[98],4994.5,0.0,Inner33,4992,4998,4994.5,differentia=8+policy=RecencyProportionalResolution+target=64,<function upgma at 0x7f96503dc550>
2100,100,100,[99],4994.5,0.0,Inner27,4992,4998,4994.5,differentia=8+policy=RecencyProportionalResolution+target=64,<function upgma at 0x7f96503dc550>
2101,101,101,[100],5001.0,6.5,316583,5001,5002,5001.0,differentia=8+policy=RecencyProportionalResolution+target=64,<function upgma at 0x7f96503dc550>
2102,102,102,[100],4994.5,0.0,Inner19,4992,4998,4994.5,differentia=8+policy=RecencyProportionalResolution+target=64,<function upgma at 0x7f96503dc550>
2103,103,103,[102],5001.0,6.5,316589,5001,5002,5001.0,differentia=8+policy=RecencyProportionalResolution+target=64,<function upgma at 0x7f96503dc550>
2104,104,104,[102],4994.5,0.0,Inner9,4992,4998,4994.5,differentia=8+policy=RecencyProportionalResolution+target=64,<function upgma at 0x7f96503dc550>
2105,105,105,[104],4998.0,3.5,316423,4998,4999,4998.0,differentia=8+policy=RecencyProportionalResolution+target=64,<function upgma at 0x7f96503dc550>
2106,106,106,[104],5001.0,6.5,316603,5001,5002,5001.0,differentia=8+policy=RecencyProportionalResolution+target=64,<function upgma at 0x7f96503dc550>
2107,107,107,[99],5001.0,6.5,316613,5001,5002,5001.0,differentia=8+policy=RecencyProportionalResolution+target=64,<function upgma at 0x7f96503dc550>
2108,108,108,[98],5001.0,6.5,316621,5001,5002,5001.0,differentia=8+policy=RecencyProportionalResolution+target=64,<function upgma at 0x7f96503dc550>
2109,109,109,[97],4927.5,0.0,Inner59,4864,4992,4927.5,differentia=8+policy=RecencyProportionalResolution+target=64,<function upgma at 0x7f96503dc550>
2110,110,110,[109],4995.5,68.0,Inner26,4992,5000,4995.5,differentia=8+policy=RecencyProportionalResolution+target=64,<function upgma at 0x7f96503dc550>
2111,111,111,[110],4995.5,0.0,Inner18,4992,5000,4995.5,differentia=8+policy=RecencyProportionalResolution+target=64,<function upgma at 0x7f96503dc550>
2112,112,112,[111],4995.5,0.0,Inner8,4992,5000,4995.5,differentia=8+policy=RecencyProportionalResolution+target=64,<function upgma at 0x7f96503dc550>
2113,113,113,[112],5000.0,4.5,316540,5000,5001,5000.0,differentia=8+policy=RecencyProportionalResolution+target=64,<function upgma at 0x7f96503dc550>
2114,114,114,[112],5001.0,5.5,316593,5001,5002,5001.0,differentia=8+policy=RecencyProportionalResolution+target=64,<function upgma at 0x7f96503dc550>
2115,115,115,[111],5001.0,5.5,316601,5001,5002,5001.0,differentia=8+policy=RecencyProportionalResolution+target=64,<function upgma at 0x7f96503dc550>
2116,116,116,[110],5001.0,5.5,316630,5001,5002,5001.0,differentia=8+policy=RecencyProportionalResolution+target=64,<function upgma at 0x7f96503dc550>
2117,117,117,[109],4927.5,0.0,Inner57,4864,4992,4927.5,differentia=8+policy=RecencyProportionalResolution+target=64,<function upgma at 0x7f96503dc550>
2118,118,118,[117],4995.5,68.0,Inner25,4992,5000,4995.5,differentia=8+policy=RecencyProportionalResolution+target=64,<function upgma at 0x7f96503dc550>
2119,119,119,[118],5001.0,5.5,316579,5001,5002,5001.0,differentia=8+policy=RecencyProportionalResolution+target=64,<function upgma at 0x7f96503dc550>
2120,120,120,[118],4995.5,0.0,Inner17,4992,5000,4995.5,differentia=8+policy=RecencyProportionalResolution+target=64,<function upgma at 0x7f96503dc550>
2121,121,121,[120],4995.5,0.0,Inner7,4992,5000,4995.5,differentia=8+policy=RecencyProportionalResolution+target=64,<function upgma at 0x7f96503dc550>
2122,122,122,[121],5000.0,4.5,316567,5000,5001,5000.0,differentia=8+policy=RecencyProportionalResolution+target=64,<function upgma at 0x7f96503dc550>
2123,123,123,[121],5001.0,5.5,316609,5001,5002,5001.0,differentia=8+policy=RecencyProportionalResolution+target=64,<function upgma at 0x7f96503dc550>
2124,124,124,[120],5001.0,5.5,316631,5001,5002,5001.0,differentia=8+policy=RecencyProportionalResolution+target=64,<function upgma at 0x7f96503dc550>
2125,125,125,[117],4927.5,0.0,Inner56,4864,4992,4927.5,differentia=8+policy=RecencyProportionalResolution+target=64,<function upgma at 0x7f96503dc550>
2126,126,126,[125],4995.5,68.0,Inner11,4992,5000,4995.5,differentia=8+policy=RecencyProportionalResolution+target=64,<function upgma at 0x7f96503dc550>
2127,127,127,[126],5000.0,4.5,316578,5000,5001,5000.0,differentia=8+policy=RecencyProportionalResolution+target=64,<function upgma at 0x7f96503dc550>
2128,128,128,[126],5001.0,5.5,316619,5001,5002,5001.0,differentia=8+policy=RecencyProportionalResolution+target=64,<function upgma at 0x7f96503dc550>
2129,129,129,[125],4995.5,68.0,Inner20,4992,5000,4995.5,differentia=8+policy=RecencyProportionalResolution+target=64,<function upgma at 0x7f96503dc550>
2130,130,130,[129],5001.0,5.5,316586,5001,5002,5001.0,differentia=8+policy=RecencyProportionalResolution+target=64,<function upgma at 0x7f96503dc550>
2131,131,131,[129],4995.5,0.0,Inner10,4992,5000,4995.5,differentia=8+policy=RecencyProportionalResolution+target=64,<function upgma at 0x7f96503dc550>
2132,132,132,[131],5000.0,4.5,316577,5000,5001,5000.0,differentia=8+policy=RecencyProportionalResolution+target=64,<function upgma at 0x7f96503dc550>
2133,133,133,[131],5001.0,5.5,316632,5001,5002,5001.0,differentia=8+policy=RecencyProportionalResolution+target=64,<function upgma at 0x7f96503dc550>
2134,134,134,[80],4995.5,68.0,Inner34,4992,5000,4995.5,differentia=8+policy=RecencyProportionalResolution+target=64,<function upgma at 0x7f96503dc550>
2135,135,135,[134],5001.0,5.5,316596,5001,5002,5001.0,differentia=8+policy=RecencyProportionalResolution+target=64,<function upgma at 0x7f96503dc550>
2136,136,136,[134],4995.5,0.0,Inner30,4992,5000,4995.5,differentia=8+policy=RecencyProportionalResolution+target=64,<function upgma at 0x7f96503dc550>
2137,137,137,[136],4995.5,0.0,Inner23,4992,5000,4995.5,differentia=8+policy=RecencyProportionalResolution+target=64,<function upgma at 0x7f96503dc550>
2138,138,138,[137],4995.5,0.0,Inner14,4992,5000,4995.5,differentia=8+policy=RecencyProportionalResolution+target=64,<function upgma at 0x7f96503dc550>
2139,139,139,[138],5000.0,4.5,316552,5000,5001,5000.0,differentia=8+policy=RecencyProportionalResolution+target=64,<function upgma at 0x7f96503dc550>
2140,140,140,[138],5001.0,5.5,316597,5001,5002,5001.0,differentia=8+policy=RecencyProportionalResolution+target=64,<function upgma at 0x7f96503dc550>
2141,141,141,[137],5001.0,5.5,316627,5001,5002,5001.0,differentia=8+policy=RecencyProportionalResolution+target=64,<function upgma at 0x7f96503dc550>
2142,142,142,[136],5001.0,5.5,316635,5001,5002,5001.0,differentia=8+policy=RecencyProportionalResolution+target=64,<function upgma at 0x7f96503dc550>
2143,0,0,[None],4795.5,4795.5,Inner71,4792,4800,4795.5,differentia=8+policy=TaperedDepthProportionalResolution+target=4096,<function upgma at 0x7f96503dc550>
2144,1,1,[0],4947.5,152.0,Inner69,4944,4952,4947.5,differentia=8+policy=TaperedDepthProportionalResolution+target=4096,<function upgma at 0x7f96503dc550>
2145,2,2,[1],4994.5,47.0,Inner17,4992,4998,4994.5,differentia=8+policy=TaperedDepthProportionalResolution+target=4096,<function upgma at 0x7f96503dc550>
2146,3,3,[2],5001.0,6.5,316607,5001,5002,5001.0,differentia=8+policy=TaperedDepthProportionalResolution+target=4096,<function upgma at 0x7f96503dc550>
2147,4,4,[2],4994.5,0.0,Inner3,4992,4998,4994.5,differentia=8+policy=TaperedDepthProportionalResolution+target=4096,<function upgma at 0x7f96503dc550>
2148,5,5,[4],4998.0,3.5,316382,4998,4999,4998.0,differentia=8+policy=TaperedDepthProportionalResolution+target=4096,<function upgma at 0x7f96503dc550>
2149,6,6,[4],5001.0,6.5,316622,5001,5002,5001.0,differentia=8+policy=TaperedDepthProportionalResolution+target=4096,<function upgma at 0x7f96503dc550>
2150,7,7,[1],4963.5,16.0,Inner67,4960,4968,4963.5,differentia=8+policy=TaperedDepthProportionalResolution+target=4096,<function upgma at 0x7f96503dc550>
2151,8,8,[7],4979.5,16.0,Inner61,4976,4984,4979.5,differentia=8+policy=TaperedDepthProportionalResolution+target=4096,<function upgma at 0x7f96503dc550>
2152,9,9,[8],4995.5,16.0,Inner37,4992,5000,4995.5,differentia=8+policy=TaperedDepthProportionalResolution+target=4096,<function upgma at 0x7f96503dc550>
2153,10,10,[9],5001.0,5.5,316580,5001,5002,5001.0,differentia=8+policy=TaperedDepthProportionalResolution+target=4096,<function upgma at 0x7f96503dc550>
2154,11,11,[9],5001.0,5.5,316599,5001,5002,5001.0,differentia=8+policy=TaperedDepthProportionalResolution+target=4096,<function upgma at 0x7f96503dc550>
2155,12,12,[8],4995.0,15.5,Inner31,4992,4999,4995.0,differentia=8+policy=TaperedDepthProportionalResolution+target=4096,<function upgma at 0x7f96503dc550>
2156,13,13,[12],4995.0,0.0,Inner25,4992,4999,4995.0,differentia=8+policy=TaperedDepthProportionalResolution+target=4096,<function upgma at 0x7f96503dc550>
2157,14,14,[13],5001.0,6.0,316614,5001,5002,5001.0,differentia=8+policy=TaperedDepthProportionalResolution+target=4096,<function upgma at 0x7f96503dc550>
2158,15,15,[13],4995.0,0.0,Inner18,4992,4999,4995.0,differentia=8+policy=TaperedDepthProportionalResolution+target=4096,<function upgma at 0x7f96503dc550>
2159,16,16,[15],5001.0,6.0,316605,5001,5002,5001.0,differentia=8+policy=TaperedDepthProportionalResolution+target=4096,<function upgma at 0x7f96503dc550>
2160,17,17,[15],4995.0,0.0,Inner7,4992,4999,4995.0,differentia=8+policy=TaperedDepthProportionalResolution+target=4096,<function upgma at 0x7f96503dc550>
2161,18,18,[17],4995.0,0.0,Inner2,4992,4999,4995.0,differentia=8+policy=TaperedDepthProportionalResolution+target=4096,<function upgma at 0x7f96503dc550>
2162,19,19,[18],4999.0,4.0,316484,4999,5000,4999.0,differentia=8+policy=TaperedDepthProportionalResolution+target=4096,<function upgma at 0x7f96503dc550>
2163,20,20,[18],5000.0,5.0,316544,5000,5001,5000.0,differentia=8+policy=TaperedDepthProportionalResolution+target=4096,<function upgma at 0x7f96503dc550>
2164,21,21,[17],5001.0,6.0,316615,5001,5002,5001.0,differentia=8+policy=TaperedDepthProportionalResolution+target=4096,<function upgma at 0x7f96503dc550>
2165,22,22,[12],5001.0,6.0,316629,5001,5002,5001.0,differentia=8+policy=TaperedDepthProportionalResolution+target=4096,<function upgma at 0x7f96503dc550>
2166,23,23,[7],4971.5,8.0,Inner64,4968,4976,4971.5,differentia=8+policy=TaperedDepthProportionalResolution+target=4096,<function upgma at 0x7f96503dc550>
2167,24,24,[23],5000.0,28.5,316562,5000,5001,5000.0,differentia=8+policy=TaperedDepthProportionalResolution+target=4096,<function upgma at 0x7f96503dc550>
2168,25,25,[23],4979.5,8.0,Inner59,4976,4984,4979.5,differentia=8+policy=TaperedDepthProportionalResolution+target=4096,<function upgma at 0x7f96503dc550>
2169,26,26,[25],5001.0,21.5,316602,5001,5002,5001.0,differentia=8+policy=TaperedDepthProportionalResolution+target=4096,<function upgma at 0x7f96503dc550>
2170,27,27,[25],4979.5,0.0,Inner58,4976,4984,4979.5,differentia=8+policy=TaperedDepthProportionalResolution+target=4096,<function upgma at 0x7f96503dc550>
2171,28,28,[27],4995.5,16.0,Inner6,4992,5000,4995.5,differentia=8+policy=TaperedDepthProportionalResolution+target=4096,<function upgma at 0x7f96503dc550>
2172,29,29,[28],4995.0,-0.5,Inner5,4992,4999,4995.0,differentia=8+policy=TaperedDepthProportionalResolution+target=4096,<function upgma at 0x7f96503dc550>
2173,30,30,[29],5000.0,5.0,316570,5000,5001,5000.0,differentia=8+policy=TaperedDepthProportionalResolution+target=4096,<function upgma at 0x7f96503dc550>
2174,31,31,[29],5000.0,5.0,316574,5000,5001,5000.0,differentia=8+policy=TaperedDepthProportionalResolution+target=4096,<function upgma at 0x7f96503dc550>
2175,32,32,[28],5001.0,5.5,316582,5001,5002,5001.0,differentia=8+policy=TaperedDepthProportionalResolution+target=4096,<function upgma at 0x7f96503dc550>
2176,33,33,[27],4987.5,8.0,Inner52,4984,4992,4987.5,differentia=8+policy=TaperedDepthProportionalResolution+target=4096,<function upgma at 0x7f96503dc550>
2177,34,34,[33],4995.0,7.5,Inner4,4992,4999,4995.0,differentia=8+policy=TaperedDepthProportionalResolution+target=4096,<function upgma at 0x7f96503dc550>
2178,35,35,[34],4999.0,4.0,316516,4999,5000,4999.0,differentia=8+policy=TaperedDepthProportionalResolution+target=4096,<function upgma at 0x7f96503dc550>
2179,36,36,[34],5001.0,6.0,316620,5001,5002,5001.0,differentia=8+policy=TaperedDepthProportionalResolution+target=4096,<function upgma at 0x7f96503dc550>
2180,37,37,[33],5001.0,13.5,316634,5001,5002,5001.0,differentia=8+policy=TaperedDepthProportionalResolution+target=4096,<function upgma at 0x7f96503dc550>
2181,38,38,[0],4883.5,88.0,Inner70,4880,4888,4883.5,differentia=8+policy=TaperedDepthProportionalResolution+target=4096,<function upgma at 0x7f96503dc550>
2182,39,39,[38],4979.5,96.0,Inner62,4976,4984,4979.5,differentia=8+policy=TaperedDepthProportionalResolution+target=4096,<function upgma at 0x7f96503dc550>
2183,40,40,[39],4995.5,16.0,Inner41,4992,5000,4995.5,differentia=8+policy=TaperedDepthProportionalResolution+target=4096,<function upgma at 0x7f96503dc550>
2184,41,41,[40],5001.0,5.5,316608,5001,5002,5001.0,differentia=8+policy=TaperedDepthProportionalResolution+target=4096,<function upgma at 0x7f96503dc550>
2185,42,42,[40],4995.5,0.0,Inner40,4992,5000,4995.5,differentia=8+policy=TaperedDepthProportionalResolution+target=4096,<function upgma at 0x7f96503dc550>
2186,43,43,[42],5001.0,5.5,316592,5001,5002,5001.0,differentia=8+policy=TaperedDepthProportionalResolution+target=4096,<function upgma at 0x7f96503dc550>
2187,44,44,[42],4995.5,0.0,Inner39,4992,5000,4995.5,differentia=8+policy=TaperedDepthProportionalResolution+target=4096,<function upgma at 0x7f96503dc550>
2188,45,45,[44],4995.5,0.0,Inner38,4992,5000,4995.5,differentia=8+policy=TaperedDepthProportionalResolution+target=4096,<function upgma at 0x7f96503dc550>
2189,46,46,[45],5001.0,5.5,316584,5001,5002,5001.0,differentia=8+policy=TaperedDepthProportionalResolution+target=4096,<function upgma at 0x7f96503dc550>
2190,47,47,[45],5001.0,5.5,316618,5001,5002,5001.0,differentia=8+policy=TaperedDepthProportionalResolution+target=4096,<function upgma at 0x7f96503dc550>
2191,48,48,[44],5001.0,5.5,316623,5001,5002,5001.0,differentia=8+policy=TaperedDepthProportionalResolution+target=4096,<function upgma at 0x7f96503dc550>
2192,49,49,[39],4979.5,0.0,Inner60,4976,4984,4979.5,differentia=8+policy=TaperedDepthProportionalResolution+target=4096,<function upgma at 0x7f96503dc550>
2193,50,50,[49],4987.5,8.0,Inner55,4984,4992,4987.5,differentia=8+policy=TaperedDepthProportionalResolution+target=4096,<function upgma at 0x7f96503dc550>
2194,51,51,[50],5001.0,13.5,316606,5001,5002,5001.0,differentia=8+policy=TaperedDepthProportionalResolution+target=4096,<function upgma at 0x7f96503dc550>
2195,52,52,[50],4994.5,7.0,Inner35,4992,4998,4994.5,differentia=8+policy=TaperedDepthProportionalResolution+target=4096,<function upgma at 0x7f96503dc550>
2196,53,53,[52],4994.5,0.0,Inner32,4992,4998,4994.5,differentia=8+policy=TaperedDepthProportionalResolution+target=4096,<function upgma at 0x7f96503dc550>
2197,54,54,[53],4994.5,0.0,Inner28,4992,4998,4994.5,differentia=8+policy=TaperedDepthProportionalResolution+target=4096,<function upgma at 0x7f96503dc550>
2198,55,55,[54],5001.0,6.5,316583,5001,5002,5001.0,differentia=8+policy=TaperedDepthProportionalResolution+target=4096,<function upgma at 0x7f96503dc550>
2199,56,56,[54],4994.5,0.0,Inner21,4992,4998,4994.5,differentia=8+policy=TaperedDepthProportionalResolution+target=4096,<function upgma at 0x7f96503dc550>
2200,57,57,[56],5001.0,6.5,316589,5001,5002,5001.0,differentia=8+policy=TaperedDepthProportionalResolution+target=4096,<function upgma at 0x7f96503dc550>
2201,58,58,[56],4994.5,0.0,Inner10,4992,4998,4994.5,differentia=8+policy=TaperedDepthProportionalResolution+target=4096,<function upgma at 0x7f96503dc550>
2202,59,59,[58],4998.0,3.5,316423,4998,4999,4998.0,differentia=8+policy=TaperedDepthProportionalResolution+target=4096,<function upgma at 0x7f96503dc550>
2203,60,60,[58],5001.0,6.5,316603,5001,5002,5001.0,differentia=8+policy=TaperedDepthProportionalResolution+target=4096,<function upgma at 0x7f96503dc550>
2204,61,61,[53],5001.0,6.5,316613,5001,5002,5001.0,differentia=8+policy=TaperedDepthProportionalResolution+target=4096,<function upgma at 0x7f96503dc550>
2205,62,62,[52],5001.0,6.5,316621,5001,5002,5001.0,differentia=8+policy=TaperedDepthProportionalResolution+target=4096,<function upgma at 0x7f96503dc550>
2206,63,63,[49],4987.5,8.0,Inner54,4984,4992,4987.5,differentia=8+policy=TaperedDepthProportionalResolution+target=4096,<function upgma at 0x7f96503dc550>
2207,64,64,[63],4995.5,8.0,Inner27,4992,5000,4995.5,differentia=8+policy=TaperedDepthProportionalResolution+target=4096,<function upgma at 0x7f96503dc550>
2208,65,65,[64],4995.5,0.0,Inner20,4992,5000,4995.5,differentia=8+policy=TaperedDepthProportionalResolution+target=4096,<function upgma at 0x7f96503dc550>
2209,66,66,[65],4995.5,0.0,Inner9,4992,5000,4995.5,differentia=8+policy=TaperedDepthProportionalResolution+target=4096,<function upgma at 0x7f96503dc550>
2210,67,67,[66],5000.0,4.5,316540,5000,5001,5000.0,differentia=8+policy=TaperedDepthProportionalResolution+target=4096,<function upgma at 0x7f96503dc550>
2211,68,68,[66],5001.0,5.5,316593,5001,5002,5001.0,differentia=8+policy=TaperedDepthProportionalResolution+target=4096,<function upgma at 0x7f96503dc550>
2212,69,69,[65],5001.0,5.5,316601,5001,5002,5001.0,differentia=8+policy=TaperedDepthProportionalResolution+target=4096,<function upgma at 0x7f96503dc550>
2213,70,70,[64],5001.0,5.5,316630,5001,5002,5001.0,differentia=8+policy=TaperedDepthProportionalResolution+target=4096,<function upgma at 0x7f96503dc550>
2214,71,71,[63],4995.5,8.0,Inner26,4992,5000,4995.5,differentia=8+policy=TaperedDepthProportionalResolution+target=4096,<function upgma at 0x7f96503dc550>
2215,72,72,[71],5001.0,5.5,316579,5001,5002,5001.0,differentia=8+policy=TaperedDepthProportionalResolution+target=4096,<function upgma at 0x7f96503dc550>
2216,73,73,[71],4995.5,0.0,Inner19,4992,5000,4995.5,differentia=8+policy=TaperedDepthProportionalResolution+target=4096,<function upgma at 0x7f96503dc550>
2217,74,74,[73],4995.5,0.0,Inner8,4992,5000,4995.5,differentia=8+policy=TaperedDepthProportionalResolution+target=4096,<function upgma at 0x7f96503dc550>
2218,75,75,[74],5000.0,4.5,316567,5000,5001,5000.0,differentia=8+policy=TaperedDepthProportionalResolution+target=4096,<function upgma at 0x7f96503dc550>
2219,76,76,[74],5001.0,5.5,316609,5001,5002,5001.0,differentia=8+policy=TaperedDepthProportionalResolution+target=4096,<function upgma at 0x7f96503dc550>
2220,77,77,[73],5001.0,5.5,316631,5001,5002,5001.0,differentia=8+policy=TaperedDepthProportionalResolution+target=4096,<function upgma at 0x7f96503dc550>
2221,78,78,[38],4955.5,72.0,Inner68,4952,4960,4955.5,differentia=8+policy=TaperedDepthProportionalResolution+target=4096,<function upgma at 0x7f96503dc550>
2222,79,79,[78],4971.5,16.0,Inner66,4968,4976,4971.5,differentia=8+policy=TaperedDepthProportionalResolution+target=4096,<function upgma at 0x7f96503dc550>
2223,80,80,[79],4971.5,0.0,Inner65,4968,4976,4971.5,differentia=8+policy=TaperedDepthProportionalResolution+target=4096,<function upgma at 0x7f96503dc550>
2224,81,81,[80],4987.5,16.0,Inner53,4984,4992,4987.5,differentia=8+policy=TaperedDepthProportionalResolution+target=4096,<function upgma at 0x7f96503dc550>
2225,82,82,[81],4995.5,8.0,Inner12,4992,5000,4995.5,differentia=8+policy=TaperedDepthProportionalResolution+target=4096,<function upgma at 0x7f96503dc550>
2226,83,83,[82],5000.0,4.5,316578,5000,5001,5000.0,differentia=8+policy=TaperedDepthProportionalResolution+target=4096,<function upgma at 0x7f96503dc550>
2227,84,84,[82],5001.0,5.5,316619,5001,5002,5001.0,differentia=8+policy=TaperedDepthProportionalResolution+target=4096,<function upgma at 0x7f96503dc550>
2228,85,85,[81],4995.5,8.0,Inner46,4992,5000,4995.5,differentia=8+policy=TaperedDepthProportionalResolution+target=4096,<function upgma at 0x7f96503dc550>
2229,86,86,[85],4995.5,0.0,Inner45,4992,5000,4995.5,differentia=8+policy=TaperedDepthProportionalResolution+target=4096,<function upgma at 0x7f96503dc550>
2230,87,87,[86],5000.0,4.5,Inner1,5000,5001,5000.0,differentia=8+policy=TaperedDepthProportionalResolution+target=4096,<function upgma at 0x7f96503dc550>
2231,88,88,[87],5001.0,1.0,316595,5001,5002,5001.0,differentia=8+policy=TaperedDepthProportionalResolution+target=4096,<function upgma at 0x7f96503dc550>
2232,89,89,[87],5001.0,1.0,316604,5001,5002,5001.0,differentia=8+policy=TaperedDepthProportionalResolution+target=4096,<function upgma at 0x7f96503dc550>
2233,90,90,[86],4995.5,0.0,Inner44,4992,5000,4995.5,differentia=8+policy=TaperedDepthProportionalResolution+target=4096,<function upgma at 0x7f96503dc550>
2234,91,91,[90],5001.0,5.5,316588,5001,5002,5001.0,differentia=8+policy=TaperedDepthProportionalResolution+target=4096,<function upgma at 0x7f96503dc550>
2235,92,92,[90],4995.5,0.0,Inner43,4992,5000,4995.5,differentia=8+policy=TaperedDepthProportionalResolution+target=4096,<function upgma at 0x7f96503dc550>
2236,93,93,[92],4995.5,0.0,Inner42,4992,5000,4995.5,differentia=8+policy=TaperedDepthProportionalResolution+target=4096,<function upgma at 0x7f96503dc550>
2237,94,94,[93],5001.0,5.5,316587,5001,5002,5001.0,differentia=8+policy=TaperedDepthProportionalResolution+target=4096,<function upgma at 0x7f96503dc550>
2238,95,95,[93],5001.0,5.5,316600,5001,5002,5001.0,differentia=8+policy=TaperedDepthProportionalResolution+target=4096,<function upgma at 0x7f96503dc550>
2239,96,96,[92],5001.0,5.5,316616,5001,5002,5001.0,differentia=8+policy=TaperedDepthProportionalResolution+target=4096,<function upgma at 0x7f96503dc550>
2240,97,97,[85],5001.0,5.5,316624,5001,5002,5001.0,differentia=8+policy=TaperedDepthProportionalResolution+target=4096,<function upgma at 0x7f96503dc550>
2241,98,98,[80],4995.5,24.0,Inner22,4992,5000,4995.5,differentia=8+policy=TaperedDepthProportionalResolution+target=4096,<function upgma at 0x7f96503dc550>
2242,99,99,[98],5001.0,5.5,316586,5001,5002,5001.0,differentia=8+policy=TaperedDepthProportionalResolution+target=4096,<function upgma at 0x7f96503dc550>
2243,100,100,[98],4995.5,0.0,Inner11,4992,5000,4995.5,differentia=8+policy=TaperedDepthProportionalResolution+target=4096,<function upgma at 0x7f96503dc550>
2244,101,101,[100],5000.0,4.5,316577,5000,5001,5000.0,differentia=8+policy=TaperedDepthProportionalResolution+target=4096,<function upgma at 0x7f96503dc550>
2245,102,102,[100],5001.0,5.5,316632,5001,5002,5001.0,differentia=8+policy=TaperedDepthProportionalResolution+target=4096,<function upgma at 0x7f96503dc550>
2246,103,103,[79],4979.5,8.0,Inner63,4976,4984,4979.5,differentia=8+policy=TaperedDepthProportionalResolution+target=4096,<function upgma at 0x7f96503dc550>
2247,104,104,[103],4987.5,8.0,Inner57,4984,4992,4987.5,differentia=8+policy=TaperedDepthProportionalResolution+target=4096,<function upgma at 0x7f96503dc550>
2248,105,105,[104],4995.5,8.0,Inner36,4992,5000,4995.5,differentia=8+policy=TaperedDepthProportionalResolution+target=4096,<function upgma at 0x7f96503dc550>
2249,106,106,[105],5001.0,5.5,316611,5001,5002,5001.0,differentia=8+policy=TaperedDepthProportionalResolution+target=4096,<function upgma at 0x7f96503dc550>
2250,107,107,[105],4995.5,0.0,Inner34,4992,5000,4995.5,differentia=8+policy=TaperedDepthProportionalResolution+target=4096,<function upgma at 0x7f96503dc550>
2251,108,108,[107],5001.0,5.5,316598,5001,5002,5001.0,differentia=8+policy=TaperedDepthProportionalResolution+target=4096,<function upgma at 0x7f96503dc550>
2252,109,109,[107],4995.5,0.0,Inner30,4992,5000,4995.5,differentia=8+policy=TaperedDepthProportionalResolution+target=4096,<function upgma at 0x7f96503dc550>
2253,110,110,[109],5001.0,5.5,316590,5001,5002,5001.0,differentia=8+policy=TaperedDepthProportionalResolution+target=4096,<function upgma at 0x7f96503dc550>
2254,111,111,[109],4995.5,0.0,Inner24,4992,5000,4995.5,differentia=8+policy=TaperedDepthProportionalResolution+target=4096,<function upgma at 0x7f96503dc550>
2255,112,112,[111],4995.5,0.0,Inner16,4992,5000,4995.5,differentia=8+policy=TaperedDepthProportionalResolution+target=4096,<function upgma at 0x7f96503dc550>
2256,113,113,[112],5001.0,5.5,316581,5001,5002,5001.0,differentia=8+policy=TaperedDepthProportionalResolution+target=4096,<function upgma at 0x7f96503dc550>
2257,114,114,[112],4995.0,-0.5,Inner14,4992,4999,4995.0,differentia=8+policy=TaperedDepthProportionalResolution+target=4096,<function upgma at 0x7f96503dc550>
2258,115,115,[114],5000.0,5.0,316541,5000,5001,5000.0,differentia=8+policy=TaperedDepthProportionalResolution+target=4096,<function upgma at 0x7f96503dc550>
2259,116,116,[114],4995.5,0.5,Inner13,4992,5000,4995.5,differentia=8+policy=TaperedDepthProportionalResolution+target=4096,<function upgma at 0x7f96503dc550>
2260,117,117,[116],5000.0,4.5,316564,5000,5001,5000.0,differentia=8+policy=TaperedDepthProportionalResolution+target=4096,<function upgma at 0x7f96503dc550>
2261,118,118,[116],5001.0,5.5,316594,5001,5002,5001.0,differentia=8+policy=TaperedDepthProportionalResolution+target=4096,<function upgma at 0x7f96503dc550>
2262,119,119,[111],5001.0,5.5,316617,5001,5002,5001.0,differentia=8+policy=TaperedDepthProportionalResolution+target=4096,<function upgma at 0x7f96503dc550>
2263,120,120,[104],4995.5,8.0,Inner49,4992,5000,4995.5,differentia=8+policy=TaperedDepthProportionalResolution+target=4096,<function upgma at 0x7f96503dc550>
2264,121,121,[120],5001.0,5.5,316585,5001,5002,5001.0,differentia=8+policy=TaperedDepthProportionalResolution+target=4096,<function upgma at 0x7f96503dc550>
2265,122,122,[120],4995.5,0.0,Inner48,4992,5000,4995.5,differentia=8+policy=TaperedDepthProportionalResolution+target=4096,<function upgma at 0x7f96503dc550>
2266,123,123,[122],4995.5,0.0,Inner47,4992,5000,4995.5,differentia=8+policy=TaperedDepthProportionalResolution+target=4096,<function upgma at 0x7f96503dc550>
2267,124,124,[123],5001.0,5.5,316625,5001,5002,5001.0,differentia=8+policy=TaperedDepthProportionalResolution+target=4096,<function upgma at 0x7f96503dc550>
2268,125,125,[123],5001.0,5.5,316626,5001,5002,5001.0,differentia=8+policy=TaperedDepthProportionalResolution+target=4096,<function upgma at 0x7f96503dc550>
2269,126,126,[122],5001.0,5.5,316628,5001,5002,5001.0,differentia=8+policy=TaperedDepthProportionalResolution+target=4096,<function upgma at 0x7f96503dc550>
2270,127,127,[103],4995.5,16.0,Inner51,4992,5000,4995.5,differentia=8+policy=TaperedDepthProportionalResolution+target=4096,<function upgma at 0x7f96503dc550>
2271,128,128,[127],4995.5,0.0,Inner50,4992,5000,4995.5,differentia=8+policy=TaperedDepthProportionalResolution+target=4096,<function upgma at 0x7f96503dc550>
2272,129,129,[128],5001.0,5.5,316591,5001,5002,5001.0,differentia=8+policy=TaperedDepthProportionalResolution+target=4096,<function upgma at 0x7f96503dc550>
2273,130,130,[128],5001.0,5.5,316612,5001,5002,5001.0,differentia=8+policy=TaperedDepthProportionalResolution+target=4096,<function upgma at 0x7f96503dc550>
2274,131,131,[127],5001.0,5.5,316633,5001,5002,5001.0,differentia=8+policy=TaperedDepthProportionalResolution+target=4096,<function upgma at 0x7f96503dc550>
2275,132,132,[78],4987.5,32.0,Inner56,4984,4992,4987.5,differentia=8+policy=TaperedDepthProportionalResolution+target=4096,<function upgma at 0x7f96503dc550>
2276,133,133,[132],5001.0,13.5,316610,5001,5002,5001.0,differentia=8+policy=TaperedDepthProportionalResolution+target=4096,<function upgma at 0x7f96503dc550>
2277,134,134,[132],4995.5,8.0,Inner33,4992,5000,4995.5,differentia=8+policy=TaperedDepthProportionalResolution+target=4096,<function upgma at 0x7f96503dc550>
2278,135,135,[134],5001.0,5.5,316596,5001,5002,5001.0,differentia=8+policy=TaperedDepthProportionalResolution+target=4096,<function upgma at 0x7f96503dc550>
2279,136,136,[134],4995.5,0.0,Inner29,4992,5000,4995.5,differentia=8+policy=TaperedDepthProportionalResolution+target=4096,<function upgma at 0x7f96503dc550>
2280,137,137,[136],4995.5,0.0,Inner23,4992,5000,4995.5,differentia=8+policy=TaperedDepthProportionalResolution+target=4096,<function upgma at 0x7f96503dc550>
2281,138,138,[137],4995.5,0.0,Inner15,4992,5000,4995.5,differentia=8+policy=TaperedDepthProportionalResolution+target=4096,<function upgma at 0x7f96503dc550>
2282,139,139,[138],5000.0,4.5,316552,5000,5001,5000.0,differentia=8+policy=TaperedDepthProportionalResolution+target=4096,<function upgma at 0x7f96503dc550>
2283,140,140,[138],5001.0,5.5,316597,5001,5002,5001.0,differentia=8+policy=TaperedDepthProportionalResolution+target=4096,<function upgma at 0x7f96503dc550>
2284,141,141,[137],5001.0,5.5,316627,5001,5002,5001.0,differentia=8+policy=TaperedDepthProportionalResolution+target=4096,<function upgma at 0x7f96503dc550>
2285,142,142,[136],5001.0,5.5,316635,5001,5002,5001.0,differentia=8+policy=TaperedDepthProportionalResolution+target=4096,<function upgma at 0x7f96503dc550>
2286,0,0,[None],4767.5,4767.5,Inner71,4736,4800,4767.5,differentia=8+policy=TaperedDepthProportionalResolution+target=512,<function upgma at 0x7f96503dc550>
2287,1,1,[0],4959.5,192.0,Inner65,4928,4992,4959.5,differentia=8+policy=TaperedDepthProportionalResolution+target=512,<function upgma at 0x7f96503dc550>
2288,2,2,[1],4995.5,36.0,Inner36,4992,5000,4995.5,differentia=8+policy=TaperedDepthProportionalResolution+target=512,<function upgma at 0x7f96503dc550>
2289,3,3,[2],5001.0,5.5,316580,5001,5002,5001.0,differentia=8+policy=TaperedDepthProportionalResolution+target=512,<function upgma at 0x7f96503dc550>
2290,4,4,[2],5001.0,5.5,316599,5001,5002,5001.0,differentia=8+policy=TaperedDepthProportionalResolution+target=512,<function upgma at 0x7f96503dc550>
2291,5,5,[1],4959.5,0.0,Inner62,4928,4992,4959.5,differentia=8+policy=TaperedDepthProportionalResolution+target=512,<function upgma at 0x7f96503dc550>
2292,6,6,[5],4959.5,0.0,Inner58,4928,4992,4959.5,differentia=8+policy=TaperedDepthProportionalResolution+target=512,<function upgma at 0x7f96503dc550>
2293,7,7,[6],5001.0,41.5,316602,5001,5002,5001.0,differentia=8+policy=TaperedDepthProportionalResolution+target=512,<function upgma at 0x7f96503dc550>
2294,8,8,[6],4959.5,0.0,Inner55,4928,4992,4959.5,differentia=8+policy=TaperedDepthProportionalResolution+target=512,<function upgma at 0x7f96503dc550>
2295,9,9,[8],4959.5,0.0,Inner54,4928,4992,4959.5,differentia=8+policy=TaperedDepthProportionalResolution+target=512,<function upgma at 0x7f96503dc550>
2296,10,10,[9],4995.5,36.0,Inner5,4992,5000,4995.5,differentia=8+policy=TaperedDepthProportionalResolution+target=512,<function upgma at 0x7f96503dc550>
2297,11,11,[10],4995.0,-0.5,Inner4,4992,4999,4995.0,differentia=8+policy=TaperedDepthProportionalResolution+target=512,<function upgma at 0x7f96503dc550>
2298,12,12,[11],5000.0,5.0,316570,5000,5001,5000.0,differentia=8+policy=TaperedDepthProportionalResolution+target=512,<function upgma at 0x7f96503dc550>
2299,13,13,[11],5000.0,5.0,316574,5000,5001,5000.0,differentia=8+policy=TaperedDepthProportionalResolution+target=512,<function upgma at 0x7f96503dc550>
2300,14,14,[10],5001.0,5.5,316582,5001,5002,5001.0,differentia=8+policy=TaperedDepthProportionalResolution+target=512,<function upgma at 0x7f96503dc550>
2301,15,15,[9],4959.5,0.0,Inner53,4928,4992,4959.5,differentia=8+policy=TaperedDepthProportionalResolution+target=512,<function upgma at 0x7f96503dc550>
2302,16,16,[15],4959.5,0.0,Inner52,4928,4992,4959.5,differentia=8+policy=TaperedDepthProportionalResolution+target=512,<function upgma at 0x7f96503dc550>
2303,17,17,[16],5000.0,40.5,316562,5000,5001,5000.0,differentia=8+policy=TaperedDepthProportionalResolution+target=512,<function upgma at 0x7f96503dc550>
2304,18,18,[16],4995.0,35.5,Inner3,4992,4999,4995.0,differentia=8+policy=TaperedDepthProportionalResolution+target=512,<function upgma at 0x7f96503dc550>
2305,19,19,[18],4999.0,4.0,316516,4999,5000,4999.0,differentia=8+policy=TaperedDepthProportionalResolution+target=512,<function upgma at 0x7f96503dc550>
2306,20,20,[18],5001.0,6.0,316620,5001,5002,5001.0,differentia=8+policy=TaperedDepthProportionalResolution+target=512,<function upgma at 0x7f96503dc550>
2307,21,21,[15],4994.5,35.0,Inner16,4992,4998,4994.5,differentia=8+policy=TaperedDepthProportionalResolution+target=512,<function upgma at 0x7f96503dc550>
2308,22,22,[21],5001.0,6.5,316607,5001,5002,5001.0,differentia=8+policy=TaperedDepthProportionalResolution+target=512,<function upgma at 0x7f96503dc550>
2309,23,23,[21],4994.5,0.0,Inner2,4992,4998,4994.5,differentia=8+policy=TaperedDepthProportionalResolution+target=512,<function upgma at 0x7f96503dc550>
2310,24,24,[23],4998.0,3.5,316382,4998,4999,4998.0,differentia=8+policy=TaperedDepthProportionalResolution+target=512,<function upgma at 0x7f96503dc550>
2311,25,25,[23],5001.0,6.5,316622,5001,5002,5001.0,differentia=8+policy=TaperedDepthProportionalResolution+target=512,<function upgma at 0x7f96503dc550>
2312,26,26,[8],4995.0,35.5,Inner30,4992,4999,4995.0,differentia=8+policy=TaperedDepthProportionalResolution+target=512,<function upgma at 0x7f96503dc550>
2313,27,27,[26],4995.0,0.0,Inner24,4992,4999,4995.0,differentia=8+policy=TaperedDepthProportionalResolution+target=512,<function upgma at 0x7f96503dc550>
2314,28,28,[27],5001.0,6.0,316614,5001,5002,5001.0,differentia=8+policy=TaperedDepthProportionalResolution+target=512,<function upgma at 0x7f96503dc550>
2315,29,29,[27],4995.0,0.0,Inner17,4992,4999,4995.0,differentia=8+policy=TaperedDepthProportionalResolution+target=512,<function upgma at 0x7f96503dc550>
2316,30,30,[29],5001.0,6.0,316605,5001,5002,5001.0,differentia=8+policy=TaperedDepthProportionalResolution+target=512,<function upgma at 0x7f96503dc550>
2317,31,31,[29],4995.0,0.0,Inner6,4992,4999,4995.0,differentia=8+policy=TaperedDepthProportionalResolution+target=512,<function upgma at 0x7f96503dc550>
2318,32,32,[31],4995.0,0.0,Inner1,4992,4999,4995.0,differentia=8+policy=TaperedDepthProportionalResolution+target=512,<function upgma at 0x7f96503dc550>
2319,33,33,[32],4999.0,4.0,316484,4999,5000,4999.0,differentia=8+policy=TaperedDepthProportionalResolution+target=512,<function upgma at 0x7f96503dc550>
2320,34,34,[32],5000.0,5.0,316544,5000,5001,5000.0,differentia=8+policy=TaperedDepthProportionalResolution+target=512,<function upgma at 0x7f96503dc550>
2321,35,35,[31],5001.0,6.0,316615,5001,5002,5001.0,differentia=8+policy=TaperedDepthProportionalResolution+target=512,<function upgma at 0x7f96503dc550>
2322,36,36,[26],5001.0,6.0,316629,5001,5002,5001.0,differentia=8+policy=TaperedDepthProportionalResolution+target=512,<function upgma at 0x7f96503dc550>
2323,37,37,[5],5001.0,41.5,316634,5001,5002,5001.0,differentia=8+policy=TaperedDepthProportionalResolution+target=512,<function upgma at 0x7f96503dc550>
2324,38,38,[0],4895.5,128.0,Inner70,4864,4928,4895.5,differentia=8+policy=TaperedDepthProportionalResolution+target=512,<function upgma at 0x7f96503dc550>
2325,39,39,[38],4959.5,64.0,Inner67,4928,4992,4959.5,differentia=8+policy=TaperedDepthProportionalResolution+target=512,<function upgma at 0x7f96503dc550>
2326,40,40,[39],5001.0,41.5,316606,5001,5002,5001.0,differentia=8+policy=TaperedDepthProportionalResolution+target=512,<function upgma at 0x7f96503dc550>
2327,41,41,[39],4959.5,0.0,Inner64,4928,4992,4959.5,differentia=8+policy=TaperedDepthProportionalResolution+target=512,<function upgma at 0x7f96503dc550>
2328,42,42,[41],4995.5,36.0,Inner40,4992,5000,4995.5,differentia=8+policy=TaperedDepthProportionalResolution+target=512,<function upgma at 0x7f96503dc550>
2329,43,43,[42],5001.0,5.5,316608,5001,5002,5001.0,differentia=8+policy=TaperedDepthProportionalResolution+target=512,<function upgma at 0x7f96503dc550>
2330,44,44,[42],4995.5,0.0,Inner39,4992,5000,4995.5,differentia=8+policy=TaperedDepthProportionalResolution+target=512,<function upgma at 0x7f96503dc550>
2331,45,45,[44],5001.0,5.5,316592,5001,5002,5001.0,differentia=8+policy=TaperedDepthProportionalResolution+target=512,<function upgma at 0x7f96503dc550>
2332,46,46,[44],4995.5,0.0,Inner38,4992,5000,4995.5,differentia=8+policy=TaperedDepthProportionalResolution+target=512,<function upgma at 0x7f96503dc550>
2333,47,47,[46],4995.5,0.0,Inner37,4992,5000,4995.5,differentia=8+policy=TaperedDepthProportionalResolution+target=512,<function upgma at 0x7f96503dc550>
2334,48,48,[47],5001.0,5.5,316584,5001,5002,5001.0,differentia=8+policy=TaperedDepthProportionalResolution+target=512,<function upgma at 0x7f96503dc550>
2335,49,49,[47],5001.0,5.5,316618,5001,5002,5001.0,differentia=8+policy=TaperedDepthProportionalResolution+target=512,<function upgma at 0x7f96503dc550>
2336,50,50,[46],5001.0,5.5,316623,5001,5002,5001.0,differentia=8+policy=TaperedDepthProportionalResolution+target=512,<function upgma at 0x7f96503dc550>
2337,51,51,[41],4959.5,0.0,Inner61,4928,4992,4959.5,differentia=8+policy=TaperedDepthProportionalResolution+target=512,<function upgma at 0x7f96503dc550>
2338,52,52,[51],4994.5,35.0,Inner34,4992,4998,4994.5,differentia=8+policy=TaperedDepthProportionalResolution+target=512,<function upgma at 0x7f96503dc550>
2339,53,53,[52],4994.5,0.0,Inner31,4992,4998,4994.5,differentia=8+policy=TaperedDepthProportionalResolution+target=512,<function upgma at 0x7f96503dc550>
2340,54,54,[53],4994.5,0.0,Inner27,4992,4998,4994.5,differentia=8+policy=TaperedDepthProportionalResolution+target=512,<function upgma at 0x7f96503dc550>
2341,55,55,[54],5001.0,6.5,316583,5001,5002,5001.0,differentia=8+policy=TaperedDepthProportionalResolution+target=512,<function upgma at 0x7f96503dc550>
2342,56,56,[54],4994.5,0.0,Inner20,4992,4998,4994.5,differentia=8+policy=TaperedDepthProportionalResolution+target=512,<function upgma at 0x7f96503dc550>
2343,57,57,[56],5001.0,6.5,316589,5001,5002,5001.0,differentia=8+policy=TaperedDepthProportionalResolution+target=512,<function upgma at 0x7f96503dc550>
2344,58,58,[56],4994.5,0.0,Inner9,4992,4998,4994.5,differentia=8+policy=TaperedDepthProportionalResolution+target=512,<function upgma at 0x7f96503dc550>
2345,59,59,[58],4998.0,3.5,316423,4998,4999,4998.0,differentia=8+policy=TaperedDepthProportionalResolution+target=512,<function upgma at 0x7f96503dc550>
2346,60,60,[58],5001.0,6.5,316603,5001,5002,5001.0,differentia=8+policy=TaperedDepthProportionalResolution+target=512,<function upgma at 0x7f96503dc550>
2347,61,61,[53],5001.0,6.5,316613,5001,5002,5001.0,differentia=8+policy=TaperedDepthProportionalResolution+target=512,<function upgma at 0x7f96503dc550>
2348,62,62,[52],5001.0,6.5,316621,5001,5002,5001.0,differentia=8+policy=TaperedDepthProportionalResolution+target=512,<function upgma at 0x7f96503dc550>
2349,63,63,[51],4959.5,0.0,Inner59,4928,4992,4959.5,differentia=8+policy=TaperedDepthProportionalResolution+target=512,<function upgma at 0x7f96503dc550>
2350,64,64,[63],4995.5,36.0,Inner26,4992,5000,4995.5,differentia=8+policy=TaperedDepthProportionalResolution+target=512,<function upgma at 0x7f96503dc550>
2351,65,65,[64],4995.5,0.0,Inner19,4992,5000,4995.5,differentia=8+policy=TaperedDepthProportionalResolution+target=512,<function upgma at 0x7f96503dc550>
2352,66,66,[65],4995.5,0.0,Inner8,4992,5000,4995.5,differentia=8+policy=TaperedDepthProportionalResolution+target=512,<function upgma at 0x7f96503dc550>
2353,67,67,[66],5000.0,4.5,316540,5000,5001,5000.0,differentia=8+policy=TaperedDepthProportionalResolution+target=512,<function upgma at 0x7f96503dc550>
2354,68,68,[66],5001.0,5.5,316593,5001,5002,5001.0,differentia=8+policy=TaperedDepthProportionalResolution+target=512,<function upgma at 0x7f96503dc550>
2355,69,69,[65],5001.0,5.5,316601,5001,5002,5001.0,differentia=8+policy=TaperedDepthProportionalResolution+target=512,<function upgma at 0x7f96503dc550>
2356,70,70,[64],5001.0,5.5,316630,5001,5002,5001.0,differentia=8+policy=TaperedDepthProportionalResolution+target=512,<function upgma at 0x7f96503dc550>
2357,71,71,[63],4995.5,36.0,Inner25,4992,5000,4995.5,differentia=8+policy=TaperedDepthProportionalResolution+target=512,<function upgma at 0x7f96503dc550>
2358,72,72,[71],5001.0,5.5,316579,5001,5002,5001.0,differentia=8+policy=TaperedDepthProportionalResolution+target=512,<function upgma at 0x7f96503dc550>
2359,73,73,[71],4995.5,0.0,Inner18,4992,5000,4995.5,differentia=8+policy=TaperedDepthProportionalResolution+target=512,<function upgma at 0x7f96503dc550>
2360,74,74,[73],4995.5,0.0,Inner7,4992,5000,4995.5,differentia=8+policy=TaperedDepthProportionalResolution+target=512,<function upgma at 0x7f96503dc550>
2361,75,75,[74],5000.0,4.5,316567,5000,5001,5000.0,differentia=8+policy=TaperedDepthProportionalResolution+target=512,<function upgma at 0x7f96503dc550>
2362,76,76,[74],5001.0,5.5,316609,5001,5002,5001.0,differentia=8+policy=TaperedDepthProportionalResolution+target=512,<function upgma at 0x7f96503dc550>
2363,77,77,[73],5001.0,5.5,316631,5001,5002,5001.0,differentia=8+policy=TaperedDepthProportionalResolution+target=512,<function upgma at 0x7f96503dc550>
2364,78,78,[38],4959.5,64.0,Inner69,4928,4992,4959.5,differentia=8+policy=TaperedDepthProportionalResolution+target=512,<function upgma at 0x7f96503dc550>
2365,79,79,[78],5001.0,41.5,316610,5001,5002,5001.0,differentia=8+policy=TaperedDepthProportionalResolution+target=512,<function upgma at 0x7f96503dc550>
2366,80,80,[78],4959.5,0.0,Inner68,4928,4992,4959.5,differentia=8+policy=TaperedDepthProportionalResolution+target=512,<function upgma at 0x7f96503dc550>
2367,81,81,[80],4995.5,36.0,Inner51,4992,5000,4995.5,differentia=8+policy=TaperedDepthProportionalResolution+target=512,<function upgma at 0x7f96503dc550>
2368,82,82,[81],4995.5,0.0,Inner50,4992,5000,4995.5,differentia=8+policy=TaperedDepthProportionalResolution+target=512,<function upgma at 0x7f96503dc550>
2369,83,83,[82],5001.0,5.5,316591,5001,5002,5001.0,differentia=8+policy=TaperedDepthProportionalResolution+target=512,<function upgma at 0x7f96503dc550>
2370,84,84,[82],5001.0,5.5,316612,5001,5002,5001.0,differentia=8+policy=TaperedDepthProportionalResolution+target=512,<function upgma at 0x7f96503dc550>
2371,85,85,[81],5001.0,5.5,316633,5001,5002,5001.0,differentia=8+policy=TaperedDepthProportionalResolution+target=512,<function upgma at 0x7f96503dc550>
2372,86,86,[80],4959.5,0.0,Inner66,4928,4992,4959.5,differentia=8+policy=TaperedDepthProportionalResolution+target=512,<function upgma at 0x7f96503dc550>
2373,87,87,[86],4995.5,36.0,Inner49,4992,5000,4995.5,differentia=8+policy=TaperedDepthProportionalResolution+target=512,<function upgma at 0x7f96503dc550>
2374,88,88,[87],5001.0,5.5,316585,5001,5002,5001.0,differentia=8+policy=TaperedDepthProportionalResolution+target=512,<function upgma at 0x7f96503dc550>
2375,89,89,[87],4995.5,0.0,Inner48,4992,5000,4995.5,differentia=8+policy=TaperedDepthProportionalResolution+target=512,<function upgma at 0x7f96503dc550>
2376,90,90,[89],4995.5,0.0,Inner47,4992,5000,4995.5,differentia=8+policy=TaperedDepthProportionalResolution+target=512,<function upgma at 0x7f96503dc550>
2377,91,91,[90],5001.0,5.5,316625,5001,5002,5001.0,differentia=8+policy=TaperedDepthProportionalResolution+target=512,<function upgma at 0x7f96503dc550>
2378,92,92,[90],5001.0,5.5,316626,5001,5002,5001.0,differentia=8+policy=TaperedDepthProportionalResolution+target=512,<function upgma at 0x7f96503dc550>
2379,93,93,[89],5001.0,5.5,316628,5001,5002,5001.0,differentia=8+policy=TaperedDepthProportionalResolution+target=512,<function upgma at 0x7f96503dc550>
2380,94,94,[86],4959.5,0.0,Inner63,4928,4992,4959.5,differentia=8+policy=TaperedDepthProportionalResolution+target=512,<function upgma at 0x7f96503dc550>
2381,95,95,[94],4995.5,36.0,Inner46,4992,5000,4995.5,differentia=8+policy=TaperedDepthProportionalResolution+target=512,<function upgma at 0x7f96503dc550>
2382,96,96,[95],4995.5,0.0,Inner45,4992,5000,4995.5,differentia=8+policy=TaperedDepthProportionalResolution+target=512,<function upgma at 0x7f96503dc550>
2383,97,97,[96],5001.0,5.5,316595,5001,5002,5001.0,differentia=8+policy=TaperedDepthProportionalResolution+target=512,<function upgma at 0x7f96503dc550>
2384,98,98,[96],4995.5,0.0,Inner44,4992,5000,4995.5,differentia=8+policy=TaperedDepthProportionalResolution+target=512,<function upgma at 0x7f96503dc550>
2385,99,99,[98],5001.0,5.5,316604,5001,5002,5001.0,differentia=8+policy=TaperedDepthProportionalResolution+target=512,<function upgma at 0x7f96503dc550>
2386,100,100,[98],4995.5,0.0,Inner43,4992,5000,4995.5,differentia=8+policy=TaperedDepthProportionalResolution+target=512,<function upgma at 0x7f96503dc550>
2387,101,101,[100],5001.0,5.5,316588,5001,5002,5001.0,differentia=8+policy=TaperedDepthProportionalResolution+target=512,<function upgma at 0x7f96503dc550>
2388,102,102,[100],4995.5,0.0,Inner42,4992,5000,4995.5,differentia=8+policy=TaperedDepthProportionalResolution+target=512,<function upgma at 0x7f96503dc550>
2389,103,103,[102],4995.5,0.0,Inner41,4992,5000,4995.5,differentia=8+policy=TaperedDepthProportionalResolution+target=512,<function upgma at 0x7f96503dc550>
2390,104,104,[103],5001.0,5.5,316587,5001,5002,5001.0,differentia=8+policy=TaperedDepthProportionalResolution+target=512,<function upgma at 0x7f96503dc550>
2391,105,105,[103],5001.0,5.5,316600,5001,5002,5001.0,differentia=8+policy=TaperedDepthProportionalResolution+target=512,<function upgma at 0x7f96503dc550>
2392,106,106,[102],5001.0,5.5,316616,5001,5002,5001.0,differentia=8+policy=TaperedDepthProportionalResolution+target=512,<function upgma at 0x7f96503dc550>
2393,107,107,[95],5001.0,5.5,316624,5001,5002,5001.0,differentia=8+policy=TaperedDepthProportionalResolution+target=512,<function upgma at 0x7f96503dc550>
2394,108,108,[94],4959.5,0.0,Inner60,4928,4992,4959.5,differentia=8+policy=TaperedDepthProportionalResolution+target=512,<function upgma at 0x7f96503dc550>
2395,109,109,[108],4995.5,36.0,Inner35,4992,5000,4995.5,differentia=8+policy=TaperedDepthProportionalResolution+target=512,<function upgma at 0x7f96503dc550>
2396,110,110,[109],5001.0,5.5,316611,5001,5002,5001.0,differentia=8+policy=TaperedDepthProportionalResolution+target=512,<function upgma at 0x7f96503dc550>
2397,111,111,[109],4995.5,0.0,Inner33,4992,5000,4995.5,differentia=8+policy=TaperedDepthProportionalResolution+target=512,<function upgma at 0x7f96503dc550>
2398,112,112,[111],5001.0,5.5,316598,5001,5002,5001.0,differentia=8+policy=TaperedDepthProportionalResolution+target=512,<function upgma at 0x7f96503dc550>
2399,113,113,[111],4995.5,0.0,Inner29,4992,5000,4995.5,differentia=8+policy=TaperedDepthProportionalResolution+target=512,<function upgma at 0x7f96503dc550>
2400,114,114,[113],5001.0,5.5,316590,5001,5002,5001.0,differentia=8+policy=TaperedDepthProportionalResolution+target=512,<function upgma at 0x7f96503dc550>
2401,115,115,[113],4995.5,0.0,Inner23,4992,5000,4995.5,differentia=8+policy=TaperedDepthProportionalResolution+target=512,<function upgma at 0x7f96503dc550>
2402,116,116,[115],4995.5,0.0,Inner15,4992,5000,4995.5,differentia=8+policy=TaperedDepthProportionalResolution+target=512,<function upgma at 0x7f96503dc550>
2403,117,117,[116],5001.0,5.5,316581,5001,5002,5001.0,differentia=8+policy=TaperedDepthProportionalResolution+target=512,<function upgma at 0x7f96503dc550>
2404,118,118,[116],4995.0,-0.5,Inner13,4992,4999,4995.0,differentia=8+policy=TaperedDepthProportionalResolution+target=512,<function upgma at 0x7f96503dc550>
2405,119,119,[118],5000.0,5.0,316541,5000,5001,5000.0,differentia=8+policy=TaperedDepthProportionalResolution+target=512,<function upgma at 0x7f96503dc550>
2406,120,120,[118],4995.5,0.5,Inner12,4992,5000,4995.5,differentia=8+policy=TaperedDepthProportionalResolution+target=512,<function upgma at 0x7f96503dc550>
2407,121,121,[120],5000.0,4.5,316564,5000,5001,5000.0,differentia=8+policy=TaperedDepthProportionalResolution+target=512,<function upgma at 0x7f96503dc550>
2408,122,122,[120],5001.0,5.5,316594,5001,5002,5001.0,differentia=8+policy=TaperedDepthProportionalResolution+target=512,<function upgma at 0x7f96503dc550>
2409,123,123,[115],5001.0,5.5,316617,5001,5002,5001.0,differentia=8+policy=TaperedDepthProportionalResolution+target=512,<function upgma at 0x7f96503dc550>
2410,124,124,[108],4959.5,0.0,Inner57,4928,4992,4959.5,differentia=8+policy=TaperedDepthProportionalResolution+target=512,<function upgma at 0x7f96503dc550>
2411,125,125,[124],4959.5,0.0,Inner56,4928,4992,4959.5,differentia=8+policy=TaperedDepthProportionalResolution+target=512,<function upgma at 0x7f96503dc550>
2412,126,126,[125],4995.5,36.0,Inner11,4992,5000,4995.5,differentia=8+policy=TaperedDepthProportionalResolution+target=512,<function upgma at 0x7f96503dc550>
2413,127,127,[126],5000.0,4.5,316578,5000,5001,5000.0,differentia=8+policy=TaperedDepthProportionalResolution+target=512,<function upgma at 0x7f96503dc550>
2414,128,128,[126],5001.0,5.5,316619,5001,5002,5001.0,differentia=8+policy=TaperedDepthProportionalResolution+target=512,<function upgma at 0x7f96503dc550>
2415,129,129,[125],4995.5,36.0,Inner21,4992,5000,4995.5,differentia=8+policy=TaperedDepthProportionalResolution+target=512,<function upgma at 0x7f96503dc550>
2416,130,130,[129],5001.0,5.5,316586,5001,5002,5001.0,differentia=8+policy=TaperedDepthProportionalResolution+target=512,<function upgma at 0x7f96503dc550>
2417,131,131,[129],4995.5,0.0,Inner10,4992,5000,4995.5,differentia=8+policy=TaperedDepthProportionalResolution+target=512,<function upgma at 0x7f96503dc550>
2418,132,132,[131],5000.0,4.5,316577,5000,5001,5000.0,differentia=8+policy=TaperedDepthProportionalResolution+target=512,<function upgma at 0x7f96503dc550>
2419,133,133,[131],5001.0,5.5,316632,5001,5002,5001.0,differentia=8+policy=TaperedDepthProportionalResolution+target=512,<function upgma at 0x7f96503dc550>
2420,134,134,[124],4995.5,36.0,Inner32,4992,5000,4995.5,differentia=8+policy=TaperedDepthProportionalResolution+target=512,<function upgma at 0x7f96503dc550>
2421,135,135,[134],5001.0,5.5,316596,5001,5002,5001.0,differentia=8+policy=TaperedDepthProportionalResolution+target=512,<function upgma at 0x7f96503dc550>
2422,136,136,[134],4995.5,0.0,Inner28,4992,5000,4995.5,differentia=8+policy=TaperedDepthProportionalResolution+target=512,<function upgma at 0x7f96503dc550>
2423,137,137,[136],4995.5,0.0,Inner22,4992,5000,4995.5,differentia=8+policy=TaperedDepthProportionalResolution+target=512,<function upgma at 0x7f96503dc550>
2424,138,138,[137],4995.5,0.0,Inner14,4992,5000,4995.5,differentia=8+policy=TaperedDepthProportionalResolution+target=512,<function upgma at 0x7f96503dc550>
2425,139,139,[138],5000.0,4.5,316552,5000,5001,5000.0,differentia=8+policy=TaperedDepthProportionalResolution+target=512,<function upgma at 0x7f96503dc550>
2426,140,140,[138],5001.0,5.5,316597,5001,5002,5001.0,differentia=8+policy=TaperedDepthProportionalResolution+target=512,<function upgma at 0x7f96503dc550>
2427,141,141,[137],5001.0,5.5,316627,5001,5002,5001.0,differentia=8+policy=TaperedDepthProportionalResolution+target=512,<function upgma at 0x7f96503dc550>
2428,142,142,[136],5001.0,5.5,316635,5001,5002,5001.0,differentia=8+policy=TaperedDepthProportionalResolution+target=512,<function upgma at 0x7f96503dc550>
2429,0,0,[None],4802.0,4802.0,Inner8,4608,4997,4802.0,differentia=8+policy=TaperedDepthProportionalResolution+target=64,<function upgma at 0x7f96503dc550>
2430,1,1,[0],4998.0,196.0,316423,4998,4999,4998.0,differentia=8+policy=TaperedDepthProportionalResolution+target=64,<function upgma at 0x7f96503dc550>
2431,2,2,[0],4802.5,0.5,Inner7,4608,4998,4802.5,differentia=8+policy=TaperedDepthProportionalResolution+target=64,<function upgma at 0x7f96503dc550>
2432,3,3,[2],4998.0,195.5,316382,4998,4999,4998.0,differentia=8+policy=TaperedDepthProportionalResolution+target=64,<function upgma at 0x7f96503dc550>
2433,4,4,[2],4999.0,196.5,316516,4999,5000,4999.0,differentia=8+policy=TaperedDepthProportionalResolution+target=64,<function upgma at 0x7f96503dc550>
2434,5,5,[0],4802.5,0.5,Inner9,4608,4998,4802.5,differentia=8+policy=TaperedDepthProportionalResolution+target=64,<function upgma at 0x7f96503dc550>
2435,6,6,[5],4999.0,196.5,316484,4999,5000,4999.0,differentia=8+policy=TaperedDepthProportionalResolution+target=64,<function upgma at 0x7f96503dc550>
2436,7,7,[5],4802.5,0.0,Inner10,4608,4998,4802.5,differentia=8+policy=TaperedDepthProportionalResolution+target=64,<function upgma at 0x7f96503dc550>
2437,8,8,[7],5000.0,197.5,316562,5000,5001,5000.0,differentia=8+policy=TaperedDepthProportionalResolution+target=64,<function upgma at 0x7f96503dc550>
2438,9,9,[7],4802.5,0.0,Inner11,4608,4998,4802.5,differentia=8+policy=TaperedDepthProportionalResolution+target=64,<function upgma at 0x7f96503dc550>
2439,10,10,[9],5000.0,197.5,316570,5000,5001,5000.0,differentia=8+policy=TaperedDepthProportionalResolution+target=64,<function upgma at 0x7f96503dc550>
2440,11,11,[9],4802.5,0.0,Inner12,4608,4998,4802.5,differentia=8+policy=TaperedDepthProportionalResolution+target=64,<function upgma at 0x7f96503dc550>
2441,12,12,[11],5000.0,197.5,316574,5000,5001,5000.0,differentia=8+policy=TaperedDepthProportionalResolution+target=64,<function upgma at 0x7f96503dc550>
2442,13,13,[11],4802.5,0.0,Inner13,4608,4998,4802.5,differentia=8+policy=TaperedDepthProportionalResolution+target=64,<function upgma at 0x7f96503dc550>
2443,14,14,[13],5000.0,197.5,316544,5000,5001,5000.0,differentia=8+policy=TaperedDepthProportionalResolution+target=64,<function upgma at 0x7f96503dc550>
2444,15,15,[13],4802.5,0.0,Inner14,4608,4998,4802.5,differentia=8+policy=TaperedDepthProportionalResolution+target=64,<function upgma at 0x7f96503dc550>
2445,16,16,[15],5000.0,197.5,316567,5000,5001,5000.0,differentia=8+policy=TaperedDepthProportionalResolution+target=64,<function upgma at 0x7f96503dc550>
2446,17,17,[15],4802.5,0.0,Inner15,4608,4998,4802.5,differentia=8+policy=TaperedDepthProportionalResolution+target=64,<function upgma at 0x7f96503dc550>
2447,18,18,[17],5000.0,197.5,316540,5000,5001,5000.0,differentia=8+policy=TaperedDepthProportionalResolution+target=64,<function upgma at 0x7f96503dc550>
2448,19,19,[17],4802.5,0.0,Inner16,4608,4998,4802.5,differentia=8+policy=TaperedDepthProportionalResolution+target=64,<function upgma at 0x7f96503dc550>
2449,20,20,[19],5000.0,197.5,316577,5000,5001,5000.0,differentia=8+policy=TaperedDepthProportionalResolution+target=64,<function upgma at 0x7f96503dc550>
2450,21,21,[19],4802.5,0.0,Inner17,4608,4998,4802.5,differentia=8+policy=TaperedDepthProportionalResolution+target=64,<function upgma at 0x7f96503dc550>
2451,22,22,[21],5000.0,197.5,316578,5000,5001,5000.0,differentia=8+policy=TaperedDepthProportionalResolution+target=64,<function upgma at 0x7f96503dc550>
2452,23,23,[21],4802.5,0.0,Inner18,4608,4998,4802.5,differentia=8+policy=TaperedDepthProportionalResolution+target=64,<function upgma at 0x7f96503dc550>
2453,24,24,[23],5000.0,197.5,316564,5000,5001,5000.0,differentia=8+policy=TaperedDepthProportionalResolution+target=64,<function upgma at 0x7f96503dc550>
2454,25,25,[23],4802.5,0.0,Inner19,4608,4998,4802.5,differentia=8+policy=TaperedDepthProportionalResolution+target=64,<function upgma at 0x7f96503dc550>
2455,26,26,[25],5000.0,197.5,316541,5000,5001,5000.0,differentia=8+policy=TaperedDepthProportionalResolution+target=64,<function upgma at 0x7f96503dc550>
2456,27,27,[25],4802.5,0.0,Inner20,4608,4998,4802.5,differentia=8+policy=TaperedDepthProportionalResolution+target=64,<function upgma at 0x7f96503dc550>
2457,28,28,[27],5000.0,197.5,316552,5000,5001,5000.0,differentia=8+policy=TaperedDepthProportionalResolution+target=64,<function upgma at 0x7f96503dc550>
2458,29,29,[27],4802.5,0.0,Inner21,4608,4998,4802.5,differentia=8+policy=TaperedDepthProportionalResolution+target=64,<function upgma at 0x7f96503dc550>
2459,30,30,[29],5001.0,198.5,316622,5001,5002,5001.0,differentia=8+policy=TaperedDepthProportionalResolution+target=64,<function upgma at 0x7f96503dc550>
2460,31,31,[29],4802.5,0.0,Inner22,4608,4998,4802.5,differentia=8+policy=TaperedDepthProportionalResolution+target=64,<function upgma at 0x7f96503dc550>
2461,32,32,[31],5001.0,198.5,316607,5001,5002,5001.0,differentia=8+policy=TaperedDepthProportionalResolution+target=64,<function upgma at 0x7f96503dc550>
2462,33,33,[31],4802.5,0.0,Inner23,4608,4998,4802.5,differentia=8+policy=TaperedDepthProportionalResolution+target=64,<function upgma at 0x7f96503dc550>
2463,34,34,[33],5001.0,198.5,316602,5001,5002,5001.0,differentia=8+policy=TaperedDepthProportionalResolution+target=64,<function upgma at 0x7f96503dc550>
2464,35,35,[33],4802.5,0.0,Inner24,4608,4998,4802.5,differentia=8+policy=TaperedDepthProportionalResolution+target=64,<function upgma at 0x7f96503dc550>
2465,36,36,[35],5001.0,198.5,316634,5001,5002,5001.0,differentia=8+policy=TaperedDepthProportionalResolution+target=64,<function upgma at 0x7f96503dc550>
2466,37,37,[35],4802.5,0.0,Inner25,4608,4998,4802.5,differentia=8+policy=TaperedDepthProportionalResolution+target=64,<function upgma at 0x7f96503dc550>
2467,38,38,[37],5001.0,198.5,316620,5001,5002,5001.0,differentia=8+policy=TaperedDepthProportionalResolution+target=64,<function upgma at 0x7f96503dc550>
2468,39,39,[37],4802.5,0.0,Inner26,4608,4998,4802.5,differentia=8+policy=TaperedDepthProportionalResolution+target=64,<function upgma at 0x7f96503dc550>
2469,40,40,[39],5001.0,198.5,316580,5001,5002,5001.0,differentia=8+policy=TaperedDepthProportionalResolution+target=64,<function upgma at 0x7f96503dc550>
2470,41,41,[39],4802.5,0.0,Inner27,4608,4998,4802.5,differentia=8+policy=TaperedDepthProportionalResolution+target=64,<function upgma at 0x7f96503dc550>
2471,42,42,[41],5001.0,198.5,316615,5001,5002,5001.0,differentia=8+policy=TaperedDepthProportionalResolution+target=64,<function upgma at 0x7f96503dc550>
2472,43,43,[41],4802.5,0.0,Inner28,4608,4998,4802.5,differentia=8+policy=TaperedDepthProportionalResolution+target=64,<function upgma at 0x7f96503dc550>
2473,44,44,[43],5001.0,198.5,316605,5001,5002,5001.0,differentia=8+policy=TaperedDepthProportionalResolution+target=64,<function upgma at 0x7f96503dc550>
2474,45,45,[43],4802.5,0.0,Inner29,4608,4998,4802.5,differentia=8+policy=TaperedDepthProportionalResolution+target=64,<function upgma at 0x7f96503dc550>
2475,46,46,[45],5001.0,198.5,316614,5001,5002,5001.0,differentia=8+policy=TaperedDepthProportionalResolution+target=64,<function upgma at 0x7f96503dc550>
2476,47,47,[45],4802.5,0.0,Inner30,4608,4998,4802.5,differentia=8+policy=TaperedDepthProportionalResolution+target=64,<function upgma at 0x7f96503dc550>
2477,48,48,[47],5001.0,198.5,316629,5001,5002,5001.0,differentia=8+policy=TaperedDepthProportionalResolution+target=64,<function upgma at 0x7f96503dc550>
2478,49,49,[47],4802.5,0.0,Inner31,4608,4998,4802.5,differentia=8+policy=TaperedDepthProportionalResolution+target=64,<function upgma at 0x7f96503dc550>
2479,50,50,[49],5001.0,198.5,316584,5001,5002,5001.0,differentia=8+policy=TaperedDepthProportionalResolution+target=64,<function upgma at 0x7f96503dc550>
2480,51,51,[49],4802.5,0.0,Inner32,4608,4998,4802.5,differentia=8+policy=TaperedDepthProportionalResolution+target=64,<function upgma at 0x7f96503dc550>
2481,52,52,[51],5001.0,198.5,316623,5001,5002,5001.0,differentia=8+policy=TaperedDepthProportionalResolution+target=64,<function upgma at 0x7f96503dc550>
2482,53,53,[51],4802.5,0.0,Inner33,4608,4998,4802.5,differentia=8+policy=TaperedDepthProportionalResolution+target=64,<function upgma at 0x7f96503dc550>
2483,54,54,[53],5001.0,198.5,316592,5001,5002,5001.0,differentia=8+policy=TaperedDepthProportionalResolution+target=64,<function upgma at 0x7f96503dc550>
2484,55,55,[53],4802.5,0.0,Inner34,4608,4998,4802.5,differentia=8+policy=TaperedDepthProportionalResolution+target=64,<function upgma at 0x7f96503dc550>
2485,56,56,[55],5001.0,198.5,316608,5001,5002,5001.0,differentia=8+policy=TaperedDepthProportionalResolution+target=64,<function upgma at 0x7f96503dc550>
2486,57,57,[55],4802.5,0.0,Inner35,4608,4998,4802.5,differentia=8+policy=TaperedDepthProportionalResolution+target=64,<function upgma at 0x7f96503dc550>
2487,58,58,[57],5001.0,198.5,316609,5001,5002,5001.0,differentia=8+policy=TaperedDepthProportionalResolution+target=64,<function upgma at 0x7f96503dc550>
2488,59,59,[57],4802.5,0.0,Inner36,4608,4998,4802.5,differentia=8+policy=TaperedDepthProportionalResolution+target=64,<function upgma at 0x7f96503dc550>
2489,60,60,[59],5001.0,198.5,316579,5001,5002,5001.0,differentia=8+policy=TaperedDepthProportionalResolution+target=64,<function upgma at 0x7f96503dc550>
2490,61,61,[59],4802.5,0.0,Inner37,4608,4998,4802.5,differentia=8+policy=TaperedDepthProportionalResolution+target=64,<function upgma at 0x7f96503dc550>
2491,62,62,[61],5001.0,198.5,316593,5001,5002,5001.0,differentia=8+policy=TaperedDepthProportionalResolution+target=64,<function upgma at 0x7f96503dc550>
2492,63,63,[61],4802.5,0.0,Inner38,4608,4998,4802.5,differentia=8+policy=TaperedDepthProportionalResolution+target=64,<function upgma at 0x7f96503dc550>
2493,64,64,[63],5000.0,197.5,Inner3,5000,5001,5000.0,differentia=8+policy=TaperedDepthProportionalResolution+target=64,<function upgma at 0x7f96503dc550>
2494,65,65,[64],5001.0,1.0,316601,5001,5002,5001.0,differentia=8+policy=TaperedDepthProportionalResolution+target=64,<function upgma at 0x7f96503dc550>
2495,66,66,[64],5001.0,1.0,316618,5001,5002,5001.0,differentia=8+policy=TaperedDepthProportionalResolution+target=64,<function upgma at 0x7f96503dc550>
2496,67,67,[63],4802.5,0.0,Inner39,4608,4998,4802.5,differentia=8+policy=TaperedDepthProportionalResolution+target=64,<function upgma at 0x7f96503dc550>
2497,68,68,[67],5001.0,198.5,316630,5001,5002,5001.0,differentia=8+policy=TaperedDepthProportionalResolution+target=64,<function upgma at 0x7f96503dc550>
2498,69,69,[67],4802.5,0.0,Inner40,4608,4998,4802.5,differentia=8+policy=TaperedDepthProportionalResolution+target=64,<function upgma at 0x7f96503dc550>
2499,70,70,[69],5001.0,198.5,316603,5001,5002,5001.0,differentia=8+policy=TaperedDepthProportionalResolution+target=64,<function upgma at 0x7f96503dc550>
2500,71,71,[69],4802.5,0.0,Inner41,4608,4998,4802.5,differentia=8+policy=TaperedDepthProportionalResolution+target=64,<function upgma at 0x7f96503dc550>
2501,72,72,[71],5001.0,198.5,316589,5001,5002,5001.0,differentia=8+policy=TaperedDepthProportionalResolution+target=64,<function upgma at 0x7f96503dc550>
2502,73,73,[71],4802.5,0.0,Inner42,4608,4998,4802.5,differentia=8+policy=TaperedDepthProportionalResolution+target=64,<function upgma at 0x7f96503dc550>
2503,74,74,[73],5001.0,198.5,316583,5001,5002,5001.0,differentia=8+policy=TaperedDepthProportionalResolution+target=64,<function upgma at 0x7f96503dc550>
2504,75,75,[73],4802.5,0.0,Inner43,4608,4998,4802.5,differentia=8+policy=TaperedDepthProportionalResolution+target=64,<function upgma at 0x7f96503dc550>
2505,76,76,[75],5001.0,198.5,316613,5001,5002,5001.0,differentia=8+policy=TaperedDepthProportionalResolution+target=64,<function upgma at 0x7f96503dc550>
2506,77,77,[75],4802.5,0.0,Inner44,4608,4998,4802.5,differentia=8+policy=TaperedDepthProportionalResolution+target=64,<function upgma at 0x7f96503dc550>
2507,78,78,[77],5001.0,198.5,316621,5001,5002,5001.0,differentia=8+policy=TaperedDepthProportionalResolution+target=64,<function upgma at 0x7f96503dc550>
2508,79,79,[77],4802.5,0.0,Inner45,4608,4998,4802.5,differentia=8+policy=TaperedDepthProportionalResolution+target=64,<function upgma at 0x7f96503dc550>
2509,80,80,[79],5001.0,198.5,316606,5001,5002,5001.0,differentia=8+policy=TaperedDepthProportionalResolution+target=64,<function upgma at 0x7f96503dc550>
2510,81,81,[79],4802.5,0.0,Inner46,4608,4998,4802.5,differentia=8+policy=TaperedDepthProportionalResolution+target=64,<function upgma at 0x7f96503dc550>
2511,82,82,[81],5001.0,198.5,316600,5001,5002,5001.0,differentia=8+policy=TaperedDepthProportionalResolution+target=64,<function upgma at 0x7f96503dc550>
2512,83,83,[81],4802.5,0.0,Inner47,4608,4998,4802.5,differentia=8+policy=TaperedDepthProportionalResolution+target=64,<function upgma at 0x7f96503dc550>
2513,84,84,[83],5001.0,198.5,316587,5001,5002,5001.0,differentia=8+policy=TaperedDepthProportionalResolution+target=64,<function upgma at 0x7f96503dc550>
2514,85,85,[83],4802.5,0.0,Inner48,4608,4998,4802.5,differentia=8+policy=TaperedDepthProportionalResolution+target=64,<function upgma at 0x7f96503dc550>
2515,86,86,[85],5001.0,198.5,316616,5001,5002,5001.0,differentia=8+policy=TaperedDepthProportionalResolution+target=64,<function upgma at 0x7f96503dc550>
2516,87,87,[85],4802.5,0.0,Inner49,4608,4998,4802.5,differentia=8+policy=TaperedDepthProportionalResolution+target=64,<function upgma at 0x7f96503dc550>
2517,88,88,[87],5000.0,197.5,Inner1,5000,5001,5000.0,differentia=8+policy=TaperedDepthProportionalResolution+target=64,<function upgma at 0x7f96503dc550>
2518,89,89,[88],5001.0,1.0,316582,5001,5002,5001.0,differentia=8+policy=TaperedDepthProportionalResolution+target=64,<function upgma at 0x7f96503dc550>
2519,90,90,[88],5001.0,1.0,316588,5001,5002,5001.0,differentia=8+policy=TaperedDepthProportionalResolution+target=64,<function upgma at 0x7f96503dc550>
2520,91,91,[87],4802.5,0.0,Inner50,4608,4998,4802.5,differentia=8+policy=TaperedDepthProportionalResolution+target=64,<function upgma at 0x7f96503dc550>
2521,92,92,[91],5001.0,198.5,316604,5001,5002,5001.0,differentia=8+policy=TaperedDepthProportionalResolution+target=64,<function upgma at 0x7f96503dc550>
2522,93,93,[91],4802.5,0.0,Inner51,4608,4998,4802.5,differentia=8+policy=TaperedDepthProportionalResolution+target=64,<function upgma at 0x7f96503dc550>
2523,94,94,[93],5001.0,198.5,316595,5001,5002,5001.0,differentia=8+policy=TaperedDepthProportionalResolution+target=64,<function upgma at 0x7f96503dc550>
2524,95,95,[93],4802.5,0.0,Inner52,4608,4998,4802.5,differentia=8+policy=TaperedDepthProportionalResolution+target=64,<function upgma at 0x7f96503dc550>
2525,96,96,[95],5001.0,198.5,316624,5001,5002,5001.0,differentia=8+policy=TaperedDepthProportionalResolution+target=64,<function upgma at 0x7f96503dc550>
2526,97,97,[95],4802.5,0.0,Inner53,4608,4998,4802.5,differentia=8+policy=TaperedDepthProportionalResolution+target=64,<function upgma at 0x7f96503dc550>
2527,98,98,[97],5000.0,197.5,Inner5,5000,5001,5000.0,differentia=8+policy=TaperedDepthProportionalResolution+target=64,<function upgma at 0x7f96503dc550>
2528,99,99,[98],5001.0,1.0,316619,5001,5002,5001.0,differentia=8+policy=TaperedDepthProportionalResolution+target=64,<function upgma at 0x7f96503dc550>
2529,100,100,[98],5001.0,1.0,316632,5001,5002,5001.0,differentia=8+policy=TaperedDepthProportionalResolution+target=64,<function upgma at 0x7f96503dc550>
2530,101,101,[97],4802.5,0.0,Inner54,4608,4998,4802.5,differentia=8+policy=TaperedDepthProportionalResolution+target=64,<function upgma at 0x7f96503dc550>
2531,102,102,[101],5001.0,198.5,316594,5001,5002,5001.0,differentia=8+policy=TaperedDepthProportionalResolution+target=64,<function upgma at 0x7f96503dc550>
2532,103,103,[101],4802.5,0.0,Inner55,4608,4998,4802.5,differentia=8+policy=TaperedDepthProportionalResolution+target=64,<function upgma at 0x7f96503dc550>
2533,104,104,[103],5001.0,198.5,316581,5001,5002,5001.0,differentia=8+policy=TaperedDepthProportionalResolution+target=64,<function upgma at 0x7f96503dc550>
2534,105,105,[103],4802.5,0.0,Inner56,4608,4998,4802.5,differentia=8+policy=TaperedDepthProportionalResolution+target=64,<function upgma at 0x7f96503dc550>
2535,106,106,[105],5000.0,197.5,Inner4,5000,5001,5000.0,differentia=8+policy=TaperedDepthProportionalResolution+target=64,<function upgma at 0x7f96503dc550>
2536,107,107,[106],5001.0,1.0,316617,5001,5002,5001.0,differentia=8+policy=TaperedDepthProportionalResolution+target=64,<function upgma at 0x7f96503dc550>
2537,108,108,[106],5001.0,1.0,316631,5001,5002,5001.0,differentia=8+policy=TaperedDepthProportionalResolution+target=64,<function upgma at 0x7f96503dc550>
2538,109,109,[105],4802.5,0.0,Inner57,4608,4998,4802.5,differentia=8+policy=TaperedDepthProportionalResolution+target=64,<function upgma at 0x7f96503dc550>
2539,110,110,[109],5001.0,198.5,316590,5001,5002,5001.0,differentia=8+policy=TaperedDepthProportionalResolution+target=64,<function upgma at 0x7f96503dc550>
2540,111,111,[109],4802.5,0.0,Inner58,4608,4998,4802.5,differentia=8+policy=TaperedDepthProportionalResolution+target=64,<function upgma at 0x7f96503dc550>
2541,112,112,[111],5001.0,198.5,316598,5001,5002,5001.0,differentia=8+policy=TaperedDepthProportionalResolution+target=64,<function upgma at 0x7f96503dc550>
2542,113,113,[111],4802.5,0.0,Inner59,4608,4998,4802.5,differentia=8+policy=TaperedDepthProportionalResolution+target=64,<function upgma at 0x7f96503dc550>
2543,114,114,[113],5001.0,198.5,316611,5001,5002,5001.0,differentia=8+policy=TaperedDepthProportionalResolution+target=64,<function upgma at 0x7f96503dc550>
2544,115,115,[113],4802.5,0.0,Inner60,4608,4998,4802.5,differentia=8+policy=TaperedDepthProportionalResolution+target=64,<function upgma at 0x7f96503dc550>
2545,116,116,[115],5001.0,198.5,316626,5001,5002,5001.0,differentia=8+policy=TaperedDepthProportionalResolution+target=64,<function upgma at 0x7f96503dc550>
2546,117,117,[115],4802.5,0.0,Inner61,4608,4998,4802.5,differentia=8+policy=TaperedDepthProportionalResolution+target=64,<function upgma at 0x7f96503dc550>
2547,118,118,[117],5001.0,198.5,316625,5001,5002,5001.0,differentia=8+policy=TaperedDepthProportionalResolution+target=64,<function upgma at 0x7f96503dc550>
2548,119,119,[117],4802.5,0.0,Inner62,4608,4998,4802.5,differentia=8+policy=TaperedDepthProportionalResolution+target=64,<function upgma at 0x7f96503dc550>
2549,120,120,[119],5001.0,198.5,316628,5001,5002,5001.0,differentia=8+policy=TaperedDepthProportionalResolution+target=64,<function upgma at 0x7f96503dc550>
2550,121,121,[119],4802.5,0.0,Inner63,4608,4998,4802.5,differentia=8+policy=TaperedDepthProportionalResolution+target=64,<function upgma at 0x7f96503dc550>
2551,122,122,[121],5001.0,198.5,316585,5001,5002,5001.0,differentia=8+policy=TaperedDepthProportionalResolution+target=64,<function upgma at 0x7f96503dc550>
2552,123,123,[121],4802.5,0.0,Inner64,4608,4998,4802.5,differentia=8+policy=TaperedDepthProportionalResolution+target=64,<function upgma at 0x7f96503dc550>
2553,124,124,[123],5001.0,198.5,316591,5001,5002,5001.0,differentia=8+policy=TaperedDepthProportionalResolution+target=64,<function upgma at 0x7f96503dc550>
2554,125,125,[123],4802.5,0.0,Inner65,4608,4998,4802.5,differentia=8+policy=TaperedDepthProportionalResolution+target=64,<function upgma at 0x7f96503dc550>
2555,126,126,[125],5001.0,198.5,316612,5001,5002,5001.0,differentia=8+policy=TaperedDepthProportionalResolution+target=64,<function upgma at 0x7f96503dc550>
2556,127,127,[125],4803.5,1.0,Inner70,4608,5000,4803.5,differentia=8+policy=TaperedDepthProportionalResolution+target=64,<function upgma at 0x7f96503dc550>
2557,128,128,[127],5001.0,197.5,316596,5001,5002,5001.0,differentia=8+policy=TaperedDepthProportionalResolution+target=64,<function upgma at 0x7f96503dc550>
2558,129,129,[127],4803.5,0.0,Inner69,4608,5000,4803.5,differentia=8+policy=TaperedDepthProportionalResolution+target=64,<function upgma at 0x7f96503dc550>
2559,130,130,[129],4803.5,0.0,Inner68,4608,5000,4803.5,differentia=8+policy=TaperedDepthProportionalResolution+target=64,<function upgma at 0x7f96503dc550>
2560,131,131,[130],5001.0,197.5,316627,5001,5002,5001.0,differentia=8+policy=TaperedDepthProportionalResolution+target=64,<function upgma at 0x7f96503dc550>
2561,132,132,[130],4803.5,0.0,Inner67,4608,5000,4803.5,differentia=8+policy=TaperedDepthProportionalResolution+target=64,<function upgma at 0x7f96503dc550>
2562,133,133,[132],5001.0,197.5,316597,5001,5002,5001.0,differentia=8+policy=TaperedDepthProportionalResolution+target=64,<function upgma at 0x7f96503dc550>
2563,134,134,[132],4803.5,0.0,Inner66,4608,5000,4803.5,differentia=8+policy=TaperedDepthProportionalResolution+target=64,<function upgma at 0x7f96503dc550>
2564,135,135,[134],5001.0,197.5,316610,5001,5002,5001.0,differentia=8+policy=TaperedDepthProportionalResolution+target=64,<function upgma at 0x7f96503dc550>
2565,136,136,[134],5000.0,196.5,Inner6,5000,5001,5000.0,differentia=8+policy=TaperedDepthProportionalResolution+target=64,<function upgma at 0x7f96503dc550>
2566,137,137,[136],5000.0,0.0,Inner2,5000,5001,5000.0,differentia=8+policy=TaperedDepthProportionalResolution+target=64,<function upgma at 0x7f96503dc550>
2567,138,138,[137],5001.0,1.0,316586,5001,5002,5001.0,differentia=8+policy=TaperedDepthProportionalResolution+target=64,<function upgma at 0x7f96503dc550>
2568,139,139,[137],5001.0,1.0,316599,5001,5002,5001.0,differentia=8+policy=TaperedDepthProportionalResolution+target=64,<function upgma at 0x7f96503dc550>
2569,140,140,[136],5001.0,1.0,316633,5001,5002,5001.0,differentia=8+policy=TaperedDepthProportionalResolution+target=64,<function upgma at 0x7f96503dc550>
2570,141,141,[129],5001.0,197.5,316635,5001,5002,5001.0,differentia=8+policy=TaperedDepthProportionalResolution+target=64,<function upgma at 0x7f96503dc550>
