,index,id,ancestor_list,origin_time,branch_length,name,Origin Time Lower Bound (Inclusive),Origin Time Upper Bound (Exclusive),Origin Time Estimate,Treatment,Algorithm
0,0,0,[None],4944.0,4944.0,Inner72,4942,4947,4944.0,differentia=1+policy=RecencyProportionalResolution+target=4096,<function upgma at 0x7ff24ea53040>
1,1,1,[0],4967.0,23.0,Inner71,4965,4970,4967.0,differentia=1+policy=RecencyProportionalResolution+target=4096,<function upgma at 0x7ff24ea53040>
2,2,2,[1],4990.0,23.0,Inner62,4988,4993,4990.0,differentia=1+policy=RecencyProportionalResolution+target=4096,<function upgma at 0x7ff24ea53040>
3,3,3,[2],4992.0,2.0,Inner55,4990,4995,4992.0,differentia=1+policy=RecencyProportionalResolution+target=4096,<function upgma at 0x7ff24ea53040>
4,4,4,[3],4993.0,1.0,Inner50,4991,4996,4993.0,differentia=1+policy=RecencyProportionalResolution+target=4096,<function upgma at 0x7ff24ea53040>
5,5,5,[4],5000.0,7.0,316551,5000,5001,5000.0,differentia=1+policy=RecencyProportionalResolution+target=4096,<function upgma at 0x7ff24ea53040>
6,6,6,[4],4997.0,4.0,Inner27,4995,5000,4997.0,differentia=1+policy=RecencyProportionalResolution+target=4096,<function upgma at 0x7ff24ea53040>
7,7,7,[6],5001.0,4.0,316618,5001,5002,5001.0,differentia=1+policy=RecencyProportionalResolution+target=4096,<function upgma at 0x7ff24ea53040>
8,8,8,[6],4998.0,1.0,Inner18,4996,5001,4998.0,differentia=1+policy=RecencyProportionalResolution+target=4096,<function upgma at 0x7ff24ea53040>
9,9,9,[8],5001.0,3.0,316590,5001,5002,5001.0,differentia=1+policy=RecencyProportionalResolution+target=4096,<function upgma at 0x7ff24ea53040>
10,10,10,[8],5001.0,3.0,316622,5001,5002,5001.0,differentia=1+policy=RecencyProportionalResolution+target=4096,<function upgma at 0x7ff24ea53040>
11,11,11,[3],4995.0,3.0,Inner45,4993,4998,4995.0,differentia=1+policy=RecencyProportionalResolution+target=4096,<function upgma at 0x7ff24ea53040>
12,12,12,[11],4997.0,2.0,Inner26,4995,5000,4997.0,differentia=1+policy=RecencyProportionalResolution+target=4096,<function upgma at 0x7ff24ea53040>
13,13,13,[12],5001.0,4.0,316616,5001,5002,5001.0,differentia=1+policy=RecencyProportionalResolution+target=4096,<function upgma at 0x7ff24ea53040>
14,14,14,[12],4998.0,1.0,Inner17,4996,5001,4998.0,differentia=1+policy=RecencyProportionalResolution+target=4096,<function upgma at 0x7ff24ea53040>
15,15,15,[14],5001.0,3.0,316609,5001,5002,5001.0,differentia=1+policy=RecencyProportionalResolution+target=4096,<function upgma at 0x7ff24ea53040>
16,16,16,[14],5001.0,3.0,316620,5001,5002,5001.0,differentia=1+policy=RecencyProportionalResolution+target=4096,<function upgma at 0x7ff24ea53040>
17,17,17,[11],4998.0,3.0,Inner16,4996,5001,4998.0,differentia=1+policy=RecencyProportionalResolution+target=4096,<function upgma at 0x7ff24ea53040>
18,18,18,[17],5001.0,3.0,316592,5001,5002,5001.0,differentia=1+policy=RecencyProportionalResolution+target=4096,<function upgma at 0x7ff24ea53040>
19,19,19,[17],5001.0,3.0,316628,5001,5002,5001.0,differentia=1+policy=RecencyProportionalResolution+target=4096,<function upgma at 0x7ff24ea53040>
20,20,20,[2],4994.0,4.0,Inner46,4992,4997,4994.0,differentia=1+policy=RecencyProportionalResolution+target=4096,<function upgma at 0x7ff24ea53040>
21,21,21,[20],4996.0,2.0,Inner30,4994,4999,4996.0,differentia=1+policy=RecencyProportionalResolution+target=4096,<function upgma at 0x7ff24ea53040>
22,22,22,[21],5000.0,4.0,316581,5000,5001,5000.0,differentia=1+policy=RecencyProportionalResolution+target=4096,<function upgma at 0x7ff24ea53040>
23,23,23,[21],4998.0,2.0,Inner15,4996,5001,4998.0,differentia=1+policy=RecencyProportionalResolution+target=4096,<function upgma at 0x7ff24ea53040>
24,24,24,[23],5001.0,3.0,316595,5001,5002,5001.0,differentia=1+policy=RecencyProportionalResolution+target=4096,<function upgma at 0x7ff24ea53040>
25,25,25,[23],5001.0,3.0,316630,5001,5002,5001.0,differentia=1+policy=RecencyProportionalResolution+target=4096,<function upgma at 0x7ff24ea53040>
26,26,26,[20],4995.0,1.0,Inner44,4993,4998,4995.0,differentia=1+policy=RecencyProportionalResolution+target=4096,<function upgma at 0x7ff24ea53040>
27,27,27,[26],5001.0,6.0,316636,5001,5002,5001.0,differentia=1+policy=RecencyProportionalResolution+target=4096,<function upgma at 0x7ff24ea53040>
28,28,28,[26],4996.0,1.0,Inner39,4994,4999,4996.0,differentia=1+policy=RecencyProportionalResolution+target=4096,<function upgma at 0x7ff24ea53040>
29,29,29,[28],5001.0,5.0,316645,5001,5002,5001.0,differentia=1+policy=RecencyProportionalResolution+target=4096,<function upgma at 0x7ff24ea53040>
30,30,30,[28],5001.0,5.0,316650,5001,5002,5001.0,differentia=1+policy=RecencyProportionalResolution+target=4096,<function upgma at 0x7ff24ea53040>
31,31,31,[1],4989.0,22.0,Inner65,4987,4992,4989.0,differentia=1+policy=RecencyProportionalResolution+target=4096,<function upgma at 0x7ff24ea53040>
32,32,32,[31],5001.0,12.0,316644,5001,5002,5001.0,differentia=1+policy=RecencyProportionalResolution+target=4096,<function upgma at 0x7ff24ea53040>
33,33,33,[31],4990.0,1.0,Inner61,4988,4993,4990.0,differentia=1+policy=RecencyProportionalResolution+target=4096,<function upgma at 0x7ff24ea53040>
34,34,34,[33],5001.0,11.0,316612,5001,5002,5001.0,differentia=1+policy=RecencyProportionalResolution+target=4096,<function upgma at 0x7ff24ea53040>
35,35,35,[33],4992.0,2.0,Inner53,4990,4995,4992.0,differentia=1+policy=RecencyProportionalResolution+target=4096,<function upgma at 0x7ff24ea53040>
36,36,36,[35],4993.0,1.0,Inner49,4991,4996,4993.0,differentia=1+policy=RecencyProportionalResolution+target=4096,<function upgma at 0x7ff24ea53040>
37,37,37,[36],4995.0,2.0,Inner42,4993,4998,4995.0,differentia=1+policy=RecencyProportionalResolution+target=4096,<function upgma at 0x7ff24ea53040>
38,38,38,[37],5001.0,6.0,316613,5001,5002,5001.0,differentia=1+policy=RecencyProportionalResolution+target=4096,<function upgma at 0x7ff24ea53040>
39,39,39,[37],4997.0,2.0,Inner24,4995,5000,4997.0,differentia=1+policy=RecencyProportionalResolution+target=4096,<function upgma at 0x7ff24ea53040>
40,40,40,[39],5001.0,4.0,316593,5001,5002,5001.0,differentia=1+policy=RecencyProportionalResolution+target=4096,<function upgma at 0x7ff24ea53040>
41,41,41,[39],4998.0,1.0,Inner13,4996,5001,4998.0,differentia=1+policy=RecencyProportionalResolution+target=4096,<function upgma at 0x7ff24ea53040>
42,42,42,[41],5001.0,3.0,316614,5001,5002,5001.0,differentia=1+policy=RecencyProportionalResolution+target=4096,<function upgma at 0x7ff24ea53040>
43,43,43,[41],5001.0,3.0,316627,5001,5002,5001.0,differentia=1+policy=RecencyProportionalResolution+target=4096,<function upgma at 0x7ff24ea53040>
44,44,44,[36],4994.0,1.0,Inner43,4992,4997,4994.0,differentia=1+policy=RecencyProportionalResolution+target=4096,<function upgma at 0x7ff24ea53040>
45,45,45,[44],4999.0,5.0,316532,4999,5000,4999.0,differentia=1+policy=RecencyProportionalResolution+target=4096,<function upgma at 0x7ff24ea53040>
46,46,46,[44],4996.0,2.0,Inner38,4994,4999,4996.0,differentia=1+policy=RecencyProportionalResolution+target=4096,<function upgma at 0x7ff24ea53040>
47,47,47,[46],5001.0,5.0,316596,5001,5002,5001.0,differentia=1+policy=RecencyProportionalResolution+target=4096,<function upgma at 0x7ff24ea53040>
48,48,48,[46],4997.0,1.0,Inner25,4995,5000,4997.0,differentia=1+policy=RecencyProportionalResolution+target=4096,<function upgma at 0x7ff24ea53040>
49,49,49,[48],5001.0,4.0,316606,5001,5002,5001.0,differentia=1+policy=RecencyProportionalResolution+target=4096,<function upgma at 0x7ff24ea53040>
50,50,50,[48],4998.0,1.0,Inner14,4996,5001,4998.0,differentia=1+policy=RecencyProportionalResolution+target=4096,<function upgma at 0x7ff24ea53040>
51,51,51,[50],5001.0,3.0,316602,5001,5002,5001.0,differentia=1+policy=RecencyProportionalResolution+target=4096,<function upgma at 0x7ff24ea53040>
52,52,52,[50],5001.0,3.0,316634,5001,5002,5001.0,differentia=1+policy=RecencyProportionalResolution+target=4096,<function upgma at 0x7ff24ea53040>
53,53,53,[35],4996.0,4.0,Inner29,4994,4999,4996.0,differentia=1+policy=RecencyProportionalResolution+target=4096,<function upgma at 0x7ff24ea53040>
54,54,54,[53],5000.0,4.0,316573,5000,5001,5000.0,differentia=1+policy=RecencyProportionalResolution+target=4096,<function upgma at 0x7ff24ea53040>
55,55,55,[53],4998.0,2.0,Inner12,4996,5001,4998.0,differentia=1+policy=RecencyProportionalResolution+target=4096,<function upgma at 0x7ff24ea53040>
56,56,56,[55],4998.0,0.0,Inner11,4996,5001,4998.0,differentia=1+policy=RecencyProportionalResolution+target=4096,<function upgma at 0x7ff24ea53040>
57,57,57,[56],5001.0,3.0,316611,5001,5002,5001.0,differentia=1+policy=RecencyProportionalResolution+target=4096,<function upgma at 0x7ff24ea53040>
58,58,58,[56],5001.0,3.0,316617,5001,5002,5001.0,differentia=1+policy=RecencyProportionalResolution+target=4096,<function upgma at 0x7ff24ea53040>
59,59,59,[55],5001.0,3.0,316653,5001,5002,5001.0,differentia=1+policy=RecencyProportionalResolution+target=4096,<function upgma at 0x7ff24ea53040>
60,60,60,[0],4970.0,26.0,Inner70,4968,4973,4970.0,differentia=1+policy=RecencyProportionalResolution+target=4096,<function upgma at 0x7ff24ea53040>
61,61,61,[60],4992.0,22.0,Inner57,4990,4995,4992.0,differentia=1+policy=RecencyProportionalResolution+target=4096,<function upgma at 0x7ff24ea53040>
62,62,62,[61],4993.0,1.0,Inner52,4991,4996,4993.0,differentia=1+policy=RecencyProportionalResolution+target=4096,<function upgma at 0x7ff24ea53040>
63,63,63,[62],4997.0,4.0,Inner23,4995,5000,4997.0,differentia=1+policy=RecencyProportionalResolution+target=4096,<function upgma at 0x7ff24ea53040>
64,64,64,[63],5001.0,4.0,316600,5001,5002,5001.0,differentia=1+policy=RecencyProportionalResolution+target=4096,<function upgma at 0x7ff24ea53040>
65,65,65,[63],4998.0,1.0,Inner10,4996,5001,4998.0,differentia=1+policy=RecencyProportionalResolution+target=4096,<function upgma at 0x7ff24ea53040>
66,66,66,[65],5001.0,3.0,316594,5001,5002,5001.0,differentia=1+policy=RecencyProportionalResolution+target=4096,<function upgma at 0x7ff24ea53040>
67,67,67,[65],5001.0,3.0,316635,5001,5002,5001.0,differentia=1+policy=RecencyProportionalResolution+target=4096,<function upgma at 0x7ff24ea53040>
68,68,68,[62],5001.0,8.0,316637,5001,5002,5001.0,differentia=1+policy=RecencyProportionalResolution+target=4096,<function upgma at 0x7ff24ea53040>
69,69,69,[61],4995.0,3.0,Inner41,4993,4998,4995.0,differentia=1+policy=RecencyProportionalResolution+target=4096,<function upgma at 0x7ff24ea53040>
70,70,70,[69],5001.0,6.0,316589,5001,5002,5001.0,differentia=1+policy=RecencyProportionalResolution+target=4096,<function upgma at 0x7ff24ea53040>
71,71,71,[69],4996.0,1.0,Inner37,4994,4999,4996.0,differentia=1+policy=RecencyProportionalResolution+target=4096,<function upgma at 0x7ff24ea53040>
72,72,72,[71],5001.0,5.0,316591,5001,5002,5001.0,differentia=1+policy=RecencyProportionalResolution+target=4096,<function upgma at 0x7ff24ea53040>
73,73,73,[71],5001.0,5.0,316648,5001,5002,5001.0,differentia=1+policy=RecencyProportionalResolution+target=4096,<function upgma at 0x7ff24ea53040>
74,74,74,[60],4982.0,12.0,Inner69,4980,4985,4982.0,differentia=1+policy=RecencyProportionalResolution+target=4096,<function upgma at 0x7ff24ea53040>
75,75,75,[74],4988.0,6.0,Inner66,4986,4991,4988.0,differentia=1+policy=RecencyProportionalResolution+target=4096,<function upgma at 0x7ff24ea53040>
76,76,76,[75],5001.0,13.0,316649,5001,5002,5001.0,differentia=1+policy=RecencyProportionalResolution+target=4096,<function upgma at 0x7ff24ea53040>
77,77,77,[75],4989.0,1.0,Inner64,4987,4992,4989.0,differentia=1+policy=RecencyProportionalResolution+target=4096,<function upgma at 0x7ff24ea53040>
78,78,78,[77],4990.0,1.0,Inner60,4988,4993,4990.0,differentia=1+policy=RecencyProportionalResolution+target=4096,<function upgma at 0x7ff24ea53040>
79,79,79,[78],4991.0,1.0,Inner58,4989,4994,4991.0,differentia=1+policy=RecencyProportionalResolution+target=4096,<function upgma at 0x7ff24ea53040>
80,80,80,[79],5000.0,9.0,316563,5000,5001,5000.0,differentia=1+policy=RecencyProportionalResolution+target=4096,<function upgma at 0x7ff24ea53040>
81,81,81,[79],5001.0,10.0,316625,5001,5002,5001.0,differentia=1+policy=RecencyProportionalResolution+target=4096,<function upgma at 0x7ff24ea53040>
82,82,82,[78],4992.0,2.0,Inner56,4990,4995,4992.0,differentia=1+policy=RecencyProportionalResolution+target=4096,<function upgma at 0x7ff24ea53040>
83,83,83,[82],5001.0,9.0,316631,5001,5002,5001.0,differentia=1+policy=RecencyProportionalResolution+target=4096,<function upgma at 0x7ff24ea53040>
84,84,84,[82],4994.0,2.0,Inner48,4992,4997,4994.0,differentia=1+policy=RecencyProportionalResolution+target=4096,<function upgma at 0x7ff24ea53040>
85,85,85,[84],5001.0,7.0,316623,5001,5002,5001.0,differentia=1+policy=RecencyProportionalResolution+target=4096,<function upgma at 0x7ff24ea53040>
86,86,86,[84],4996.0,2.0,Inner36,4994,4999,4996.0,differentia=1+policy=RecencyProportionalResolution+target=4096,<function upgma at 0x7ff24ea53040>
87,87,87,[86],4998.0,2.0,Inner9,4996,5001,4998.0,differentia=1+policy=RecencyProportionalResolution+target=4096,<function upgma at 0x7ff24ea53040>
88,88,88,[87],5001.0,3.0,316597,5001,5002,5001.0,differentia=1+policy=RecencyProportionalResolution+target=4096,<function upgma at 0x7ff24ea53040>
89,89,89,[87],5001.0,3.0,316629,5001,5002,5001.0,differentia=1+policy=RecencyProportionalResolution+target=4096,<function upgma at 0x7ff24ea53040>
90,90,90,[86],4997.0,1.0,Inner22,4995,5000,4997.0,differentia=1+policy=RecencyProportionalResolution+target=4096,<function upgma at 0x7ff24ea53040>
91,91,91,[90],5001.0,4.0,316624,5001,5002,5001.0,differentia=1+policy=RecencyProportionalResolution+target=4096,<function upgma at 0x7ff24ea53040>
92,92,92,[90],5001.0,4.0,316632,5001,5002,5001.0,differentia=1+policy=RecencyProportionalResolution+target=4096,<function upgma at 0x7ff24ea53040>
93,93,93,[77],4990.0,1.0,Inner63,4988,4993,4990.0,differentia=1+policy=RecencyProportionalResolution+target=4096,<function upgma at 0x7ff24ea53040>
94,94,94,[93],4993.0,3.0,Inner51,4991,4996,4993.0,differentia=1+policy=RecencyProportionalResolution+target=4096,<function upgma at 0x7ff24ea53040>
95,95,95,[94],4996.0,3.0,Inner33,4994,4999,4996.0,differentia=1+policy=RecencyProportionalResolution+target=4096,<function upgma at 0x7ff24ea53040>
96,96,96,[95],5001.0,5.0,316626,5001,5002,5001.0,differentia=1+policy=RecencyProportionalResolution+target=4096,<function upgma at 0x7ff24ea53040>
97,97,97,[95],5001.0,5.0,316633,5001,5002,5001.0,differentia=1+policy=RecencyProportionalResolution+target=4096,<function upgma at 0x7ff24ea53040>
98,98,98,[94],4996.0,3.0,Inner34,4994,4999,4996.0,differentia=1+policy=RecencyProportionalResolution+target=4096,<function upgma at 0x7ff24ea53040>
99,99,99,[98],5001.0,5.0,316601,5001,5002,5001.0,differentia=1+policy=RecencyProportionalResolution+target=4096,<function upgma at 0x7ff24ea53040>
100,100,100,[98],4997.0,1.0,Inner21,4995,5000,4997.0,differentia=1+policy=RecencyProportionalResolution+target=4096,<function upgma at 0x7ff24ea53040>
101,101,101,[100],5001.0,4.0,316615,5001,5002,5001.0,differentia=1+policy=RecencyProportionalResolution+target=4096,<function upgma at 0x7ff24ea53040>
102,102,102,[100],5001.0,4.0,316646,5001,5002,5001.0,differentia=1+policy=RecencyProportionalResolution+target=4096,<function upgma at 0x7ff24ea53040>
103,103,103,[93],4994.0,4.0,Inner47,4992,4997,4994.0,differentia=1+policy=RecencyProportionalResolution+target=4096,<function upgma at 0x7ff24ea53040>
104,104,104,[103],4998.0,4.0,Inner8,4996,5001,4998.0,differentia=1+policy=RecencyProportionalResolution+target=4096,<function upgma at 0x7ff24ea53040>
105,105,105,[104],5001.0,3.0,316599,5001,5002,5001.0,differentia=1+policy=RecencyProportionalResolution+target=4096,<function upgma at 0x7ff24ea53040>
106,106,106,[104],5001.0,3.0,316604,5001,5002,5001.0,differentia=1+policy=RecencyProportionalResolution+target=4096,<function upgma at 0x7ff24ea53040>
107,107,107,[103],4996.0,2.0,Inner35,4994,4999,4996.0,differentia=1+policy=RecencyProportionalResolution+target=4096,<function upgma at 0x7ff24ea53040>
108,108,108,[107],5001.0,5.0,316608,5001,5002,5001.0,differentia=1+policy=RecencyProportionalResolution+target=4096,<function upgma at 0x7ff24ea53040>
109,109,109,[107],5001.0,5.0,316652,5001,5002,5001.0,differentia=1+policy=RecencyProportionalResolution+target=4096,<function upgma at 0x7ff24ea53040>
110,110,110,[74],4985.0,3.0,Inner68,4983,4988,4985.0,differentia=1+policy=RecencyProportionalResolution+target=4096,<function upgma at 0x7ff24ea53040>
111,111,111,[110],4987.0,2.0,Inner67,4985,4990,4987.0,differentia=1+policy=RecencyProportionalResolution+target=4096,<function upgma at 0x7ff24ea53040>
112,112,112,[111],5001.0,14.0,316607,5001,5002,5001.0,differentia=1+policy=RecencyProportionalResolution+target=4096,<function upgma at 0x7ff24ea53040>
113,113,113,[111],4995.0,8.0,Inner40,4993,4998,4995.0,differentia=1+policy=RecencyProportionalResolution+target=4096,<function upgma at 0x7ff24ea53040>
114,114,114,[113],5001.0,6.0,316642,5001,5002,5001.0,differentia=1+policy=RecencyProportionalResolution+target=4096,<function upgma at 0x7ff24ea53040>
115,115,115,[113],5001.0,6.0,316651,5001,5002,5001.0,differentia=1+policy=RecencyProportionalResolution+target=4096,<function upgma at 0x7ff24ea53040>
116,116,116,[110],4991.0,6.0,Inner59,4989,4994,4991.0,differentia=1+policy=RecencyProportionalResolution+target=4096,<function upgma at 0x7ff24ea53040>
117,117,117,[116],4992.0,1.0,Inner54,4990,4995,4992.0,differentia=1+policy=RecencyProportionalResolution+target=4096,<function upgma at 0x7ff24ea53040>
118,118,118,[117],4996.0,4.0,Inner28,4994,4999,4996.0,differentia=1+policy=RecencyProportionalResolution+target=4096,<function upgma at 0x7ff24ea53040>
119,119,119,[118],4997.0,1.0,Inner5,4995,5000,4997.0,differentia=1+policy=RecencyProportionalResolution+target=4096,<function upgma at 0x7ff24ea53040>
120,120,120,[119],5000.0,3.0,316547,5000,5001,5000.0,differentia=1+policy=RecencyProportionalResolution+target=4096,<function upgma at 0x7ff24ea53040>
121,121,121,[119],5000.0,3.0,316570,5000,5001,5000.0,differentia=1+policy=RecencyProportionalResolution+target=4096,<function upgma at 0x7ff24ea53040>
122,122,122,[118],5001.0,5.0,316638,5001,5002,5001.0,differentia=1+policy=RecencyProportionalResolution+target=4096,<function upgma at 0x7ff24ea53040>
123,123,123,[117],4996.0,4.0,Inner32,4994,4999,4996.0,differentia=1+policy=RecencyProportionalResolution+target=4096,<function upgma at 0x7ff24ea53040>
124,124,124,[123],5001.0,5.0,316605,5001,5002,5001.0,differentia=1+policy=RecencyProportionalResolution+target=4096,<function upgma at 0x7ff24ea53040>
125,125,125,[123],4998.0,2.0,Inner7,4996,5001,4998.0,differentia=1+policy=RecencyProportionalResolution+target=4096,<function upgma at 0x7ff24ea53040>
126,126,126,[125],4998.0,0.0,Inner6,4996,5001,4998.0,differentia=1+policy=RecencyProportionalResolution+target=4096,<function upgma at 0x7ff24ea53040>
127,127,127,[126],5001.0,3.0,316598,5001,5002,5001.0,differentia=1+policy=RecencyProportionalResolution+target=4096,<function upgma at 0x7ff24ea53040>
128,128,128,[126],5001.0,3.0,316639,5001,5002,5001.0,differentia=1+policy=RecencyProportionalResolution+target=4096,<function upgma at 0x7ff24ea53040>
129,129,129,[125],5001.0,3.0,316641,5001,5002,5001.0,differentia=1+policy=RecencyProportionalResolution+target=4096,<function upgma at 0x7ff24ea53040>
130,130,130,[116],4996.0,5.0,Inner31,4994,4999,4996.0,differentia=1+policy=RecencyProportionalResolution+target=4096,<function upgma at 0x7ff24ea53040>
131,131,131,[130],4997.0,1.0,Inner19,4995,5000,4997.0,differentia=1+policy=RecencyProportionalResolution+target=4096,<function upgma at 0x7ff24ea53040>
132,132,132,[131],4998.0,1.0,Inner3,4996,5001,4998.0,differentia=1+policy=RecencyProportionalResolution+target=4096,<function upgma at 0x7ff24ea53040>
133,133,133,[132],5001.0,3.0,316621,5001,5002,5001.0,differentia=1+policy=RecencyProportionalResolution+target=4096,<function upgma at 0x7ff24ea53040>
134,134,134,[132],4998.0,0.0,Inner1,4996,5001,4998.0,differentia=1+policy=RecencyProportionalResolution+target=4096,<function upgma at 0x7ff24ea53040>
135,135,135,[134],5001.0,3.0,316603,5001,5002,5001.0,differentia=1+policy=RecencyProportionalResolution+target=4096,<function upgma at 0x7ff24ea53040>
136,136,136,[134],5001.0,3.0,316640,5001,5002,5001.0,differentia=1+policy=RecencyProportionalResolution+target=4096,<function upgma at 0x7ff24ea53040>
137,137,137,[131],5001.0,4.0,316643,5001,5002,5001.0,differentia=1+policy=RecencyProportionalResolution+target=4096,<function upgma at 0x7ff24ea53040>
138,138,138,[130],4997.0,1.0,Inner20,4995,5000,4997.0,differentia=1+policy=RecencyProportionalResolution+target=4096,<function upgma at 0x7ff24ea53040>
139,139,139,[138],5001.0,4.0,316619,5001,5002,5001.0,differentia=1+policy=RecencyProportionalResolution+target=4096,<function upgma at 0x7ff24ea53040>
140,140,140,[138],4998.0,1.0,Inner4,4996,5001,4998.0,differentia=1+policy=RecencyProportionalResolution+target=4096,<function upgma at 0x7ff24ea53040>
141,141,141,[140],5001.0,3.0,316647,5001,5002,5001.0,differentia=1+policy=RecencyProportionalResolution+target=4096,<function upgma at 0x7ff24ea53040>
142,142,142,[140],4998.0,0.0,Inner2,4996,5001,4998.0,differentia=1+policy=RecencyProportionalResolution+target=4096,<function upgma at 0x7ff24ea53040>
143,143,143,[142],5001.0,3.0,316610,5001,5002,5001.0,differentia=1+policy=RecencyProportionalResolution+target=4096,<function upgma at 0x7ff24ea53040>
144,144,144,[142],5001.0,3.0,316654,5001,5002,5001.0,differentia=1+policy=RecencyProportionalResolution+target=4096,<function upgma at 0x7ff24ea53040>
145,0,0,[None],4945.0,4945.0,Inner72,4943,4948,4945.0,differentia=1+policy=RecencyProportionalResolution+target=512,<function upgma at 0x7ff24ea53040>
146,1,1,[0],4967.0,22.0,Inner71,4965,4970,4967.0,differentia=1+policy=RecencyProportionalResolution+target=512,<function upgma at 0x7ff24ea53040>
147,2,2,[1],4991.0,24.0,Inner58,4989,4994,4991.0,differentia=1+policy=RecencyProportionalResolution+target=512,<function upgma at 0x7ff24ea53040>
148,3,3,[2],4992.0,1.0,Inner53,4990,4995,4992.0,differentia=1+policy=RecencyProportionalResolution+target=512,<function upgma at 0x7ff24ea53040>
149,4,4,[3],5000.0,8.0,316551,5000,5001,5000.0,differentia=1+policy=RecencyProportionalResolution+target=512,<function upgma at 0x7ff24ea53040>
150,5,5,[3],4997.0,5.0,Inner31,4995,5000,4997.0,differentia=1+policy=RecencyProportionalResolution+target=512,<function upgma at 0x7ff24ea53040>
151,6,6,[5],5001.0,4.0,316618,5001,5002,5001.0,differentia=1+policy=RecencyProportionalResolution+target=512,<function upgma at 0x7ff24ea53040>
152,7,7,[5],4998.0,1.0,Inner14,4996,5001,4998.0,differentia=1+policy=RecencyProportionalResolution+target=512,<function upgma at 0x7ff24ea53040>
153,8,8,[7],5001.0,3.0,316590,5001,5002,5001.0,differentia=1+policy=RecencyProportionalResolution+target=512,<function upgma at 0x7ff24ea53040>
154,9,9,[7],5001.0,3.0,316622,5001,5002,5001.0,differentia=1+policy=RecencyProportionalResolution+target=512,<function upgma at 0x7ff24ea53040>
155,10,10,[2],4992.0,1.0,Inner54,4990,4995,4992.0,differentia=1+policy=RecencyProportionalResolution+target=512,<function upgma at 0x7ff24ea53040>
156,11,11,[10],4996.0,4.0,Inner42,4994,4999,4996.0,differentia=1+policy=RecencyProportionalResolution+target=512,<function upgma at 0x7ff24ea53040>
157,12,12,[11],5001.0,5.0,316609,5001,5002,5001.0,differentia=1+policy=RecencyProportionalResolution+target=512,<function upgma at 0x7ff24ea53040>
158,13,13,[11],4997.0,1.0,Inner30,4995,5000,4997.0,differentia=1+policy=RecencyProportionalResolution+target=512,<function upgma at 0x7ff24ea53040>
159,14,14,[13],4998.0,1.0,Inner12,4996,5001,4998.0,differentia=1+policy=RecencyProportionalResolution+target=512,<function upgma at 0x7ff24ea53040>
160,15,15,[14],5001.0,3.0,316592,5001,5002,5001.0,differentia=1+policy=RecencyProportionalResolution+target=512,<function upgma at 0x7ff24ea53040>
161,16,16,[14],5001.0,3.0,316616,5001,5002,5001.0,differentia=1+policy=RecencyProportionalResolution+target=512,<function upgma at 0x7ff24ea53040>
162,17,17,[13],4998.0,1.0,Inner13,4996,5001,4998.0,differentia=1+policy=RecencyProportionalResolution+target=512,<function upgma at 0x7ff24ea53040>
163,18,18,[17],5001.0,3.0,316620,5001,5002,5001.0,differentia=1+policy=RecencyProportionalResolution+target=512,<function upgma at 0x7ff24ea53040>
164,19,19,[17],5001.0,3.0,316628,5001,5002,5001.0,differentia=1+policy=RecencyProportionalResolution+target=512,<function upgma at 0x7ff24ea53040>
165,20,20,[10],4994.0,2.0,Inner48,4992,4997,4994.0,differentia=1+policy=RecencyProportionalResolution+target=512,<function upgma at 0x7ff24ea53040>
166,21,21,[20],4996.0,2.0,Inner33,4994,4999,4996.0,differentia=1+policy=RecencyProportionalResolution+target=512,<function upgma at 0x7ff24ea53040>
167,22,22,[21],5000.0,4.0,316581,5000,5001,5000.0,differentia=1+policy=RecencyProportionalResolution+target=512,<function upgma at 0x7ff24ea53040>
168,23,23,[21],4998.0,2.0,Inner11,4996,5001,4998.0,differentia=1+policy=RecencyProportionalResolution+target=512,<function upgma at 0x7ff24ea53040>
169,24,24,[23],5001.0,3.0,316595,5001,5002,5001.0,differentia=1+policy=RecencyProportionalResolution+target=512,<function upgma at 0x7ff24ea53040>
170,25,25,[23],5001.0,3.0,316630,5001,5002,5001.0,differentia=1+policy=RecencyProportionalResolution+target=512,<function upgma at 0x7ff24ea53040>
171,26,26,[20],4995.0,1.0,Inner47,4993,4998,4995.0,differentia=1+policy=RecencyProportionalResolution+target=512,<function upgma at 0x7ff24ea53040>
172,27,27,[26],5001.0,6.0,316636,5001,5002,5001.0,differentia=1+policy=RecencyProportionalResolution+target=512,<function upgma at 0x7ff24ea53040>
173,28,28,[26],4996.0,1.0,Inner41,4994,4999,4996.0,differentia=1+policy=RecencyProportionalResolution+target=512,<function upgma at 0x7ff24ea53040>
174,29,29,[28],5001.0,5.0,316645,5001,5002,5001.0,differentia=1+policy=RecencyProportionalResolution+target=512,<function upgma at 0x7ff24ea53040>
175,30,30,[28],5001.0,5.0,316650,5001,5002,5001.0,differentia=1+policy=RecencyProportionalResolution+target=512,<function upgma at 0x7ff24ea53040>
176,31,31,[1],4990.0,23.0,Inner62,4988,4993,4990.0,differentia=1+policy=RecencyProportionalResolution+target=512,<function upgma at 0x7ff24ea53040>
177,32,32,[31],4991.0,1.0,Inner61,4989,4994,4991.0,differentia=1+policy=RecencyProportionalResolution+target=512,<function upgma at 0x7ff24ea53040>
178,33,33,[32],5001.0,10.0,316612,5001,5002,5001.0,differentia=1+policy=RecencyProportionalResolution+target=512,<function upgma at 0x7ff24ea53040>
179,34,34,[32],4995.0,4.0,Inner46,4993,4998,4995.0,differentia=1+policy=RecencyProportionalResolution+target=512,<function upgma at 0x7ff24ea53040>
180,35,35,[34],5001.0,6.0,316613,5001,5002,5001.0,differentia=1+policy=RecencyProportionalResolution+target=512,<function upgma at 0x7ff24ea53040>
181,36,36,[34],4997.0,2.0,Inner28,4995,5000,4997.0,differentia=1+policy=RecencyProportionalResolution+target=512,<function upgma at 0x7ff24ea53040>
182,37,37,[36],5001.0,4.0,316614,5001,5002,5001.0,differentia=1+policy=RecencyProportionalResolution+target=512,<function upgma at 0x7ff24ea53040>
183,38,38,[36],4998.0,1.0,Inner9,4996,5001,4998.0,differentia=1+policy=RecencyProportionalResolution+target=512,<function upgma at 0x7ff24ea53040>
184,39,39,[38],5001.0,3.0,316593,5001,5002,5001.0,differentia=1+policy=RecencyProportionalResolution+target=512,<function upgma at 0x7ff24ea53040>
185,40,40,[38],5001.0,3.0,316627,5001,5002,5001.0,differentia=1+policy=RecencyProportionalResolution+target=512,<function upgma at 0x7ff24ea53040>
186,41,41,[31],4991.0,1.0,Inner57,4989,4994,4991.0,differentia=1+policy=RecencyProportionalResolution+target=512,<function upgma at 0x7ff24ea53040>
187,42,42,[41],4992.0,1.0,Inner52,4990,4995,4992.0,differentia=1+policy=RecencyProportionalResolution+target=512,<function upgma at 0x7ff24ea53040>
188,43,43,[42],4995.0,3.0,Inner40,4993,4998,4995.0,differentia=1+policy=RecencyProportionalResolution+target=512,<function upgma at 0x7ff24ea53040>
189,44,44,[43],4999.0,4.0,316532,4999,5000,4999.0,differentia=1+policy=RecencyProportionalResolution+target=512,<function upgma at 0x7ff24ea53040>
190,45,45,[43],4996.0,1.0,Inner39,4994,4999,4996.0,differentia=1+policy=RecencyProportionalResolution+target=512,<function upgma at 0x7ff24ea53040>
191,46,46,[45],5001.0,5.0,316602,5001,5002,5001.0,differentia=1+policy=RecencyProportionalResolution+target=512,<function upgma at 0x7ff24ea53040>
192,47,47,[45],4997.0,1.0,Inner29,4995,5000,4997.0,differentia=1+policy=RecencyProportionalResolution+target=512,<function upgma at 0x7ff24ea53040>
193,48,48,[47],5001.0,4.0,316606,5001,5002,5001.0,differentia=1+policy=RecencyProportionalResolution+target=512,<function upgma at 0x7ff24ea53040>
194,49,49,[47],4998.0,1.0,Inner10,4996,5001,4998.0,differentia=1+policy=RecencyProportionalResolution+target=512,<function upgma at 0x7ff24ea53040>
195,50,50,[49],5001.0,3.0,316596,5001,5002,5001.0,differentia=1+policy=RecencyProportionalResolution+target=512,<function upgma at 0x7ff24ea53040>
196,51,51,[49],5001.0,3.0,316634,5001,5002,5001.0,differentia=1+policy=RecencyProportionalResolution+target=512,<function upgma at 0x7ff24ea53040>
197,52,52,[42],5001.0,9.0,316644,5001,5002,5001.0,differentia=1+policy=RecencyProportionalResolution+target=512,<function upgma at 0x7ff24ea53040>
198,53,53,[41],4996.0,5.0,Inner35,4994,4999,4996.0,differentia=1+policy=RecencyProportionalResolution+target=512,<function upgma at 0x7ff24ea53040>
199,54,54,[53],4997.0,1.0,Inner16,4995,5000,4997.0,differentia=1+policy=RecencyProportionalResolution+target=512,<function upgma at 0x7ff24ea53040>
200,55,55,[54],5000.0,3.0,316573,5000,5001,5000.0,differentia=1+policy=RecencyProportionalResolution+target=512,<function upgma at 0x7ff24ea53040>
201,56,56,[54],5001.0,4.0,316611,5001,5002,5001.0,differentia=1+policy=RecencyProportionalResolution+target=512,<function upgma at 0x7ff24ea53040>
202,57,57,[53],4997.0,1.0,Inner27,4995,5000,4997.0,differentia=1+policy=RecencyProportionalResolution+target=512,<function upgma at 0x7ff24ea53040>
203,58,58,[57],5001.0,4.0,316617,5001,5002,5001.0,differentia=1+policy=RecencyProportionalResolution+target=512,<function upgma at 0x7ff24ea53040>
204,59,59,[57],5001.0,4.0,316653,5001,5002,5001.0,differentia=1+policy=RecencyProportionalResolution+target=512,<function upgma at 0x7ff24ea53040>
205,60,60,[0],4972.0,27.0,Inner70,4970,4975,4972.0,differentia=1+policy=RecencyProportionalResolution+target=512,<function upgma at 0x7ff24ea53040>
206,61,61,[60],4992.0,20.0,Inner56,4990,4995,4992.0,differentia=1+policy=RecencyProportionalResolution+target=512,<function upgma at 0x7ff24ea53040>
207,62,62,[61],4996.0,4.0,Inner38,4994,4999,4996.0,differentia=1+policy=RecencyProportionalResolution+target=512,<function upgma at 0x7ff24ea53040>
208,63,63,[62],4997.0,1.0,Inner25,4995,5000,4997.0,differentia=1+policy=RecencyProportionalResolution+target=512,<function upgma at 0x7ff24ea53040>
209,64,64,[63],5001.0,4.0,316594,5001,5002,5001.0,differentia=1+policy=RecencyProportionalResolution+target=512,<function upgma at 0x7ff24ea53040>
210,65,65,[63],5001.0,4.0,316600,5001,5002,5001.0,differentia=1+policy=RecencyProportionalResolution+target=512,<function upgma at 0x7ff24ea53040>
211,66,66,[62],5001.0,5.0,316635,5001,5002,5001.0,differentia=1+policy=RecencyProportionalResolution+target=512,<function upgma at 0x7ff24ea53040>
212,67,67,[61],4993.0,1.0,Inner51,4991,4996,4993.0,differentia=1+policy=RecencyProportionalResolution+target=512,<function upgma at 0x7ff24ea53040>
213,68,68,[67],5001.0,8.0,316637,5001,5002,5001.0,differentia=1+policy=RecencyProportionalResolution+target=512,<function upgma at 0x7ff24ea53040>
214,69,69,[67],4997.0,4.0,Inner26,4995,5000,4997.0,differentia=1+policy=RecencyProportionalResolution+target=512,<function upgma at 0x7ff24ea53040>
215,70,70,[69],5001.0,4.0,316591,5001,5002,5001.0,differentia=1+policy=RecencyProportionalResolution+target=512,<function upgma at 0x7ff24ea53040>
216,71,71,[69],4998.0,1.0,Inner8,4996,5001,4998.0,differentia=1+policy=RecencyProportionalResolution+target=512,<function upgma at 0x7ff24ea53040>
217,72,72,[71],5001.0,3.0,316589,5001,5002,5001.0,differentia=1+policy=RecencyProportionalResolution+target=512,<function upgma at 0x7ff24ea53040>
218,73,73,[71],5001.0,3.0,316648,5001,5002,5001.0,differentia=1+policy=RecencyProportionalResolution+target=512,<function upgma at 0x7ff24ea53040>
219,74,74,[60],4980.0,8.0,Inner69,4978,4983,4980.0,differentia=1+policy=RecencyProportionalResolution+target=512,<function upgma at 0x7ff24ea53040>
220,75,75,[74],4982.0,2.0,Inner68,4980,4985,4982.0,differentia=1+policy=RecencyProportionalResolution+target=512,<function upgma at 0x7ff24ea53040>
221,76,76,[75],4984.0,2.0,Inner67,4982,4987,4984.0,differentia=1+policy=RecencyProportionalResolution+target=512,<function upgma at 0x7ff24ea53040>
222,77,77,[76],5001.0,17.0,316607,5001,5002,5001.0,differentia=1+policy=RecencyProportionalResolution+target=512,<function upgma at 0x7ff24ea53040>
223,78,78,[76],4992.0,8.0,Inner55,4990,4995,4992.0,differentia=1+policy=RecencyProportionalResolution+target=512,<function upgma at 0x7ff24ea53040>
224,79,79,[78],5001.0,9.0,316642,5001,5002,5001.0,differentia=1+policy=RecencyProportionalResolution+target=512,<function upgma at 0x7ff24ea53040>
225,80,80,[78],5001.0,9.0,316651,5001,5002,5001.0,differentia=1+policy=RecencyProportionalResolution+target=512,<function upgma at 0x7ff24ea53040>
226,81,81,[75],4986.0,4.0,Inner66,4984,4989,4986.0,differentia=1+policy=RecencyProportionalResolution+target=512,<function upgma at 0x7ff24ea53040>
227,82,82,[81],4989.0,3.0,Inner64,4987,4992,4989.0,differentia=1+policy=RecencyProportionalResolution+target=512,<function upgma at 0x7ff24ea53040>
228,83,83,[82],4991.0,2.0,Inner60,4989,4994,4991.0,differentia=1+policy=RecencyProportionalResolution+target=512,<function upgma at 0x7ff24ea53040>
229,84,84,[83],5001.0,10.0,316631,5001,5002,5001.0,differentia=1+policy=RecencyProportionalResolution+target=512,<function upgma at 0x7ff24ea53040>
230,85,85,[83],4993.0,2.0,Inner50,4991,4996,4993.0,differentia=1+policy=RecencyProportionalResolution+target=512,<function upgma at 0x7ff24ea53040>
231,86,86,[85],5001.0,8.0,316623,5001,5002,5001.0,differentia=1+policy=RecencyProportionalResolution+target=512,<function upgma at 0x7ff24ea53040>
232,87,87,[85],4997.0,4.0,Inner24,4995,5000,4997.0,differentia=1+policy=RecencyProportionalResolution+target=512,<function upgma at 0x7ff24ea53040>
233,88,88,[87],4998.0,1.0,Inner7,4996,5001,4998.0,differentia=1+policy=RecencyProportionalResolution+target=512,<function upgma at 0x7ff24ea53040>
234,89,89,[88],4998.0,0.0,Inner6,4996,5001,4998.0,differentia=1+policy=RecencyProportionalResolution+target=512,<function upgma at 0x7ff24ea53040>
235,90,90,[89],5001.0,3.0,316597,5001,5002,5001.0,differentia=1+policy=RecencyProportionalResolution+target=512,<function upgma at 0x7ff24ea53040>
236,91,91,[89],5001.0,3.0,316624,5001,5002,5001.0,differentia=1+policy=RecencyProportionalResolution+target=512,<function upgma at 0x7ff24ea53040>
237,92,92,[88],5001.0,3.0,316629,5001,5002,5001.0,differentia=1+policy=RecencyProportionalResolution+target=512,<function upgma at 0x7ff24ea53040>
238,93,93,[87],5001.0,4.0,316632,5001,5002,5001.0,differentia=1+policy=RecencyProportionalResolution+target=512,<function upgma at 0x7ff24ea53040>
239,94,94,[82],5001.0,12.0,316649,5001,5002,5001.0,differentia=1+policy=RecencyProportionalResolution+target=512,<function upgma at 0x7ff24ea53040>
240,95,95,[81],4988.0,2.0,Inner65,4986,4991,4988.0,differentia=1+policy=RecencyProportionalResolution+target=512,<function upgma at 0x7ff24ea53040>
241,96,96,[95],4993.0,5.0,Inner49,4991,4996,4993.0,differentia=1+policy=RecencyProportionalResolution+target=512,<function upgma at 0x7ff24ea53040>
242,97,97,[96],5000.0,7.0,316563,5000,5001,5000.0,differentia=1+policy=RecencyProportionalResolution+target=512,<function upgma at 0x7ff24ea53040>
243,98,98,[96],5001.0,8.0,316625,5001,5002,5001.0,differentia=1+policy=RecencyProportionalResolution+target=512,<function upgma at 0x7ff24ea53040>
244,99,99,[95],4990.0,2.0,Inner63,4988,4993,4990.0,differentia=1+policy=RecencyProportionalResolution+target=512,<function upgma at 0x7ff24ea53040>
245,100,100,[99],4995.0,5.0,Inner44,4993,4998,4995.0,differentia=1+policy=RecencyProportionalResolution+target=512,<function upgma at 0x7ff24ea53040>
246,101,101,[100],4997.0,2.0,Inner21,4995,5000,4997.0,differentia=1+policy=RecencyProportionalResolution+target=512,<function upgma at 0x7ff24ea53040>
247,102,102,[101],5001.0,4.0,316601,5001,5002,5001.0,differentia=1+policy=RecencyProportionalResolution+target=512,<function upgma at 0x7ff24ea53040>
248,103,103,[101],4998.0,1.0,Inner5,4996,5001,4998.0,differentia=1+policy=RecencyProportionalResolution+target=512,<function upgma at 0x7ff24ea53040>
249,104,104,[103],5001.0,3.0,316626,5001,5002,5001.0,differentia=1+policy=RecencyProportionalResolution+target=512,<function upgma at 0x7ff24ea53040>
250,105,105,[103],5001.0,3.0,316633,5001,5002,5001.0,differentia=1+policy=RecencyProportionalResolution+target=512,<function upgma at 0x7ff24ea53040>
251,106,106,[100],4997.0,2.0,Inner22,4995,5000,4997.0,differentia=1+policy=RecencyProportionalResolution+target=512,<function upgma at 0x7ff24ea53040>
252,107,107,[106],5001.0,4.0,316615,5001,5002,5001.0,differentia=1+policy=RecencyProportionalResolution+target=512,<function upgma at 0x7ff24ea53040>
253,108,108,[106],5001.0,4.0,316646,5001,5002,5001.0,differentia=1+policy=RecencyProportionalResolution+target=512,<function upgma at 0x7ff24ea53040>
254,109,109,[99],4995.0,5.0,Inner45,4993,4998,4995.0,differentia=1+policy=RecencyProportionalResolution+target=512,<function upgma at 0x7ff24ea53040>
255,110,110,[109],4996.0,1.0,Inner37,4994,4999,4996.0,differentia=1+policy=RecencyProportionalResolution+target=512,<function upgma at 0x7ff24ea53040>
256,111,111,[110],4997.0,1.0,Inner23,4995,5000,4997.0,differentia=1+policy=RecencyProportionalResolution+target=512,<function upgma at 0x7ff24ea53040>
257,112,112,[111],5001.0,4.0,316599,5001,5002,5001.0,differentia=1+policy=RecencyProportionalResolution+target=512,<function upgma at 0x7ff24ea53040>
258,113,113,[111],5001.0,4.0,316604,5001,5002,5001.0,differentia=1+policy=RecencyProportionalResolution+target=512,<function upgma at 0x7ff24ea53040>
259,114,114,[110],5001.0,5.0,316608,5001,5002,5001.0,differentia=1+policy=RecencyProportionalResolution+target=512,<function upgma at 0x7ff24ea53040>
260,115,115,[109],5001.0,6.0,316652,5001,5002,5001.0,differentia=1+policy=RecencyProportionalResolution+target=512,<function upgma at 0x7ff24ea53040>
261,116,116,[74],4991.0,11.0,Inner59,4989,4994,4991.0,differentia=1+policy=RecencyProportionalResolution+target=512,<function upgma at 0x7ff24ea53040>
262,117,117,[116],4995.0,4.0,Inner43,4993,4998,4995.0,differentia=1+policy=RecencyProportionalResolution+target=512,<function upgma at 0x7ff24ea53040>
263,118,118,[117],4996.0,1.0,Inner32,4994,4999,4996.0,differentia=1+policy=RecencyProportionalResolution+target=512,<function upgma at 0x7ff24ea53040>
264,119,119,[118],5000.0,4.0,316570,5000,5001,5000.0,differentia=1+policy=RecencyProportionalResolution+target=512,<function upgma at 0x7ff24ea53040>
265,120,120,[118],4997.0,1.0,Inner19,4995,5000,4997.0,differentia=1+policy=RecencyProportionalResolution+target=512,<function upgma at 0x7ff24ea53040>
266,121,121,[120],5001.0,4.0,316638,5001,5002,5001.0,differentia=1+policy=RecencyProportionalResolution+target=512,<function upgma at 0x7ff24ea53040>
267,122,122,[120],5001.0,4.0,316639,5001,5002,5001.0,differentia=1+policy=RecencyProportionalResolution+target=512,<function upgma at 0x7ff24ea53040>
268,123,123,[117],4996.0,1.0,Inner34,4994,4999,4996.0,differentia=1+policy=RecencyProportionalResolution+target=512,<function upgma at 0x7ff24ea53040>
269,124,124,[123],4997.0,1.0,Inner20,4995,5000,4997.0,differentia=1+policy=RecencyProportionalResolution+target=512,<function upgma at 0x7ff24ea53040>
270,125,125,[124],5001.0,4.0,316598,5001,5002,5001.0,differentia=1+policy=RecencyProportionalResolution+target=512,<function upgma at 0x7ff24ea53040>
271,126,126,[124],5001.0,4.0,316605,5001,5002,5001.0,differentia=1+policy=RecencyProportionalResolution+target=512,<function upgma at 0x7ff24ea53040>
272,127,127,[123],4997.0,1.0,Inner15,4995,5000,4997.0,differentia=1+policy=RecencyProportionalResolution+target=512,<function upgma at 0x7ff24ea53040>
273,128,128,[127],5000.0,3.0,316547,5000,5001,5000.0,differentia=1+policy=RecencyProportionalResolution+target=512,<function upgma at 0x7ff24ea53040>
274,129,129,[127],5001.0,4.0,316641,5001,5002,5001.0,differentia=1+policy=RecencyProportionalResolution+target=512,<function upgma at 0x7ff24ea53040>
275,130,130,[116],4996.0,5.0,Inner36,4994,4999,4996.0,differentia=1+policy=RecencyProportionalResolution+target=512,<function upgma at 0x7ff24ea53040>
276,131,131,[130],4997.0,1.0,Inner17,4995,5000,4997.0,differentia=1+policy=RecencyProportionalResolution+target=512,<function upgma at 0x7ff24ea53040>
277,132,132,[131],5001.0,4.0,316640,5001,5002,5001.0,differentia=1+policy=RecencyProportionalResolution+target=512,<function upgma at 0x7ff24ea53040>
278,133,133,[131],4998.0,1.0,Inner1,4996,5001,4998.0,differentia=1+policy=RecencyProportionalResolution+target=512,<function upgma at 0x7ff24ea53040>
279,134,134,[133],5001.0,3.0,316621,5001,5002,5001.0,differentia=1+policy=RecencyProportionalResolution+target=512,<function upgma at 0x7ff24ea53040>
280,135,135,[133],5001.0,3.0,316643,5001,5002,5001.0,differentia=1+policy=RecencyProportionalResolution+target=512,<function upgma at 0x7ff24ea53040>
281,136,136,[130],4997.0,1.0,Inner18,4995,5000,4997.0,differentia=1+policy=RecencyProportionalResolution+target=512,<function upgma at 0x7ff24ea53040>
282,137,137,[136],4998.0,1.0,Inner4,4996,5001,4998.0,differentia=1+policy=RecencyProportionalResolution+target=512,<function upgma at 0x7ff24ea53040>
283,138,138,[137],5001.0,3.0,316610,5001,5002,5001.0,differentia=1+policy=RecencyProportionalResolution+target=512,<function upgma at 0x7ff24ea53040>
284,139,139,[137],5001.0,3.0,316619,5001,5002,5001.0,differentia=1+policy=RecencyProportionalResolution+target=512,<function upgma at 0x7ff24ea53040>
285,140,140,[136],4998.0,1.0,Inner3,4996,5001,4998.0,differentia=1+policy=RecencyProportionalResolution+target=512,<function upgma at 0x7ff24ea53040>
286,141,141,[140],5001.0,3.0,316647,5001,5002,5001.0,differentia=1+policy=RecencyProportionalResolution+target=512,<function upgma at 0x7ff24ea53040>
287,142,142,[140],4998.0,0.0,Inner2,4996,5001,4998.0,differentia=1+policy=RecencyProportionalResolution+target=512,<function upgma at 0x7ff24ea53040>
288,143,143,[142],5001.0,3.0,316603,5001,5002,5001.0,differentia=1+policy=RecencyProportionalResolution+target=512,<function upgma at 0x7ff24ea53040>
289,144,144,[142],5001.0,3.0,316654,5001,5002,5001.0,differentia=1+policy=RecencyProportionalResolution+target=512,<function upgma at 0x7ff24ea53040>
290,0,0,[None],4943.5,4943.5,Inner72,4928,4960,4943.5,differentia=1+policy=RecencyProportionalResolution+target=64,<function upgma at 0x7ff24ea53040>
291,1,1,[0],4961.5,18.0,Inner71,4952,4972,4961.5,differentia=1+policy=RecencyProportionalResolution+target=64,<function upgma at 0x7ff24ea53040>
292,2,2,[1],4990.0,28.5,Inner61,4988,4993,4990.0,differentia=1+policy=RecencyProportionalResolution+target=64,<function upgma at 0x7ff24ea53040>
293,3,3,[2],4990.5,0.5,Inner58,4988,4994,4990.5,differentia=1+policy=RecencyProportionalResolution+target=64,<function upgma at 0x7ff24ea53040>
294,4,4,[3],4997.0,6.5,Inner26,4995,5000,4997.0,differentia=1+policy=RecencyProportionalResolution+target=64,<function upgma at 0x7ff24ea53040>
295,5,5,[4],5001.0,4.0,316618,5001,5002,5001.0,differentia=1+policy=RecencyProportionalResolution+target=64,<function upgma at 0x7ff24ea53040>
296,6,6,[4],4998.0,1.0,Inner16,4996,5001,4998.0,differentia=1+policy=RecencyProportionalResolution+target=64,<function upgma at 0x7ff24ea53040>
297,7,7,[6],5001.0,3.0,316590,5001,5002,5001.0,differentia=1+policy=RecencyProportionalResolution+target=64,<function upgma at 0x7ff24ea53040>
298,8,8,[6],5001.0,3.0,316622,5001,5002,5001.0,differentia=1+policy=RecencyProportionalResolution+target=64,<function upgma at 0x7ff24ea53040>
299,9,9,[3],4992.0,1.5,Inner54,4990,4995,4992.0,differentia=1+policy=RecencyProportionalResolution+target=64,<function upgma at 0x7ff24ea53040>
300,10,10,[9],5000.0,8.0,316551,5000,5001,5000.0,differentia=1+policy=RecencyProportionalResolution+target=64,<function upgma at 0x7ff24ea53040>
301,11,11,[9],4996.0,4.0,Inner36,4994,4999,4996.0,differentia=1+policy=RecencyProportionalResolution+target=64,<function upgma at 0x7ff24ea53040>
302,12,12,[11],5001.0,5.0,316620,5001,5002,5001.0,differentia=1+policy=RecencyProportionalResolution+target=64,<function upgma at 0x7ff24ea53040>
303,13,13,[11],4997.0,1.0,Inner25,4995,5000,4997.0,differentia=1+policy=RecencyProportionalResolution+target=64,<function upgma at 0x7ff24ea53040>
304,14,14,[13],5001.0,4.0,316609,5001,5002,5001.0,differentia=1+policy=RecencyProportionalResolution+target=64,<function upgma at 0x7ff24ea53040>
305,15,15,[13],4998.0,1.0,Inner15,4996,5001,4998.0,differentia=1+policy=RecencyProportionalResolution+target=64,<function upgma at 0x7ff24ea53040>
306,16,16,[15],5001.0,3.0,316616,5001,5002,5001.0,differentia=1+policy=RecencyProportionalResolution+target=64,<function upgma at 0x7ff24ea53040>
307,17,17,[15],4998.0,0.0,Inner14,4996,5001,4998.0,differentia=1+policy=RecencyProportionalResolution+target=64,<function upgma at 0x7ff24ea53040>
308,18,18,[17],5001.0,3.0,316592,5001,5002,5001.0,differentia=1+policy=RecencyProportionalResolution+target=64,<function upgma at 0x7ff24ea53040>
309,19,19,[17],5001.0,3.0,316628,5001,5002,5001.0,differentia=1+policy=RecencyProportionalResolution+target=64,<function upgma at 0x7ff24ea53040>
310,20,20,[2],4994.0,4.0,Inner44,4992,4997,4994.0,differentia=1+policy=RecencyProportionalResolution+target=64,<function upgma at 0x7ff24ea53040>
311,21,21,[20],4996.0,2.0,Inner28,4994,4999,4996.0,differentia=1+policy=RecencyProportionalResolution+target=64,<function upgma at 0x7ff24ea53040>
312,22,22,[21],5000.0,4.0,316581,5000,5001,5000.0,differentia=1+policy=RecencyProportionalResolution+target=64,<function upgma at 0x7ff24ea53040>
313,23,23,[21],4998.0,2.0,Inner13,4996,5001,4998.0,differentia=1+policy=RecencyProportionalResolution+target=64,<function upgma at 0x7ff24ea53040>
314,24,24,[23],5001.0,3.0,316595,5001,5002,5001.0,differentia=1+policy=RecencyProportionalResolution+target=64,<function upgma at 0x7ff24ea53040>
315,25,25,[23],5001.0,3.0,316630,5001,5002,5001.0,differentia=1+policy=RecencyProportionalResolution+target=64,<function upgma at 0x7ff24ea53040>
316,26,26,[20],4995.0,1.0,Inner43,4993,4998,4995.0,differentia=1+policy=RecencyProportionalResolution+target=64,<function upgma at 0x7ff24ea53040>
317,27,27,[26],4998.0,3.0,Inner12,4996,5001,4998.0,differentia=1+policy=RecencyProportionalResolution+target=64,<function upgma at 0x7ff24ea53040>
318,28,28,[27],5001.0,3.0,316636,5001,5002,5001.0,differentia=1+policy=RecencyProportionalResolution+target=64,<function upgma at 0x7ff24ea53040>
319,29,29,[27],5001.0,3.0,316645,5001,5002,5001.0,differentia=1+policy=RecencyProportionalResolution+target=64,<function upgma at 0x7ff24ea53040>
320,30,30,[26],5001.0,6.0,316650,5001,5002,5001.0,differentia=1+policy=RecencyProportionalResolution+target=64,<function upgma at 0x7ff24ea53040>
321,31,31,[1],4988.5,27.0,Inner66,4986,4992,4988.5,differentia=1+policy=RecencyProportionalResolution+target=64,<function upgma at 0x7ff24ea53040>
322,32,32,[31],4989.0,0.5,Inner62,4986,4993,4989.0,differentia=1+policy=RecencyProportionalResolution+target=64,<function upgma at 0x7ff24ea53040>
323,33,33,[32],5001.0,12.0,316612,5001,5002,5001.0,differentia=1+policy=RecencyProportionalResolution+target=64,<function upgma at 0x7ff24ea53040>
324,34,34,[32],4992.0,3.0,Inner53,4990,4995,4992.0,differentia=1+policy=RecencyProportionalResolution+target=64,<function upgma at 0x7ff24ea53040>
325,35,35,[34],4995.0,3.0,Inner41,4993,4998,4995.0,differentia=1+policy=RecencyProportionalResolution+target=64,<function upgma at 0x7ff24ea53040>
326,36,36,[35],5001.0,6.0,316613,5001,5002,5001.0,differentia=1+policy=RecencyProportionalResolution+target=64,<function upgma at 0x7ff24ea53040>
327,37,37,[35],4997.0,2.0,Inner24,4995,5000,4997.0,differentia=1+policy=RecencyProportionalResolution+target=64,<function upgma at 0x7ff24ea53040>
328,38,38,[37],4998.0,1.0,Inner9,4996,5001,4998.0,differentia=1+policy=RecencyProportionalResolution+target=64,<function upgma at 0x7ff24ea53040>
329,39,39,[38],5001.0,3.0,316593,5001,5002,5001.0,differentia=1+policy=RecencyProportionalResolution+target=64,<function upgma at 0x7ff24ea53040>
330,40,40,[38],5001.0,3.0,316614,5001,5002,5001.0,differentia=1+policy=RecencyProportionalResolution+target=64,<function upgma at 0x7ff24ea53040>
331,41,41,[37],5001.0,4.0,316627,5001,5002,5001.0,differentia=1+policy=RecencyProportionalResolution+target=64,<function upgma at 0x7ff24ea53040>
332,42,42,[34],4994.0,2.0,Inner42,4992,4997,4994.0,differentia=1+policy=RecencyProportionalResolution+target=64,<function upgma at 0x7ff24ea53040>
333,43,43,[42],4999.0,5.0,316532,4999,5000,4999.0,differentia=1+policy=RecencyProportionalResolution+target=64,<function upgma at 0x7ff24ea53040>
334,44,44,[42],4996.0,2.0,Inner35,4994,4999,4996.0,differentia=1+policy=RecencyProportionalResolution+target=64,<function upgma at 0x7ff24ea53040>
335,45,45,[44],4998.0,2.0,Inner10,4996,5001,4998.0,differentia=1+policy=RecencyProportionalResolution+target=64,<function upgma at 0x7ff24ea53040>
336,46,46,[45],5001.0,3.0,316596,5001,5002,5001.0,differentia=1+policy=RecencyProportionalResolution+target=64,<function upgma at 0x7ff24ea53040>
337,47,47,[45],5001.0,3.0,316606,5001,5002,5001.0,differentia=1+policy=RecencyProportionalResolution+target=64,<function upgma at 0x7ff24ea53040>
338,48,48,[44],4998.0,2.0,Inner11,4996,5001,4998.0,differentia=1+policy=RecencyProportionalResolution+target=64,<function upgma at 0x7ff24ea53040>
339,49,49,[48],5001.0,3.0,316602,5001,5002,5001.0,differentia=1+policy=RecencyProportionalResolution+target=64,<function upgma at 0x7ff24ea53040>
340,50,50,[48],5001.0,3.0,316634,5001,5002,5001.0,differentia=1+policy=RecencyProportionalResolution+target=64,<function upgma at 0x7ff24ea53040>
341,51,51,[31],4989.0,0.5,Inner63,4986,4993,4989.0,differentia=1+policy=RecencyProportionalResolution+target=64,<function upgma at 0x7ff24ea53040>
342,52,52,[51],5001.0,12.0,316644,5001,5002,5001.0,differentia=1+policy=RecencyProportionalResolution+target=64,<function upgma at 0x7ff24ea53040>
343,53,53,[51],4995.0,6.0,Inner37,4993,4998,4995.0,differentia=1+policy=RecencyProportionalResolution+target=64,<function upgma at 0x7ff24ea53040>
344,54,54,[53],5001.0,6.0,316617,5001,5002,5001.0,differentia=1+policy=RecencyProportionalResolution+target=64,<function upgma at 0x7ff24ea53040>
345,55,55,[53],4996.0,1.0,Inner29,4994,4999,4996.0,differentia=1+policy=RecencyProportionalResolution+target=64,<function upgma at 0x7ff24ea53040>
346,56,56,[55],4997.0,1.0,Inner18,4995,5000,4997.0,differentia=1+policy=RecencyProportionalResolution+target=64,<function upgma at 0x7ff24ea53040>
347,57,57,[56],5000.0,3.0,316573,5000,5001,5000.0,differentia=1+policy=RecencyProportionalResolution+target=64,<function upgma at 0x7ff24ea53040>
348,58,58,[56],5001.0,4.0,316611,5001,5002,5001.0,differentia=1+policy=RecencyProportionalResolution+target=64,<function upgma at 0x7ff24ea53040>
349,59,59,[55],5001.0,5.0,316653,5001,5002,5001.0,differentia=1+policy=RecencyProportionalResolution+target=64,<function upgma at 0x7ff24ea53040>
350,60,60,[0],4969.5,26.0,Inner70,4960,4980,4969.5,differentia=1+policy=RecencyProportionalResolution+target=64,<function upgma at 0x7ff24ea53040>
351,61,61,[60],4992.0,22.5,Inner57,4990,4995,4992.0,differentia=1+policy=RecencyProportionalResolution+target=64,<function upgma at 0x7ff24ea53040>
352,62,62,[61],5001.0,9.0,316637,5001,5002,5001.0,differentia=1+policy=RecencyProportionalResolution+target=64,<function upgma at 0x7ff24ea53040>
353,63,63,[61],4993.0,1.0,Inner51,4991,4996,4993.0,differentia=1+policy=RecencyProportionalResolution+target=64,<function upgma at 0x7ff24ea53040>
354,64,64,[63],4995.0,2.0,Inner39,4993,4998,4995.0,differentia=1+policy=RecencyProportionalResolution+target=64,<function upgma at 0x7ff24ea53040>
355,65,65,[64],4997.0,2.0,Inner23,4995,5000,4997.0,differentia=1+policy=RecencyProportionalResolution+target=64,<function upgma at 0x7ff24ea53040>
356,66,66,[65],5001.0,4.0,316594,5001,5002,5001.0,differentia=1+policy=RecencyProportionalResolution+target=64,<function upgma at 0x7ff24ea53040>
357,67,67,[65],5001.0,4.0,316600,5001,5002,5001.0,differentia=1+policy=RecencyProportionalResolution+target=64,<function upgma at 0x7ff24ea53040>
358,68,68,[64],5001.0,6.0,316635,5001,5002,5001.0,differentia=1+policy=RecencyProportionalResolution+target=64,<function upgma at 0x7ff24ea53040>
359,69,69,[63],4995.0,2.0,Inner40,4993,4998,4995.0,differentia=1+policy=RecencyProportionalResolution+target=64,<function upgma at 0x7ff24ea53040>
360,70,70,[69],5001.0,6.0,316591,5001,5002,5001.0,differentia=1+policy=RecencyProportionalResolution+target=64,<function upgma at 0x7ff24ea53040>
361,71,71,[69],4996.0,1.0,Inner34,4994,4999,4996.0,differentia=1+policy=RecencyProportionalResolution+target=64,<function upgma at 0x7ff24ea53040>
362,72,72,[71],5001.0,5.0,316589,5001,5002,5001.0,differentia=1+policy=RecencyProportionalResolution+target=64,<function upgma at 0x7ff24ea53040>
363,73,73,[71],5001.0,5.0,316648,5001,5002,5001.0,differentia=1+policy=RecencyProportionalResolution+target=64,<function upgma at 0x7ff24ea53040>
364,74,74,[60],4977.5,8.0,Inner69,4972,4984,4977.5,differentia=1+policy=RecencyProportionalResolution+target=64,<function upgma at 0x7ff24ea53040>
365,75,75,[74],4981.5,4.0,Inner68,4976,4988,4981.5,differentia=1+policy=RecencyProportionalResolution+target=64,<function upgma at 0x7ff24ea53040>
366,76,76,[75],5001.0,19.5,316607,5001,5002,5001.0,differentia=1+policy=RecencyProportionalResolution+target=64,<function upgma at 0x7ff24ea53040>
367,77,77,[75],4986.0,4.5,Inner67,4982,4991,4986.0,differentia=1+policy=RecencyProportionalResolution+target=64,<function upgma at 0x7ff24ea53040>
368,78,78,[77],4987.5,1.5,Inner65,4984,4992,4987.5,differentia=1+policy=RecencyProportionalResolution+target=64,<function upgma at 0x7ff24ea53040>
369,79,79,[78],4992.0,4.5,Inner52,4990,4995,4992.0,differentia=1+policy=RecencyProportionalResolution+target=64,<function upgma at 0x7ff24ea53040>
370,80,80,[79],5000.0,8.0,316563,5000,5001,5000.0,differentia=1+policy=RecencyProportionalResolution+target=64,<function upgma at 0x7ff24ea53040>
371,81,81,[79],5001.0,9.0,316625,5001,5002,5001.0,differentia=1+policy=RecencyProportionalResolution+target=64,<function upgma at 0x7ff24ea53040>
372,82,82,[78],4992.0,4.5,Inner55,4990,4995,4992.0,differentia=1+policy=RecencyProportionalResolution+target=64,<function upgma at 0x7ff24ea53040>
373,83,83,[82],5001.0,9.0,316642,5001,5002,5001.0,differentia=1+policy=RecencyProportionalResolution+target=64,<function upgma at 0x7ff24ea53040>
374,84,84,[82],5001.0,9.0,316651,5001,5002,5001.0,differentia=1+policy=RecencyProportionalResolution+target=64,<function upgma at 0x7ff24ea53040>
375,85,85,[77],4989.0,3.0,Inner64,4986,4993,4989.0,differentia=1+policy=RecencyProportionalResolution+target=64,<function upgma at 0x7ff24ea53040>
376,86,86,[85],4990.5,1.5,Inner60,4988,4994,4990.5,differentia=1+policy=RecencyProportionalResolution+target=64,<function upgma at 0x7ff24ea53040>
377,87,87,[86],4994.0,3.5,Inner48,4992,4997,4994.0,differentia=1+policy=RecencyProportionalResolution+target=64,<function upgma at 0x7ff24ea53040>
378,88,88,[87],5001.0,7.0,316631,5001,5002,5001.0,differentia=1+policy=RecencyProportionalResolution+target=64,<function upgma at 0x7ff24ea53040>
379,89,89,[87],4996.0,2.0,Inner33,4994,4999,4996.0,differentia=1+policy=RecencyProportionalResolution+target=64,<function upgma at 0x7ff24ea53040>
380,90,90,[89],4998.0,2.0,Inner8,4996,5001,4998.0,differentia=1+policy=RecencyProportionalResolution+target=64,<function upgma at 0x7ff24ea53040>
381,91,91,[90],5001.0,3.0,316597,5001,5002,5001.0,differentia=1+policy=RecencyProportionalResolution+target=64,<function upgma at 0x7ff24ea53040>
382,92,92,[90],5001.0,3.0,316624,5001,5002,5001.0,differentia=1+policy=RecencyProportionalResolution+target=64,<function upgma at 0x7ff24ea53040>
383,93,93,[89],4997.0,1.0,Inner22,4995,5000,4997.0,differentia=1+policy=RecencyProportionalResolution+target=64,<function upgma at 0x7ff24ea53040>
384,94,94,[93],5001.0,4.0,316629,5001,5002,5001.0,differentia=1+policy=RecencyProportionalResolution+target=64,<function upgma at 0x7ff24ea53040>
385,95,95,[93],5001.0,4.0,316632,5001,5002,5001.0,differentia=1+policy=RecencyProportionalResolution+target=64,<function upgma at 0x7ff24ea53040>
386,96,96,[86],4992.0,1.5,Inner56,4990,4995,4992.0,differentia=1+policy=RecencyProportionalResolution+target=64,<function upgma at 0x7ff24ea53040>
387,97,97,[96],4993.0,1.0,Inner50,4991,4996,4993.0,differentia=1+policy=RecencyProportionalResolution+target=64,<function upgma at 0x7ff24ea53040>
388,98,98,[97],4994.0,1.0,Inner46,4992,4997,4994.0,differentia=1+policy=RecencyProportionalResolution+target=64,<function upgma at 0x7ff24ea53040>
389,99,99,[98],5001.0,7.0,316601,5001,5002,5001.0,differentia=1+policy=RecencyProportionalResolution+target=64,<function upgma at 0x7ff24ea53040>
390,100,100,[98],5001.0,7.0,316623,5001,5002,5001.0,differentia=1+policy=RecencyProportionalResolution+target=64,<function upgma at 0x7ff24ea53040>
391,101,101,[97],4994.0,1.0,Inner45,4992,4997,4994.0,differentia=1+policy=RecencyProportionalResolution+target=64,<function upgma at 0x7ff24ea53040>
392,102,102,[101],4996.0,2.0,Inner32,4994,4999,4996.0,differentia=1+policy=RecencyProportionalResolution+target=64,<function upgma at 0x7ff24ea53040>
393,103,103,[102],5001.0,5.0,316626,5001,5002,5001.0,differentia=1+policy=RecencyProportionalResolution+target=64,<function upgma at 0x7ff24ea53040>
394,104,104,[102],5001.0,5.0,316633,5001,5002,5001.0,differentia=1+policy=RecencyProportionalResolution+target=64,<function upgma at 0x7ff24ea53040>
395,105,105,[101],4998.0,4.0,Inner7,4996,5001,4998.0,differentia=1+policy=RecencyProportionalResolution+target=64,<function upgma at 0x7ff24ea53040>
396,106,106,[105],5001.0,3.0,316615,5001,5002,5001.0,differentia=1+policy=RecencyProportionalResolution+target=64,<function upgma at 0x7ff24ea53040>
397,107,107,[105],5001.0,3.0,316646,5001,5002,5001.0,differentia=1+policy=RecencyProportionalResolution+target=64,<function upgma at 0x7ff24ea53040>
398,108,108,[96],5001.0,9.0,316649,5001,5002,5001.0,differentia=1+policy=RecencyProportionalResolution+target=64,<function upgma at 0x7ff24ea53040>
399,109,109,[85],4994.0,5.0,Inner47,4992,4997,4994.0,differentia=1+policy=RecencyProportionalResolution+target=64,<function upgma at 0x7ff24ea53040>
400,110,110,[109],4997.0,3.0,Inner21,4995,5000,4997.0,differentia=1+policy=RecencyProportionalResolution+target=64,<function upgma at 0x7ff24ea53040>
401,111,111,[110],5001.0,4.0,316599,5001,5002,5001.0,differentia=1+policy=RecencyProportionalResolution+target=64,<function upgma at 0x7ff24ea53040>
402,112,112,[110],5001.0,4.0,316604,5001,5002,5001.0,differentia=1+policy=RecencyProportionalResolution+target=64,<function upgma at 0x7ff24ea53040>
403,113,113,[109],4995.0,1.0,Inner38,4993,4998,4995.0,differentia=1+policy=RecencyProportionalResolution+target=64,<function upgma at 0x7ff24ea53040>
404,114,114,[113],5001.0,6.0,316608,5001,5002,5001.0,differentia=1+policy=RecencyProportionalResolution+target=64,<function upgma at 0x7ff24ea53040>
405,115,115,[113],5001.0,6.0,316652,5001,5002,5001.0,differentia=1+policy=RecencyProportionalResolution+target=64,<function upgma at 0x7ff24ea53040>
406,116,116,[74],4990.5,13.0,Inner59,4988,4994,4990.5,differentia=1+policy=RecencyProportionalResolution+target=64,<function upgma at 0x7ff24ea53040>
407,117,117,[116],4993.0,2.5,Inner49,4991,4996,4993.0,differentia=1+policy=RecencyProportionalResolution+target=64,<function upgma at 0x7ff24ea53040>
408,118,118,[117],4996.0,3.0,Inner27,4994,4999,4996.0,differentia=1+policy=RecencyProportionalResolution+target=64,<function upgma at 0x7ff24ea53040>
409,119,119,[118],5000.0,4.0,316570,5000,5001,5000.0,differentia=1+policy=RecencyProportionalResolution+target=64,<function upgma at 0x7ff24ea53040>
410,120,120,[118],4997.0,1.0,Inner17,4995,5000,4997.0,differentia=1+policy=RecencyProportionalResolution+target=64,<function upgma at 0x7ff24ea53040>
411,121,121,[120],5000.0,3.0,316547,5000,5001,5000.0,differentia=1+policy=RecencyProportionalResolution+target=64,<function upgma at 0x7ff24ea53040>
412,122,122,[120],5001.0,4.0,316638,5001,5002,5001.0,differentia=1+policy=RecencyProportionalResolution+target=64,<function upgma at 0x7ff24ea53040>
413,123,123,[117],4996.0,3.0,Inner31,4994,4999,4996.0,differentia=1+policy=RecencyProportionalResolution+target=64,<function upgma at 0x7ff24ea53040>
414,124,124,[123],5001.0,5.0,316605,5001,5002,5001.0,differentia=1+policy=RecencyProportionalResolution+target=64,<function upgma at 0x7ff24ea53040>
415,125,125,[123],4998.0,2.0,Inner6,4996,5001,4998.0,differentia=1+policy=RecencyProportionalResolution+target=64,<function upgma at 0x7ff24ea53040>
416,126,126,[125],4998.0,0.0,Inner5,4996,5001,4998.0,differentia=1+policy=RecencyProportionalResolution+target=64,<function upgma at 0x7ff24ea53040>
417,127,127,[126],5001.0,3.0,316598,5001,5002,5001.0,differentia=1+policy=RecencyProportionalResolution+target=64,<function upgma at 0x7ff24ea53040>
418,128,128,[126],5001.0,3.0,316639,5001,5002,5001.0,differentia=1+policy=RecencyProportionalResolution+target=64,<function upgma at 0x7ff24ea53040>
419,129,129,[125],5001.0,3.0,316641,5001,5002,5001.0,differentia=1+policy=RecencyProportionalResolution+target=64,<function upgma at 0x7ff24ea53040>
420,130,130,[116],4996.0,5.5,Inner30,4994,4999,4996.0,differentia=1+policy=RecencyProportionalResolution+target=64,<function upgma at 0x7ff24ea53040>
421,131,131,[130],4997.0,1.0,Inner20,4995,5000,4997.0,differentia=1+policy=RecencyProportionalResolution+target=64,<function upgma at 0x7ff24ea53040>
422,132,132,[131],4998.0,1.0,Inner4,4996,5001,4998.0,differentia=1+policy=RecencyProportionalResolution+target=64,<function upgma at 0x7ff24ea53040>
423,133,133,[132],5001.0,3.0,316619,5001,5002,5001.0,differentia=1+policy=RecencyProportionalResolution+target=64,<function upgma at 0x7ff24ea53040>
424,134,134,[132],5001.0,3.0,316621,5001,5002,5001.0,differentia=1+policy=RecencyProportionalResolution+target=64,<function upgma at 0x7ff24ea53040>
425,135,135,[131],4998.0,1.0,Inner3,4996,5001,4998.0,differentia=1+policy=RecencyProportionalResolution+target=64,<function upgma at 0x7ff24ea53040>
426,136,136,[135],5001.0,3.0,316603,5001,5002,5001.0,differentia=1+policy=RecencyProportionalResolution+target=64,<function upgma at 0x7ff24ea53040>
427,137,137,[135],5001.0,3.0,316647,5001,5002,5001.0,differentia=1+policy=RecencyProportionalResolution+target=64,<function upgma at 0x7ff24ea53040>
428,138,138,[130],4997.0,1.0,Inner19,4995,5000,4997.0,differentia=1+policy=RecencyProportionalResolution+target=64,<function upgma at 0x7ff24ea53040>
429,139,139,[138],4998.0,1.0,Inner1,4996,5001,4998.0,differentia=1+policy=RecencyProportionalResolution+target=64,<function upgma at 0x7ff24ea53040>
430,140,140,[139],5001.0,3.0,316640,5001,5002,5001.0,differentia=1+policy=RecencyProportionalResolution+target=64,<function upgma at 0x7ff24ea53040>
431,141,141,[139],5001.0,3.0,316643,5001,5002,5001.0,differentia=1+policy=RecencyProportionalResolution+target=64,<function upgma at 0x7ff24ea53040>
432,142,142,[138],4998.0,1.0,Inner2,4996,5001,4998.0,differentia=1+policy=RecencyProportionalResolution+target=64,<function upgma at 0x7ff24ea53040>
433,143,143,[142],5001.0,3.0,316610,5001,5002,5001.0,differentia=1+policy=RecencyProportionalResolution+target=64,<function upgma at 0x7ff24ea53040>
434,144,144,[142],5001.0,3.0,316654,5001,5002,5001.0,differentia=1+policy=RecencyProportionalResolution+target=64,<function upgma at 0x7ff24ea53040>
435,0,0,[None],4944.0,4944.0,Inner72,4942,4947,4944.0,differentia=1+policy=TaperedDepthProportionalResolution+target=4096,<function upgma at 0x7ff24ea53040>
436,1,1,[0],4966.0,22.0,Inner71,4964,4969,4966.0,differentia=1+policy=TaperedDepthProportionalResolution+target=4096,<function upgma at 0x7ff24ea53040>
437,2,2,[1],4992.0,26.0,Inner57,4990,4995,4992.0,differentia=1+policy=TaperedDepthProportionalResolution+target=4096,<function upgma at 0x7ff24ea53040>
438,3,3,[2],4995.0,3.0,Inner45,4993,4998,4995.0,differentia=1+policy=TaperedDepthProportionalResolution+target=4096,<function upgma at 0x7ff24ea53040>
439,4,4,[3],4996.0,1.0,Inner37,4994,4999,4996.0,differentia=1+policy=TaperedDepthProportionalResolution+target=4096,<function upgma at 0x7ff24ea53040>
440,5,5,[4],4998.0,2.0,Inner18,4996,5001,4998.0,differentia=1+policy=TaperedDepthProportionalResolution+target=4096,<function upgma at 0x7ff24ea53040>
441,6,6,[5],5001.0,3.0,316609,5001,5002,5001.0,differentia=1+policy=TaperedDepthProportionalResolution+target=4096,<function upgma at 0x7ff24ea53040>
442,7,7,[5],5001.0,3.0,316616,5001,5002,5001.0,differentia=1+policy=TaperedDepthProportionalResolution+target=4096,<function upgma at 0x7ff24ea53040>
443,8,8,[4],5001.0,5.0,316620,5001,5002,5001.0,differentia=1+policy=TaperedDepthProportionalResolution+target=4096,<function upgma at 0x7ff24ea53040>
444,9,9,[3],4997.0,2.0,Inner27,4995,5000,4997.0,differentia=1+policy=TaperedDepthProportionalResolution+target=4096,<function upgma at 0x7ff24ea53040>
445,10,10,[9],5001.0,4.0,316592,5001,5002,5001.0,differentia=1+policy=TaperedDepthProportionalResolution+target=4096,<function upgma at 0x7ff24ea53040>
446,11,11,[9],5001.0,4.0,316628,5001,5002,5001.0,differentia=1+policy=TaperedDepthProportionalResolution+target=4096,<function upgma at 0x7ff24ea53040>
447,12,12,[2],4994.0,2.0,Inner46,4992,4997,4994.0,differentia=1+policy=TaperedDepthProportionalResolution+target=4096,<function upgma at 0x7ff24ea53040>
448,13,13,[12],4995.0,1.0,Inner39,4993,4998,4995.0,differentia=1+policy=TaperedDepthProportionalResolution+target=4096,<function upgma at 0x7ff24ea53040>
449,14,14,[13],5000.0,5.0,316551,5000,5001,5000.0,differentia=1+policy=TaperedDepthProportionalResolution+target=4096,<function upgma at 0x7ff24ea53040>
450,15,15,[13],4997.0,2.0,Inner28,4995,5000,4997.0,differentia=1+policy=TaperedDepthProportionalResolution+target=4096,<function upgma at 0x7ff24ea53040>
451,16,16,[15],4998.0,1.0,Inner19,4996,5001,4998.0,differentia=1+policy=TaperedDepthProportionalResolution+target=4096,<function upgma at 0x7ff24ea53040>
452,17,17,[16],5001.0,3.0,316590,5001,5002,5001.0,differentia=1+policy=TaperedDepthProportionalResolution+target=4096,<function upgma at 0x7ff24ea53040>
453,18,18,[16],5001.0,3.0,316618,5001,5002,5001.0,differentia=1+policy=TaperedDepthProportionalResolution+target=4096,<function upgma at 0x7ff24ea53040>
454,19,19,[15],5001.0,4.0,316622,5001,5002,5001.0,differentia=1+policy=TaperedDepthProportionalResolution+target=4096,<function upgma at 0x7ff24ea53040>
455,20,20,[12],4995.0,1.0,Inner41,4993,4998,4995.0,differentia=1+policy=TaperedDepthProportionalResolution+target=4096,<function upgma at 0x7ff24ea53040>
456,21,21,[20],4996.0,1.0,Inner36,4994,4999,4996.0,differentia=1+policy=TaperedDepthProportionalResolution+target=4096,<function upgma at 0x7ff24ea53040>
457,22,22,[21],5001.0,5.0,316636,5001,5002,5001.0,differentia=1+policy=TaperedDepthProportionalResolution+target=4096,<function upgma at 0x7ff24ea53040>
458,23,23,[21],5001.0,5.0,316645,5001,5002,5001.0,differentia=1+policy=TaperedDepthProportionalResolution+target=4096,<function upgma at 0x7ff24ea53040>
459,24,24,[20],4996.0,1.0,Inner29,4994,4999,4996.0,differentia=1+policy=TaperedDepthProportionalResolution+target=4096,<function upgma at 0x7ff24ea53040>
460,25,25,[24],5000.0,4.0,316581,5000,5001,5000.0,differentia=1+policy=TaperedDepthProportionalResolution+target=4096,<function upgma at 0x7ff24ea53040>
461,26,26,[24],4997.0,1.0,Inner26,4995,5000,4997.0,differentia=1+policy=TaperedDepthProportionalResolution+target=4096,<function upgma at 0x7ff24ea53040>
462,27,27,[26],4998.0,1.0,Inner17,4996,5001,4998.0,differentia=1+policy=TaperedDepthProportionalResolution+target=4096,<function upgma at 0x7ff24ea53040>
463,28,28,[27],5001.0,3.0,316595,5001,5002,5001.0,differentia=1+policy=TaperedDepthProportionalResolution+target=4096,<function upgma at 0x7ff24ea53040>
464,29,29,[27],5001.0,3.0,316630,5001,5002,5001.0,differentia=1+policy=TaperedDepthProportionalResolution+target=4096,<function upgma at 0x7ff24ea53040>
465,30,30,[26],5001.0,4.0,316650,5001,5002,5001.0,differentia=1+policy=TaperedDepthProportionalResolution+target=4096,<function upgma at 0x7ff24ea53040>
466,31,31,[1],4990.0,24.0,Inner63,4988,4993,4990.0,differentia=1+policy=TaperedDepthProportionalResolution+target=4096,<function upgma at 0x7ff24ea53040>
467,32,32,[31],4993.0,3.0,Inner50,4991,4996,4993.0,differentia=1+policy=TaperedDepthProportionalResolution+target=4096,<function upgma at 0x7ff24ea53040>
468,33,33,[32],4999.0,6.0,316532,4999,5000,4999.0,differentia=1+policy=TaperedDepthProportionalResolution+target=4096,<function upgma at 0x7ff24ea53040>
469,34,34,[32],4996.0,3.0,Inner35,4994,4999,4996.0,differentia=1+policy=TaperedDepthProportionalResolution+target=4096,<function upgma at 0x7ff24ea53040>
470,35,35,[34],5001.0,5.0,316596,5001,5002,5001.0,differentia=1+policy=TaperedDepthProportionalResolution+target=4096,<function upgma at 0x7ff24ea53040>
471,36,36,[34],4998.0,2.0,Inner16,4996,5001,4998.0,differentia=1+policy=TaperedDepthProportionalResolution+target=4096,<function upgma at 0x7ff24ea53040>
472,37,37,[36],4998.0,0.0,Inner15,4996,5001,4998.0,differentia=1+policy=TaperedDepthProportionalResolution+target=4096,<function upgma at 0x7ff24ea53040>
473,38,38,[37],5001.0,3.0,316602,5001,5002,5001.0,differentia=1+policy=TaperedDepthProportionalResolution+target=4096,<function upgma at 0x7ff24ea53040>
474,39,39,[37],5001.0,3.0,316606,5001,5002,5001.0,differentia=1+policy=TaperedDepthProportionalResolution+target=4096,<function upgma at 0x7ff24ea53040>
475,40,40,[36],5001.0,3.0,316634,5001,5002,5001.0,differentia=1+policy=TaperedDepthProportionalResolution+target=4096,<function upgma at 0x7ff24ea53040>
476,41,41,[31],4991.0,1.0,Inner61,4989,4994,4991.0,differentia=1+policy=TaperedDepthProportionalResolution+target=4096,<function upgma at 0x7ff24ea53040>
477,42,42,[41],4993.0,2.0,Inner55,4991,4996,4993.0,differentia=1+policy=TaperedDepthProportionalResolution+target=4096,<function upgma at 0x7ff24ea53040>
478,43,43,[42],4997.0,4.0,Inner25,4995,5000,4997.0,differentia=1+policy=TaperedDepthProportionalResolution+target=4096,<function upgma at 0x7ff24ea53040>
479,44,44,[43],5001.0,4.0,316613,5001,5002,5001.0,differentia=1+policy=TaperedDepthProportionalResolution+target=4096,<function upgma at 0x7ff24ea53040>
480,45,45,[43],4998.0,1.0,Inner14,4996,5001,4998.0,differentia=1+policy=TaperedDepthProportionalResolution+target=4096,<function upgma at 0x7ff24ea53040>
481,46,46,[45],4998.0,0.0,Inner13,4996,5001,4998.0,differentia=1+policy=TaperedDepthProportionalResolution+target=4096,<function upgma at 0x7ff24ea53040>
482,47,47,[46],5001.0,3.0,316593,5001,5002,5001.0,differentia=1+policy=TaperedDepthProportionalResolution+target=4096,<function upgma at 0x7ff24ea53040>
483,48,48,[46],5001.0,3.0,316614,5001,5002,5001.0,differentia=1+policy=TaperedDepthProportionalResolution+target=4096,<function upgma at 0x7ff24ea53040>
484,49,49,[45],5001.0,3.0,316627,5001,5002,5001.0,differentia=1+policy=TaperedDepthProportionalResolution+target=4096,<function upgma at 0x7ff24ea53040>
485,50,50,[42],5001.0,8.0,316644,5001,5002,5001.0,differentia=1+policy=TaperedDepthProportionalResolution+target=4096,<function upgma at 0x7ff24ea53040>
486,51,51,[41],4993.0,2.0,Inner51,4991,4996,4993.0,differentia=1+policy=TaperedDepthProportionalResolution+target=4096,<function upgma at 0x7ff24ea53040>
487,52,52,[51],5001.0,8.0,316612,5001,5002,5001.0,differentia=1+policy=TaperedDepthProportionalResolution+target=4096,<function upgma at 0x7ff24ea53040>
488,53,53,[51],4995.0,2.0,Inner40,4993,4998,4995.0,differentia=1+policy=TaperedDepthProportionalResolution+target=4096,<function upgma at 0x7ff24ea53040>
489,54,54,[53],4997.0,2.0,Inner21,4995,5000,4997.0,differentia=1+policy=TaperedDepthProportionalResolution+target=4096,<function upgma at 0x7ff24ea53040>
490,55,55,[54],5000.0,3.0,316573,5000,5001,5000.0,differentia=1+policy=TaperedDepthProportionalResolution+target=4096,<function upgma at 0x7ff24ea53040>
491,56,56,[54],5001.0,4.0,316611,5001,5002,5001.0,differentia=1+policy=TaperedDepthProportionalResolution+target=4096,<function upgma at 0x7ff24ea53040>
492,57,57,[53],4996.0,1.0,Inner34,4994,4999,4996.0,differentia=1+policy=TaperedDepthProportionalResolution+target=4096,<function upgma at 0x7ff24ea53040>
493,58,58,[57],5001.0,5.0,316617,5001,5002,5001.0,differentia=1+policy=TaperedDepthProportionalResolution+target=4096,<function upgma at 0x7ff24ea53040>
494,59,59,[57],5001.0,5.0,316653,5001,5002,5001.0,differentia=1+policy=TaperedDepthProportionalResolution+target=4096,<function upgma at 0x7ff24ea53040>
495,60,60,[0],4970.0,26.0,Inner70,4968,4973,4970.0,differentia=1+policy=TaperedDepthProportionalResolution+target=4096,<function upgma at 0x7ff24ea53040>
496,61,61,[60],4992.0,22.0,Inner59,4990,4995,4992.0,differentia=1+policy=TaperedDepthProportionalResolution+target=4096,<function upgma at 0x7ff24ea53040>
497,62,62,[61],4993.0,1.0,Inner54,4991,4996,4993.0,differentia=1+policy=TaperedDepthProportionalResolution+target=4096,<function upgma at 0x7ff24ea53040>
498,63,63,[62],4996.0,3.0,Inner32,4994,4999,4996.0,differentia=1+policy=TaperedDepthProportionalResolution+target=4096,<function upgma at 0x7ff24ea53040>
499,64,64,[63],4998.0,2.0,Inner12,4996,5001,4998.0,differentia=1+policy=TaperedDepthProportionalResolution+target=4096,<function upgma at 0x7ff24ea53040>
500,65,65,[64],5001.0,3.0,316594,5001,5002,5001.0,differentia=1+policy=TaperedDepthProportionalResolution+target=4096,<function upgma at 0x7ff24ea53040>
501,66,66,[64],5001.0,3.0,316600,5001,5002,5001.0,differentia=1+policy=TaperedDepthProportionalResolution+target=4096,<function upgma at 0x7ff24ea53040>
502,67,67,[63],5001.0,5.0,316635,5001,5002,5001.0,differentia=1+policy=TaperedDepthProportionalResolution+target=4096,<function upgma at 0x7ff24ea53040>
503,68,68,[62],5001.0,8.0,316637,5001,5002,5001.0,differentia=1+policy=TaperedDepthProportionalResolution+target=4096,<function upgma at 0x7ff24ea53040>
504,69,69,[61],4995.0,3.0,Inner44,4993,4998,4995.0,differentia=1+policy=TaperedDepthProportionalResolution+target=4096,<function upgma at 0x7ff24ea53040>
505,70,70,[69],5001.0,6.0,316591,5001,5002,5001.0,differentia=1+policy=TaperedDepthProportionalResolution+target=4096,<function upgma at 0x7ff24ea53040>
506,71,71,[69],4996.0,1.0,Inner33,4994,4999,4996.0,differentia=1+policy=TaperedDepthProportionalResolution+target=4096,<function upgma at 0x7ff24ea53040>
507,72,72,[71],5001.0,5.0,316589,5001,5002,5001.0,differentia=1+policy=TaperedDepthProportionalResolution+target=4096,<function upgma at 0x7ff24ea53040>
508,73,73,[71],5001.0,5.0,316648,5001,5002,5001.0,differentia=1+policy=TaperedDepthProportionalResolution+target=4096,<function upgma at 0x7ff24ea53040>
509,74,74,[60],4981.0,11.0,Inner69,4979,4984,4981.0,differentia=1+policy=TaperedDepthProportionalResolution+target=4096,<function upgma at 0x7ff24ea53040>
510,75,75,[74],4982.0,1.0,Inner68,4980,4985,4982.0,differentia=1+policy=TaperedDepthProportionalResolution+target=4096,<function upgma at 0x7ff24ea53040>
511,76,76,[75],4987.0,5.0,Inner66,4985,4990,4987.0,differentia=1+policy=TaperedDepthProportionalResolution+target=4096,<function upgma at 0x7ff24ea53040>
512,77,77,[76],5001.0,14.0,316607,5001,5002,5001.0,differentia=1+policy=TaperedDepthProportionalResolution+target=4096,<function upgma at 0x7ff24ea53040>
513,78,78,[76],4993.0,6.0,Inner52,4991,4996,4993.0,differentia=1+policy=TaperedDepthProportionalResolution+target=4096,<function upgma at 0x7ff24ea53040>
514,79,79,[78],5001.0,8.0,316642,5001,5002,5001.0,differentia=1+policy=TaperedDepthProportionalResolution+target=4096,<function upgma at 0x7ff24ea53040>
515,80,80,[78],5001.0,8.0,316651,5001,5002,5001.0,differentia=1+policy=TaperedDepthProportionalResolution+target=4096,<function upgma at 0x7ff24ea53040>
516,81,81,[75],4986.0,4.0,Inner67,4984,4989,4986.0,differentia=1+policy=TaperedDepthProportionalResolution+target=4096,<function upgma at 0x7ff24ea53040>
517,82,82,[81],4989.0,3.0,Inner65,4987,4992,4989.0,differentia=1+policy=TaperedDepthProportionalResolution+target=4096,<function upgma at 0x7ff24ea53040>
518,83,83,[82],4991.0,2.0,Inner62,4989,4994,4991.0,differentia=1+policy=TaperedDepthProportionalResolution+target=4096,<function upgma at 0x7ff24ea53040>
519,84,84,[83],5001.0,10.0,316631,5001,5002,5001.0,differentia=1+policy=TaperedDepthProportionalResolution+target=4096,<function upgma at 0x7ff24ea53040>
520,85,85,[83],4992.0,1.0,Inner58,4990,4995,4992.0,differentia=1+policy=TaperedDepthProportionalResolution+target=4096,<function upgma at 0x7ff24ea53040>
521,86,86,[85],5001.0,9.0,316623,5001,5002,5001.0,differentia=1+policy=TaperedDepthProportionalResolution+target=4096,<function upgma at 0x7ff24ea53040>
522,87,87,[85],4996.0,4.0,Inner31,4994,4999,4996.0,differentia=1+policy=TaperedDepthProportionalResolution+target=4096,<function upgma at 0x7ff24ea53040>
523,88,88,[87],5001.0,5.0,316597,5001,5002,5001.0,differentia=1+policy=TaperedDepthProportionalResolution+target=4096,<function upgma at 0x7ff24ea53040>
524,89,89,[87],4997.0,1.0,Inner24,4995,5000,4997.0,differentia=1+policy=TaperedDepthProportionalResolution+target=4096,<function upgma at 0x7ff24ea53040>
525,90,90,[89],4998.0,1.0,Inner11,4996,5001,4998.0,differentia=1+policy=TaperedDepthProportionalResolution+target=4096,<function upgma at 0x7ff24ea53040>
526,91,91,[90],5001.0,3.0,316624,5001,5002,5001.0,differentia=1+policy=TaperedDepthProportionalResolution+target=4096,<function upgma at 0x7ff24ea53040>
527,92,92,[90],5001.0,3.0,316629,5001,5002,5001.0,differentia=1+policy=TaperedDepthProportionalResolution+target=4096,<function upgma at 0x7ff24ea53040>
528,93,93,[89],5001.0,4.0,316632,5001,5002,5001.0,differentia=1+policy=TaperedDepthProportionalResolution+target=4096,<function upgma at 0x7ff24ea53040>
529,94,94,[82],5001.0,12.0,316649,5001,5002,5001.0,differentia=1+policy=TaperedDepthProportionalResolution+target=4096,<function upgma at 0x7ff24ea53040>
530,95,95,[81],4989.0,3.0,Inner64,4987,4992,4989.0,differentia=1+policy=TaperedDepthProportionalResolution+target=4096,<function upgma at 0x7ff24ea53040>
531,96,96,[95],4991.0,2.0,Inner60,4989,4994,4991.0,differentia=1+policy=TaperedDepthProportionalResolution+target=4096,<function upgma at 0x7ff24ea53040>
532,97,97,[96],5000.0,9.0,316563,5000,5001,5000.0,differentia=1+policy=TaperedDepthProportionalResolution+target=4096,<function upgma at 0x7ff24ea53040>
533,98,98,[96],5001.0,10.0,316625,5001,5002,5001.0,differentia=1+policy=TaperedDepthProportionalResolution+target=4096,<function upgma at 0x7ff24ea53040>
534,99,99,[95],4993.0,4.0,Inner53,4991,4996,4993.0,differentia=1+policy=TaperedDepthProportionalResolution+target=4096,<function upgma at 0x7ff24ea53040>
535,100,100,[99],4994.0,1.0,Inner48,4992,4997,4994.0,differentia=1+policy=TaperedDepthProportionalResolution+target=4096,<function upgma at 0x7ff24ea53040>
536,101,101,[100],5001.0,7.0,316601,5001,5002,5001.0,differentia=1+policy=TaperedDepthProportionalResolution+target=4096,<function upgma at 0x7ff24ea53040>
537,102,102,[100],4995.0,1.0,Inner43,4993,4998,4995.0,differentia=1+policy=TaperedDepthProportionalResolution+target=4096,<function upgma at 0x7ff24ea53040>
538,103,103,[102],4997.0,2.0,Inner23,4995,5000,4997.0,differentia=1+policy=TaperedDepthProportionalResolution+target=4096,<function upgma at 0x7ff24ea53040>
539,104,104,[103],5001.0,4.0,316626,5001,5002,5001.0,differentia=1+policy=TaperedDepthProportionalResolution+target=4096,<function upgma at 0x7ff24ea53040>
540,105,105,[103],5001.0,4.0,316633,5001,5002,5001.0,differentia=1+policy=TaperedDepthProportionalResolution+target=4096,<function upgma at 0x7ff24ea53040>
541,106,106,[102],4998.0,3.0,Inner8,4996,5001,4998.0,differentia=1+policy=TaperedDepthProportionalResolution+target=4096,<function upgma at 0x7ff24ea53040>
542,107,107,[106],5001.0,3.0,316615,5001,5002,5001.0,differentia=1+policy=TaperedDepthProportionalResolution+target=4096,<function upgma at 0x7ff24ea53040>
543,108,108,[106],5001.0,3.0,316646,5001,5002,5001.0,differentia=1+policy=TaperedDepthProportionalResolution+target=4096,<function upgma at 0x7ff24ea53040>
544,109,109,[99],4994.0,1.0,Inner49,4992,4997,4994.0,differentia=1+policy=TaperedDepthProportionalResolution+target=4096,<function upgma at 0x7ff24ea53040>
545,110,110,[109],5001.0,7.0,316608,5001,5002,5001.0,differentia=1+policy=TaperedDepthProportionalResolution+target=4096,<function upgma at 0x7ff24ea53040>
546,111,111,[109],4998.0,4.0,Inner10,4996,5001,4998.0,differentia=1+policy=TaperedDepthProportionalResolution+target=4096,<function upgma at 0x7ff24ea53040>
547,112,112,[111],5001.0,3.0,316599,5001,5002,5001.0,differentia=1+policy=TaperedDepthProportionalResolution+target=4096,<function upgma at 0x7ff24ea53040>
548,113,113,[111],4998.0,0.0,Inner9,4996,5001,4998.0,differentia=1+policy=TaperedDepthProportionalResolution+target=4096,<function upgma at 0x7ff24ea53040>
549,114,114,[113],5001.0,3.0,316604,5001,5002,5001.0,differentia=1+policy=TaperedDepthProportionalResolution+target=4096,<function upgma at 0x7ff24ea53040>
550,115,115,[113],5001.0,3.0,316652,5001,5002,5001.0,differentia=1+policy=TaperedDepthProportionalResolution+target=4096,<function upgma at 0x7ff24ea53040>
551,116,116,[74],4992.0,11.0,Inner56,4990,4995,4992.0,differentia=1+policy=TaperedDepthProportionalResolution+target=4096,<function upgma at 0x7ff24ea53040>
552,117,117,[116],4995.0,3.0,Inner38,4993,4998,4995.0,differentia=1+policy=TaperedDepthProportionalResolution+target=4096,<function upgma at 0x7ff24ea53040>
553,118,118,[117],5000.0,5.0,316547,5000,5001,5000.0,differentia=1+policy=TaperedDepthProportionalResolution+target=4096,<function upgma at 0x7ff24ea53040>
554,119,119,[117],4997.0,2.0,Inner20,4995,5000,4997.0,differentia=1+policy=TaperedDepthProportionalResolution+target=4096,<function upgma at 0x7ff24ea53040>
555,120,120,[119],5000.0,3.0,316570,5000,5001,5000.0,differentia=1+policy=TaperedDepthProportionalResolution+target=4096,<function upgma at 0x7ff24ea53040>
556,121,121,[119],5001.0,4.0,316638,5001,5002,5001.0,differentia=1+policy=TaperedDepthProportionalResolution+target=4096,<function upgma at 0x7ff24ea53040>
557,122,122,[116],4994.0,2.0,Inner47,4992,4997,4994.0,differentia=1+policy=TaperedDepthProportionalResolution+target=4096,<function upgma at 0x7ff24ea53040>
558,123,123,[122],5001.0,7.0,316639,5001,5002,5001.0,differentia=1+policy=TaperedDepthProportionalResolution+target=4096,<function upgma at 0x7ff24ea53040>
559,124,124,[122],4995.0,1.0,Inner42,4993,4998,4995.0,differentia=1+policy=TaperedDepthProportionalResolution+target=4096,<function upgma at 0x7ff24ea53040>
560,125,125,[124],4996.0,1.0,Inner30,4994,4999,4996.0,differentia=1+policy=TaperedDepthProportionalResolution+target=4096,<function upgma at 0x7ff24ea53040>
561,126,126,[125],4998.0,2.0,Inner7,4996,5001,4998.0,differentia=1+policy=TaperedDepthProportionalResolution+target=4096,<function upgma at 0x7ff24ea53040>
562,127,127,[126],5001.0,3.0,316598,5001,5002,5001.0,differentia=1+policy=TaperedDepthProportionalResolution+target=4096,<function upgma at 0x7ff24ea53040>
563,128,128,[126],5001.0,3.0,316605,5001,5002,5001.0,differentia=1+policy=TaperedDepthProportionalResolution+target=4096,<function upgma at 0x7ff24ea53040>
564,129,129,[125],5001.0,5.0,316641,5001,5002,5001.0,differentia=1+policy=TaperedDepthProportionalResolution+target=4096,<function upgma at 0x7ff24ea53040>
565,130,130,[124],4997.0,2.0,Inner22,4995,5000,4997.0,differentia=1+policy=TaperedDepthProportionalResolution+target=4096,<function upgma at 0x7ff24ea53040>
566,131,131,[130],4998.0,1.0,Inner1,4996,5001,4998.0,differentia=1+policy=TaperedDepthProportionalResolution+target=4096,<function upgma at 0x7ff24ea53040>
567,132,132,[131],5001.0,3.0,316640,5001,5002,5001.0,differentia=1+policy=TaperedDepthProportionalResolution+target=4096,<function upgma at 0x7ff24ea53040>
568,133,133,[131],5001.0,3.0,316643,5001,5002,5001.0,differentia=1+policy=TaperedDepthProportionalResolution+target=4096,<function upgma at 0x7ff24ea53040>
569,134,134,[130],4998.0,1.0,Inner6,4996,5001,4998.0,differentia=1+policy=TaperedDepthProportionalResolution+target=4096,<function upgma at 0x7ff24ea53040>
570,135,135,[134],5001.0,3.0,316647,5001,5002,5001.0,differentia=1+policy=TaperedDepthProportionalResolution+target=4096,<function upgma at 0x7ff24ea53040>
571,136,136,[134],4998.0,0.0,Inner5,4996,5001,4998.0,differentia=1+policy=TaperedDepthProportionalResolution+target=4096,<function upgma at 0x7ff24ea53040>
572,137,137,[136],5001.0,3.0,316621,5001,5002,5001.0,differentia=1+policy=TaperedDepthProportionalResolution+target=4096,<function upgma at 0x7ff24ea53040>
573,138,138,[136],4998.0,0.0,Inner4,4996,5001,4998.0,differentia=1+policy=TaperedDepthProportionalResolution+target=4096,<function upgma at 0x7ff24ea53040>
574,139,139,[138],5001.0,3.0,316619,5001,5002,5001.0,differentia=1+policy=TaperedDepthProportionalResolution+target=4096,<function upgma at 0x7ff24ea53040>
575,140,140,[138],4998.0,0.0,Inner3,4996,5001,4998.0,differentia=1+policy=TaperedDepthProportionalResolution+target=4096,<function upgma at 0x7ff24ea53040>
576,141,141,[140],5001.0,3.0,316610,5001,5002,5001.0,differentia=1+policy=TaperedDepthProportionalResolution+target=4096,<function upgma at 0x7ff24ea53040>
577,142,142,[140],4998.0,0.0,Inner2,4996,5001,4998.0,differentia=1+policy=TaperedDepthProportionalResolution+target=4096,<function upgma at 0x7ff24ea53040>
578,143,143,[142],5001.0,3.0,316603,5001,5002,5001.0,differentia=1+policy=TaperedDepthProportionalResolution+target=4096,<function upgma at 0x7ff24ea53040>
579,144,144,[142],5001.0,3.0,316654,5001,5002,5001.0,differentia=1+policy=TaperedDepthProportionalResolution+target=4096,<function upgma at 0x7ff24ea53040>
580,0,0,[None],4931.5,4931.5,Inner72,4912,4952,4931.5,differentia=1+policy=TaperedDepthProportionalResolution+target=512,<function upgma at 0x7ff24ea53040>
581,1,1,[0],4955.5,24.0,Inner70,4936,4976,4955.5,differentia=1+policy=TaperedDepthProportionalResolution+target=512,<function upgma at 0x7ff24ea53040>
582,2,2,[1],4979.5,24.0,Inner65,4960,5000,4979.5,differentia=1+policy=TaperedDepthProportionalResolution+target=512,<function upgma at 0x7ff24ea53040>
583,3,3,[2],4984.0,4.5,Inner55,4968,5001,4984.0,differentia=1+policy=TaperedDepthProportionalResolution+target=512,<function upgma at 0x7ff24ea53040>
584,4,4,[3],5001.0,17.0,316622,5001,5002,5001.0,differentia=1+policy=TaperedDepthProportionalResolution+target=512,<function upgma at 0x7ff24ea53040>
585,5,5,[3],4984.0,0.0,Inner53,4968,5001,4984.0,differentia=1+policy=TaperedDepthProportionalResolution+target=512,<function upgma at 0x7ff24ea53040>
586,6,6,[5],5001.0,17.0,316620,5001,5002,5001.0,differentia=1+policy=TaperedDepthProportionalResolution+target=512,<function upgma at 0x7ff24ea53040>
587,7,7,[5],4984.0,0.0,Inner51,4968,5001,4984.0,differentia=1+policy=TaperedDepthProportionalResolution+target=512,<function upgma at 0x7ff24ea53040>
588,8,8,[7],5001.0,17.0,316609,5001,5002,5001.0,differentia=1+policy=TaperedDepthProportionalResolution+target=512,<function upgma at 0x7ff24ea53040>
589,9,9,[7],4984.0,0.0,Inner50,4968,5001,4984.0,differentia=1+policy=TaperedDepthProportionalResolution+target=512,<function upgma at 0x7ff24ea53040>
590,10,10,[9],5001.0,17.0,316592,5001,5002,5001.0,differentia=1+policy=TaperedDepthProportionalResolution+target=512,<function upgma at 0x7ff24ea53040>
591,11,11,[9],5001.0,17.0,316630,5001,5002,5001.0,differentia=1+policy=TaperedDepthProportionalResolution+target=512,<function upgma at 0x7ff24ea53040>
592,12,12,[2],4979.5,0.0,Inner62,4960,5000,4979.5,differentia=1+policy=TaperedDepthProportionalResolution+target=512,<function upgma at 0x7ff24ea53040>
593,13,13,[12],4979.0,-0.5,Inner61,4960,4999,4979.0,differentia=1+policy=TaperedDepthProportionalResolution+target=512,<function upgma at 0x7ff24ea53040>
594,14,14,[13],5000.0,21.0,316551,5000,5001,5000.0,differentia=1+policy=TaperedDepthProportionalResolution+target=512,<function upgma at 0x7ff24ea53040>
595,15,15,[13],5000.0,21.0,316581,5000,5001,5000.0,differentia=1+policy=TaperedDepthProportionalResolution+target=512,<function upgma at 0x7ff24ea53040>
596,16,16,[12],4984.0,4.5,Inner56,4968,5001,4984.0,differentia=1+policy=TaperedDepthProportionalResolution+target=512,<function upgma at 0x7ff24ea53040>
597,17,17,[16],5001.0,17.0,316618,5001,5002,5001.0,differentia=1+policy=TaperedDepthProportionalResolution+target=512,<function upgma at 0x7ff24ea53040>
598,18,18,[16],4984.0,0.0,Inner54,4968,5001,4984.0,differentia=1+policy=TaperedDepthProportionalResolution+target=512,<function upgma at 0x7ff24ea53040>
599,19,19,[18],5001.0,17.0,316590,5001,5002,5001.0,differentia=1+policy=TaperedDepthProportionalResolution+target=512,<function upgma at 0x7ff24ea53040>
600,20,20,[18],4984.0,0.0,Inner52,4968,5001,4984.0,differentia=1+policy=TaperedDepthProportionalResolution+target=512,<function upgma at 0x7ff24ea53040>
601,21,21,[20],5001.0,17.0,316616,5001,5002,5001.0,differentia=1+policy=TaperedDepthProportionalResolution+target=512,<function upgma at 0x7ff24ea53040>
602,22,22,[20],4984.0,0.0,Inner49,4968,5001,4984.0,differentia=1+policy=TaperedDepthProportionalResolution+target=512,<function upgma at 0x7ff24ea53040>
603,23,23,[22],5001.0,17.0,316628,5001,5002,5001.0,differentia=1+policy=TaperedDepthProportionalResolution+target=512,<function upgma at 0x7ff24ea53040>
604,24,24,[22],4984.0,0.0,Inner48,4968,5001,4984.0,differentia=1+policy=TaperedDepthProportionalResolution+target=512,<function upgma at 0x7ff24ea53040>
605,25,25,[24],5001.0,17.0,316595,5001,5002,5001.0,differentia=1+policy=TaperedDepthProportionalResolution+target=512,<function upgma at 0x7ff24ea53040>
606,26,26,[24],4984.0,0.0,Inner47,4968,5001,4984.0,differentia=1+policy=TaperedDepthProportionalResolution+target=512,<function upgma at 0x7ff24ea53040>
607,27,27,[26],5001.0,17.0,316645,5001,5002,5001.0,differentia=1+policy=TaperedDepthProportionalResolution+target=512,<function upgma at 0x7ff24ea53040>
608,28,28,[26],4984.0,0.0,Inner46,4968,5001,4984.0,differentia=1+policy=TaperedDepthProportionalResolution+target=512,<function upgma at 0x7ff24ea53040>
609,29,29,[28],5001.0,17.0,316636,5001,5002,5001.0,differentia=1+policy=TaperedDepthProportionalResolution+target=512,<function upgma at 0x7ff24ea53040>
610,30,30,[28],5001.0,17.0,316650,5001,5002,5001.0,differentia=1+policy=TaperedDepthProportionalResolution+target=512,<function upgma at 0x7ff24ea53040>
611,31,31,[1],4971.5,16.0,Inner68,4952,4992,4971.5,differentia=1+policy=TaperedDepthProportionalResolution+target=512,<function upgma at 0x7ff24ea53040>
612,32,32,[31],4979.0,7.5,Inner64,4960,4999,4979.0,differentia=1+policy=TaperedDepthProportionalResolution+target=512,<function upgma at 0x7ff24ea53040>
613,33,33,[32],4979.0,0.0,Inner60,4960,4999,4979.0,differentia=1+policy=TaperedDepthProportionalResolution+target=512,<function upgma at 0x7ff24ea53040>
614,34,34,[33],4999.0,20.0,316532,4999,5000,4999.0,differentia=1+policy=TaperedDepthProportionalResolution+target=512,<function upgma at 0x7ff24ea53040>
615,35,35,[33],4984.0,5.0,Inner43,4968,5001,4984.0,differentia=1+policy=TaperedDepthProportionalResolution+target=512,<function upgma at 0x7ff24ea53040>
616,36,36,[35],4984.0,0.0,Inner40,4968,5001,4984.0,differentia=1+policy=TaperedDepthProportionalResolution+target=512,<function upgma at 0x7ff24ea53040>
617,37,37,[36],5001.0,17.0,316593,5001,5002,5001.0,differentia=1+policy=TaperedDepthProportionalResolution+target=512,<function upgma at 0x7ff24ea53040>
618,38,38,[36],5001.0,17.0,316596,5001,5002,5001.0,differentia=1+policy=TaperedDepthProportionalResolution+target=512,<function upgma at 0x7ff24ea53040>
619,39,39,[35],5001.0,17.0,316602,5001,5002,5001.0,differentia=1+policy=TaperedDepthProportionalResolution+target=512,<function upgma at 0x7ff24ea53040>
620,40,40,[32],4984.0,5.0,Inner45,4968,5001,4984.0,differentia=1+policy=TaperedDepthProportionalResolution+target=512,<function upgma at 0x7ff24ea53040>
621,41,41,[40],5001.0,17.0,316612,5001,5002,5001.0,differentia=1+policy=TaperedDepthProportionalResolution+target=512,<function upgma at 0x7ff24ea53040>
622,42,42,[40],4984.0,0.0,Inner44,4968,5001,4984.0,differentia=1+policy=TaperedDepthProportionalResolution+target=512,<function upgma at 0x7ff24ea53040>
623,43,43,[42],4984.0,0.0,Inner42,4968,5001,4984.0,differentia=1+policy=TaperedDepthProportionalResolution+target=512,<function upgma at 0x7ff24ea53040>
624,44,44,[43],5001.0,17.0,316606,5001,5002,5001.0,differentia=1+policy=TaperedDepthProportionalResolution+target=512,<function upgma at 0x7ff24ea53040>
625,45,45,[43],4984.0,0.0,Inner41,4968,5001,4984.0,differentia=1+policy=TaperedDepthProportionalResolution+target=512,<function upgma at 0x7ff24ea53040>
626,46,46,[45],4984.0,0.0,Inner39,4968,5001,4984.0,differentia=1+policy=TaperedDepthProportionalResolution+target=512,<function upgma at 0x7ff24ea53040>
627,47,47,[46],5001.0,17.0,316613,5001,5002,5001.0,differentia=1+policy=TaperedDepthProportionalResolution+target=512,<function upgma at 0x7ff24ea53040>
628,48,48,[46],5001.0,17.0,316614,5001,5002,5001.0,differentia=1+policy=TaperedDepthProportionalResolution+target=512,<function upgma at 0x7ff24ea53040>
629,49,49,[45],5001.0,17.0,316627,5001,5002,5001.0,differentia=1+policy=TaperedDepthProportionalResolution+target=512,<function upgma at 0x7ff24ea53040>
630,50,50,[42],5001.0,17.0,316634,5001,5002,5001.0,differentia=1+policy=TaperedDepthProportionalResolution+target=512,<function upgma at 0x7ff24ea53040>
631,51,51,[31],4979.5,8.0,Inner59,4960,5000,4979.5,differentia=1+policy=TaperedDepthProportionalResolution+target=512,<function upgma at 0x7ff24ea53040>
632,52,52,[51],5000.0,20.5,316573,5000,5001,5000.0,differentia=1+policy=TaperedDepthProportionalResolution+target=512,<function upgma at 0x7ff24ea53040>
633,53,53,[51],4984.0,4.5,Inner38,4968,5001,4984.0,differentia=1+policy=TaperedDepthProportionalResolution+target=512,<function upgma at 0x7ff24ea53040>
634,54,54,[53],4984.0,0.0,Inner37,4968,5001,4984.0,differentia=1+policy=TaperedDepthProportionalResolution+target=512,<function upgma at 0x7ff24ea53040>
635,55,55,[54],5001.0,17.0,316617,5001,5002,5001.0,differentia=1+policy=TaperedDepthProportionalResolution+target=512,<function upgma at 0x7ff24ea53040>
636,56,56,[54],4984.0,0.0,Inner36,4968,5001,4984.0,differentia=1+policy=TaperedDepthProportionalResolution+target=512,<function upgma at 0x7ff24ea53040>
637,57,57,[56],5001.0,17.0,316611,5001,5002,5001.0,differentia=1+policy=TaperedDepthProportionalResolution+target=512,<function upgma at 0x7ff24ea53040>
638,58,58,[56],5001.0,17.0,316644,5001,5002,5001.0,differentia=1+policy=TaperedDepthProportionalResolution+target=512,<function upgma at 0x7ff24ea53040>
639,59,59,[53],5001.0,17.0,316653,5001,5002,5001.0,differentia=1+policy=TaperedDepthProportionalResolution+target=512,<function upgma at 0x7ff24ea53040>
640,60,60,[0],4955.5,24.0,Inner71,4936,4976,4955.5,differentia=1+policy=TaperedDepthProportionalResolution+target=512,<function upgma at 0x7ff24ea53040>
641,61,61,[60],4979.5,24.0,Inner67,4960,5000,4979.5,differentia=1+policy=TaperedDepthProportionalResolution+target=512,<function upgma at 0x7ff24ea53040>
642,62,62,[61],4984.0,4.5,Inner35,4968,5001,4984.0,differentia=1+policy=TaperedDepthProportionalResolution+target=512,<function upgma at 0x7ff24ea53040>
643,63,63,[62],5001.0,17.0,316589,5001,5002,5001.0,differentia=1+policy=TaperedDepthProportionalResolution+target=512,<function upgma at 0x7ff24ea53040>
644,64,64,[62],5001.0,17.0,316591,5001,5002,5001.0,differentia=1+policy=TaperedDepthProportionalResolution+target=512,<function upgma at 0x7ff24ea53040>
645,65,65,[61],4984.0,4.5,Inner34,4968,5001,4984.0,differentia=1+policy=TaperedDepthProportionalResolution+target=512,<function upgma at 0x7ff24ea53040>
646,66,66,[65],4984.0,0.0,Inner33,4968,5001,4984.0,differentia=1+policy=TaperedDepthProportionalResolution+target=512,<function upgma at 0x7ff24ea53040>
647,67,67,[66],4984.0,0.0,Inner32,4968,5001,4984.0,differentia=1+policy=TaperedDepthProportionalResolution+target=512,<function upgma at 0x7ff24ea53040>
648,68,68,[67],5001.0,17.0,316600,5001,5002,5001.0,differentia=1+policy=TaperedDepthProportionalResolution+target=512,<function upgma at 0x7ff24ea53040>
649,69,69,[67],4984.0,0.0,Inner31,4968,5001,4984.0,differentia=1+policy=TaperedDepthProportionalResolution+target=512,<function upgma at 0x7ff24ea53040>
650,70,70,[69],5001.0,17.0,316594,5001,5002,5001.0,differentia=1+policy=TaperedDepthProportionalResolution+target=512,<function upgma at 0x7ff24ea53040>
651,71,71,[69],5001.0,17.0,316635,5001,5002,5001.0,differentia=1+policy=TaperedDepthProportionalResolution+target=512,<function upgma at 0x7ff24ea53040>
652,72,72,[66],5001.0,17.0,316637,5001,5002,5001.0,differentia=1+policy=TaperedDepthProportionalResolution+target=512,<function upgma at 0x7ff24ea53040>
653,73,73,[65],5001.0,17.0,316648,5001,5002,5001.0,differentia=1+policy=TaperedDepthProportionalResolution+target=512,<function upgma at 0x7ff24ea53040>
654,74,74,[60],4971.5,16.0,Inner69,4952,4992,4971.5,differentia=1+policy=TaperedDepthProportionalResolution+target=512,<function upgma at 0x7ff24ea53040>
655,75,75,[74],4979.5,8.0,Inner66,4960,5000,4979.5,differentia=1+policy=TaperedDepthProportionalResolution+target=512,<function upgma at 0x7ff24ea53040>
656,76,76,[75],4984.0,4.5,Inner22,4968,5001,4984.0,differentia=1+policy=TaperedDepthProportionalResolution+target=512,<function upgma at 0x7ff24ea53040>
657,77,77,[76],5001.0,17.0,316604,5001,5002,5001.0,differentia=1+policy=TaperedDepthProportionalResolution+target=512,<function upgma at 0x7ff24ea53040>
658,78,78,[76],4984.0,0.0,Inner20,4968,5001,4984.0,differentia=1+policy=TaperedDepthProportionalResolution+target=512,<function upgma at 0x7ff24ea53040>
659,79,79,[78],4984.0,0.0,Inner19,4968,5001,4984.0,differentia=1+policy=TaperedDepthProportionalResolution+target=512,<function upgma at 0x7ff24ea53040>
660,80,80,[79],5001.0,17.0,316626,5001,5002,5001.0,differentia=1+policy=TaperedDepthProportionalResolution+target=512,<function upgma at 0x7ff24ea53040>
661,81,81,[79],4984.0,0.0,Inner17,4968,5001,4984.0,differentia=1+policy=TaperedDepthProportionalResolution+target=512,<function upgma at 0x7ff24ea53040>
662,82,82,[81],5001.0,17.0,316607,5001,5002,5001.0,differentia=1+policy=TaperedDepthProportionalResolution+target=512,<function upgma at 0x7ff24ea53040>
663,83,83,[81],5001.0,17.0,316633,5001,5002,5001.0,differentia=1+policy=TaperedDepthProportionalResolution+target=512,<function upgma at 0x7ff24ea53040>
664,84,84,[78],5001.0,17.0,316646,5001,5002,5001.0,differentia=1+policy=TaperedDepthProportionalResolution+target=512,<function upgma at 0x7ff24ea53040>
665,85,85,[75],4984.0,4.5,Inner26,4968,5001,4984.0,differentia=1+policy=TaperedDepthProportionalResolution+target=512,<function upgma at 0x7ff24ea53040>
666,86,86,[85],5001.0,17.0,316649,5001,5002,5001.0,differentia=1+policy=TaperedDepthProportionalResolution+target=512,<function upgma at 0x7ff24ea53040>
667,87,87,[85],4984.0,0.0,Inner25,4968,5001,4984.0,differentia=1+policy=TaperedDepthProportionalResolution+target=512,<function upgma at 0x7ff24ea53040>
668,88,88,[87],5001.0,17.0,316599,5001,5002,5001.0,differentia=1+policy=TaperedDepthProportionalResolution+target=512,<function upgma at 0x7ff24ea53040>
669,89,89,[87],4984.0,0.0,Inner24,4968,5001,4984.0,differentia=1+policy=TaperedDepthProportionalResolution+target=512,<function upgma at 0x7ff24ea53040>
670,90,90,[89],4984.0,0.0,Inner23,4968,5001,4984.0,differentia=1+policy=TaperedDepthProportionalResolution+target=512,<function upgma at 0x7ff24ea53040>
671,91,91,[90],5001.0,17.0,316608,5001,5002,5001.0,differentia=1+policy=TaperedDepthProportionalResolution+target=512,<function upgma at 0x7ff24ea53040>
672,92,92,[90],4984.0,0.0,Inner21,4968,5001,4984.0,differentia=1+policy=TaperedDepthProportionalResolution+target=512,<function upgma at 0x7ff24ea53040>
673,93,93,[92],5001.0,17.0,316601,5001,5002,5001.0,differentia=1+policy=TaperedDepthProportionalResolution+target=512,<function upgma at 0x7ff24ea53040>
674,94,94,[92],5001.0,17.0,316615,5001,5002,5001.0,differentia=1+policy=TaperedDepthProportionalResolution+target=512,<function upgma at 0x7ff24ea53040>
675,95,95,[89],5001.0,17.0,316652,5001,5002,5001.0,differentia=1+policy=TaperedDepthProportionalResolution+target=512,<function upgma at 0x7ff24ea53040>
676,96,96,[74],4979.5,8.0,Inner63,4960,5000,4979.5,differentia=1+policy=TaperedDepthProportionalResolution+target=512,<function upgma at 0x7ff24ea53040>
677,97,97,[96],4984.0,4.5,Inner30,4968,5001,4984.0,differentia=1+policy=TaperedDepthProportionalResolution+target=512,<function upgma at 0x7ff24ea53040>
678,98,98,[97],5001.0,17.0,316623,5001,5002,5001.0,differentia=1+policy=TaperedDepthProportionalResolution+target=512,<function upgma at 0x7ff24ea53040>
679,99,99,[97],4984.0,0.0,Inner16,4968,5001,4984.0,differentia=1+policy=TaperedDepthProportionalResolution+target=512,<function upgma at 0x7ff24ea53040>
680,100,100,[99],5001.0,17.0,316631,5001,5002,5001.0,differentia=1+policy=TaperedDepthProportionalResolution+target=512,<function upgma at 0x7ff24ea53040>
681,101,101,[99],4984.0,0.0,Inner15,4968,5001,4984.0,differentia=1+policy=TaperedDepthProportionalResolution+target=512,<function upgma at 0x7ff24ea53040>
682,102,102,[101],5001.0,17.0,316642,5001,5002,5001.0,differentia=1+policy=TaperedDepthProportionalResolution+target=512,<function upgma at 0x7ff24ea53040>
683,103,103,[101],4984.0,0.0,Inner11,4968,5001,4984.0,differentia=1+policy=TaperedDepthProportionalResolution+target=512,<function upgma at 0x7ff24ea53040>
684,104,104,[103],4984.0,0.0,Inner10,4968,5001,4984.0,differentia=1+policy=TaperedDepthProportionalResolution+target=512,<function upgma at 0x7ff24ea53040>
685,105,105,[104],5001.0,17.0,316639,5001,5002,5001.0,differentia=1+policy=TaperedDepthProportionalResolution+target=512,<function upgma at 0x7ff24ea53040>
686,106,106,[104],4984.0,0.0,Inner2,4968,5001,4984.0,differentia=1+policy=TaperedDepthProportionalResolution+target=512,<function upgma at 0x7ff24ea53040>
687,107,107,[106],5001.0,17.0,316638,5001,5002,5001.0,differentia=1+policy=TaperedDepthProportionalResolution+target=512,<function upgma at 0x7ff24ea53040>
688,108,108,[106],5001.0,17.0,316643,5001,5002,5001.0,differentia=1+policy=TaperedDepthProportionalResolution+target=512,<function upgma at 0x7ff24ea53040>
689,109,109,[103],5001.0,17.0,316651,5001,5002,5001.0,differentia=1+policy=TaperedDepthProportionalResolution+target=512,<function upgma at 0x7ff24ea53040>
690,110,110,[96],4979.5,0.0,Inner58,4960,5000,4979.5,differentia=1+policy=TaperedDepthProportionalResolution+target=512,<function upgma at 0x7ff24ea53040>
691,111,111,[110],4979.0,-0.5,Inner57,4960,4999,4979.0,differentia=1+policy=TaperedDepthProportionalResolution+target=512,<function upgma at 0x7ff24ea53040>
692,112,112,[111],5000.0,21.0,316563,5000,5001,5000.0,differentia=1+policy=TaperedDepthProportionalResolution+target=512,<function upgma at 0x7ff24ea53040>
693,113,113,[111],4983.5,4.5,Inner1,4968,5000,4983.5,differentia=1+policy=TaperedDepthProportionalResolution+target=512,<function upgma at 0x7ff24ea53040>
694,114,114,[113],5000.0,16.5,316547,5000,5001,5000.0,differentia=1+policy=TaperedDepthProportionalResolution+target=512,<function upgma at 0x7ff24ea53040>
695,115,115,[113],5000.0,16.5,316570,5000,5001,5000.0,differentia=1+policy=TaperedDepthProportionalResolution+target=512,<function upgma at 0x7ff24ea53040>
696,116,116,[110],4984.0,4.5,Inner29,4968,5001,4984.0,differentia=1+policy=TaperedDepthProportionalResolution+target=512,<function upgma at 0x7ff24ea53040>
697,117,117,[116],5001.0,17.0,316629,5001,5002,5001.0,differentia=1+policy=TaperedDepthProportionalResolution+target=512,<function upgma at 0x7ff24ea53040>
698,118,118,[116],4984.0,0.0,Inner28,4968,5001,4984.0,differentia=1+policy=TaperedDepthProportionalResolution+target=512,<function upgma at 0x7ff24ea53040>
699,119,119,[118],5001.0,17.0,316624,5001,5002,5001.0,differentia=1+policy=TaperedDepthProportionalResolution+target=512,<function upgma at 0x7ff24ea53040>
700,120,120,[118],4984.0,0.0,Inner27,4968,5001,4984.0,differentia=1+policy=TaperedDepthProportionalResolution+target=512,<function upgma at 0x7ff24ea53040>
701,121,121,[120],5001.0,17.0,316597,5001,5002,5001.0,differentia=1+policy=TaperedDepthProportionalResolution+target=512,<function upgma at 0x7ff24ea53040>
702,122,122,[120],4984.0,0.0,Inner18,4968,5001,4984.0,differentia=1+policy=TaperedDepthProportionalResolution+target=512,<function upgma at 0x7ff24ea53040>
703,123,123,[122],5001.0,17.0,316632,5001,5002,5001.0,differentia=1+policy=TaperedDepthProportionalResolution+target=512,<function upgma at 0x7ff24ea53040>
704,124,124,[122],4984.0,0.0,Inner14,4968,5001,4984.0,differentia=1+policy=TaperedDepthProportionalResolution+target=512,<function upgma at 0x7ff24ea53040>
705,125,125,[124],5001.0,17.0,316625,5001,5002,5001.0,differentia=1+policy=TaperedDepthProportionalResolution+target=512,<function upgma at 0x7ff24ea53040>
706,126,126,[124],4984.0,0.0,Inner13,4968,5001,4984.0,differentia=1+policy=TaperedDepthProportionalResolution+target=512,<function upgma at 0x7ff24ea53040>
707,127,127,[126],5001.0,17.0,316641,5001,5002,5001.0,differentia=1+policy=TaperedDepthProportionalResolution+target=512,<function upgma at 0x7ff24ea53040>
708,128,128,[126],4984.0,0.0,Inner12,4968,5001,4984.0,differentia=1+policy=TaperedDepthProportionalResolution+target=512,<function upgma at 0x7ff24ea53040>
709,129,129,[128],5001.0,17.0,316605,5001,5002,5001.0,differentia=1+policy=TaperedDepthProportionalResolution+target=512,<function upgma at 0x7ff24ea53040>
710,130,130,[128],4984.0,0.0,Inner9,4968,5001,4984.0,differentia=1+policy=TaperedDepthProportionalResolution+target=512,<function upgma at 0x7ff24ea53040>
711,131,131,[130],5001.0,17.0,316598,5001,5002,5001.0,differentia=1+policy=TaperedDepthProportionalResolution+target=512,<function upgma at 0x7ff24ea53040>
712,132,132,[130],4984.0,0.0,Inner8,4968,5001,4984.0,differentia=1+policy=TaperedDepthProportionalResolution+target=512,<function upgma at 0x7ff24ea53040>
713,133,133,[132],5001.0,17.0,316647,5001,5002,5001.0,differentia=1+policy=TaperedDepthProportionalResolution+target=512,<function upgma at 0x7ff24ea53040>
714,134,134,[132],4984.0,0.0,Inner7,4968,5001,4984.0,differentia=1+policy=TaperedDepthProportionalResolution+target=512,<function upgma at 0x7ff24ea53040>
715,135,135,[134],5001.0,17.0,316621,5001,5002,5001.0,differentia=1+policy=TaperedDepthProportionalResolution+target=512,<function upgma at 0x7ff24ea53040>
716,136,136,[134],4984.0,0.0,Inner6,4968,5001,4984.0,differentia=1+policy=TaperedDepthProportionalResolution+target=512,<function upgma at 0x7ff24ea53040>
717,137,137,[136],5001.0,17.0,316619,5001,5002,5001.0,differentia=1+policy=TaperedDepthProportionalResolution+target=512,<function upgma at 0x7ff24ea53040>
718,138,138,[136],4984.0,0.0,Inner5,4968,5001,4984.0,differentia=1+policy=TaperedDepthProportionalResolution+target=512,<function upgma at 0x7ff24ea53040>
719,139,139,[138],5001.0,17.0,316610,5001,5002,5001.0,differentia=1+policy=TaperedDepthProportionalResolution+target=512,<function upgma at 0x7ff24ea53040>
720,140,140,[138],4984.0,0.0,Inner4,4968,5001,4984.0,differentia=1+policy=TaperedDepthProportionalResolution+target=512,<function upgma at 0x7ff24ea53040>
721,141,141,[140],5001.0,17.0,316603,5001,5002,5001.0,differentia=1+policy=TaperedDepthProportionalResolution+target=512,<function upgma at 0x7ff24ea53040>
722,142,142,[140],4984.0,0.0,Inner3,4968,5001,4984.0,differentia=1+policy=TaperedDepthProportionalResolution+target=512,<function upgma at 0x7ff24ea53040>
723,143,143,[142],5001.0,17.0,316640,5001,5002,5001.0,differentia=1+policy=TaperedDepthProportionalResolution+target=512,<function upgma at 0x7ff24ea53040>
724,144,144,[142],5001.0,17.0,316654,5001,5002,5001.0,differentia=1+policy=TaperedDepthProportionalResolution+target=512,<function upgma at 0x7ff24ea53040>
725,0,0,[None],4831.5,4831.5,Inner72,4672,4992,4831.5,differentia=1+policy=TaperedDepthProportionalResolution+target=64,<function upgma at 0x7ff24ea53040>
726,1,1,[0],4867.5,36.0,Inner70,4736,5000,4867.5,differentia=1+policy=TaperedDepthProportionalResolution+target=64,<function upgma at 0x7ff24ea53040>
727,2,2,[1],4867.0,-0.5,Inner69,4736,4999,4867.0,differentia=1+policy=TaperedDepthProportionalResolution+target=64,<function upgma at 0x7ff24ea53040>
728,3,3,[2],4899.5,32.5,Inner2,4800,5000,4899.5,differentia=1+policy=TaperedDepthProportionalResolution+target=64,<function upgma at 0x7ff24ea53040>
729,4,4,[3],5000.0,100.5,316551,5000,5001,5000.0,differentia=1+policy=TaperedDepthProportionalResolution+target=64,<function upgma at 0x7ff24ea53040>
730,5,5,[3],5000.0,100.5,316581,5000,5001,5000.0,differentia=1+policy=TaperedDepthProportionalResolution+target=64,<function upgma at 0x7ff24ea53040>
731,6,6,[2],4867.5,0.5,Inner67,4736,5000,4867.5,differentia=1+policy=TaperedDepthProportionalResolution+target=64,<function upgma at 0x7ff24ea53040>
732,7,7,[6],4899.5,32.0,Inner1,4800,5000,4899.5,differentia=1+policy=TaperedDepthProportionalResolution+target=64,<function upgma at 0x7ff24ea53040>
733,8,8,[7],5000.0,100.5,316563,5000,5001,5000.0,differentia=1+policy=TaperedDepthProportionalResolution+target=64,<function upgma at 0x7ff24ea53040>
734,9,9,[7],5000.0,100.5,316573,5000,5001,5000.0,differentia=1+policy=TaperedDepthProportionalResolution+target=64,<function upgma at 0x7ff24ea53040>
735,10,10,[6],4900.0,32.5,Inner61,4800,5001,4900.0,differentia=1+policy=TaperedDepthProportionalResolution+target=64,<function upgma at 0x7ff24ea53040>
736,11,11,[10],5001.0,101.0,316620,5001,5002,5001.0,differentia=1+policy=TaperedDepthProportionalResolution+target=64,<function upgma at 0x7ff24ea53040>
737,12,12,[10],4900.0,0.0,Inner60,4800,5001,4900.0,differentia=1+policy=TaperedDepthProportionalResolution+target=64,<function upgma at 0x7ff24ea53040>
738,13,13,[12],5001.0,101.0,316609,5001,5002,5001.0,differentia=1+policy=TaperedDepthProportionalResolution+target=64,<function upgma at 0x7ff24ea53040>
739,14,14,[12],4900.0,0.0,Inner57,4800,5001,4900.0,differentia=1+policy=TaperedDepthProportionalResolution+target=64,<function upgma at 0x7ff24ea53040>
740,15,15,[14],5001.0,101.0,316628,5001,5002,5001.0,differentia=1+policy=TaperedDepthProportionalResolution+target=64,<function upgma at 0x7ff24ea53040>
741,16,16,[14],4900.0,0.0,Inner45,4800,5001,4900.0,differentia=1+policy=TaperedDepthProportionalResolution+target=64,<function upgma at 0x7ff24ea53040>
742,17,17,[16],5001.0,101.0,316595,5001,5002,5001.0,differentia=1+policy=TaperedDepthProportionalResolution+target=64,<function upgma at 0x7ff24ea53040>
743,18,18,[16],4900.0,0.0,Inner42,4800,5001,4900.0,differentia=1+policy=TaperedDepthProportionalResolution+target=64,<function upgma at 0x7ff24ea53040>
744,19,19,[18],5001.0,101.0,316617,5001,5002,5001.0,differentia=1+policy=TaperedDepthProportionalResolution+target=64,<function upgma at 0x7ff24ea53040>
745,20,20,[18],4900.0,0.0,Inner41,4800,5001,4900.0,differentia=1+policy=TaperedDepthProportionalResolution+target=64,<function upgma at 0x7ff24ea53040>
746,21,21,[20],5001.0,101.0,316648,5001,5002,5001.0,differentia=1+policy=TaperedDepthProportionalResolution+target=64,<function upgma at 0x7ff24ea53040>
747,22,22,[20],4900.0,0.0,Inner40,4800,5001,4900.0,differentia=1+policy=TaperedDepthProportionalResolution+target=64,<function upgma at 0x7ff24ea53040>
748,23,23,[22],5001.0,101.0,316589,5001,5002,5001.0,differentia=1+policy=TaperedDepthProportionalResolution+target=64,<function upgma at 0x7ff24ea53040>
749,24,24,[22],4900.0,0.0,Inner38,4800,5001,4900.0,differentia=1+policy=TaperedDepthProportionalResolution+target=64,<function upgma at 0x7ff24ea53040>
750,25,25,[24],5001.0,101.0,316591,5001,5002,5001.0,differentia=1+policy=TaperedDepthProportionalResolution+target=64,<function upgma at 0x7ff24ea53040>
751,26,26,[24],4900.0,0.0,Inner36,4800,5001,4900.0,differentia=1+policy=TaperedDepthProportionalResolution+target=64,<function upgma at 0x7ff24ea53040>
752,27,27,[26],5001.0,101.0,316600,5001,5002,5001.0,differentia=1+policy=TaperedDepthProportionalResolution+target=64,<function upgma at 0x7ff24ea53040>
753,28,28,[26],4900.0,0.0,Inner29,4800,5001,4900.0,differentia=1+policy=TaperedDepthProportionalResolution+target=64,<function upgma at 0x7ff24ea53040>
754,29,29,[28],5001.0,101.0,316635,5001,5002,5001.0,differentia=1+policy=TaperedDepthProportionalResolution+target=64,<function upgma at 0x7ff24ea53040>
755,30,30,[28],4900.0,0.0,Inner19,4800,5001,4900.0,differentia=1+policy=TaperedDepthProportionalResolution+target=64,<function upgma at 0x7ff24ea53040>
756,31,31,[30],5001.0,101.0,316625,5001,5002,5001.0,differentia=1+policy=TaperedDepthProportionalResolution+target=64,<function upgma at 0x7ff24ea53040>
757,32,32,[30],5001.0,101.0,316649,5001,5002,5001.0,differentia=1+policy=TaperedDepthProportionalResolution+target=64,<function upgma at 0x7ff24ea53040>
758,33,33,[1],4900.0,32.5,Inner64,4800,5001,4900.0,differentia=1+policy=TaperedDepthProportionalResolution+target=64,<function upgma at 0x7ff24ea53040>
759,34,34,[33],5001.0,101.0,316622,5001,5002,5001.0,differentia=1+policy=TaperedDepthProportionalResolution+target=64,<function upgma at 0x7ff24ea53040>
760,35,35,[33],4900.0,0.0,Inner63,4800,5001,4900.0,differentia=1+policy=TaperedDepthProportionalResolution+target=64,<function upgma at 0x7ff24ea53040>
761,36,36,[35],5001.0,101.0,316618,5001,5002,5001.0,differentia=1+policy=TaperedDepthProportionalResolution+target=64,<function upgma at 0x7ff24ea53040>
762,37,37,[35],4900.0,0.0,Inner62,4800,5001,4900.0,differentia=1+policy=TaperedDepthProportionalResolution+target=64,<function upgma at 0x7ff24ea53040>
763,38,38,[37],5001.0,101.0,316590,5001,5002,5001.0,differentia=1+policy=TaperedDepthProportionalResolution+target=64,<function upgma at 0x7ff24ea53040>
764,39,39,[37],4900.0,0.0,Inner59,4800,5001,4900.0,differentia=1+policy=TaperedDepthProportionalResolution+target=64,<function upgma at 0x7ff24ea53040>
765,40,40,[39],5001.0,101.0,316616,5001,5002,5001.0,differentia=1+policy=TaperedDepthProportionalResolution+target=64,<function upgma at 0x7ff24ea53040>
766,41,41,[39],4900.0,0.0,Inner58,4800,5001,4900.0,differentia=1+policy=TaperedDepthProportionalResolution+target=64,<function upgma at 0x7ff24ea53040>
767,42,42,[41],5001.0,101.0,316592,5001,5002,5001.0,differentia=1+policy=TaperedDepthProportionalResolution+target=64,<function upgma at 0x7ff24ea53040>
768,43,43,[41],4900.0,0.0,Inner56,4800,5001,4900.0,differentia=1+policy=TaperedDepthProportionalResolution+target=64,<function upgma at 0x7ff24ea53040>
769,44,44,[43],5001.0,101.0,316630,5001,5002,5001.0,differentia=1+policy=TaperedDepthProportionalResolution+target=64,<function upgma at 0x7ff24ea53040>
770,45,45,[43],4900.0,0.0,Inner55,4800,5001,4900.0,differentia=1+policy=TaperedDepthProportionalResolution+target=64,<function upgma at 0x7ff24ea53040>
771,46,46,[45],5001.0,101.0,316645,5001,5002,5001.0,differentia=1+policy=TaperedDepthProportionalResolution+target=64,<function upgma at 0x7ff24ea53040>
772,47,47,[45],4900.0,0.0,Inner54,4800,5001,4900.0,differentia=1+policy=TaperedDepthProportionalResolution+target=64,<function upgma at 0x7ff24ea53040>
773,48,48,[47],5001.0,101.0,316650,5001,5002,5001.0,differentia=1+policy=TaperedDepthProportionalResolution+target=64,<function upgma at 0x7ff24ea53040>
774,49,49,[47],4900.0,0.0,Inner46,4800,5001,4900.0,differentia=1+policy=TaperedDepthProportionalResolution+target=64,<function upgma at 0x7ff24ea53040>
775,50,50,[49],5001.0,101.0,316636,5001,5002,5001.0,differentia=1+policy=TaperedDepthProportionalResolution+target=64,<function upgma at 0x7ff24ea53040>
776,51,51,[49],4900.0,0.0,Inner44,4800,5001,4900.0,differentia=1+policy=TaperedDepthProportionalResolution+target=64,<function upgma at 0x7ff24ea53040>
777,52,52,[51],4900.0,0.0,Inner39,4800,5001,4900.0,differentia=1+policy=TaperedDepthProportionalResolution+target=64,<function upgma at 0x7ff24ea53040>
778,53,53,[52],5001.0,101.0,316611,5001,5002,5001.0,differentia=1+policy=TaperedDepthProportionalResolution+target=64,<function upgma at 0x7ff24ea53040>
779,54,54,[52],4900.0,0.0,Inner37,4800,5001,4900.0,differentia=1+policy=TaperedDepthProportionalResolution+target=64,<function upgma at 0x7ff24ea53040>
780,55,55,[54],5001.0,101.0,316594,5001,5002,5001.0,differentia=1+policy=TaperedDepthProportionalResolution+target=64,<function upgma at 0x7ff24ea53040>
781,56,56,[54],5001.0,101.0,316637,5001,5002,5001.0,differentia=1+policy=TaperedDepthProportionalResolution+target=64,<function upgma at 0x7ff24ea53040>
782,57,57,[51],5001.0,101.0,316653,5001,5002,5001.0,differentia=1+policy=TaperedDepthProportionalResolution+target=64,<function upgma at 0x7ff24ea53040>
783,58,58,[0],4867.0,35.5,Inner71,4736,4999,4867.0,differentia=1+policy=TaperedDepthProportionalResolution+target=64,<function upgma at 0x7ff24ea53040>
784,59,59,[58],4900.0,33.0,Inner48,4800,5001,4900.0,differentia=1+policy=TaperedDepthProportionalResolution+target=64,<function upgma at 0x7ff24ea53040>
785,60,60,[59],5001.0,101.0,316612,5001,5002,5001.0,differentia=1+policy=TaperedDepthProportionalResolution+target=64,<function upgma at 0x7ff24ea53040>
786,61,61,[59],4900.0,0.0,Inner43,4800,5001,4900.0,differentia=1+policy=TaperedDepthProportionalResolution+target=64,<function upgma at 0x7ff24ea53040>
787,62,62,[61],5001.0,101.0,316593,5001,5002,5001.0,differentia=1+policy=TaperedDepthProportionalResolution+target=64,<function upgma at 0x7ff24ea53040>
788,63,63,[61],4900.0,0.0,Inner35,4800,5001,4900.0,differentia=1+policy=TaperedDepthProportionalResolution+target=64,<function upgma at 0x7ff24ea53040>
789,64,64,[63],5001.0,101.0,316644,5001,5002,5001.0,differentia=1+policy=TaperedDepthProportionalResolution+target=64,<function upgma at 0x7ff24ea53040>
790,65,65,[63],4900.0,0.0,Inner34,4800,5001,4900.0,differentia=1+policy=TaperedDepthProportionalResolution+target=64,<function upgma at 0x7ff24ea53040>
791,66,66,[65],5001.0,101.0,316623,5001,5002,5001.0,differentia=1+policy=TaperedDepthProportionalResolution+target=64,<function upgma at 0x7ff24ea53040>
792,67,67,[65],4900.0,0.0,Inner33,4800,5001,4900.0,differentia=1+policy=TaperedDepthProportionalResolution+target=64,<function upgma at 0x7ff24ea53040>
793,68,68,[67],5001.0,101.0,316631,5001,5002,5001.0,differentia=1+policy=TaperedDepthProportionalResolution+target=64,<function upgma at 0x7ff24ea53040>
794,69,69,[67],4900.0,0.0,Inner32,4800,5001,4900.0,differentia=1+policy=TaperedDepthProportionalResolution+target=64,<function upgma at 0x7ff24ea53040>
795,70,70,[69],5001.0,101.0,316629,5001,5002,5001.0,differentia=1+policy=TaperedDepthProportionalResolution+target=64,<function upgma at 0x7ff24ea53040>
796,71,71,[69],4900.0,0.0,Inner28,4800,5001,4900.0,differentia=1+policy=TaperedDepthProportionalResolution+target=64,<function upgma at 0x7ff24ea53040>
797,72,72,[71],5001.0,101.0,316624,5001,5002,5001.0,differentia=1+policy=TaperedDepthProportionalResolution+target=64,<function upgma at 0x7ff24ea53040>
798,73,73,[71],4900.0,0.0,Inner25,4800,5001,4900.0,differentia=1+policy=TaperedDepthProportionalResolution+target=64,<function upgma at 0x7ff24ea53040>
799,74,74,[73],5001.0,101.0,316599,5001,5002,5001.0,differentia=1+policy=TaperedDepthProportionalResolution+target=64,<function upgma at 0x7ff24ea53040>
800,75,75,[73],4900.0,0.0,Inner23,4800,5001,4900.0,differentia=1+policy=TaperedDepthProportionalResolution+target=64,<function upgma at 0x7ff24ea53040>
801,76,76,[75],5001.0,101.0,316608,5001,5002,5001.0,differentia=1+policy=TaperedDepthProportionalResolution+target=64,<function upgma at 0x7ff24ea53040>
802,77,77,[75],4900.0,0.0,Inner21,4800,5001,4900.0,differentia=1+policy=TaperedDepthProportionalResolution+target=64,<function upgma at 0x7ff24ea53040>
803,78,78,[77],5001.0,101.0,316646,5001,5002,5001.0,differentia=1+policy=TaperedDepthProportionalResolution+target=64,<function upgma at 0x7ff24ea53040>
804,79,79,[77],4900.0,0.0,Inner20,4800,5001,4900.0,differentia=1+policy=TaperedDepthProportionalResolution+target=64,<function upgma at 0x7ff24ea53040>
805,80,80,[79],5001.0,101.0,316626,5001,5002,5001.0,differentia=1+policy=TaperedDepthProportionalResolution+target=64,<function upgma at 0x7ff24ea53040>
806,81,81,[79],4900.0,0.0,Inner18,4800,5001,4900.0,differentia=1+policy=TaperedDepthProportionalResolution+target=64,<function upgma at 0x7ff24ea53040>
807,82,82,[81],5001.0,101.0,316633,5001,5002,5001.0,differentia=1+policy=TaperedDepthProportionalResolution+target=64,<function upgma at 0x7ff24ea53040>
808,83,83,[81],4900.0,0.0,Inner15,4800,5001,4900.0,differentia=1+policy=TaperedDepthProportionalResolution+target=64,<function upgma at 0x7ff24ea53040>
809,84,84,[83],5001.0,101.0,316607,5001,5002,5001.0,differentia=1+policy=TaperedDepthProportionalResolution+target=64,<function upgma at 0x7ff24ea53040>
810,85,85,[83],4900.0,0.0,Inner14,4800,5001,4900.0,differentia=1+policy=TaperedDepthProportionalResolution+target=64,<function upgma at 0x7ff24ea53040>
811,86,86,[85],5001.0,101.0,316641,5001,5002,5001.0,differentia=1+policy=TaperedDepthProportionalResolution+target=64,<function upgma at 0x7ff24ea53040>
812,87,87,[85],4900.0,0.0,Inner13,4800,5001,4900.0,differentia=1+policy=TaperedDepthProportionalResolution+target=64,<function upgma at 0x7ff24ea53040>
813,88,88,[87],5001.0,101.0,316605,5001,5002,5001.0,differentia=1+policy=TaperedDepthProportionalResolution+target=64,<function upgma at 0x7ff24ea53040>
814,89,89,[87],4900.0,0.0,Inner12,4800,5001,4900.0,differentia=1+policy=TaperedDepthProportionalResolution+target=64,<function upgma at 0x7ff24ea53040>
815,90,90,[89],5001.0,101.0,316598,5001,5002,5001.0,differentia=1+policy=TaperedDepthProportionalResolution+target=64,<function upgma at 0x7ff24ea53040>
816,91,91,[89],4900.0,0.0,Inner11,4800,5001,4900.0,differentia=1+policy=TaperedDepthProportionalResolution+target=64,<function upgma at 0x7ff24ea53040>
817,92,92,[91],5001.0,101.0,316639,5001,5002,5001.0,differentia=1+policy=TaperedDepthProportionalResolution+target=64,<function upgma at 0x7ff24ea53040>
818,93,93,[91],4900.0,0.0,Inner10,4800,5001,4900.0,differentia=1+policy=TaperedDepthProportionalResolution+target=64,<function upgma at 0x7ff24ea53040>
819,94,94,[93],5001.0,101.0,316638,5001,5002,5001.0,differentia=1+policy=TaperedDepthProportionalResolution+target=64,<function upgma at 0x7ff24ea53040>
820,95,95,[93],4900.0,0.0,Inner8,4800,5001,4900.0,differentia=1+policy=TaperedDepthProportionalResolution+target=64,<function upgma at 0x7ff24ea53040>
821,96,96,[95],4900.0,0.0,Inner6,4800,5001,4900.0,differentia=1+policy=TaperedDepthProportionalResolution+target=64,<function upgma at 0x7ff24ea53040>
822,97,97,[96],5001.0,101.0,316619,5001,5002,5001.0,differentia=1+policy=TaperedDepthProportionalResolution+target=64,<function upgma at 0x7ff24ea53040>
823,98,98,[96],4900.0,0.0,Inner3,4800,5001,4900.0,differentia=1+policy=TaperedDepthProportionalResolution+target=64,<function upgma at 0x7ff24ea53040>
824,99,99,[98],5001.0,101.0,316603,5001,5002,5001.0,differentia=1+policy=TaperedDepthProportionalResolution+target=64,<function upgma at 0x7ff24ea53040>
825,100,100,[98],5001.0,101.0,316643,5001,5002,5001.0,differentia=1+policy=TaperedDepthProportionalResolution+target=64,<function upgma at 0x7ff24ea53040>
826,101,101,[95],5001.0,101.0,316647,5001,5002,5001.0,differentia=1+policy=TaperedDepthProportionalResolution+target=64,<function upgma at 0x7ff24ea53040>
827,102,102,[58],4867.0,0.0,Inner68,4736,4999,4867.0,differentia=1+policy=TaperedDepthProportionalResolution+target=64,<function upgma at 0x7ff24ea53040>
828,103,103,[102],4867.0,0.0,Inner66,4736,4999,4867.0,differentia=1+policy=TaperedDepthProportionalResolution+target=64,<function upgma at 0x7ff24ea53040>
829,104,104,[103],5000.0,133.0,316547,5000,5001,5000.0,differentia=1+policy=TaperedDepthProportionalResolution+target=64,<function upgma at 0x7ff24ea53040>
830,105,105,[103],4867.0,0.0,Inner65,4736,4999,4867.0,differentia=1+policy=TaperedDepthProportionalResolution+target=64,<function upgma at 0x7ff24ea53040>
831,106,106,[105],4999.0,132.0,316532,4999,5000,4999.0,differentia=1+policy=TaperedDepthProportionalResolution+target=64,<function upgma at 0x7ff24ea53040>
832,107,107,[105],5000.0,133.0,316570,5000,5001,5000.0,differentia=1+policy=TaperedDepthProportionalResolution+target=64,<function upgma at 0x7ff24ea53040>
833,108,108,[102],4900.0,33.0,Inner53,4800,5001,4900.0,differentia=1+policy=TaperedDepthProportionalResolution+target=64,<function upgma at 0x7ff24ea53040>
834,109,109,[108],5001.0,101.0,316634,5001,5002,5001.0,differentia=1+policy=TaperedDepthProportionalResolution+target=64,<function upgma at 0x7ff24ea53040>
835,110,110,[108],4900.0,0.0,Inner52,4800,5001,4900.0,differentia=1+policy=TaperedDepthProportionalResolution+target=64,<function upgma at 0x7ff24ea53040>
836,111,111,[110],5001.0,101.0,316606,5001,5002,5001.0,differentia=1+policy=TaperedDepthProportionalResolution+target=64,<function upgma at 0x7ff24ea53040>
837,112,112,[110],4900.0,0.0,Inner51,4800,5001,4900.0,differentia=1+policy=TaperedDepthProportionalResolution+target=64,<function upgma at 0x7ff24ea53040>
838,113,113,[112],5001.0,101.0,316602,5001,5002,5001.0,differentia=1+policy=TaperedDepthProportionalResolution+target=64,<function upgma at 0x7ff24ea53040>
839,114,114,[112],4900.0,0.0,Inner50,4800,5001,4900.0,differentia=1+policy=TaperedDepthProportionalResolution+target=64,<function upgma at 0x7ff24ea53040>
840,115,115,[114],5001.0,101.0,316596,5001,5002,5001.0,differentia=1+policy=TaperedDepthProportionalResolution+target=64,<function upgma at 0x7ff24ea53040>
841,116,116,[114],4900.0,0.0,Inner49,4800,5001,4900.0,differentia=1+policy=TaperedDepthProportionalResolution+target=64,<function upgma at 0x7ff24ea53040>
842,117,117,[116],5001.0,101.0,316627,5001,5002,5001.0,differentia=1+policy=TaperedDepthProportionalResolution+target=64,<function upgma at 0x7ff24ea53040>
843,118,118,[116],4900.0,0.0,Inner47,4800,5001,4900.0,differentia=1+policy=TaperedDepthProportionalResolution+target=64,<function upgma at 0x7ff24ea53040>
844,119,119,[118],5001.0,101.0,316614,5001,5002,5001.0,differentia=1+policy=TaperedDepthProportionalResolution+target=64,<function upgma at 0x7ff24ea53040>
845,120,120,[118],4900.0,0.0,Inner31,4800,5001,4900.0,differentia=1+policy=TaperedDepthProportionalResolution+target=64,<function upgma at 0x7ff24ea53040>
846,121,121,[120],5001.0,101.0,316613,5001,5002,5001.0,differentia=1+policy=TaperedDepthProportionalResolution+target=64,<function upgma at 0x7ff24ea53040>
847,122,122,[120],4900.0,0.0,Inner30,4800,5001,4900.0,differentia=1+policy=TaperedDepthProportionalResolution+target=64,<function upgma at 0x7ff24ea53040>
848,123,123,[122],5001.0,101.0,316597,5001,5002,5001.0,differentia=1+policy=TaperedDepthProportionalResolution+target=64,<function upgma at 0x7ff24ea53040>
849,124,124,[122],4900.0,0.0,Inner27,4800,5001,4900.0,differentia=1+policy=TaperedDepthProportionalResolution+target=64,<function upgma at 0x7ff24ea53040>
850,125,125,[124],5001.0,101.0,316632,5001,5002,5001.0,differentia=1+policy=TaperedDepthProportionalResolution+target=64,<function upgma at 0x7ff24ea53040>
851,126,126,[124],4900.0,0.0,Inner26,4800,5001,4900.0,differentia=1+policy=TaperedDepthProportionalResolution+target=64,<function upgma at 0x7ff24ea53040>
852,127,127,[126],5001.0,101.0,316604,5001,5002,5001.0,differentia=1+policy=TaperedDepthProportionalResolution+target=64,<function upgma at 0x7ff24ea53040>
853,128,128,[126],4900.0,0.0,Inner24,4800,5001,4900.0,differentia=1+policy=TaperedDepthProportionalResolution+target=64,<function upgma at 0x7ff24ea53040>
854,129,129,[128],5001.0,101.0,316652,5001,5002,5001.0,differentia=1+policy=TaperedDepthProportionalResolution+target=64,<function upgma at 0x7ff24ea53040>
855,130,130,[128],4900.0,0.0,Inner22,4800,5001,4900.0,differentia=1+policy=TaperedDepthProportionalResolution+target=64,<function upgma at 0x7ff24ea53040>
856,131,131,[130],5001.0,101.0,316601,5001,5002,5001.0,differentia=1+policy=TaperedDepthProportionalResolution+target=64,<function upgma at 0x7ff24ea53040>
857,132,132,[130],4900.0,0.0,Inner17,4800,5001,4900.0,differentia=1+policy=TaperedDepthProportionalResolution+target=64,<function upgma at 0x7ff24ea53040>
858,133,133,[132],5001.0,101.0,316615,5001,5002,5001.0,differentia=1+policy=TaperedDepthProportionalResolution+target=64,<function upgma at 0x7ff24ea53040>
859,134,134,[132],4900.0,0.0,Inner16,4800,5001,4900.0,differentia=1+policy=TaperedDepthProportionalResolution+target=64,<function upgma at 0x7ff24ea53040>
860,135,135,[134],5001.0,101.0,316642,5001,5002,5001.0,differentia=1+policy=TaperedDepthProportionalResolution+target=64,<function upgma at 0x7ff24ea53040>
861,136,136,[134],4900.0,0.0,Inner9,4800,5001,4900.0,differentia=1+policy=TaperedDepthProportionalResolution+target=64,<function upgma at 0x7ff24ea53040>
862,137,137,[136],5001.0,101.0,316651,5001,5002,5001.0,differentia=1+policy=TaperedDepthProportionalResolution+target=64,<function upgma at 0x7ff24ea53040>
863,138,138,[136],4900.0,0.0,Inner7,4800,5001,4900.0,differentia=1+policy=TaperedDepthProportionalResolution+target=64,<function upgma at 0x7ff24ea53040>
864,139,139,[138],5001.0,101.0,316621,5001,5002,5001.0,differentia=1+policy=TaperedDepthProportionalResolution+target=64,<function upgma at 0x7ff24ea53040>
865,140,140,[138],4900.0,0.0,Inner5,4800,5001,4900.0,differentia=1+policy=TaperedDepthProportionalResolution+target=64,<function upgma at 0x7ff24ea53040>
866,141,141,[140],5001.0,101.0,316610,5001,5002,5001.0,differentia=1+policy=TaperedDepthProportionalResolution+target=64,<function upgma at 0x7ff24ea53040>
867,142,142,[140],4900.0,0.0,Inner4,4800,5001,4900.0,differentia=1+policy=TaperedDepthProportionalResolution+target=64,<function upgma at 0x7ff24ea53040>
868,143,143,[142],5001.0,101.0,316640,5001,5002,5001.0,differentia=1+policy=TaperedDepthProportionalResolution+target=64,<function upgma at 0x7ff24ea53040>
869,144,144,[142],5001.0,101.0,316654,5001,5002,5001.0,differentia=1+policy=TaperedDepthProportionalResolution+target=64,<function upgma at 0x7ff24ea53040>
870,0,0,[None],4947.5,4947.5,Inner72,4944,4952,4947.5,differentia=64+policy=RecencyProportionalResolution+target=4096,<function upgma at 0x7ff24ea53040>
871,1,1,[0],4969.5,22.0,Inner71,4968,4972,4969.5,differentia=64+policy=RecencyProportionalResolution+target=4096,<function upgma at 0x7ff24ea53040>
872,2,2,[1],4992.0,22.5,Inner60,4992,4993,4992.0,differentia=64+policy=RecencyProportionalResolution+target=4096,<function upgma at 0x7ff24ea53040>
873,3,3,[2],4993.0,1.0,Inner54,4993,4994,4993.0,differentia=64+policy=RecencyProportionalResolution+target=4096,<function upgma at 0x7ff24ea53040>
874,4,4,[3],4999.0,6.0,Inner9,4999,5000,4999.0,differentia=64+policy=RecencyProportionalResolution+target=4096,<function upgma at 0x7ff24ea53040>
875,5,5,[4],4999.0,0.0,Inner8,4999,5000,4999.0,differentia=64+policy=RecencyProportionalResolution+target=4096,<function upgma at 0x7ff24ea53040>
876,6,6,[5],5001.0,2.0,316590,5001,5002,5001.0,differentia=64+policy=RecencyProportionalResolution+target=4096,<function upgma at 0x7ff24ea53040>
877,7,7,[5],5001.0,2.0,316618,5001,5002,5001.0,differentia=64+policy=RecencyProportionalResolution+target=4096,<function upgma at 0x7ff24ea53040>
878,8,8,[4],5001.0,2.0,316622,5001,5002,5001.0,differentia=64+policy=RecencyProportionalResolution+target=4096,<function upgma at 0x7ff24ea53040>
879,9,9,[3],4993.0,0.0,Inner53,4993,4994,4993.0,differentia=64+policy=RecencyProportionalResolution+target=4096,<function upgma at 0x7ff24ea53040>
880,10,10,[9],5000.0,7.0,316551,5000,5001,5000.0,differentia=64+policy=RecencyProportionalResolution+target=4096,<function upgma at 0x7ff24ea53040>
881,11,11,[9],4997.0,4.0,Inner40,4997,4998,4997.0,differentia=64+policy=RecencyProportionalResolution+target=4096,<function upgma at 0x7ff24ea53040>
882,12,12,[11],4998.0,1.0,Inner28,4998,4999,4998.0,differentia=64+policy=RecencyProportionalResolution+target=4096,<function upgma at 0x7ff24ea53040>
883,13,13,[12],4998.0,0.0,Inner27,4998,4999,4998.0,differentia=64+policy=RecencyProportionalResolution+target=4096,<function upgma at 0x7ff24ea53040>
884,14,14,[13],5001.0,3.0,316609,5001,5002,5001.0,differentia=64+policy=RecencyProportionalResolution+target=4096,<function upgma at 0x7ff24ea53040>
885,15,15,[13],5001.0,3.0,316616,5001,5002,5001.0,differentia=64+policy=RecencyProportionalResolution+target=4096,<function upgma at 0x7ff24ea53040>
886,16,16,[12],5001.0,3.0,316620,5001,5002,5001.0,differentia=64+policy=RecencyProportionalResolution+target=4096,<function upgma at 0x7ff24ea53040>
887,17,17,[11],4998.0,1.0,Inner26,4998,4999,4998.0,differentia=64+policy=RecencyProportionalResolution+target=4096,<function upgma at 0x7ff24ea53040>
888,18,18,[17],5001.0,3.0,316592,5001,5002,5001.0,differentia=64+policy=RecencyProportionalResolution+target=4096,<function upgma at 0x7ff24ea53040>
889,19,19,[17],5001.0,3.0,316628,5001,5002,5001.0,differentia=64+policy=RecencyProportionalResolution+target=4096,<function upgma at 0x7ff24ea53040>
890,20,20,[2],4996.0,4.0,Inner41,4996,4997,4996.0,differentia=64+policy=RecencyProportionalResolution+target=4096,<function upgma at 0x7ff24ea53040>
891,21,21,[20],4998.0,2.0,Inner11,4998,4999,4998.0,differentia=64+policy=RecencyProportionalResolution+target=4096,<function upgma at 0x7ff24ea53040>
892,22,22,[21],5000.0,2.0,316581,5000,5001,5000.0,differentia=64+policy=RecencyProportionalResolution+target=4096,<function upgma at 0x7ff24ea53040>
893,23,23,[21],4999.0,1.0,Inner7,4999,5000,4999.0,differentia=64+policy=RecencyProportionalResolution+target=4096,<function upgma at 0x7ff24ea53040>
894,24,24,[23],5001.0,2.0,316595,5001,5002,5001.0,differentia=64+policy=RecencyProportionalResolution+target=4096,<function upgma at 0x7ff24ea53040>
895,25,25,[23],5001.0,2.0,316630,5001,5002,5001.0,differentia=64+policy=RecencyProportionalResolution+target=4096,<function upgma at 0x7ff24ea53040>
896,26,26,[20],4997.0,1.0,Inner39,4997,4998,4997.0,differentia=64+policy=RecencyProportionalResolution+target=4096,<function upgma at 0x7ff24ea53040>
897,27,27,[26],5001.0,4.0,316645,5001,5002,5001.0,differentia=64+policy=RecencyProportionalResolution+target=4096,<function upgma at 0x7ff24ea53040>
898,28,28,[26],4997.0,0.0,Inner38,4997,4998,4997.0,differentia=64+policy=RecencyProportionalResolution+target=4096,<function upgma at 0x7ff24ea53040>
899,29,29,[28],5001.0,4.0,316636,5001,5002,5001.0,differentia=64+policy=RecencyProportionalResolution+target=4096,<function upgma at 0x7ff24ea53040>
900,30,30,[28],5001.0,4.0,316650,5001,5002,5001.0,differentia=64+policy=RecencyProportionalResolution+target=4096,<function upgma at 0x7ff24ea53040>
901,31,31,[1],4991.0,21.5,Inner63,4991,4992,4991.0,differentia=64+policy=RecencyProportionalResolution+target=4096,<function upgma at 0x7ff24ea53040>
902,32,32,[31],5001.0,10.0,316644,5001,5002,5001.0,differentia=64+policy=RecencyProportionalResolution+target=4096,<function upgma at 0x7ff24ea53040>
903,33,33,[31],4991.0,0.0,Inner62,4991,4992,4991.0,differentia=64+policy=RecencyProportionalResolution+target=4096,<function upgma at 0x7ff24ea53040>
904,34,34,[33],4992.0,1.0,Inner59,4992,4993,4992.0,differentia=64+policy=RecencyProportionalResolution+target=4096,<function upgma at 0x7ff24ea53040>
905,35,35,[34],5001.0,9.0,316612,5001,5002,5001.0,differentia=64+policy=RecencyProportionalResolution+target=4096,<function upgma at 0x7ff24ea53040>
906,36,36,[34],4992.0,0.0,Inner58,4992,4993,4992.0,differentia=64+policy=RecencyProportionalResolution+target=4096,<function upgma at 0x7ff24ea53040>
907,37,37,[36],4997.0,5.0,Inner37,4997,4998,4997.0,differentia=64+policy=RecencyProportionalResolution+target=4096,<function upgma at 0x7ff24ea53040>
908,38,38,[37],5001.0,4.0,316613,5001,5002,5001.0,differentia=64+policy=RecencyProportionalResolution+target=4096,<function upgma at 0x7ff24ea53040>
909,39,39,[37],4999.0,2.0,Inner6,4999,5000,4999.0,differentia=64+policy=RecencyProportionalResolution+target=4096,<function upgma at 0x7ff24ea53040>
910,40,40,[39],4999.0,0.0,Inner5,4999,5000,4999.0,differentia=64+policy=RecencyProportionalResolution+target=4096,<function upgma at 0x7ff24ea53040>
911,41,41,[40],5001.0,2.0,316593,5001,5002,5001.0,differentia=64+policy=RecencyProportionalResolution+target=4096,<function upgma at 0x7ff24ea53040>
912,42,42,[40],5001.0,2.0,316614,5001,5002,5001.0,differentia=64+policy=RecencyProportionalResolution+target=4096,<function upgma at 0x7ff24ea53040>
913,43,43,[39],5001.0,2.0,316627,5001,5002,5001.0,differentia=64+policy=RecencyProportionalResolution+target=4096,<function upgma at 0x7ff24ea53040>
914,44,44,[36],4994.0,2.0,Inner47,4994,4995,4994.0,differentia=64+policy=RecencyProportionalResolution+target=4096,<function upgma at 0x7ff24ea53040>
915,45,45,[44],4999.0,5.0,316532,4999,5000,4999.0,differentia=64+policy=RecencyProportionalResolution+target=4096,<function upgma at 0x7ff24ea53040>
916,46,46,[44],4998.0,4.0,Inner25,4998,4999,4998.0,differentia=64+policy=RecencyProportionalResolution+target=4096,<function upgma at 0x7ff24ea53040>
917,47,47,[46],4998.0,0.0,Inner24,4998,4999,4998.0,differentia=64+policy=RecencyProportionalResolution+target=4096,<function upgma at 0x7ff24ea53040>
918,48,48,[47],4998.0,0.0,Inner23,4998,4999,4998.0,differentia=64+policy=RecencyProportionalResolution+target=4096,<function upgma at 0x7ff24ea53040>
919,49,49,[48],5001.0,3.0,316596,5001,5002,5001.0,differentia=64+policy=RecencyProportionalResolution+target=4096,<function upgma at 0x7ff24ea53040>
920,50,50,[48],5001.0,3.0,316602,5001,5002,5001.0,differentia=64+policy=RecencyProportionalResolution+target=4096,<function upgma at 0x7ff24ea53040>
921,51,51,[47],5001.0,3.0,316606,5001,5002,5001.0,differentia=64+policy=RecencyProportionalResolution+target=4096,<function upgma at 0x7ff24ea53040>
922,52,52,[46],5001.0,3.0,316634,5001,5002,5001.0,differentia=64+policy=RecencyProportionalResolution+target=4096,<function upgma at 0x7ff24ea53040>
923,53,53,[33],4997.0,6.0,Inner32,4997,4998,4997.0,differentia=64+policy=RecencyProportionalResolution+target=4096,<function upgma at 0x7ff24ea53040>
924,54,54,[53],4997.0,0.0,Inner31,4997,4998,4997.0,differentia=64+policy=RecencyProportionalResolution+target=4096,<function upgma at 0x7ff24ea53040>
925,55,55,[54],4997.0,0.0,Inner30,4997,4998,4997.0,differentia=64+policy=RecencyProportionalResolution+target=4096,<function upgma at 0x7ff24ea53040>
926,56,56,[55],5000.0,3.0,316573,5000,5001,5000.0,differentia=64+policy=RecencyProportionalResolution+target=4096,<function upgma at 0x7ff24ea53040>
927,57,57,[55],5001.0,4.0,316611,5001,5002,5001.0,differentia=64+policy=RecencyProportionalResolution+target=4096,<function upgma at 0x7ff24ea53040>
928,58,58,[54],5001.0,4.0,316617,5001,5002,5001.0,differentia=64+policy=RecencyProportionalResolution+target=4096,<function upgma at 0x7ff24ea53040>
929,59,59,[53],5001.0,4.0,316653,5001,5002,5001.0,differentia=64+policy=RecencyProportionalResolution+target=4096,<function upgma at 0x7ff24ea53040>
930,60,60,[0],4973.5,26.0,Inner70,4972,4976,4973.5,differentia=64+policy=RecencyProportionalResolution+target=4096,<function upgma at 0x7ff24ea53040>
931,61,61,[60],4994.0,20.5,Inner51,4994,4995,4994.0,differentia=64+policy=RecencyProportionalResolution+target=4096,<function upgma at 0x7ff24ea53040>
932,62,62,[61],4994.0,0.0,Inner50,4994,4995,4994.0,differentia=64+policy=RecencyProportionalResolution+target=4096,<function upgma at 0x7ff24ea53040>
933,63,63,[62],4997.0,3.0,Inner34,4997,4998,4997.0,differentia=64+policy=RecencyProportionalResolution+target=4096,<function upgma at 0x7ff24ea53040>
934,64,64,[63],4999.0,2.0,Inner4,4999,5000,4999.0,differentia=64+policy=RecencyProportionalResolution+target=4096,<function upgma at 0x7ff24ea53040>
935,65,65,[64],5001.0,2.0,316594,5001,5002,5001.0,differentia=64+policy=RecencyProportionalResolution+target=4096,<function upgma at 0x7ff24ea53040>
936,66,66,[64],5001.0,2.0,316600,5001,5002,5001.0,differentia=64+policy=RecencyProportionalResolution+target=4096,<function upgma at 0x7ff24ea53040>
937,67,67,[63],5001.0,4.0,316635,5001,5002,5001.0,differentia=64+policy=RecencyProportionalResolution+target=4096,<function upgma at 0x7ff24ea53040>
938,68,68,[62],5001.0,7.0,316637,5001,5002,5001.0,differentia=64+policy=RecencyProportionalResolution+target=4096,<function upgma at 0x7ff24ea53040>
939,69,69,[61],4997.0,3.0,Inner36,4997,4998,4997.0,differentia=64+policy=RecencyProportionalResolution+target=4096,<function upgma at 0x7ff24ea53040>
940,70,70,[69],4997.0,0.0,Inner35,4997,4998,4997.0,differentia=64+policy=RecencyProportionalResolution+target=4096,<function upgma at 0x7ff24ea53040>
941,71,71,[70],5001.0,4.0,316589,5001,5002,5001.0,differentia=64+policy=RecencyProportionalResolution+target=4096,<function upgma at 0x7ff24ea53040>
942,72,72,[70],5001.0,4.0,316591,5001,5002,5001.0,differentia=64+policy=RecencyProportionalResolution+target=4096,<function upgma at 0x7ff24ea53040>
943,73,73,[69],5001.0,4.0,316648,5001,5002,5001.0,differentia=64+policy=RecencyProportionalResolution+target=4096,<function upgma at 0x7ff24ea53040>
944,74,74,[60],4980.5,7.0,Inner69,4980,4982,4980.5,differentia=64+policy=RecencyProportionalResolution+target=4096,<function upgma at 0x7ff24ea53040>
945,75,75,[74],4984.5,4.0,Inner68,4984,4986,4984.5,differentia=64+policy=RecencyProportionalResolution+target=4096,<function upgma at 0x7ff24ea53040>
946,76,76,[75],4986.5,2.0,Inner67,4986,4988,4986.5,differentia=64+policy=RecencyProportionalResolution+target=4096,<function upgma at 0x7ff24ea53040>
947,77,77,[76],5001.0,14.5,316607,5001,5002,5001.0,differentia=64+policy=RecencyProportionalResolution+target=4096,<function upgma at 0x7ff24ea53040>
948,78,78,[76],4994.0,7.5,Inner49,4994,4995,4994.0,differentia=64+policy=RecencyProportionalResolution+target=4096,<function upgma at 0x7ff24ea53040>
949,79,79,[78],5001.0,7.0,316642,5001,5002,5001.0,differentia=64+policy=RecencyProportionalResolution+target=4096,<function upgma at 0x7ff24ea53040>
950,80,80,[78],5001.0,7.0,316651,5001,5002,5001.0,differentia=64+policy=RecencyProportionalResolution+target=4096,<function upgma at 0x7ff24ea53040>
951,81,81,[75],4988.5,4.0,Inner66,4988,4990,4988.5,differentia=64+policy=RecencyProportionalResolution+target=4096,<function upgma at 0x7ff24ea53040>
952,82,82,[81],4990.0,1.5,Inner65,4990,4991,4990.0,differentia=64+policy=RecencyProportionalResolution+target=4096,<function upgma at 0x7ff24ea53040>
953,83,83,[82],4993.0,3.0,Inner57,4993,4994,4993.0,differentia=64+policy=RecencyProportionalResolution+target=4096,<function upgma at 0x7ff24ea53040>
954,84,84,[83],5001.0,8.0,316623,5001,5002,5001.0,differentia=64+policy=RecencyProportionalResolution+target=4096,<function upgma at 0x7ff24ea53040>
955,85,85,[83],4993.0,0.0,Inner56,4993,4994,4993.0,differentia=64+policy=RecencyProportionalResolution+target=4096,<function upgma at 0x7ff24ea53040>
956,86,86,[85],5001.0,8.0,316631,5001,5002,5001.0,differentia=64+policy=RecencyProportionalResolution+target=4096,<function upgma at 0x7ff24ea53040>
957,87,87,[85],4998.0,5.0,Inner22,4998,4999,4998.0,differentia=64+policy=RecencyProportionalResolution+target=4096,<function upgma at 0x7ff24ea53040>
958,88,88,[87],5001.0,3.0,316629,5001,5002,5001.0,differentia=64+policy=RecencyProportionalResolution+target=4096,<function upgma at 0x7ff24ea53040>
959,89,89,[87],4998.0,0.0,Inner21,4998,4999,4998.0,differentia=64+policy=RecencyProportionalResolution+target=4096,<function upgma at 0x7ff24ea53040>
960,90,90,[89],5001.0,3.0,316624,5001,5002,5001.0,differentia=64+policy=RecencyProportionalResolution+target=4096,<function upgma at 0x7ff24ea53040>
961,91,91,[89],4998.0,0.0,Inner20,4998,4999,4998.0,differentia=64+policy=RecencyProportionalResolution+target=4096,<function upgma at 0x7ff24ea53040>
962,92,92,[91],5001.0,3.0,316597,5001,5002,5001.0,differentia=64+policy=RecencyProportionalResolution+target=4096,<function upgma at 0x7ff24ea53040>
963,93,93,[91],5001.0,3.0,316632,5001,5002,5001.0,differentia=64+policy=RecencyProportionalResolution+target=4096,<function upgma at 0x7ff24ea53040>
964,94,94,[82],5001.0,11.0,316649,5001,5002,5001.0,differentia=64+policy=RecencyProportionalResolution+target=4096,<function upgma at 0x7ff24ea53040>
965,95,95,[81],4990.0,1.5,Inner64,4990,4991,4990.0,differentia=64+policy=RecencyProportionalResolution+target=4096,<function upgma at 0x7ff24ea53040>
966,96,96,[95],4993.0,3.0,Inner52,4993,4994,4993.0,differentia=64+policy=RecencyProportionalResolution+target=4096,<function upgma at 0x7ff24ea53040>
967,97,97,[96],5000.0,7.0,316563,5000,5001,5000.0,differentia=64+policy=RecencyProportionalResolution+target=4096,<function upgma at 0x7ff24ea53040>
968,98,98,[96],5001.0,8.0,316625,5001,5002,5001.0,differentia=64+policy=RecencyProportionalResolution+target=4096,<function upgma at 0x7ff24ea53040>
969,99,99,[95],4992.0,2.0,Inner61,4992,4993,4992.0,differentia=64+policy=RecencyProportionalResolution+target=4096,<function upgma at 0x7ff24ea53040>
970,100,100,[99],4995.0,3.0,Inner46,4995,4996,4995.0,differentia=64+policy=RecencyProportionalResolution+target=4096,<function upgma at 0x7ff24ea53040>
971,101,101,[100],5001.0,6.0,316601,5001,5002,5001.0,differentia=64+policy=RecencyProportionalResolution+target=4096,<function upgma at 0x7ff24ea53040>
972,102,102,[100],4995.0,0.0,Inner45,4995,4996,4995.0,differentia=64+policy=RecencyProportionalResolution+target=4096,<function upgma at 0x7ff24ea53040>
973,103,103,[102],4997.0,2.0,Inner33,4997,4998,4997.0,differentia=64+policy=RecencyProportionalResolution+target=4096,<function upgma at 0x7ff24ea53040>
974,104,104,[103],5001.0,4.0,316626,5001,5002,5001.0,differentia=64+policy=RecencyProportionalResolution+target=4096,<function upgma at 0x7ff24ea53040>
975,105,105,[103],5001.0,4.0,316633,5001,5002,5001.0,differentia=64+policy=RecencyProportionalResolution+target=4096,<function upgma at 0x7ff24ea53040>
976,106,106,[102],4999.0,4.0,Inner2,4999,5000,4999.0,differentia=64+policy=RecencyProportionalResolution+target=4096,<function upgma at 0x7ff24ea53040>
977,107,107,[106],5001.0,2.0,316615,5001,5002,5001.0,differentia=64+policy=RecencyProportionalResolution+target=4096,<function upgma at 0x7ff24ea53040>
978,108,108,[106],5001.0,2.0,316646,5001,5002,5001.0,differentia=64+policy=RecencyProportionalResolution+target=4096,<function upgma at 0x7ff24ea53040>
979,109,109,[99],4996.0,4.0,Inner44,4996,4997,4996.0,differentia=64+policy=RecencyProportionalResolution+target=4096,<function upgma at 0x7ff24ea53040>
980,110,110,[109],4999.0,3.0,Inner3,4999,5000,4999.0,differentia=64+policy=RecencyProportionalResolution+target=4096,<function upgma at 0x7ff24ea53040>
981,111,111,[110],5001.0,2.0,316599,5001,5002,5001.0,differentia=64+policy=RecencyProportionalResolution+target=4096,<function upgma at 0x7ff24ea53040>
982,112,112,[110],5001.0,2.0,316604,5001,5002,5001.0,differentia=64+policy=RecencyProportionalResolution+target=4096,<function upgma at 0x7ff24ea53040>
983,113,113,[109],4996.0,0.0,Inner43,4996,4997,4996.0,differentia=64+policy=RecencyProportionalResolution+target=4096,<function upgma at 0x7ff24ea53040>
984,114,114,[113],5001.0,5.0,316608,5001,5002,5001.0,differentia=64+policy=RecencyProportionalResolution+target=4096,<function upgma at 0x7ff24ea53040>
985,115,115,[113],5001.0,5.0,316652,5001,5002,5001.0,differentia=64+policy=RecencyProportionalResolution+target=4096,<function upgma at 0x7ff24ea53040>
986,116,116,[74],4993.0,12.5,Inner55,4993,4994,4993.0,differentia=64+policy=RecencyProportionalResolution+target=4096,<function upgma at 0x7ff24ea53040>
987,117,117,[116],4994.0,1.0,Inner48,4994,4995,4994.0,differentia=64+policy=RecencyProportionalResolution+target=4096,<function upgma at 0x7ff24ea53040>
988,118,118,[117],4997.0,3.0,Inner29,4997,4998,4997.0,differentia=64+policy=RecencyProportionalResolution+target=4096,<function upgma at 0x7ff24ea53040>
989,119,119,[118],5000.0,3.0,316547,5000,5001,5000.0,differentia=64+policy=RecencyProportionalResolution+target=4096,<function upgma at 0x7ff24ea53040>
990,120,120,[118],4998.0,1.0,Inner10,4998,4999,4998.0,differentia=64+policy=RecencyProportionalResolution+target=4096,<function upgma at 0x7ff24ea53040>
991,121,121,[120],5000.0,2.0,316570,5000,5001,5000.0,differentia=64+policy=RecencyProportionalResolution+target=4096,<function upgma at 0x7ff24ea53040>
992,122,122,[120],5001.0,3.0,316638,5001,5002,5001.0,differentia=64+policy=RecencyProportionalResolution+target=4096,<function upgma at 0x7ff24ea53040>
993,123,123,[117],4996.0,2.0,Inner42,4996,4997,4996.0,differentia=64+policy=RecencyProportionalResolution+target=4096,<function upgma at 0x7ff24ea53040>
994,124,124,[123],5001.0,5.0,316639,5001,5002,5001.0,differentia=64+policy=RecencyProportionalResolution+target=4096,<function upgma at 0x7ff24ea53040>
995,125,125,[123],4998.0,2.0,Inner19,4998,4999,4998.0,differentia=64+policy=RecencyProportionalResolution+target=4096,<function upgma at 0x7ff24ea53040>
996,126,126,[125],4998.0,0.0,Inner18,4998,4999,4998.0,differentia=64+policy=RecencyProportionalResolution+target=4096,<function upgma at 0x7ff24ea53040>
997,127,127,[126],5001.0,3.0,316598,5001,5002,5001.0,differentia=64+policy=RecencyProportionalResolution+target=4096,<function upgma at 0x7ff24ea53040>
998,128,128,[126],5001.0,3.0,316605,5001,5002,5001.0,differentia=64+policy=RecencyProportionalResolution+target=4096,<function upgma at 0x7ff24ea53040>
999,129,129,[125],5001.0,3.0,316641,5001,5002,5001.0,differentia=64+policy=RecencyProportionalResolution+target=4096,<function upgma at 0x7ff24ea53040>
1000,130,130,[116],4998.0,5.0,Inner17,4998,4999,4998.0,differentia=64+policy=RecencyProportionalResolution+target=4096,<function upgma at 0x7ff24ea53040>
1001,131,131,[130],5001.0,3.0,316647,5001,5002,5001.0,differentia=64+policy=RecencyProportionalResolution+target=4096,<function upgma at 0x7ff24ea53040>
1002,132,132,[130],4998.0,0.0,Inner16,4998,4999,4998.0,differentia=64+policy=RecencyProportionalResolution+target=4096,<function upgma at 0x7ff24ea53040>
1003,133,133,[132],5001.0,3.0,316621,5001,5002,5001.0,differentia=64+policy=RecencyProportionalResolution+target=4096,<function upgma at 0x7ff24ea53040>
1004,134,134,[132],4998.0,0.0,Inner15,4998,4999,4998.0,differentia=64+policy=RecencyProportionalResolution+target=4096,<function upgma at 0x7ff24ea53040>
1005,135,135,[134],5001.0,3.0,316619,5001,5002,5001.0,differentia=64+policy=RecencyProportionalResolution+target=4096,<function upgma at 0x7ff24ea53040>
1006,136,136,[134],4998.0,0.0,Inner14,4998,4999,4998.0,differentia=64+policy=RecencyProportionalResolution+target=4096,<function upgma at 0x7ff24ea53040>
1007,137,137,[136],5001.0,3.0,316610,5001,5002,5001.0,differentia=64+policy=RecencyProportionalResolution+target=4096,<function upgma at 0x7ff24ea53040>
1008,138,138,[136],4998.0,0.0,Inner13,4998,4999,4998.0,differentia=64+policy=RecencyProportionalResolution+target=4096,<function upgma at 0x7ff24ea53040>
1009,139,139,[138],5001.0,3.0,316603,5001,5002,5001.0,differentia=64+policy=RecencyProportionalResolution+target=4096,<function upgma at 0x7ff24ea53040>
1010,140,140,[138],4998.0,0.0,Inner12,4998,4999,4998.0,differentia=64+policy=RecencyProportionalResolution+target=4096,<function upgma at 0x7ff24ea53040>
1011,141,141,[140],4999.0,1.0,Inner1,4999,5000,4999.0,differentia=64+policy=RecencyProportionalResolution+target=4096,<function upgma at 0x7ff24ea53040>
1012,142,142,[141],5001.0,2.0,316640,5001,5002,5001.0,differentia=64+policy=RecencyProportionalResolution+target=4096,<function upgma at 0x7ff24ea53040>
1013,143,143,[141],5001.0,2.0,316643,5001,5002,5001.0,differentia=64+policy=RecencyProportionalResolution+target=4096,<function upgma at 0x7ff24ea53040>
1014,144,144,[140],5001.0,3.0,316654,5001,5002,5001.0,differentia=64+policy=RecencyProportionalResolution+target=4096,<function upgma at 0x7ff24ea53040>
1015,0,0,[None],4927.5,4927.5,Inner72,4864,4992,4927.5,differentia=64+policy=RecencyProportionalResolution+target=512,<function upgma at 0x7ff24ea53040>
1016,1,1,[0],5001.0,73.5,316644,5001,5002,5001.0,differentia=64+policy=RecencyProportionalResolution+target=512,<function upgma at 0x7ff24ea53040>
1017,2,2,[0],4927.5,0.0,Inner71,4864,4992,4927.5,differentia=64+policy=RecencyProportionalResolution+target=512,<function upgma at 0x7ff24ea53040>
1018,3,3,[2],4995.5,68.0,Inner61,4992,5000,4995.5,differentia=64+policy=RecencyProportionalResolution+target=512,<function upgma at 0x7ff24ea53040>
1019,4,4,[3],4995.5,0.0,Inner60,4992,5000,4995.5,differentia=64+policy=RecencyProportionalResolution+target=512,<function upgma at 0x7ff24ea53040>
1020,5,5,[4],5001.0,5.5,316589,5001,5002,5001.0,differentia=64+policy=RecencyProportionalResolution+target=512,<function upgma at 0x7ff24ea53040>
1021,6,6,[4],4995.5,0.0,Inner59,4992,5000,4995.5,differentia=64+policy=RecencyProportionalResolution+target=512,<function upgma at 0x7ff24ea53040>
1022,7,7,[6],5001.0,5.5,316591,5001,5002,5001.0,differentia=64+policy=RecencyProportionalResolution+target=512,<function upgma at 0x7ff24ea53040>
1023,8,8,[6],4995.5,0.0,Inner58,4992,5000,4995.5,differentia=64+policy=RecencyProportionalResolution+target=512,<function upgma at 0x7ff24ea53040>
1024,9,9,[8],4995.5,0.0,Inner57,4992,5000,4995.5,differentia=64+policy=RecencyProportionalResolution+target=512,<function upgma at 0x7ff24ea53040>
1025,10,10,[9],5001.0,5.5,316600,5001,5002,5001.0,differentia=64+policy=RecencyProportionalResolution+target=512,<function upgma at 0x7ff24ea53040>
1026,11,11,[9],4995.5,0.0,Inner56,4992,5000,4995.5,differentia=64+policy=RecencyProportionalResolution+target=512,<function upgma at 0x7ff24ea53040>
1027,12,12,[11],5001.0,5.5,316594,5001,5002,5001.0,differentia=64+policy=RecencyProportionalResolution+target=512,<function upgma at 0x7ff24ea53040>
1028,13,13,[11],5001.0,5.5,316635,5001,5002,5001.0,differentia=64+policy=RecencyProportionalResolution+target=512,<function upgma at 0x7ff24ea53040>
1029,14,14,[8],5001.0,5.5,316637,5001,5002,5001.0,differentia=64+policy=RecencyProportionalResolution+target=512,<function upgma at 0x7ff24ea53040>
1030,15,15,[3],5001.0,5.5,316648,5001,5002,5001.0,differentia=64+policy=RecencyProportionalResolution+target=512,<function upgma at 0x7ff24ea53040>
1031,16,16,[2],4927.5,0.0,Inner70,4864,4992,4927.5,differentia=64+policy=RecencyProportionalResolution+target=512,<function upgma at 0x7ff24ea53040>
1032,17,17,[16],4995.5,68.0,Inner55,4992,5000,4995.5,differentia=64+policy=RecencyProportionalResolution+target=512,<function upgma at 0x7ff24ea53040>
1033,18,18,[17],5001.0,5.5,316623,5001,5002,5001.0,differentia=64+policy=RecencyProportionalResolution+target=512,<function upgma at 0x7ff24ea53040>
1034,19,19,[17],4995.5,0.0,Inner54,4992,5000,4995.5,differentia=64+policy=RecencyProportionalResolution+target=512,<function upgma at 0x7ff24ea53040>
1035,20,20,[19],5001.0,5.5,316631,5001,5002,5001.0,differentia=64+policy=RecencyProportionalResolution+target=512,<function upgma at 0x7ff24ea53040>
1036,21,21,[19],4995.5,0.0,Inner53,4992,5000,4995.5,differentia=64+policy=RecencyProportionalResolution+target=512,<function upgma at 0x7ff24ea53040>
1037,22,22,[21],5001.0,5.5,316629,5001,5002,5001.0,differentia=64+policy=RecencyProportionalResolution+target=512,<function upgma at 0x7ff24ea53040>
1038,23,23,[21],4995.5,0.0,Inner52,4992,5000,4995.5,differentia=64+policy=RecencyProportionalResolution+target=512,<function upgma at 0x7ff24ea53040>
1039,24,24,[23],5001.0,5.5,316624,5001,5002,5001.0,differentia=64+policy=RecencyProportionalResolution+target=512,<function upgma at 0x7ff24ea53040>
1040,25,25,[23],4995.5,0.0,Inner51,4992,5000,4995.5,differentia=64+policy=RecencyProportionalResolution+target=512,<function upgma at 0x7ff24ea53040>
1041,26,26,[25],5001.0,5.5,316597,5001,5002,5001.0,differentia=64+policy=RecencyProportionalResolution+target=512,<function upgma at 0x7ff24ea53040>
1042,27,27,[25],5001.0,5.5,316632,5001,5002,5001.0,differentia=64+policy=RecencyProportionalResolution+target=512,<function upgma at 0x7ff24ea53040>
1043,28,28,[16],4927.5,0.0,Inner69,4864,4992,4927.5,differentia=64+policy=RecencyProportionalResolution+target=512,<function upgma at 0x7ff24ea53040>
1044,29,29,[28],5001.0,73.5,316649,5001,5002,5001.0,differentia=64+policy=RecencyProportionalResolution+target=512,<function upgma at 0x7ff24ea53040>
1045,30,30,[28],4927.5,0.0,Inner68,4864,4992,4927.5,differentia=64+policy=RecencyProportionalResolution+target=512,<function upgma at 0x7ff24ea53040>
1046,31,31,[30],4995.5,68.0,Inner50,4992,5000,4995.5,differentia=64+policy=RecencyProportionalResolution+target=512,<function upgma at 0x7ff24ea53040>
1047,32,32,[31],5001.0,5.5,316599,5001,5002,5001.0,differentia=64+policy=RecencyProportionalResolution+target=512,<function upgma at 0x7ff24ea53040>
1048,33,33,[31],4995.5,0.0,Inner49,4992,5000,4995.5,differentia=64+policy=RecencyProportionalResolution+target=512,<function upgma at 0x7ff24ea53040>
1049,34,34,[33],5001.0,5.5,316604,5001,5002,5001.0,differentia=64+policy=RecencyProportionalResolution+target=512,<function upgma at 0x7ff24ea53040>
1050,35,35,[33],4995.5,0.0,Inner48,4992,5000,4995.5,differentia=64+policy=RecencyProportionalResolution+target=512,<function upgma at 0x7ff24ea53040>
1051,36,36,[35],4995.5,0.0,Inner47,4992,5000,4995.5,differentia=64+policy=RecencyProportionalResolution+target=512,<function upgma at 0x7ff24ea53040>
1052,37,37,[36],5001.0,5.5,316608,5001,5002,5001.0,differentia=64+policy=RecencyProportionalResolution+target=512,<function upgma at 0x7ff24ea53040>
1053,38,38,[36],4995.5,0.0,Inner46,4992,5000,4995.5,differentia=64+policy=RecencyProportionalResolution+target=512,<function upgma at 0x7ff24ea53040>
1054,39,39,[38],5001.0,5.5,316601,5001,5002,5001.0,differentia=64+policy=RecencyProportionalResolution+target=512,<function upgma at 0x7ff24ea53040>
1055,40,40,[38],4995.5,0.0,Inner45,4992,5000,4995.5,differentia=64+policy=RecencyProportionalResolution+target=512,<function upgma at 0x7ff24ea53040>
1056,41,41,[40],4995.5,0.0,Inner44,4992,5000,4995.5,differentia=64+policy=RecencyProportionalResolution+target=512,<function upgma at 0x7ff24ea53040>
1057,42,42,[41],5001.0,5.5,316615,5001,5002,5001.0,differentia=64+policy=RecencyProportionalResolution+target=512,<function upgma at 0x7ff24ea53040>
1058,43,43,[41],4995.5,0.0,Inner43,4992,5000,4995.5,differentia=64+policy=RecencyProportionalResolution+target=512,<function upgma at 0x7ff24ea53040>
1059,44,44,[43],5001.0,5.5,316626,5001,5002,5001.0,differentia=64+policy=RecencyProportionalResolution+target=512,<function upgma at 0x7ff24ea53040>
1060,45,45,[43],5001.0,5.5,316633,5001,5002,5001.0,differentia=64+policy=RecencyProportionalResolution+target=512,<function upgma at 0x7ff24ea53040>
1061,46,46,[40],5001.0,5.5,316646,5001,5002,5001.0,differentia=64+policy=RecencyProportionalResolution+target=512,<function upgma at 0x7ff24ea53040>
1062,47,47,[35],5001.0,5.5,316652,5001,5002,5001.0,differentia=64+policy=RecencyProportionalResolution+target=512,<function upgma at 0x7ff24ea53040>
1063,48,48,[30],4927.5,0.0,Inner67,4864,4992,4927.5,differentia=64+policy=RecencyProportionalResolution+target=512,<function upgma at 0x7ff24ea53040>
1064,49,49,[48],5001.0,73.5,316607,5001,5002,5001.0,differentia=64+policy=RecencyProportionalResolution+target=512,<function upgma at 0x7ff24ea53040>
1065,50,50,[48],4927.5,0.0,Inner66,4864,4992,4927.5,differentia=64+policy=RecencyProportionalResolution+target=512,<function upgma at 0x7ff24ea53040>
1066,51,51,[50],4995.5,68.0,Inner42,4992,5000,4995.5,differentia=64+policy=RecencyProportionalResolution+target=512,<function upgma at 0x7ff24ea53040>
1067,52,52,[51],5001.0,5.5,316642,5001,5002,5001.0,differentia=64+policy=RecencyProportionalResolution+target=512,<function upgma at 0x7ff24ea53040>
1068,53,53,[51],5001.0,5.5,316651,5001,5002,5001.0,differentia=64+policy=RecencyProportionalResolution+target=512,<function upgma at 0x7ff24ea53040>
1069,54,54,[50],4927.5,0.0,Inner65,4864,4992,4927.5,differentia=64+policy=RecencyProportionalResolution+target=512,<function upgma at 0x7ff24ea53040>
1070,55,55,[54],4927.5,0.0,Inner64,4864,4992,4927.5,differentia=64+policy=RecencyProportionalResolution+target=512,<function upgma at 0x7ff24ea53040>
1071,56,56,[55],4995.5,68.0,Inner38,4992,5000,4995.5,differentia=64+policy=RecencyProportionalResolution+target=512,<function upgma at 0x7ff24ea53040>
1072,57,57,[56],5001.0,5.5,316622,5001,5002,5001.0,differentia=64+policy=RecencyProportionalResolution+target=512,<function upgma at 0x7ff24ea53040>
1073,58,58,[56],4995.5,0.0,Inner36,4992,5000,4995.5,differentia=64+policy=RecencyProportionalResolution+target=512,<function upgma at 0x7ff24ea53040>
1074,59,59,[58],5001.0,5.5,316618,5001,5002,5001.0,differentia=64+policy=RecencyProportionalResolution+target=512,<function upgma at 0x7ff24ea53040>
1075,60,60,[58],4995.5,0.0,Inner33,4992,5000,4995.5,differentia=64+policy=RecencyProportionalResolution+target=512,<function upgma at 0x7ff24ea53040>
1076,61,61,[60],5001.0,5.5,316590,5001,5002,5001.0,differentia=64+policy=RecencyProportionalResolution+target=512,<function upgma at 0x7ff24ea53040>
1077,62,62,[60],4995.5,0.0,Inner30,4992,5000,4995.5,differentia=64+policy=RecencyProportionalResolution+target=512,<function upgma at 0x7ff24ea53040>
1078,63,63,[62],5001.0,5.5,316620,5001,5002,5001.0,differentia=64+policy=RecencyProportionalResolution+target=512,<function upgma at 0x7ff24ea53040>
1079,64,64,[62],4995.5,0.0,Inner27,4992,5000,4995.5,differentia=64+policy=RecencyProportionalResolution+target=512,<function upgma at 0x7ff24ea53040>
1080,65,65,[64],5001.0,5.5,316616,5001,5002,5001.0,differentia=64+policy=RecencyProportionalResolution+target=512,<function upgma at 0x7ff24ea53040>
1081,66,66,[64],4995.5,0.0,Inner24,4992,5000,4995.5,differentia=64+policy=RecencyProportionalResolution+target=512,<function upgma at 0x7ff24ea53040>
1082,67,67,[66],5001.0,5.5,316609,5001,5002,5001.0,differentia=64+policy=RecencyProportionalResolution+target=512,<function upgma at 0x7ff24ea53040>
1083,68,68,[66],4995.5,0.0,Inner21,4992,5000,4995.5,differentia=64+policy=RecencyProportionalResolution+target=512,<function upgma at 0x7ff24ea53040>
1084,69,69,[68],5001.0,5.5,316628,5001,5002,5001.0,differentia=64+policy=RecencyProportionalResolution+target=512,<function upgma at 0x7ff24ea53040>
1085,70,70,[68],4995.5,0.0,Inner18,4992,5000,4995.5,differentia=64+policy=RecencyProportionalResolution+target=512,<function upgma at 0x7ff24ea53040>
1086,71,71,[70],5001.0,5.5,316592,5001,5002,5001.0,differentia=64+policy=RecencyProportionalResolution+target=512,<function upgma at 0x7ff24ea53040>
1087,72,72,[70],4993.5,-2.0,Inner17,4992,4996,4993.5,differentia=64+policy=RecencyProportionalResolution+target=512,<function upgma at 0x7ff24ea53040>
1088,73,73,[72],4995.5,2.0,Inner16,4992,5000,4995.5,differentia=64+policy=RecencyProportionalResolution+target=512,<function upgma at 0x7ff24ea53040>
1089,74,74,[73],5001.0,5.5,316630,5001,5002,5001.0,differentia=64+policy=RecencyProportionalResolution+target=512,<function upgma at 0x7ff24ea53040>
1090,75,75,[73],4995.5,0.0,Inner11,4992,5000,4995.5,differentia=64+policy=RecencyProportionalResolution+target=512,<function upgma at 0x7ff24ea53040>
1091,76,76,[75],4995.5,0.0,Inner6,4992,5000,4995.5,differentia=64+policy=RecencyProportionalResolution+target=512,<function upgma at 0x7ff24ea53040>
1092,77,77,[76],5000.0,4.5,316581,5000,5001,5000.0,differentia=64+policy=RecencyProportionalResolution+target=512,<function upgma at 0x7ff24ea53040>
1093,78,78,[76],5001.0,5.5,316636,5001,5002,5001.0,differentia=64+policy=RecencyProportionalResolution+target=512,<function upgma at 0x7ff24ea53040>
1094,79,79,[75],5001.0,5.5,316645,5001,5002,5001.0,differentia=64+policy=RecencyProportionalResolution+target=512,<function upgma at 0x7ff24ea53040>
1095,80,80,[72],4995.5,2.0,Inner12,4992,5000,4995.5,differentia=64+policy=RecencyProportionalResolution+target=512,<function upgma at 0x7ff24ea53040>
1096,81,81,[80],5001.0,5.5,316595,5001,5002,5001.0,differentia=64+policy=RecencyProportionalResolution+target=512,<function upgma at 0x7ff24ea53040>
1097,82,82,[80],4995.5,0.0,Inner7,4992,5000,4995.5,differentia=64+policy=RecencyProportionalResolution+target=512,<function upgma at 0x7ff24ea53040>
1098,83,83,[82],5000.0,4.5,316551,5000,5001,5000.0,differentia=64+policy=RecencyProportionalResolution+target=512,<function upgma at 0x7ff24ea53040>
1099,84,84,[82],5001.0,5.5,316650,5001,5002,5001.0,differentia=64+policy=RecencyProportionalResolution+target=512,<function upgma at 0x7ff24ea53040>
1100,85,85,[55],4927.5,0.0,Inner63,4864,4992,4927.5,differentia=64+policy=RecencyProportionalResolution+target=512,<function upgma at 0x7ff24ea53040>
1101,86,86,[85],4995.0,67.5,Inner35,4992,4999,4995.0,differentia=64+policy=RecencyProportionalResolution+target=512,<function upgma at 0x7ff24ea53040>
1102,87,87,[86],5001.0,6.0,316612,5001,5002,5001.0,differentia=64+policy=RecencyProportionalResolution+target=512,<function upgma at 0x7ff24ea53040>
1103,88,88,[86],4995.0,0.0,Inner32,4992,4999,4995.0,differentia=64+policy=RecencyProportionalResolution+target=512,<function upgma at 0x7ff24ea53040>
1104,89,89,[88],4995.0,0.0,Inner29,4992,4999,4995.0,differentia=64+policy=RecencyProportionalResolution+target=512,<function upgma at 0x7ff24ea53040>
1105,90,90,[89],5001.0,6.0,316606,5001,5002,5001.0,differentia=64+policy=RecencyProportionalResolution+target=512,<function upgma at 0x7ff24ea53040>
1106,91,91,[89],4995.0,0.0,Inner26,4992,4999,4995.0,differentia=64+policy=RecencyProportionalResolution+target=512,<function upgma at 0x7ff24ea53040>
1107,92,92,[91],5001.0,6.0,316602,5001,5002,5001.0,differentia=64+policy=RecencyProportionalResolution+target=512,<function upgma at 0x7ff24ea53040>
1108,93,93,[91],4995.0,0.0,Inner23,4992,4999,4995.0,differentia=64+policy=RecencyProportionalResolution+target=512,<function upgma at 0x7ff24ea53040>
1109,94,94,[93],5001.0,6.0,316596,5001,5002,5001.0,differentia=64+policy=RecencyProportionalResolution+target=512,<function upgma at 0x7ff24ea53040>
1110,95,95,[93],4995.0,0.0,Inner20,4992,4999,4995.0,differentia=64+policy=RecencyProportionalResolution+target=512,<function upgma at 0x7ff24ea53040>
1111,96,96,[95],4995.0,0.0,Inner15,4992,4999,4995.0,differentia=64+policy=RecencyProportionalResolution+target=512,<function upgma at 0x7ff24ea53040>
1112,97,97,[96],4995.0,0.0,Inner10,4992,4999,4995.0,differentia=64+policy=RecencyProportionalResolution+target=512,<function upgma at 0x7ff24ea53040>
1113,98,98,[97],5001.0,6.0,316593,5001,5002,5001.0,differentia=64+policy=RecencyProportionalResolution+target=512,<function upgma at 0x7ff24ea53040>
1114,99,99,[97],4995.0,0.0,Inner5,4992,4999,4995.0,differentia=64+policy=RecencyProportionalResolution+target=512,<function upgma at 0x7ff24ea53040>
1115,100,100,[99],4999.0,4.0,316532,4999,5000,4999.0,differentia=64+policy=RecencyProportionalResolution+target=512,<function upgma at 0x7ff24ea53040>
1116,101,101,[99],5001.0,6.0,316613,5001,5002,5001.0,differentia=64+policy=RecencyProportionalResolution+target=512,<function upgma at 0x7ff24ea53040>
1117,102,102,[96],5001.0,6.0,316614,5001,5002,5001.0,differentia=64+policy=RecencyProportionalResolution+target=512,<function upgma at 0x7ff24ea53040>
1118,103,103,[95],5001.0,6.0,316627,5001,5002,5001.0,differentia=64+policy=RecencyProportionalResolution+target=512,<function upgma at 0x7ff24ea53040>
1119,104,104,[88],5001.0,6.0,316634,5001,5002,5001.0,differentia=64+policy=RecencyProportionalResolution+target=512,<function upgma at 0x7ff24ea53040>
1120,105,105,[85],4927.5,0.0,Inner62,4864,4992,4927.5,differentia=64+policy=RecencyProportionalResolution+target=512,<function upgma at 0x7ff24ea53040>
1121,106,106,[105],4995.5,68.0,Inner3,4992,5000,4995.5,differentia=64+policy=RecencyProportionalResolution+target=512,<function upgma at 0x7ff24ea53040>
1122,107,107,[106],5000.0,4.5,316563,5000,5001,5000.0,differentia=64+policy=RecencyProportionalResolution+target=512,<function upgma at 0x7ff24ea53040>
1123,108,108,[106],5001.0,5.5,316625,5001,5002,5001.0,differentia=64+policy=RecencyProportionalResolution+target=512,<function upgma at 0x7ff24ea53040>
1124,109,109,[105],4995.5,68.0,Inner14,4992,5000,4995.5,differentia=64+policy=RecencyProportionalResolution+target=512,<function upgma at 0x7ff24ea53040>
1125,110,110,[109],4995.5,0.0,Inner9,4992,5000,4995.5,differentia=64+policy=RecencyProportionalResolution+target=512,<function upgma at 0x7ff24ea53040>
1126,111,111,[110],4995.5,0.0,Inner4,4992,5000,4995.5,differentia=64+policy=RecencyProportionalResolution+target=512,<function upgma at 0x7ff24ea53040>
1127,112,112,[111],5000.0,4.5,316573,5000,5001,5000.0,differentia=64+policy=RecencyProportionalResolution+target=512,<function upgma at 0x7ff24ea53040>
1128,113,113,[111],5001.0,5.5,316611,5001,5002,5001.0,differentia=64+policy=RecencyProportionalResolution+target=512,<function upgma at 0x7ff24ea53040>
1129,114,114,[110],5001.0,5.5,316617,5001,5002,5001.0,differentia=64+policy=RecencyProportionalResolution+target=512,<function upgma at 0x7ff24ea53040>
1130,115,115,[109],5001.0,5.5,316653,5001,5002,5001.0,differentia=64+policy=RecencyProportionalResolution+target=512,<function upgma at 0x7ff24ea53040>
1131,116,116,[54],4995.5,68.0,Inner41,4992,5000,4995.5,differentia=64+policy=RecencyProportionalResolution+target=512,<function upgma at 0x7ff24ea53040>
1132,117,117,[116],5001.0,5.5,316641,5001,5002,5001.0,differentia=64+policy=RecencyProportionalResolution+target=512,<function upgma at 0x7ff24ea53040>
1133,118,118,[116],4995.5,0.0,Inner40,4992,5000,4995.5,differentia=64+policy=RecencyProportionalResolution+target=512,<function upgma at 0x7ff24ea53040>
1134,119,119,[118],5001.0,5.5,316605,5001,5002,5001.0,differentia=64+policy=RecencyProportionalResolution+target=512,<function upgma at 0x7ff24ea53040>
1135,120,120,[118],4995.5,0.0,Inner39,4992,5000,4995.5,differentia=64+policy=RecencyProportionalResolution+target=512,<function upgma at 0x7ff24ea53040>
1136,121,121,[120],5001.0,5.5,316598,5001,5002,5001.0,differentia=64+policy=RecencyProportionalResolution+target=512,<function upgma at 0x7ff24ea53040>
1137,122,122,[120],4995.5,0.0,Inner37,4992,5000,4995.5,differentia=64+policy=RecencyProportionalResolution+target=512,<function upgma at 0x7ff24ea53040>
1138,123,123,[122],5001.0,5.5,316639,5001,5002,5001.0,differentia=64+policy=RecencyProportionalResolution+target=512,<function upgma at 0x7ff24ea53040>
1139,124,124,[122],4995.5,0.0,Inner34,4992,5000,4995.5,differentia=64+policy=RecencyProportionalResolution+target=512,<function upgma at 0x7ff24ea53040>
1140,125,125,[124],5001.0,5.5,316638,5001,5002,5001.0,differentia=64+policy=RecencyProportionalResolution+target=512,<function upgma at 0x7ff24ea53040>
1141,126,126,[124],4995.5,0.0,Inner31,4992,5000,4995.5,differentia=64+policy=RecencyProportionalResolution+target=512,<function upgma at 0x7ff24ea53040>
1142,127,127,[126],5001.0,5.5,316647,5001,5002,5001.0,differentia=64+policy=RecencyProportionalResolution+target=512,<function upgma at 0x7ff24ea53040>
1143,128,128,[126],4995.5,0.0,Inner28,4992,5000,4995.5,differentia=64+policy=RecencyProportionalResolution+target=512,<function upgma at 0x7ff24ea53040>
1144,129,129,[128],5001.0,5.5,316621,5001,5002,5001.0,differentia=64+policy=RecencyProportionalResolution+target=512,<function upgma at 0x7ff24ea53040>
1145,130,130,[128],4995.5,0.0,Inner25,4992,5000,4995.5,differentia=64+policy=RecencyProportionalResolution+target=512,<function upgma at 0x7ff24ea53040>
1146,131,131,[130],5001.0,5.5,316619,5001,5002,5001.0,differentia=64+policy=RecencyProportionalResolution+target=512,<function upgma at 0x7ff24ea53040>
1147,132,132,[130],4995.5,0.0,Inner22,4992,5000,4995.5,differentia=64+policy=RecencyProportionalResolution+target=512,<function upgma at 0x7ff24ea53040>
1148,133,133,[132],5001.0,5.5,316610,5001,5002,5001.0,differentia=64+policy=RecencyProportionalResolution+target=512,<function upgma at 0x7ff24ea53040>
1149,134,134,[132],4995.5,0.0,Inner19,4992,5000,4995.5,differentia=64+policy=RecencyProportionalResolution+target=512,<function upgma at 0x7ff24ea53040>
1150,135,135,[134],5001.0,5.5,316603,5001,5002,5001.0,differentia=64+policy=RecencyProportionalResolution+target=512,<function upgma at 0x7ff24ea53040>
1151,136,136,[134],4995.5,0.0,Inner13,4992,5000,4995.5,differentia=64+policy=RecencyProportionalResolution+target=512,<function upgma at 0x7ff24ea53040>
1152,137,137,[136],4995.5,0.0,Inner8,4992,5000,4995.5,differentia=64+policy=RecencyProportionalResolution+target=512,<function upgma at 0x7ff24ea53040>
1153,138,138,[137],5001.0,5.5,316640,5001,5002,5001.0,differentia=64+policy=RecencyProportionalResolution+target=512,<function upgma at 0x7ff24ea53040>
1154,139,139,[137],4995.5,0.0,Inner2,4992,5000,4995.5,differentia=64+policy=RecencyProportionalResolution+target=512,<function upgma at 0x7ff24ea53040>
1155,140,140,[139],4996.5,1.0,Inner1,4996,4998,4996.5,differentia=64+policy=RecencyProportionalResolution+target=512,<function upgma at 0x7ff24ea53040>
1156,141,141,[140],5000.0,3.5,316547,5000,5001,5000.0,differentia=64+policy=RecencyProportionalResolution+target=512,<function upgma at 0x7ff24ea53040>
1157,142,142,[140],5000.0,3.5,316570,5000,5001,5000.0,differentia=64+policy=RecencyProportionalResolution+target=512,<function upgma at 0x7ff24ea53040>
1158,143,143,[139],5001.0,5.5,316643,5001,5002,5001.0,differentia=64+policy=RecencyProportionalResolution+target=512,<function upgma at 0x7ff24ea53040>
1159,144,144,[136],5001.0,5.5,316654,5001,5002,5001.0,differentia=64+policy=RecencyProportionalResolution+target=512,<function upgma at 0x7ff24ea53040>
1160,0,0,[None],4927.5,4927.5,Inner72,4864,4992,4927.5,differentia=64+policy=RecencyProportionalResolution+target=64,<function upgma at 0x7ff24ea53040>
1161,1,1,[0],5001.0,73.5,316644,5001,5002,5001.0,differentia=64+policy=RecencyProportionalResolution+target=64,<function upgma at 0x7ff24ea53040>
1162,2,2,[0],4927.5,0.0,Inner71,4864,4992,4927.5,differentia=64+policy=RecencyProportionalResolution+target=64,<function upgma at 0x7ff24ea53040>
1163,3,3,[2],4995.5,68.0,Inner61,4992,5000,4995.5,differentia=64+policy=RecencyProportionalResolution+target=64,<function upgma at 0x7ff24ea53040>
1164,4,4,[3],4995.5,0.0,Inner60,4992,5000,4995.5,differentia=64+policy=RecencyProportionalResolution+target=64,<function upgma at 0x7ff24ea53040>
1165,5,5,[4],5001.0,5.5,316589,5001,5002,5001.0,differentia=64+policy=RecencyProportionalResolution+target=64,<function upgma at 0x7ff24ea53040>
1166,6,6,[4],4995.5,0.0,Inner59,4992,5000,4995.5,differentia=64+policy=RecencyProportionalResolution+target=64,<function upgma at 0x7ff24ea53040>
1167,7,7,[6],5001.0,5.5,316591,5001,5002,5001.0,differentia=64+policy=RecencyProportionalResolution+target=64,<function upgma at 0x7ff24ea53040>
1168,8,8,[6],4995.5,0.0,Inner58,4992,5000,4995.5,differentia=64+policy=RecencyProportionalResolution+target=64,<function upgma at 0x7ff24ea53040>
1169,9,9,[8],4995.5,0.0,Inner57,4992,5000,4995.5,differentia=64+policy=RecencyProportionalResolution+target=64,<function upgma at 0x7ff24ea53040>
1170,10,10,[9],5001.0,5.5,316600,5001,5002,5001.0,differentia=64+policy=RecencyProportionalResolution+target=64,<function upgma at 0x7ff24ea53040>
1171,11,11,[9],4995.5,0.0,Inner56,4992,5000,4995.5,differentia=64+policy=RecencyProportionalResolution+target=64,<function upgma at 0x7ff24ea53040>
1172,12,12,[11],5001.0,5.5,316594,5001,5002,5001.0,differentia=64+policy=RecencyProportionalResolution+target=64,<function upgma at 0x7ff24ea53040>
1173,13,13,[11],5001.0,5.5,316635,5001,5002,5001.0,differentia=64+policy=RecencyProportionalResolution+target=64,<function upgma at 0x7ff24ea53040>
1174,14,14,[8],5001.0,5.5,316637,5001,5002,5001.0,differentia=64+policy=RecencyProportionalResolution+target=64,<function upgma at 0x7ff24ea53040>
1175,15,15,[3],5001.0,5.5,316648,5001,5002,5001.0,differentia=64+policy=RecencyProportionalResolution+target=64,<function upgma at 0x7ff24ea53040>
1176,16,16,[2],4927.5,0.0,Inner70,4864,4992,4927.5,differentia=64+policy=RecencyProportionalResolution+target=64,<function upgma at 0x7ff24ea53040>
1177,17,17,[16],4995.5,68.0,Inner55,4992,5000,4995.5,differentia=64+policy=RecencyProportionalResolution+target=64,<function upgma at 0x7ff24ea53040>
1178,18,18,[17],5001.0,5.5,316623,5001,5002,5001.0,differentia=64+policy=RecencyProportionalResolution+target=64,<function upgma at 0x7ff24ea53040>
1179,19,19,[17],4995.5,0.0,Inner54,4992,5000,4995.5,differentia=64+policy=RecencyProportionalResolution+target=64,<function upgma at 0x7ff24ea53040>
1180,20,20,[19],5001.0,5.5,316631,5001,5002,5001.0,differentia=64+policy=RecencyProportionalResolution+target=64,<function upgma at 0x7ff24ea53040>
1181,21,21,[19],4995.5,0.0,Inner53,4992,5000,4995.5,differentia=64+policy=RecencyProportionalResolution+target=64,<function upgma at 0x7ff24ea53040>
1182,22,22,[21],5001.0,5.5,316629,5001,5002,5001.0,differentia=64+policy=RecencyProportionalResolution+target=64,<function upgma at 0x7ff24ea53040>
1183,23,23,[21],4995.5,0.0,Inner52,4992,5000,4995.5,differentia=64+policy=RecencyProportionalResolution+target=64,<function upgma at 0x7ff24ea53040>
1184,24,24,[23],5001.0,5.5,316624,5001,5002,5001.0,differentia=64+policy=RecencyProportionalResolution+target=64,<function upgma at 0x7ff24ea53040>
1185,25,25,[23],4995.5,0.0,Inner51,4992,5000,4995.5,differentia=64+policy=RecencyProportionalResolution+target=64,<function upgma at 0x7ff24ea53040>
1186,26,26,[25],5001.0,5.5,316597,5001,5002,5001.0,differentia=64+policy=RecencyProportionalResolution+target=64,<function upgma at 0x7ff24ea53040>
1187,27,27,[25],5001.0,5.5,316632,5001,5002,5001.0,differentia=64+policy=RecencyProportionalResolution+target=64,<function upgma at 0x7ff24ea53040>
1188,28,28,[16],4927.5,0.0,Inner69,4864,4992,4927.5,differentia=64+policy=RecencyProportionalResolution+target=64,<function upgma at 0x7ff24ea53040>
1189,29,29,[28],5001.0,73.5,316649,5001,5002,5001.0,differentia=64+policy=RecencyProportionalResolution+target=64,<function upgma at 0x7ff24ea53040>
1190,30,30,[28],4927.5,0.0,Inner68,4864,4992,4927.5,differentia=64+policy=RecencyProportionalResolution+target=64,<function upgma at 0x7ff24ea53040>
1191,31,31,[30],4995.5,68.0,Inner50,4992,5000,4995.5,differentia=64+policy=RecencyProportionalResolution+target=64,<function upgma at 0x7ff24ea53040>
1192,32,32,[31],5001.0,5.5,316599,5001,5002,5001.0,differentia=64+policy=RecencyProportionalResolution+target=64,<function upgma at 0x7ff24ea53040>
1193,33,33,[31],4995.5,0.0,Inner49,4992,5000,4995.5,differentia=64+policy=RecencyProportionalResolution+target=64,<function upgma at 0x7ff24ea53040>
1194,34,34,[33],5001.0,5.5,316604,5001,5002,5001.0,differentia=64+policy=RecencyProportionalResolution+target=64,<function upgma at 0x7ff24ea53040>
1195,35,35,[33],4995.5,0.0,Inner48,4992,5000,4995.5,differentia=64+policy=RecencyProportionalResolution+target=64,<function upgma at 0x7ff24ea53040>
1196,36,36,[35],4995.5,0.0,Inner47,4992,5000,4995.5,differentia=64+policy=RecencyProportionalResolution+target=64,<function upgma at 0x7ff24ea53040>
1197,37,37,[36],5001.0,5.5,316608,5001,5002,5001.0,differentia=64+policy=RecencyProportionalResolution+target=64,<function upgma at 0x7ff24ea53040>
1198,38,38,[36],4995.5,0.0,Inner46,4992,5000,4995.5,differentia=64+policy=RecencyProportionalResolution+target=64,<function upgma at 0x7ff24ea53040>
1199,39,39,[38],5001.0,5.5,316601,5001,5002,5001.0,differentia=64+policy=RecencyProportionalResolution+target=64,<function upgma at 0x7ff24ea53040>
1200,40,40,[38],4995.5,0.0,Inner45,4992,5000,4995.5,differentia=64+policy=RecencyProportionalResolution+target=64,<function upgma at 0x7ff24ea53040>
1201,41,41,[40],4995.5,0.0,Inner44,4992,5000,4995.5,differentia=64+policy=RecencyProportionalResolution+target=64,<function upgma at 0x7ff24ea53040>
1202,42,42,[41],5001.0,5.5,316615,5001,5002,5001.0,differentia=64+policy=RecencyProportionalResolution+target=64,<function upgma at 0x7ff24ea53040>
1203,43,43,[41],4995.5,0.0,Inner43,4992,5000,4995.5,differentia=64+policy=RecencyProportionalResolution+target=64,<function upgma at 0x7ff24ea53040>
1204,44,44,[43],5001.0,5.5,316626,5001,5002,5001.0,differentia=64+policy=RecencyProportionalResolution+target=64,<function upgma at 0x7ff24ea53040>
1205,45,45,[43],5001.0,5.5,316633,5001,5002,5001.0,differentia=64+policy=RecencyProportionalResolution+target=64,<function upgma at 0x7ff24ea53040>
1206,46,46,[40],5001.0,5.5,316646,5001,5002,5001.0,differentia=64+policy=RecencyProportionalResolution+target=64,<function upgma at 0x7ff24ea53040>
1207,47,47,[35],5001.0,5.5,316652,5001,5002,5001.0,differentia=64+policy=RecencyProportionalResolution+target=64,<function upgma at 0x7ff24ea53040>
1208,48,48,[30],4927.5,0.0,Inner67,4864,4992,4927.5,differentia=64+policy=RecencyProportionalResolution+target=64,<function upgma at 0x7ff24ea53040>
1209,49,49,[48],5001.0,73.5,316607,5001,5002,5001.0,differentia=64+policy=RecencyProportionalResolution+target=64,<function upgma at 0x7ff24ea53040>
1210,50,50,[48],4927.5,0.0,Inner66,4864,4992,4927.5,differentia=64+policy=RecencyProportionalResolution+target=64,<function upgma at 0x7ff24ea53040>
1211,51,51,[50],4995.5,68.0,Inner42,4992,5000,4995.5,differentia=64+policy=RecencyProportionalResolution+target=64,<function upgma at 0x7ff24ea53040>
1212,52,52,[51],5001.0,5.5,316642,5001,5002,5001.0,differentia=64+policy=RecencyProportionalResolution+target=64,<function upgma at 0x7ff24ea53040>
1213,53,53,[51],5001.0,5.5,316651,5001,5002,5001.0,differentia=64+policy=RecencyProportionalResolution+target=64,<function upgma at 0x7ff24ea53040>
1214,54,54,[50],4927.5,0.0,Inner65,4864,4992,4927.5,differentia=64+policy=RecencyProportionalResolution+target=64,<function upgma at 0x7ff24ea53040>
1215,55,55,[54],4927.5,0.0,Inner64,4864,4992,4927.5,differentia=64+policy=RecencyProportionalResolution+target=64,<function upgma at 0x7ff24ea53040>
1216,56,56,[55],4995.5,68.0,Inner38,4992,5000,4995.5,differentia=64+policy=RecencyProportionalResolution+target=64,<function upgma at 0x7ff24ea53040>
1217,57,57,[56],5001.0,5.5,316622,5001,5002,5001.0,differentia=64+policy=RecencyProportionalResolution+target=64,<function upgma at 0x7ff24ea53040>
1218,58,58,[56],4995.5,0.0,Inner36,4992,5000,4995.5,differentia=64+policy=RecencyProportionalResolution+target=64,<function upgma at 0x7ff24ea53040>
1219,59,59,[58],5001.0,5.5,316618,5001,5002,5001.0,differentia=64+policy=RecencyProportionalResolution+target=64,<function upgma at 0x7ff24ea53040>
1220,60,60,[58],4995.5,0.0,Inner33,4992,5000,4995.5,differentia=64+policy=RecencyProportionalResolution+target=64,<function upgma at 0x7ff24ea53040>
1221,61,61,[60],5001.0,5.5,316590,5001,5002,5001.0,differentia=64+policy=RecencyProportionalResolution+target=64,<function upgma at 0x7ff24ea53040>
1222,62,62,[60],4995.5,0.0,Inner30,4992,5000,4995.5,differentia=64+policy=RecencyProportionalResolution+target=64,<function upgma at 0x7ff24ea53040>
1223,63,63,[62],5001.0,5.5,316620,5001,5002,5001.0,differentia=64+policy=RecencyProportionalResolution+target=64,<function upgma at 0x7ff24ea53040>
1224,64,64,[62],4995.5,0.0,Inner27,4992,5000,4995.5,differentia=64+policy=RecencyProportionalResolution+target=64,<function upgma at 0x7ff24ea53040>
1225,65,65,[64],5001.0,5.5,316616,5001,5002,5001.0,differentia=64+policy=RecencyProportionalResolution+target=64,<function upgma at 0x7ff24ea53040>
1226,66,66,[64],4995.5,0.0,Inner24,4992,5000,4995.5,differentia=64+policy=RecencyProportionalResolution+target=64,<function upgma at 0x7ff24ea53040>
1227,67,67,[66],5001.0,5.5,316609,5001,5002,5001.0,differentia=64+policy=RecencyProportionalResolution+target=64,<function upgma at 0x7ff24ea53040>
1228,68,68,[66],4995.5,0.0,Inner21,4992,5000,4995.5,differentia=64+policy=RecencyProportionalResolution+target=64,<function upgma at 0x7ff24ea53040>
1229,69,69,[68],5001.0,5.5,316628,5001,5002,5001.0,differentia=64+policy=RecencyProportionalResolution+target=64,<function upgma at 0x7ff24ea53040>
1230,70,70,[68],4995.5,0.0,Inner18,4992,5000,4995.5,differentia=64+policy=RecencyProportionalResolution+target=64,<function upgma at 0x7ff24ea53040>
1231,71,71,[70],5001.0,5.5,316592,5001,5002,5001.0,differentia=64+policy=RecencyProportionalResolution+target=64,<function upgma at 0x7ff24ea53040>
1232,72,72,[70],4993.5,-2.0,Inner17,4992,4996,4993.5,differentia=64+policy=RecencyProportionalResolution+target=64,<function upgma at 0x7ff24ea53040>
1233,73,73,[72],4995.5,2.0,Inner16,4992,5000,4995.5,differentia=64+policy=RecencyProportionalResolution+target=64,<function upgma at 0x7ff24ea53040>
1234,74,74,[73],5001.0,5.5,316630,5001,5002,5001.0,differentia=64+policy=RecencyProportionalResolution+target=64,<function upgma at 0x7ff24ea53040>
1235,75,75,[73],4995.5,0.0,Inner11,4992,5000,4995.5,differentia=64+policy=RecencyProportionalResolution+target=64,<function upgma at 0x7ff24ea53040>
1236,76,76,[75],4995.5,0.0,Inner6,4992,5000,4995.5,differentia=64+policy=RecencyProportionalResolution+target=64,<function upgma at 0x7ff24ea53040>
1237,77,77,[76],5000.0,4.5,316581,5000,5001,5000.0,differentia=64+policy=RecencyProportionalResolution+target=64,<function upgma at 0x7ff24ea53040>
1238,78,78,[76],5001.0,5.5,316636,5001,5002,5001.0,differentia=64+policy=RecencyProportionalResolution+target=64,<function upgma at 0x7ff24ea53040>
1239,79,79,[75],5001.0,5.5,316645,5001,5002,5001.0,differentia=64+policy=RecencyProportionalResolution+target=64,<function upgma at 0x7ff24ea53040>
1240,80,80,[72],4995.5,2.0,Inner12,4992,5000,4995.5,differentia=64+policy=RecencyProportionalResolution+target=64,<function upgma at 0x7ff24ea53040>
1241,81,81,[80],5001.0,5.5,316595,5001,5002,5001.0,differentia=64+policy=RecencyProportionalResolution+target=64,<function upgma at 0x7ff24ea53040>
1242,82,82,[80],4995.5,0.0,Inner7,4992,5000,4995.5,differentia=64+policy=RecencyProportionalResolution+target=64,<function upgma at 0x7ff24ea53040>
1243,83,83,[82],5000.0,4.5,316551,5000,5001,5000.0,differentia=64+policy=RecencyProportionalResolution+target=64,<function upgma at 0x7ff24ea53040>
1244,84,84,[82],5001.0,5.5,316650,5001,5002,5001.0,differentia=64+policy=RecencyProportionalResolution+target=64,<function upgma at 0x7ff24ea53040>
1245,85,85,[55],4927.5,0.0,Inner63,4864,4992,4927.5,differentia=64+policy=RecencyProportionalResolution+target=64,<function upgma at 0x7ff24ea53040>
1246,86,86,[85],4995.0,67.5,Inner35,4992,4999,4995.0,differentia=64+policy=RecencyProportionalResolution+target=64,<function upgma at 0x7ff24ea53040>
1247,87,87,[86],5001.0,6.0,316612,5001,5002,5001.0,differentia=64+policy=RecencyProportionalResolution+target=64,<function upgma at 0x7ff24ea53040>
1248,88,88,[86],4995.0,0.0,Inner32,4992,4999,4995.0,differentia=64+policy=RecencyProportionalResolution+target=64,<function upgma at 0x7ff24ea53040>
1249,89,89,[88],4995.0,0.0,Inner29,4992,4999,4995.0,differentia=64+policy=RecencyProportionalResolution+target=64,<function upgma at 0x7ff24ea53040>
1250,90,90,[89],5001.0,6.0,316606,5001,5002,5001.0,differentia=64+policy=RecencyProportionalResolution+target=64,<function upgma at 0x7ff24ea53040>
1251,91,91,[89],4995.0,0.0,Inner26,4992,4999,4995.0,differentia=64+policy=RecencyProportionalResolution+target=64,<function upgma at 0x7ff24ea53040>
1252,92,92,[91],5001.0,6.0,316602,5001,5002,5001.0,differentia=64+policy=RecencyProportionalResolution+target=64,<function upgma at 0x7ff24ea53040>
1253,93,93,[91],4995.0,0.0,Inner23,4992,4999,4995.0,differentia=64+policy=RecencyProportionalResolution+target=64,<function upgma at 0x7ff24ea53040>
1254,94,94,[93],5001.0,6.0,316596,5001,5002,5001.0,differentia=64+policy=RecencyProportionalResolution+target=64,<function upgma at 0x7ff24ea53040>
1255,95,95,[93],4995.0,0.0,Inner20,4992,4999,4995.0,differentia=64+policy=RecencyProportionalResolution+target=64,<function upgma at 0x7ff24ea53040>
1256,96,96,[95],4995.0,0.0,Inner15,4992,4999,4995.0,differentia=64+policy=RecencyProportionalResolution+target=64,<function upgma at 0x7ff24ea53040>
1257,97,97,[96],4995.0,0.0,Inner10,4992,4999,4995.0,differentia=64+policy=RecencyProportionalResolution+target=64,<function upgma at 0x7ff24ea53040>
1258,98,98,[97],5001.0,6.0,316593,5001,5002,5001.0,differentia=64+policy=RecencyProportionalResolution+target=64,<function upgma at 0x7ff24ea53040>
1259,99,99,[97],4995.0,0.0,Inner5,4992,4999,4995.0,differentia=64+policy=RecencyProportionalResolution+target=64,<function upgma at 0x7ff24ea53040>
1260,100,100,[99],4999.0,4.0,316532,4999,5000,4999.0,differentia=64+policy=RecencyProportionalResolution+target=64,<function upgma at 0x7ff24ea53040>
1261,101,101,[99],5001.0,6.0,316613,5001,5002,5001.0,differentia=64+policy=RecencyProportionalResolution+target=64,<function upgma at 0x7ff24ea53040>
1262,102,102,[96],5001.0,6.0,316614,5001,5002,5001.0,differentia=64+policy=RecencyProportionalResolution+target=64,<function upgma at 0x7ff24ea53040>
1263,103,103,[95],5001.0,6.0,316627,5001,5002,5001.0,differentia=64+policy=RecencyProportionalResolution+target=64,<function upgma at 0x7ff24ea53040>
1264,104,104,[88],5001.0,6.0,316634,5001,5002,5001.0,differentia=64+policy=RecencyProportionalResolution+target=64,<function upgma at 0x7ff24ea53040>
1265,105,105,[85],4927.5,0.0,Inner62,4864,4992,4927.5,differentia=64+policy=RecencyProportionalResolution+target=64,<function upgma at 0x7ff24ea53040>
1266,106,106,[105],4995.5,68.0,Inner3,4992,5000,4995.5,differentia=64+policy=RecencyProportionalResolution+target=64,<function upgma at 0x7ff24ea53040>
1267,107,107,[106],5000.0,4.5,316563,5000,5001,5000.0,differentia=64+policy=RecencyProportionalResolution+target=64,<function upgma at 0x7ff24ea53040>
1268,108,108,[106],5001.0,5.5,316625,5001,5002,5001.0,differentia=64+policy=RecencyProportionalResolution+target=64,<function upgma at 0x7ff24ea53040>
1269,109,109,[105],4995.5,68.0,Inner14,4992,5000,4995.5,differentia=64+policy=RecencyProportionalResolution+target=64,<function upgma at 0x7ff24ea53040>
1270,110,110,[109],4995.5,0.0,Inner9,4992,5000,4995.5,differentia=64+policy=RecencyProportionalResolution+target=64,<function upgma at 0x7ff24ea53040>
1271,111,111,[110],4995.5,0.0,Inner4,4992,5000,4995.5,differentia=64+policy=RecencyProportionalResolution+target=64,<function upgma at 0x7ff24ea53040>
1272,112,112,[111],5000.0,4.5,316573,5000,5001,5000.0,differentia=64+policy=RecencyProportionalResolution+target=64,<function upgma at 0x7ff24ea53040>
1273,113,113,[111],5001.0,5.5,316611,5001,5002,5001.0,differentia=64+policy=RecencyProportionalResolution+target=64,<function upgma at 0x7ff24ea53040>
1274,114,114,[110],5001.0,5.5,316617,5001,5002,5001.0,differentia=64+policy=RecencyProportionalResolution+target=64,<function upgma at 0x7ff24ea53040>
1275,115,115,[109],5001.0,5.5,316653,5001,5002,5001.0,differentia=64+policy=RecencyProportionalResolution+target=64,<function upgma at 0x7ff24ea53040>
1276,116,116,[54],4995.5,68.0,Inner41,4992,5000,4995.5,differentia=64+policy=RecencyProportionalResolution+target=64,<function upgma at 0x7ff24ea53040>
1277,117,117,[116],5001.0,5.5,316641,5001,5002,5001.0,differentia=64+policy=RecencyProportionalResolution+target=64,<function upgma at 0x7ff24ea53040>
1278,118,118,[116],4995.5,0.0,Inner40,4992,5000,4995.5,differentia=64+policy=RecencyProportionalResolution+target=64,<function upgma at 0x7ff24ea53040>
1279,119,119,[118],5001.0,5.5,316605,5001,5002,5001.0,differentia=64+policy=RecencyProportionalResolution+target=64,<function upgma at 0x7ff24ea53040>
1280,120,120,[118],4995.5,0.0,Inner39,4992,5000,4995.5,differentia=64+policy=RecencyProportionalResolution+target=64,<function upgma at 0x7ff24ea53040>
1281,121,121,[120],5001.0,5.5,316598,5001,5002,5001.0,differentia=64+policy=RecencyProportionalResolution+target=64,<function upgma at 0x7ff24ea53040>
1282,122,122,[120],4995.5,0.0,Inner37,4992,5000,4995.5,differentia=64+policy=RecencyProportionalResolution+target=64,<function upgma at 0x7ff24ea53040>
1283,123,123,[122],5001.0,5.5,316639,5001,5002,5001.0,differentia=64+policy=RecencyProportionalResolution+target=64,<function upgma at 0x7ff24ea53040>
1284,124,124,[122],4995.5,0.0,Inner34,4992,5000,4995.5,differentia=64+policy=RecencyProportionalResolution+target=64,<function upgma at 0x7ff24ea53040>
1285,125,125,[124],5001.0,5.5,316638,5001,5002,5001.0,differentia=64+policy=RecencyProportionalResolution+target=64,<function upgma at 0x7ff24ea53040>
1286,126,126,[124],4995.5,0.0,Inner31,4992,5000,4995.5,differentia=64+policy=RecencyProportionalResolution+target=64,<function upgma at 0x7ff24ea53040>
1287,127,127,[126],5001.0,5.5,316647,5001,5002,5001.0,differentia=64+policy=RecencyProportionalResolution+target=64,<function upgma at 0x7ff24ea53040>
1288,128,128,[126],4995.5,0.0,Inner28,4992,5000,4995.5,differentia=64+policy=RecencyProportionalResolution+target=64,<function upgma at 0x7ff24ea53040>
1289,129,129,[128],5001.0,5.5,316621,5001,5002,5001.0,differentia=64+policy=RecencyProportionalResolution+target=64,<function upgma at 0x7ff24ea53040>
1290,130,130,[128],4995.5,0.0,Inner25,4992,5000,4995.5,differentia=64+policy=RecencyProportionalResolution+target=64,<function upgma at 0x7ff24ea53040>
1291,131,131,[130],5001.0,5.5,316619,5001,5002,5001.0,differentia=64+policy=RecencyProportionalResolution+target=64,<function upgma at 0x7ff24ea53040>
1292,132,132,[130],4995.5,0.0,Inner22,4992,5000,4995.5,differentia=64+policy=RecencyProportionalResolution+target=64,<function upgma at 0x7ff24ea53040>
1293,133,133,[132],5001.0,5.5,316610,5001,5002,5001.0,differentia=64+policy=RecencyProportionalResolution+target=64,<function upgma at 0x7ff24ea53040>
1294,134,134,[132],4995.5,0.0,Inner19,4992,5000,4995.5,differentia=64+policy=RecencyProportionalResolution+target=64,<function upgma at 0x7ff24ea53040>
1295,135,135,[134],5001.0,5.5,316603,5001,5002,5001.0,differentia=64+policy=RecencyProportionalResolution+target=64,<function upgma at 0x7ff24ea53040>
1296,136,136,[134],4995.5,0.0,Inner13,4992,5000,4995.5,differentia=64+policy=RecencyProportionalResolution+target=64,<function upgma at 0x7ff24ea53040>
1297,137,137,[136],4995.5,0.0,Inner8,4992,5000,4995.5,differentia=64+policy=RecencyProportionalResolution+target=64,<function upgma at 0x7ff24ea53040>
1298,138,138,[137],5001.0,5.5,316640,5001,5002,5001.0,differentia=64+policy=RecencyProportionalResolution+target=64,<function upgma at 0x7ff24ea53040>
1299,139,139,[137],4995.5,0.0,Inner2,4992,5000,4995.5,differentia=64+policy=RecencyProportionalResolution+target=64,<function upgma at 0x7ff24ea53040>
1300,140,140,[139],4996.5,1.0,Inner1,4996,4998,4996.5,differentia=64+policy=RecencyProportionalResolution+target=64,<function upgma at 0x7ff24ea53040>
1301,141,141,[140],5000.0,3.5,316547,5000,5001,5000.0,differentia=64+policy=RecencyProportionalResolution+target=64,<function upgma at 0x7ff24ea53040>
1302,142,142,[140],5000.0,3.5,316570,5000,5001,5000.0,differentia=64+policy=RecencyProportionalResolution+target=64,<function upgma at 0x7ff24ea53040>
1303,143,143,[139],5001.0,5.5,316643,5001,5002,5001.0,differentia=64+policy=RecencyProportionalResolution+target=64,<function upgma at 0x7ff24ea53040>
1304,144,144,[136],5001.0,5.5,316654,5001,5002,5001.0,differentia=64+policy=RecencyProportionalResolution+target=64,<function upgma at 0x7ff24ea53040>
1305,0,0,[None],4959.5,4959.5,Inner72,4928,4992,4959.5,differentia=64+policy=TaperedDepthProportionalResolution+target=4096,<function upgma at 0x7ff24ea53040>
1306,1,1,[0],5001.0,41.5,316644,5001,5002,5001.0,differentia=64+policy=TaperedDepthProportionalResolution+target=4096,<function upgma at 0x7ff24ea53040>
1307,2,2,[0],4959.5,0.0,Inner71,4928,4992,4959.5,differentia=64+policy=TaperedDepthProportionalResolution+target=4096,<function upgma at 0x7ff24ea53040>
1308,3,3,[2],4995.5,36.0,Inner61,4992,5000,4995.5,differentia=64+policy=TaperedDepthProportionalResolution+target=4096,<function upgma at 0x7ff24ea53040>
1309,4,4,[3],4995.5,0.0,Inner60,4992,5000,4995.5,differentia=64+policy=TaperedDepthProportionalResolution+target=4096,<function upgma at 0x7ff24ea53040>
1310,5,5,[4],5001.0,5.5,316589,5001,5002,5001.0,differentia=64+policy=TaperedDepthProportionalResolution+target=4096,<function upgma at 0x7ff24ea53040>
1311,6,6,[4],4995.5,0.0,Inner59,4992,5000,4995.5,differentia=64+policy=TaperedDepthProportionalResolution+target=4096,<function upgma at 0x7ff24ea53040>
1312,7,7,[6],5001.0,5.5,316591,5001,5002,5001.0,differentia=64+policy=TaperedDepthProportionalResolution+target=4096,<function upgma at 0x7ff24ea53040>
1313,8,8,[6],4995.5,0.0,Inner58,4992,5000,4995.5,differentia=64+policy=TaperedDepthProportionalResolution+target=4096,<function upgma at 0x7ff24ea53040>
1314,9,9,[8],4995.5,0.0,Inner57,4992,5000,4995.5,differentia=64+policy=TaperedDepthProportionalResolution+target=4096,<function upgma at 0x7ff24ea53040>
1315,10,10,[9],5001.0,5.5,316600,5001,5002,5001.0,differentia=64+policy=TaperedDepthProportionalResolution+target=4096,<function upgma at 0x7ff24ea53040>
1316,11,11,[9],4995.5,0.0,Inner56,4992,5000,4995.5,differentia=64+policy=TaperedDepthProportionalResolution+target=4096,<function upgma at 0x7ff24ea53040>
1317,12,12,[11],5001.0,5.5,316594,5001,5002,5001.0,differentia=64+policy=TaperedDepthProportionalResolution+target=4096,<function upgma at 0x7ff24ea53040>
1318,13,13,[11],5001.0,5.5,316635,5001,5002,5001.0,differentia=64+policy=TaperedDepthProportionalResolution+target=4096,<function upgma at 0x7ff24ea53040>
1319,14,14,[8],5001.0,5.5,316637,5001,5002,5001.0,differentia=64+policy=TaperedDepthProportionalResolution+target=4096,<function upgma at 0x7ff24ea53040>
1320,15,15,[3],5001.0,5.5,316648,5001,5002,5001.0,differentia=64+policy=TaperedDepthProportionalResolution+target=4096,<function upgma at 0x7ff24ea53040>
1321,16,16,[2],4959.5,0.0,Inner70,4928,4992,4959.5,differentia=64+policy=TaperedDepthProportionalResolution+target=4096,<function upgma at 0x7ff24ea53040>
1322,17,17,[16],4995.5,36.0,Inner55,4992,5000,4995.5,differentia=64+policy=TaperedDepthProportionalResolution+target=4096,<function upgma at 0x7ff24ea53040>
1323,18,18,[17],5001.0,5.5,316623,5001,5002,5001.0,differentia=64+policy=TaperedDepthProportionalResolution+target=4096,<function upgma at 0x7ff24ea53040>
1324,19,19,[17],4995.5,0.0,Inner54,4992,5000,4995.5,differentia=64+policy=TaperedDepthProportionalResolution+target=4096,<function upgma at 0x7ff24ea53040>
1325,20,20,[19],5001.0,5.5,316631,5001,5002,5001.0,differentia=64+policy=TaperedDepthProportionalResolution+target=4096,<function upgma at 0x7ff24ea53040>
1326,21,21,[19],4995.5,0.0,Inner53,4992,5000,4995.5,differentia=64+policy=TaperedDepthProportionalResolution+target=4096,<function upgma at 0x7ff24ea53040>
1327,22,22,[21],5001.0,5.5,316629,5001,5002,5001.0,differentia=64+policy=TaperedDepthProportionalResolution+target=4096,<function upgma at 0x7ff24ea53040>
1328,23,23,[21],4995.5,0.0,Inner52,4992,5000,4995.5,differentia=64+policy=TaperedDepthProportionalResolution+target=4096,<function upgma at 0x7ff24ea53040>
1329,24,24,[23],5001.0,5.5,316624,5001,5002,5001.0,differentia=64+policy=TaperedDepthProportionalResolution+target=4096,<function upgma at 0x7ff24ea53040>
1330,25,25,[23],4995.5,0.0,Inner51,4992,5000,4995.5,differentia=64+policy=TaperedDepthProportionalResolution+target=4096,<function upgma at 0x7ff24ea53040>
1331,26,26,[25],5001.0,5.5,316597,5001,5002,5001.0,differentia=64+policy=TaperedDepthProportionalResolution+target=4096,<function upgma at 0x7ff24ea53040>
1332,27,27,[25],5001.0,5.5,316632,5001,5002,5001.0,differentia=64+policy=TaperedDepthProportionalResolution+target=4096,<function upgma at 0x7ff24ea53040>
1333,28,28,[16],4959.5,0.0,Inner69,4928,4992,4959.5,differentia=64+policy=TaperedDepthProportionalResolution+target=4096,<function upgma at 0x7ff24ea53040>
1334,29,29,[28],5001.0,41.5,316649,5001,5002,5001.0,differentia=64+policy=TaperedDepthProportionalResolution+target=4096,<function upgma at 0x7ff24ea53040>
1335,30,30,[28],4959.5,0.0,Inner68,4928,4992,4959.5,differentia=64+policy=TaperedDepthProportionalResolution+target=4096,<function upgma at 0x7ff24ea53040>
1336,31,31,[30],4995.5,36.0,Inner50,4992,5000,4995.5,differentia=64+policy=TaperedDepthProportionalResolution+target=4096,<function upgma at 0x7ff24ea53040>
1337,32,32,[31],5001.0,5.5,316599,5001,5002,5001.0,differentia=64+policy=TaperedDepthProportionalResolution+target=4096,<function upgma at 0x7ff24ea53040>
1338,33,33,[31],4995.5,0.0,Inner49,4992,5000,4995.5,differentia=64+policy=TaperedDepthProportionalResolution+target=4096,<function upgma at 0x7ff24ea53040>
1339,34,34,[33],5001.0,5.5,316604,5001,5002,5001.0,differentia=64+policy=TaperedDepthProportionalResolution+target=4096,<function upgma at 0x7ff24ea53040>
1340,35,35,[33],4995.5,0.0,Inner48,4992,5000,4995.5,differentia=64+policy=TaperedDepthProportionalResolution+target=4096,<function upgma at 0x7ff24ea53040>
1341,36,36,[35],4995.5,0.0,Inner47,4992,5000,4995.5,differentia=64+policy=TaperedDepthProportionalResolution+target=4096,<function upgma at 0x7ff24ea53040>
1342,37,37,[36],5001.0,5.5,316608,5001,5002,5001.0,differentia=64+policy=TaperedDepthProportionalResolution+target=4096,<function upgma at 0x7ff24ea53040>
1343,38,38,[36],4995.5,0.0,Inner46,4992,5000,4995.5,differentia=64+policy=TaperedDepthProportionalResolution+target=4096,<function upgma at 0x7ff24ea53040>
1344,39,39,[38],5001.0,5.5,316601,5001,5002,5001.0,differentia=64+policy=TaperedDepthProportionalResolution+target=4096,<function upgma at 0x7ff24ea53040>
1345,40,40,[38],4995.5,0.0,Inner45,4992,5000,4995.5,differentia=64+policy=TaperedDepthProportionalResolution+target=4096,<function upgma at 0x7ff24ea53040>
1346,41,41,[40],4995.5,0.0,Inner44,4992,5000,4995.5,differentia=64+policy=TaperedDepthProportionalResolution+target=4096,<function upgma at 0x7ff24ea53040>
1347,42,42,[41],5001.0,5.5,316615,5001,5002,5001.0,differentia=64+policy=TaperedDepthProportionalResolution+target=4096,<function upgma at 0x7ff24ea53040>
1348,43,43,[41],4995.5,0.0,Inner43,4992,5000,4995.5,differentia=64+policy=TaperedDepthProportionalResolution+target=4096,<function upgma at 0x7ff24ea53040>
1349,44,44,[43],5001.0,5.5,316626,5001,5002,5001.0,differentia=64+policy=TaperedDepthProportionalResolution+target=4096,<function upgma at 0x7ff24ea53040>
1350,45,45,[43],5001.0,5.5,316633,5001,5002,5001.0,differentia=64+policy=TaperedDepthProportionalResolution+target=4096,<function upgma at 0x7ff24ea53040>
1351,46,46,[40],5001.0,5.5,316646,5001,5002,5001.0,differentia=64+policy=TaperedDepthProportionalResolution+target=4096,<function upgma at 0x7ff24ea53040>
1352,47,47,[35],5001.0,5.5,316652,5001,5002,5001.0,differentia=64+policy=TaperedDepthProportionalResolution+target=4096,<function upgma at 0x7ff24ea53040>
1353,48,48,[30],4959.5,0.0,Inner67,4928,4992,4959.5,differentia=64+policy=TaperedDepthProportionalResolution+target=4096,<function upgma at 0x7ff24ea53040>
1354,49,49,[48],5001.0,41.5,316607,5001,5002,5001.0,differentia=64+policy=TaperedDepthProportionalResolution+target=4096,<function upgma at 0x7ff24ea53040>
1355,50,50,[48],4959.5,0.0,Inner66,4928,4992,4959.5,differentia=64+policy=TaperedDepthProportionalResolution+target=4096,<function upgma at 0x7ff24ea53040>
1356,51,51,[50],4995.5,36.0,Inner42,4992,5000,4995.5,differentia=64+policy=TaperedDepthProportionalResolution+target=4096,<function upgma at 0x7ff24ea53040>
1357,52,52,[51],5001.0,5.5,316642,5001,5002,5001.0,differentia=64+policy=TaperedDepthProportionalResolution+target=4096,<function upgma at 0x7ff24ea53040>
1358,53,53,[51],5001.0,5.5,316651,5001,5002,5001.0,differentia=64+policy=TaperedDepthProportionalResolution+target=4096,<function upgma at 0x7ff24ea53040>
1359,54,54,[50],4959.5,0.0,Inner65,4928,4992,4959.5,differentia=64+policy=TaperedDepthProportionalResolution+target=4096,<function upgma at 0x7ff24ea53040>
1360,55,55,[54],4995.5,36.0,Inner41,4992,5000,4995.5,differentia=64+policy=TaperedDepthProportionalResolution+target=4096,<function upgma at 0x7ff24ea53040>
1361,56,56,[55],5001.0,5.5,316622,5001,5002,5001.0,differentia=64+policy=TaperedDepthProportionalResolution+target=4096,<function upgma at 0x7ff24ea53040>
1362,57,57,[55],4995.5,0.0,Inner39,4992,5000,4995.5,differentia=64+policy=TaperedDepthProportionalResolution+target=4096,<function upgma at 0x7ff24ea53040>
1363,58,58,[57],5001.0,5.5,316618,5001,5002,5001.0,differentia=64+policy=TaperedDepthProportionalResolution+target=4096,<function upgma at 0x7ff24ea53040>
1364,59,59,[57],4995.5,0.0,Inner37,4992,5000,4995.5,differentia=64+policy=TaperedDepthProportionalResolution+target=4096,<function upgma at 0x7ff24ea53040>
1365,60,60,[59],5001.0,5.5,316590,5001,5002,5001.0,differentia=64+policy=TaperedDepthProportionalResolution+target=4096,<function upgma at 0x7ff24ea53040>
1366,61,61,[59],4995.5,0.0,Inner35,4992,5000,4995.5,differentia=64+policy=TaperedDepthProportionalResolution+target=4096,<function upgma at 0x7ff24ea53040>
1367,62,62,[61],5001.0,5.5,316620,5001,5002,5001.0,differentia=64+policy=TaperedDepthProportionalResolution+target=4096,<function upgma at 0x7ff24ea53040>
1368,63,63,[61],4995.5,0.0,Inner32,4992,5000,4995.5,differentia=64+policy=TaperedDepthProportionalResolution+target=4096,<function upgma at 0x7ff24ea53040>
1369,64,64,[63],5001.0,5.5,316616,5001,5002,5001.0,differentia=64+policy=TaperedDepthProportionalResolution+target=4096,<function upgma at 0x7ff24ea53040>
1370,65,65,[63],4995.5,0.0,Inner29,4992,5000,4995.5,differentia=64+policy=TaperedDepthProportionalResolution+target=4096,<function upgma at 0x7ff24ea53040>
1371,66,66,[65],5001.0,5.5,316609,5001,5002,5001.0,differentia=64+policy=TaperedDepthProportionalResolution+target=4096,<function upgma at 0x7ff24ea53040>
1372,67,67,[65],4995.5,0.0,Inner26,4992,5000,4995.5,differentia=64+policy=TaperedDepthProportionalResolution+target=4096,<function upgma at 0x7ff24ea53040>
1373,68,68,[67],5001.0,5.5,316628,5001,5002,5001.0,differentia=64+policy=TaperedDepthProportionalResolution+target=4096,<function upgma at 0x7ff24ea53040>
1374,69,69,[67],4995.5,0.0,Inner23,4992,5000,4995.5,differentia=64+policy=TaperedDepthProportionalResolution+target=4096,<function upgma at 0x7ff24ea53040>
1375,70,70,[69],5001.0,5.5,316592,5001,5002,5001.0,differentia=64+policy=TaperedDepthProportionalResolution+target=4096,<function upgma at 0x7ff24ea53040>
1376,71,71,[69],4995.5,0.0,Inner20,4992,5000,4995.5,differentia=64+policy=TaperedDepthProportionalResolution+target=4096,<function upgma at 0x7ff24ea53040>
1377,72,72,[71],5001.0,5.5,316630,5001,5002,5001.0,differentia=64+policy=TaperedDepthProportionalResolution+target=4096,<function upgma at 0x7ff24ea53040>
1378,73,73,[71],4995.5,0.0,Inner17,4992,5000,4995.5,differentia=64+policy=TaperedDepthProportionalResolution+target=4096,<function upgma at 0x7ff24ea53040>
1379,74,74,[73],5001.0,5.5,316595,5001,5002,5001.0,differentia=64+policy=TaperedDepthProportionalResolution+target=4096,<function upgma at 0x7ff24ea53040>
1380,75,75,[73],4995.5,0.0,Inner13,4992,5000,4995.5,differentia=64+policy=TaperedDepthProportionalResolution+target=4096,<function upgma at 0x7ff24ea53040>
1381,76,76,[75],5001.0,5.5,316645,5001,5002,5001.0,differentia=64+policy=TaperedDepthProportionalResolution+target=4096,<function upgma at 0x7ff24ea53040>
1382,77,77,[75],4995.0,-0.5,Inner9,4992,4999,4995.0,differentia=64+policy=TaperedDepthProportionalResolution+target=4096,<function upgma at 0x7ff24ea53040>
1383,78,78,[77],4995.5,0.5,Inner6,4992,5000,4995.5,differentia=64+policy=TaperedDepthProportionalResolution+target=4096,<function upgma at 0x7ff24ea53040>
1384,79,79,[78],5000.0,4.5,316581,5000,5001,5000.0,differentia=64+policy=TaperedDepthProportionalResolution+target=4096,<function upgma at 0x7ff24ea53040>
1385,80,80,[78],5001.0,5.5,316636,5001,5002,5001.0,differentia=64+policy=TaperedDepthProportionalResolution+target=4096,<function upgma at 0x7ff24ea53040>
1386,81,81,[77],4995.5,0.5,Inner7,4992,5000,4995.5,differentia=64+policy=TaperedDepthProportionalResolution+target=4096,<function upgma at 0x7ff24ea53040>
1387,82,82,[81],5000.0,4.5,316551,5000,5001,5000.0,differentia=64+policy=TaperedDepthProportionalResolution+target=4096,<function upgma at 0x7ff24ea53040>
1388,83,83,[81],5001.0,5.5,316650,5001,5002,5001.0,differentia=64+policy=TaperedDepthProportionalResolution+target=4096,<function upgma at 0x7ff24ea53040>
1389,84,84,[54],4959.5,0.0,Inner64,4928,4992,4959.5,differentia=64+policy=TaperedDepthProportionalResolution+target=4096,<function upgma at 0x7ff24ea53040>
1390,85,85,[84],4959.5,0.0,Inner63,4928,4992,4959.5,differentia=64+policy=TaperedDepthProportionalResolution+target=4096,<function upgma at 0x7ff24ea53040>
1391,86,86,[85],4995.0,35.5,Inner34,4992,4999,4995.0,differentia=64+policy=TaperedDepthProportionalResolution+target=4096,<function upgma at 0x7ff24ea53040>
1392,87,87,[86],5001.0,6.0,316612,5001,5002,5001.0,differentia=64+policy=TaperedDepthProportionalResolution+target=4096,<function upgma at 0x7ff24ea53040>
1393,88,88,[86],4995.0,0.0,Inner31,4992,4999,4995.0,differentia=64+policy=TaperedDepthProportionalResolution+target=4096,<function upgma at 0x7ff24ea53040>
1394,89,89,[88],4995.0,0.0,Inner28,4992,4999,4995.0,differentia=64+policy=TaperedDepthProportionalResolution+target=4096,<function upgma at 0x7ff24ea53040>
1395,90,90,[89],5001.0,6.0,316606,5001,5002,5001.0,differentia=64+policy=TaperedDepthProportionalResolution+target=4096,<function upgma at 0x7ff24ea53040>
1396,91,91,[89],4995.0,0.0,Inner25,4992,4999,4995.0,differentia=64+policy=TaperedDepthProportionalResolution+target=4096,<function upgma at 0x7ff24ea53040>
1397,92,92,[91],5001.0,6.0,316602,5001,5002,5001.0,differentia=64+policy=TaperedDepthProportionalResolution+target=4096,<function upgma at 0x7ff24ea53040>
1398,93,93,[91],4995.0,0.0,Inner22,4992,4999,4995.0,differentia=64+policy=TaperedDepthProportionalResolution+target=4096,<function upgma at 0x7ff24ea53040>
1399,94,94,[93],5001.0,6.0,316596,5001,5002,5001.0,differentia=64+policy=TaperedDepthProportionalResolution+target=4096,<function upgma at 0x7ff24ea53040>
1400,95,95,[93],4995.0,0.0,Inner19,4992,4999,4995.0,differentia=64+policy=TaperedDepthProportionalResolution+target=4096,<function upgma at 0x7ff24ea53040>
1401,96,96,[95],4995.0,0.0,Inner16,4992,4999,4995.0,differentia=64+policy=TaperedDepthProportionalResolution+target=4096,<function upgma at 0x7ff24ea53040>
1402,97,97,[96],4995.0,0.0,Inner12,4992,4999,4995.0,differentia=64+policy=TaperedDepthProportionalResolution+target=4096,<function upgma at 0x7ff24ea53040>
1403,98,98,[97],5001.0,6.0,316593,5001,5002,5001.0,differentia=64+policy=TaperedDepthProportionalResolution+target=4096,<function upgma at 0x7ff24ea53040>
1404,99,99,[97],4995.0,0.0,Inner5,4992,4999,4995.0,differentia=64+policy=TaperedDepthProportionalResolution+target=4096,<function upgma at 0x7ff24ea53040>
1405,100,100,[99],4999.0,4.0,316532,4999,5000,4999.0,differentia=64+policy=TaperedDepthProportionalResolution+target=4096,<function upgma at 0x7ff24ea53040>
1406,101,101,[99],5001.0,6.0,316613,5001,5002,5001.0,differentia=64+policy=TaperedDepthProportionalResolution+target=4096,<function upgma at 0x7ff24ea53040>
1407,102,102,[96],5001.0,6.0,316614,5001,5002,5001.0,differentia=64+policy=TaperedDepthProportionalResolution+target=4096,<function upgma at 0x7ff24ea53040>
1408,103,103,[95],5001.0,6.0,316627,5001,5002,5001.0,differentia=64+policy=TaperedDepthProportionalResolution+target=4096,<function upgma at 0x7ff24ea53040>
1409,104,104,[88],5001.0,6.0,316634,5001,5002,5001.0,differentia=64+policy=TaperedDepthProportionalResolution+target=4096,<function upgma at 0x7ff24ea53040>
1410,105,105,[85],4959.5,0.0,Inner62,4928,4992,4959.5,differentia=64+policy=TaperedDepthProportionalResolution+target=4096,<function upgma at 0x7ff24ea53040>
1411,106,106,[105],4995.5,36.0,Inner3,4992,5000,4995.5,differentia=64+policy=TaperedDepthProportionalResolution+target=4096,<function upgma at 0x7ff24ea53040>
1412,107,107,[106],5000.0,4.5,316563,5000,5001,5000.0,differentia=64+policy=TaperedDepthProportionalResolution+target=4096,<function upgma at 0x7ff24ea53040>
1413,108,108,[106],5001.0,5.5,316625,5001,5002,5001.0,differentia=64+policy=TaperedDepthProportionalResolution+target=4096,<function upgma at 0x7ff24ea53040>
1414,109,109,[105],4995.5,36.0,Inner15,4992,5000,4995.5,differentia=64+policy=TaperedDepthProportionalResolution+target=4096,<function upgma at 0x7ff24ea53040>
1415,110,110,[109],4995.5,0.0,Inner11,4992,5000,4995.5,differentia=64+policy=TaperedDepthProportionalResolution+target=4096,<function upgma at 0x7ff24ea53040>
1416,111,111,[110],4995.5,0.0,Inner4,4992,5000,4995.5,differentia=64+policy=TaperedDepthProportionalResolution+target=4096,<function upgma at 0x7ff24ea53040>
1417,112,112,[111],5000.0,4.5,316573,5000,5001,5000.0,differentia=64+policy=TaperedDepthProportionalResolution+target=4096,<function upgma at 0x7ff24ea53040>
1418,113,113,[111],5001.0,5.5,316611,5001,5002,5001.0,differentia=64+policy=TaperedDepthProportionalResolution+target=4096,<function upgma at 0x7ff24ea53040>
1419,114,114,[110],5001.0,5.5,316617,5001,5002,5001.0,differentia=64+policy=TaperedDepthProportionalResolution+target=4096,<function upgma at 0x7ff24ea53040>
1420,115,115,[109],5001.0,5.5,316653,5001,5002,5001.0,differentia=64+policy=TaperedDepthProportionalResolution+target=4096,<function upgma at 0x7ff24ea53040>
1421,116,116,[84],4995.5,36.0,Inner40,4992,5000,4995.5,differentia=64+policy=TaperedDepthProportionalResolution+target=4096,<function upgma at 0x7ff24ea53040>
1422,117,117,[116],5001.0,5.5,316641,5001,5002,5001.0,differentia=64+policy=TaperedDepthProportionalResolution+target=4096,<function upgma at 0x7ff24ea53040>
1423,118,118,[116],4995.5,0.0,Inner38,4992,5000,4995.5,differentia=64+policy=TaperedDepthProportionalResolution+target=4096,<function upgma at 0x7ff24ea53040>
1424,119,119,[118],5001.0,5.5,316605,5001,5002,5001.0,differentia=64+policy=TaperedDepthProportionalResolution+target=4096,<function upgma at 0x7ff24ea53040>
1425,120,120,[118],4995.5,0.0,Inner36,4992,5000,4995.5,differentia=64+policy=TaperedDepthProportionalResolution+target=4096,<function upgma at 0x7ff24ea53040>
1426,121,121,[120],5001.0,5.5,316598,5001,5002,5001.0,differentia=64+policy=TaperedDepthProportionalResolution+target=4096,<function upgma at 0x7ff24ea53040>
1427,122,122,[120],4995.5,0.0,Inner33,4992,5000,4995.5,differentia=64+policy=TaperedDepthProportionalResolution+target=4096,<function upgma at 0x7ff24ea53040>
1428,123,123,[122],5001.0,5.5,316639,5001,5002,5001.0,differentia=64+policy=TaperedDepthProportionalResolution+target=4096,<function upgma at 0x7ff24ea53040>
1429,124,124,[122],4995.5,0.0,Inner30,4992,5000,4995.5,differentia=64+policy=TaperedDepthProportionalResolution+target=4096,<function upgma at 0x7ff24ea53040>
1430,125,125,[124],5001.0,5.5,316638,5001,5002,5001.0,differentia=64+policy=TaperedDepthProportionalResolution+target=4096,<function upgma at 0x7ff24ea53040>
1431,126,126,[124],4995.5,0.0,Inner27,4992,5000,4995.5,differentia=64+policy=TaperedDepthProportionalResolution+target=4096,<function upgma at 0x7ff24ea53040>
1432,127,127,[126],5001.0,5.5,316647,5001,5002,5001.0,differentia=64+policy=TaperedDepthProportionalResolution+target=4096,<function upgma at 0x7ff24ea53040>
1433,128,128,[126],4995.5,0.0,Inner24,4992,5000,4995.5,differentia=64+policy=TaperedDepthProportionalResolution+target=4096,<function upgma at 0x7ff24ea53040>
1434,129,129,[128],5001.0,5.5,316621,5001,5002,5001.0,differentia=64+policy=TaperedDepthProportionalResolution+target=4096,<function upgma at 0x7ff24ea53040>
1435,130,130,[128],4995.5,0.0,Inner21,4992,5000,4995.5,differentia=64+policy=TaperedDepthProportionalResolution+target=4096,<function upgma at 0x7ff24ea53040>
1436,131,131,[130],5001.0,5.5,316619,5001,5002,5001.0,differentia=64+policy=TaperedDepthProportionalResolution+target=4096,<function upgma at 0x7ff24ea53040>
1437,132,132,[130],4995.5,0.0,Inner18,4992,5000,4995.5,differentia=64+policy=TaperedDepthProportionalResolution+target=4096,<function upgma at 0x7ff24ea53040>
1438,133,133,[132],5001.0,5.5,316610,5001,5002,5001.0,differentia=64+policy=TaperedDepthProportionalResolution+target=4096,<function upgma at 0x7ff24ea53040>
1439,134,134,[132],4995.5,0.0,Inner14,4992,5000,4995.5,differentia=64+policy=TaperedDepthProportionalResolution+target=4096,<function upgma at 0x7ff24ea53040>
1440,135,135,[134],5001.0,5.5,316603,5001,5002,5001.0,differentia=64+policy=TaperedDepthProportionalResolution+target=4096,<function upgma at 0x7ff24ea53040>
1441,136,136,[134],4995.5,0.0,Inner10,4992,5000,4995.5,differentia=64+policy=TaperedDepthProportionalResolution+target=4096,<function upgma at 0x7ff24ea53040>
1442,137,137,[136],4995.0,-0.5,Inner8,4992,4999,4995.0,differentia=64+policy=TaperedDepthProportionalResolution+target=4096,<function upgma at 0x7ff24ea53040>
1443,138,138,[137],4995.5,0.5,Inner2,4992,5000,4995.5,differentia=64+policy=TaperedDepthProportionalResolution+target=4096,<function upgma at 0x7ff24ea53040>
1444,139,139,[138],5000.0,4.5,316547,5000,5001,5000.0,differentia=64+policy=TaperedDepthProportionalResolution+target=4096,<function upgma at 0x7ff24ea53040>
1445,140,140,[138],5001.0,5.5,316640,5001,5002,5001.0,differentia=64+policy=TaperedDepthProportionalResolution+target=4096,<function upgma at 0x7ff24ea53040>
1446,141,141,[137],4995.5,0.5,Inner1,4992,5000,4995.5,differentia=64+policy=TaperedDepthProportionalResolution+target=4096,<function upgma at 0x7ff24ea53040>
1447,142,142,[141],5000.0,4.5,316570,5000,5001,5000.0,differentia=64+policy=TaperedDepthProportionalResolution+target=4096,<function upgma at 0x7ff24ea53040>
1448,143,143,[141],5001.0,5.5,316643,5001,5002,5001.0,differentia=64+policy=TaperedDepthProportionalResolution+target=4096,<function upgma at 0x7ff24ea53040>
1449,144,144,[136],5001.0,5.5,316654,5001,5002,5001.0,differentia=64+policy=TaperedDepthProportionalResolution+target=4096,<function upgma at 0x7ff24ea53040>
1450,0,0,[None],4803.0,4803.0,Inner72,4608,4999,4803.0,differentia=64+policy=TaperedDepthProportionalResolution+target=512,<function upgma at 0x7ff24ea53040>
1451,1,1,[0],5001.0,198.0,316622,5001,5002,5001.0,differentia=64+policy=TaperedDepthProportionalResolution+target=512,<function upgma at 0x7ff24ea53040>
1452,2,2,[0],4803.0,0.0,Inner71,4608,4999,4803.0,differentia=64+policy=TaperedDepthProportionalResolution+target=512,<function upgma at 0x7ff24ea53040>
1453,3,3,[2],5001.0,198.0,316618,5001,5002,5001.0,differentia=64+policy=TaperedDepthProportionalResolution+target=512,<function upgma at 0x7ff24ea53040>
1454,4,4,[2],4803.0,0.0,Inner70,4608,4999,4803.0,differentia=64+policy=TaperedDepthProportionalResolution+target=512,<function upgma at 0x7ff24ea53040>
1455,5,5,[4],5001.0,198.0,316590,5001,5002,5001.0,differentia=64+policy=TaperedDepthProportionalResolution+target=512,<function upgma at 0x7ff24ea53040>
1456,6,6,[4],4803.0,0.0,Inner69,4608,4999,4803.0,differentia=64+policy=TaperedDepthProportionalResolution+target=512,<function upgma at 0x7ff24ea53040>
1457,7,7,[6],4803.5,0.5,Inner68,4608,5000,4803.5,differentia=64+policy=TaperedDepthProportionalResolution+target=512,<function upgma at 0x7ff24ea53040>
1458,8,8,[7],5001.0,197.5,316620,5001,5002,5001.0,differentia=64+policy=TaperedDepthProportionalResolution+target=512,<function upgma at 0x7ff24ea53040>
1459,9,9,[7],4803.5,0.0,Inner67,4608,5000,4803.5,differentia=64+policy=TaperedDepthProportionalResolution+target=512,<function upgma at 0x7ff24ea53040>
1460,10,10,[9],5001.0,197.5,316616,5001,5002,5001.0,differentia=64+policy=TaperedDepthProportionalResolution+target=512,<function upgma at 0x7ff24ea53040>
1461,11,11,[9],4803.5,0.0,Inner66,4608,5000,4803.5,differentia=64+policy=TaperedDepthProportionalResolution+target=512,<function upgma at 0x7ff24ea53040>
1462,12,12,[11],5001.0,197.5,316609,5001,5002,5001.0,differentia=64+policy=TaperedDepthProportionalResolution+target=512,<function upgma at 0x7ff24ea53040>
1463,13,13,[11],4803.5,0.0,Inner65,4608,5000,4803.5,differentia=64+policy=TaperedDepthProportionalResolution+target=512,<function upgma at 0x7ff24ea53040>
1464,14,14,[13],5001.0,197.5,316628,5001,5002,5001.0,differentia=64+policy=TaperedDepthProportionalResolution+target=512,<function upgma at 0x7ff24ea53040>
1465,15,15,[13],4803.5,0.0,Inner64,4608,5000,4803.5,differentia=64+policy=TaperedDepthProportionalResolution+target=512,<function upgma at 0x7ff24ea53040>
1466,16,16,[15],5001.0,197.5,316592,5001,5002,5001.0,differentia=64+policy=TaperedDepthProportionalResolution+target=512,<function upgma at 0x7ff24ea53040>
1467,17,17,[15],4803.5,0.0,Inner63,4608,5000,4803.5,differentia=64+policy=TaperedDepthProportionalResolution+target=512,<function upgma at 0x7ff24ea53040>
1468,18,18,[17],5001.0,197.5,316630,5001,5002,5001.0,differentia=64+policy=TaperedDepthProportionalResolution+target=512,<function upgma at 0x7ff24ea53040>
1469,19,19,[17],4803.5,0.0,Inner62,4608,5000,4803.5,differentia=64+policy=TaperedDepthProportionalResolution+target=512,<function upgma at 0x7ff24ea53040>
1470,20,20,[19],5001.0,197.5,316595,5001,5002,5001.0,differentia=64+policy=TaperedDepthProportionalResolution+target=512,<function upgma at 0x7ff24ea53040>
1471,21,21,[19],4803.5,0.0,Inner61,4608,5000,4803.5,differentia=64+policy=TaperedDepthProportionalResolution+target=512,<function upgma at 0x7ff24ea53040>
1472,22,22,[21],5001.0,197.5,316645,5001,5002,5001.0,differentia=64+policy=TaperedDepthProportionalResolution+target=512,<function upgma at 0x7ff24ea53040>
1473,23,23,[21],4803.5,0.0,Inner60,4608,5000,4803.5,differentia=64+policy=TaperedDepthProportionalResolution+target=512,<function upgma at 0x7ff24ea53040>
1474,24,24,[23],4803.5,0.0,Inner59,4608,5000,4803.5,differentia=64+policy=TaperedDepthProportionalResolution+target=512,<function upgma at 0x7ff24ea53040>
1475,25,25,[24],4803.5,0.0,Inner58,4608,5000,4803.5,differentia=64+policy=TaperedDepthProportionalResolution+target=512,<function upgma at 0x7ff24ea53040>
1476,26,26,[25],5001.0,197.5,316612,5001,5002,5001.0,differentia=64+policy=TaperedDepthProportionalResolution+target=512,<function upgma at 0x7ff24ea53040>
1477,27,27,[25],4803.5,0.0,Inner57,4608,5000,4803.5,differentia=64+policy=TaperedDepthProportionalResolution+target=512,<function upgma at 0x7ff24ea53040>
1478,28,28,[27],4803.5,0.0,Inner56,4608,5000,4803.5,differentia=64+policy=TaperedDepthProportionalResolution+target=512,<function upgma at 0x7ff24ea53040>
1479,29,29,[28],5001.0,197.5,316606,5001,5002,5001.0,differentia=64+policy=TaperedDepthProportionalResolution+target=512,<function upgma at 0x7ff24ea53040>
1480,30,30,[28],4803.5,0.0,Inner55,4608,5000,4803.5,differentia=64+policy=TaperedDepthProportionalResolution+target=512,<function upgma at 0x7ff24ea53040>
1481,31,31,[30],5001.0,197.5,316602,5001,5002,5001.0,differentia=64+policy=TaperedDepthProportionalResolution+target=512,<function upgma at 0x7ff24ea53040>
1482,32,32,[30],4803.5,0.0,Inner54,4608,5000,4803.5,differentia=64+policy=TaperedDepthProportionalResolution+target=512,<function upgma at 0x7ff24ea53040>
1483,33,33,[32],5001.0,197.5,316596,5001,5002,5001.0,differentia=64+policy=TaperedDepthProportionalResolution+target=512,<function upgma at 0x7ff24ea53040>
1484,34,34,[32],4803.5,0.0,Inner53,4608,5000,4803.5,differentia=64+policy=TaperedDepthProportionalResolution+target=512,<function upgma at 0x7ff24ea53040>
1485,35,35,[34],4803.5,0.0,Inner52,4608,5000,4803.5,differentia=64+policy=TaperedDepthProportionalResolution+target=512,<function upgma at 0x7ff24ea53040>
1486,36,36,[35],5001.0,197.5,316593,5001,5002,5001.0,differentia=64+policy=TaperedDepthProportionalResolution+target=512,<function upgma at 0x7ff24ea53040>
1487,37,37,[35],5001.0,197.5,316614,5001,5002,5001.0,differentia=64+policy=TaperedDepthProportionalResolution+target=512,<function upgma at 0x7ff24ea53040>
1488,38,38,[34],5001.0,197.5,316627,5001,5002,5001.0,differentia=64+policy=TaperedDepthProportionalResolution+target=512,<function upgma at 0x7ff24ea53040>
1489,39,39,[27],5001.0,197.5,316634,5001,5002,5001.0,differentia=64+policy=TaperedDepthProportionalResolution+target=512,<function upgma at 0x7ff24ea53040>
1490,40,40,[24],5001.0,197.5,316636,5001,5002,5001.0,differentia=64+policy=TaperedDepthProportionalResolution+target=512,<function upgma at 0x7ff24ea53040>
1491,41,41,[23],5001.0,197.5,316650,5001,5002,5001.0,differentia=64+policy=TaperedDepthProportionalResolution+target=512,<function upgma at 0x7ff24ea53040>
1492,42,42,[6],4803.0,0.0,Inner51,4608,4999,4803.0,differentia=64+policy=TaperedDepthProportionalResolution+target=512,<function upgma at 0x7ff24ea53040>
1493,43,43,[42],5001.0,198.0,316613,5001,5002,5001.0,differentia=64+policy=TaperedDepthProportionalResolution+target=512,<function upgma at 0x7ff24ea53040>
1494,44,44,[42],4803.0,0.0,Inner50,4608,4999,4803.0,differentia=64+policy=TaperedDepthProportionalResolution+target=512,<function upgma at 0x7ff24ea53040>
1495,45,45,[44],5001.0,198.0,316653,5001,5002,5001.0,differentia=64+policy=TaperedDepthProportionalResolution+target=512,<function upgma at 0x7ff24ea53040>
1496,46,46,[44],4803.0,0.0,Inner49,4608,4999,4803.0,differentia=64+policy=TaperedDepthProportionalResolution+target=512,<function upgma at 0x7ff24ea53040>
1497,47,47,[46],5001.0,198.0,316617,5001,5002,5001.0,differentia=64+policy=TaperedDepthProportionalResolution+target=512,<function upgma at 0x7ff24ea53040>
1498,48,48,[46],4803.0,0.0,Inner48,4608,4999,4803.0,differentia=64+policy=TaperedDepthProportionalResolution+target=512,<function upgma at 0x7ff24ea53040>
1499,49,49,[48],5001.0,198.0,316611,5001,5002,5001.0,differentia=64+policy=TaperedDepthProportionalResolution+target=512,<function upgma at 0x7ff24ea53040>
1500,50,50,[48],4803.0,0.0,Inner47,4608,4999,4803.0,differentia=64+policy=TaperedDepthProportionalResolution+target=512,<function upgma at 0x7ff24ea53040>
1501,51,51,[50],5001.0,198.0,316644,5001,5002,5001.0,differentia=64+policy=TaperedDepthProportionalResolution+target=512,<function upgma at 0x7ff24ea53040>
1502,52,52,[50],4803.0,0.0,Inner46,4608,4999,4803.0,differentia=64+policy=TaperedDepthProportionalResolution+target=512,<function upgma at 0x7ff24ea53040>
1503,53,53,[52],5001.0,198.0,316648,5001,5002,5001.0,differentia=64+policy=TaperedDepthProportionalResolution+target=512,<function upgma at 0x7ff24ea53040>
1504,54,54,[52],4803.0,0.0,Inner45,4608,4999,4803.0,differentia=64+policy=TaperedDepthProportionalResolution+target=512,<function upgma at 0x7ff24ea53040>
1505,55,55,[54],5001.0,198.0,316589,5001,5002,5001.0,differentia=64+policy=TaperedDepthProportionalResolution+target=512,<function upgma at 0x7ff24ea53040>
1506,56,56,[54],4803.0,0.0,Inner44,4608,4999,4803.0,differentia=64+policy=TaperedDepthProportionalResolution+target=512,<function upgma at 0x7ff24ea53040>
1507,57,57,[56],5001.0,198.0,316591,5001,5002,5001.0,differentia=64+policy=TaperedDepthProportionalResolution+target=512,<function upgma at 0x7ff24ea53040>
1508,58,58,[56],4803.0,0.0,Inner43,4608,4999,4803.0,differentia=64+policy=TaperedDepthProportionalResolution+target=512,<function upgma at 0x7ff24ea53040>
1509,59,59,[58],5001.0,198.0,316637,5001,5002,5001.0,differentia=64+policy=TaperedDepthProportionalResolution+target=512,<function upgma at 0x7ff24ea53040>
1510,60,60,[58],4803.0,0.0,Inner42,4608,4999,4803.0,differentia=64+policy=TaperedDepthProportionalResolution+target=512,<function upgma at 0x7ff24ea53040>
1511,61,61,[60],5001.0,198.0,316600,5001,5002,5001.0,differentia=64+policy=TaperedDepthProportionalResolution+target=512,<function upgma at 0x7ff24ea53040>
1512,62,62,[60],4803.0,0.0,Inner41,4608,4999,4803.0,differentia=64+policy=TaperedDepthProportionalResolution+target=512,<function upgma at 0x7ff24ea53040>
1513,63,63,[62],5001.0,198.0,316594,5001,5002,5001.0,differentia=64+policy=TaperedDepthProportionalResolution+target=512,<function upgma at 0x7ff24ea53040>
1514,64,64,[62],4803.0,0.0,Inner40,4608,4999,4803.0,differentia=64+policy=TaperedDepthProportionalResolution+target=512,<function upgma at 0x7ff24ea53040>
1515,65,65,[64],5001.0,198.0,316635,5001,5002,5001.0,differentia=64+policy=TaperedDepthProportionalResolution+target=512,<function upgma at 0x7ff24ea53040>
1516,66,66,[64],4803.0,0.0,Inner39,4608,4999,4803.0,differentia=64+policy=TaperedDepthProportionalResolution+target=512,<function upgma at 0x7ff24ea53040>
1517,67,67,[66],5001.0,198.0,316623,5001,5002,5001.0,differentia=64+policy=TaperedDepthProportionalResolution+target=512,<function upgma at 0x7ff24ea53040>
1518,68,68,[66],4803.0,0.0,Inner38,4608,4999,4803.0,differentia=64+policy=TaperedDepthProportionalResolution+target=512,<function upgma at 0x7ff24ea53040>
1519,69,69,[68],5001.0,198.0,316631,5001,5002,5001.0,differentia=64+policy=TaperedDepthProportionalResolution+target=512,<function upgma at 0x7ff24ea53040>
1520,70,70,[68],4803.0,0.0,Inner37,4608,4999,4803.0,differentia=64+policy=TaperedDepthProportionalResolution+target=512,<function upgma at 0x7ff24ea53040>
1521,71,71,[70],5001.0,198.0,316629,5001,5002,5001.0,differentia=64+policy=TaperedDepthProportionalResolution+target=512,<function upgma at 0x7ff24ea53040>
1522,72,72,[70],4803.0,0.0,Inner36,4608,4999,4803.0,differentia=64+policy=TaperedDepthProportionalResolution+target=512,<function upgma at 0x7ff24ea53040>
1523,73,73,[72],5001.0,198.0,316624,5001,5002,5001.0,differentia=64+policy=TaperedDepthProportionalResolution+target=512,<function upgma at 0x7ff24ea53040>
1524,74,74,[72],4803.0,0.0,Inner35,4608,4999,4803.0,differentia=64+policy=TaperedDepthProportionalResolution+target=512,<function upgma at 0x7ff24ea53040>
1525,75,75,[74],5001.0,198.0,316597,5001,5002,5001.0,differentia=64+policy=TaperedDepthProportionalResolution+target=512,<function upgma at 0x7ff24ea53040>
1526,76,76,[74],4803.0,0.0,Inner34,4608,4999,4803.0,differentia=64+policy=TaperedDepthProportionalResolution+target=512,<function upgma at 0x7ff24ea53040>
1527,77,77,[76],5001.0,198.0,316632,5001,5002,5001.0,differentia=64+policy=TaperedDepthProportionalResolution+target=512,<function upgma at 0x7ff24ea53040>
1528,78,78,[76],4803.0,0.0,Inner33,4608,4999,4803.0,differentia=64+policy=TaperedDepthProportionalResolution+target=512,<function upgma at 0x7ff24ea53040>
1529,79,79,[78],5001.0,198.0,316649,5001,5002,5001.0,differentia=64+policy=TaperedDepthProportionalResolution+target=512,<function upgma at 0x7ff24ea53040>
1530,80,80,[78],4803.0,0.0,Inner32,4608,4999,4803.0,differentia=64+policy=TaperedDepthProportionalResolution+target=512,<function upgma at 0x7ff24ea53040>
1531,81,81,[80],5001.0,198.0,316599,5001,5002,5001.0,differentia=64+policy=TaperedDepthProportionalResolution+target=512,<function upgma at 0x7ff24ea53040>
1532,82,82,[80],4803.0,0.0,Inner31,4608,4999,4803.0,differentia=64+policy=TaperedDepthProportionalResolution+target=512,<function upgma at 0x7ff24ea53040>
1533,83,83,[82],5001.0,198.0,316604,5001,5002,5001.0,differentia=64+policy=TaperedDepthProportionalResolution+target=512,<function upgma at 0x7ff24ea53040>
1534,84,84,[82],4803.0,0.0,Inner30,4608,4999,4803.0,differentia=64+policy=TaperedDepthProportionalResolution+target=512,<function upgma at 0x7ff24ea53040>
1535,85,85,[84],5001.0,198.0,316652,5001,5002,5001.0,differentia=64+policy=TaperedDepthProportionalResolution+target=512,<function upgma at 0x7ff24ea53040>
1536,86,86,[84],4803.0,0.0,Inner29,4608,4999,4803.0,differentia=64+policy=TaperedDepthProportionalResolution+target=512,<function upgma at 0x7ff24ea53040>
1537,87,87,[86],5001.0,198.0,316608,5001,5002,5001.0,differentia=64+policy=TaperedDepthProportionalResolution+target=512,<function upgma at 0x7ff24ea53040>
1538,88,88,[86],4803.0,0.0,Inner28,4608,4999,4803.0,differentia=64+policy=TaperedDepthProportionalResolution+target=512,<function upgma at 0x7ff24ea53040>
1539,89,89,[88],5001.0,198.0,316601,5001,5002,5001.0,differentia=64+policy=TaperedDepthProportionalResolution+target=512,<function upgma at 0x7ff24ea53040>
1540,90,90,[88],4803.0,0.0,Inner27,4608,4999,4803.0,differentia=64+policy=TaperedDepthProportionalResolution+target=512,<function upgma at 0x7ff24ea53040>
1541,91,91,[90],5001.0,198.0,316646,5001,5002,5001.0,differentia=64+policy=TaperedDepthProportionalResolution+target=512,<function upgma at 0x7ff24ea53040>
1542,92,92,[90],4803.0,0.0,Inner26,4608,4999,4803.0,differentia=64+policy=TaperedDepthProportionalResolution+target=512,<function upgma at 0x7ff24ea53040>
1543,93,93,[92],5001.0,198.0,316615,5001,5002,5001.0,differentia=64+policy=TaperedDepthProportionalResolution+target=512,<function upgma at 0x7ff24ea53040>
1544,94,94,[92],4803.0,0.0,Inner25,4608,4999,4803.0,differentia=64+policy=TaperedDepthProportionalResolution+target=512,<function upgma at 0x7ff24ea53040>
1545,95,95,[94],5001.0,198.0,316626,5001,5002,5001.0,differentia=64+policy=TaperedDepthProportionalResolution+target=512,<function upgma at 0x7ff24ea53040>
1546,96,96,[94],4803.0,0.0,Inner24,4608,4999,4803.0,differentia=64+policy=TaperedDepthProportionalResolution+target=512,<function upgma at 0x7ff24ea53040>
1547,97,97,[96],5001.0,198.0,316633,5001,5002,5001.0,differentia=64+policy=TaperedDepthProportionalResolution+target=512,<function upgma at 0x7ff24ea53040>
1548,98,98,[96],4803.0,0.0,Inner23,4608,4999,4803.0,differentia=64+policy=TaperedDepthProportionalResolution+target=512,<function upgma at 0x7ff24ea53040>
1549,99,99,[98],5001.0,198.0,316625,5001,5002,5001.0,differentia=64+policy=TaperedDepthProportionalResolution+target=512,<function upgma at 0x7ff24ea53040>
1550,100,100,[98],4803.0,0.0,Inner22,4608,4999,4803.0,differentia=64+policy=TaperedDepthProportionalResolution+target=512,<function upgma at 0x7ff24ea53040>
1551,101,101,[100],5001.0,198.0,316607,5001,5002,5001.0,differentia=64+policy=TaperedDepthProportionalResolution+target=512,<function upgma at 0x7ff24ea53040>
1552,102,102,[100],4803.0,0.0,Inner21,4608,4999,4803.0,differentia=64+policy=TaperedDepthProportionalResolution+target=512,<function upgma at 0x7ff24ea53040>
1553,103,103,[102],5001.0,198.0,316642,5001,5002,5001.0,differentia=64+policy=TaperedDepthProportionalResolution+target=512,<function upgma at 0x7ff24ea53040>
1554,104,104,[102],4803.0,0.0,Inner20,4608,4999,4803.0,differentia=64+policy=TaperedDepthProportionalResolution+target=512,<function upgma at 0x7ff24ea53040>
1555,105,105,[104],5001.0,198.0,316651,5001,5002,5001.0,differentia=64+policy=TaperedDepthProportionalResolution+target=512,<function upgma at 0x7ff24ea53040>
1556,106,106,[104],4803.0,0.0,Inner19,4608,4999,4803.0,differentia=64+policy=TaperedDepthProportionalResolution+target=512,<function upgma at 0x7ff24ea53040>
1557,107,107,[106],5001.0,198.0,316641,5001,5002,5001.0,differentia=64+policy=TaperedDepthProportionalResolution+target=512,<function upgma at 0x7ff24ea53040>
1558,108,108,[106],4803.0,0.0,Inner18,4608,4999,4803.0,differentia=64+policy=TaperedDepthProportionalResolution+target=512,<function upgma at 0x7ff24ea53040>
1559,109,109,[108],5001.0,198.0,316605,5001,5002,5001.0,differentia=64+policy=TaperedDepthProportionalResolution+target=512,<function upgma at 0x7ff24ea53040>
1560,110,110,[108],4803.0,0.0,Inner17,4608,4999,4803.0,differentia=64+policy=TaperedDepthProportionalResolution+target=512,<function upgma at 0x7ff24ea53040>
1561,111,111,[110],5001.0,198.0,316598,5001,5002,5001.0,differentia=64+policy=TaperedDepthProportionalResolution+target=512,<function upgma at 0x7ff24ea53040>
1562,112,112,[110],4803.0,0.0,Inner16,4608,4999,4803.0,differentia=64+policy=TaperedDepthProportionalResolution+target=512,<function upgma at 0x7ff24ea53040>
1563,113,113,[112],5001.0,198.0,316639,5001,5002,5001.0,differentia=64+policy=TaperedDepthProportionalResolution+target=512,<function upgma at 0x7ff24ea53040>
1564,114,114,[112],4803.0,0.0,Inner15,4608,4999,4803.0,differentia=64+policy=TaperedDepthProportionalResolution+target=512,<function upgma at 0x7ff24ea53040>
1565,115,115,[114],5001.0,198.0,316638,5001,5002,5001.0,differentia=64+policy=TaperedDepthProportionalResolution+target=512,<function upgma at 0x7ff24ea53040>
1566,116,116,[114],4803.0,0.0,Inner14,4608,4999,4803.0,differentia=64+policy=TaperedDepthProportionalResolution+target=512,<function upgma at 0x7ff24ea53040>
1567,117,117,[116],5001.0,198.0,316647,5001,5002,5001.0,differentia=64+policy=TaperedDepthProportionalResolution+target=512,<function upgma at 0x7ff24ea53040>
1568,118,118,[116],4803.0,0.0,Inner13,4608,4999,4803.0,differentia=64+policy=TaperedDepthProportionalResolution+target=512,<function upgma at 0x7ff24ea53040>
1569,119,119,[118],5001.0,198.0,316621,5001,5002,5001.0,differentia=64+policy=TaperedDepthProportionalResolution+target=512,<function upgma at 0x7ff24ea53040>
1570,120,120,[118],4803.0,0.0,Inner12,4608,4999,4803.0,differentia=64+policy=TaperedDepthProportionalResolution+target=512,<function upgma at 0x7ff24ea53040>
1571,121,121,[120],5001.0,198.0,316619,5001,5002,5001.0,differentia=64+policy=TaperedDepthProportionalResolution+target=512,<function upgma at 0x7ff24ea53040>
1572,122,122,[120],4803.0,0.0,Inner11,4608,4999,4803.0,differentia=64+policy=TaperedDepthProportionalResolution+target=512,<function upgma at 0x7ff24ea53040>
1573,123,123,[122],5001.0,198.0,316610,5001,5002,5001.0,differentia=64+policy=TaperedDepthProportionalResolution+target=512,<function upgma at 0x7ff24ea53040>
1574,124,124,[122],4803.0,0.0,Inner10,4608,4999,4803.0,differentia=64+policy=TaperedDepthProportionalResolution+target=512,<function upgma at 0x7ff24ea53040>
1575,125,125,[124],5001.0,198.0,316603,5001,5002,5001.0,differentia=64+policy=TaperedDepthProportionalResolution+target=512,<function upgma at 0x7ff24ea53040>
1576,126,126,[124],4803.0,0.0,Inner9,4608,4999,4803.0,differentia=64+policy=TaperedDepthProportionalResolution+target=512,<function upgma at 0x7ff24ea53040>
1577,127,127,[126],4803.0,0.0,Inner8,4608,4999,4803.0,differentia=64+policy=TaperedDepthProportionalResolution+target=512,<function upgma at 0x7ff24ea53040>
1578,128,128,[127],5001.0,198.0,316640,5001,5002,5001.0,differentia=64+policy=TaperedDepthProportionalResolution+target=512,<function upgma at 0x7ff24ea53040>
1579,129,129,[127],4803.0,0.0,Inner7,4608,4999,4803.0,differentia=64+policy=TaperedDepthProportionalResolution+target=512,<function upgma at 0x7ff24ea53040>
1580,130,130,[129],4803.0,0.0,Inner6,4608,4999,4803.0,differentia=64+policy=TaperedDepthProportionalResolution+target=512,<function upgma at 0x7ff24ea53040>
1581,131,131,[130],5000.0,197.0,316551,5000,5001,5000.0,differentia=64+policy=TaperedDepthProportionalResolution+target=512,<function upgma at 0x7ff24ea53040>
1582,132,132,[130],4803.0,0.0,Inner5,4608,4999,4803.0,differentia=64+policy=TaperedDepthProportionalResolution+target=512,<function upgma at 0x7ff24ea53040>
1583,133,133,[132],4803.0,0.0,Inner4,4608,4999,4803.0,differentia=64+policy=TaperedDepthProportionalResolution+target=512,<function upgma at 0x7ff24ea53040>
1584,134,134,[133],4803.0,0.0,Inner3,4608,4999,4803.0,differentia=64+policy=TaperedDepthProportionalResolution+target=512,<function upgma at 0x7ff24ea53040>
1585,135,135,[134],5000.0,197.0,316563,5000,5001,5000.0,differentia=64+policy=TaperedDepthProportionalResolution+target=512,<function upgma at 0x7ff24ea53040>
1586,136,136,[134],4803.0,0.0,Inner2,4608,4999,4803.0,differentia=64+policy=TaperedDepthProportionalResolution+target=512,<function upgma at 0x7ff24ea53040>
1587,137,137,[136],5000.0,197.0,316547,5000,5001,5000.0,differentia=64+policy=TaperedDepthProportionalResolution+target=512,<function upgma at 0x7ff24ea53040>
1588,138,138,[136],4803.0,0.0,Inner1,4608,4999,4803.0,differentia=64+policy=TaperedDepthProportionalResolution+target=512,<function upgma at 0x7ff24ea53040>
1589,139,139,[138],4999.0,196.0,316532,4999,5000,4999.0,differentia=64+policy=TaperedDepthProportionalResolution+target=512,<function upgma at 0x7ff24ea53040>
1590,140,140,[138],5000.0,197.0,316570,5000,5001,5000.0,differentia=64+policy=TaperedDepthProportionalResolution+target=512,<function upgma at 0x7ff24ea53040>
1591,141,141,[133],5000.0,197.0,316573,5000,5001,5000.0,differentia=64+policy=TaperedDepthProportionalResolution+target=512,<function upgma at 0x7ff24ea53040>
1592,142,142,[132],5000.0,197.0,316581,5000,5001,5000.0,differentia=64+policy=TaperedDepthProportionalResolution+target=512,<function upgma at 0x7ff24ea53040>
1593,143,143,[129],5001.0,198.0,316643,5001,5002,5001.0,differentia=64+policy=TaperedDepthProportionalResolution+target=512,<function upgma at 0x7ff24ea53040>
1594,144,144,[126],5001.0,198.0,316654,5001,5002,5001.0,differentia=64+policy=TaperedDepthProportionalResolution+target=512,<function upgma at 0x7ff24ea53040>
1595,0,0,[None],4547.0,4547.0,Inner72,4096,4999,4547.0,differentia=64+policy=TaperedDepthProportionalResolution+target=64,<function upgma at 0x7ff24ea53040>
1596,1,1,[0],5001.0,454.0,316622,5001,5002,5001.0,differentia=64+policy=TaperedDepthProportionalResolution+target=64,<function upgma at 0x7ff24ea53040>
1597,2,2,[0],4547.0,0.0,Inner71,4096,4999,4547.0,differentia=64+policy=TaperedDepthProportionalResolution+target=64,<function upgma at 0x7ff24ea53040>
1598,3,3,[2],5001.0,454.0,316618,5001,5002,5001.0,differentia=64+policy=TaperedDepthProportionalResolution+target=64,<function upgma at 0x7ff24ea53040>
1599,4,4,[2],4547.0,0.0,Inner70,4096,4999,4547.0,differentia=64+policy=TaperedDepthProportionalResolution+target=64,<function upgma at 0x7ff24ea53040>
1600,5,5,[4],5001.0,454.0,316590,5001,5002,5001.0,differentia=64+policy=TaperedDepthProportionalResolution+target=64,<function upgma at 0x7ff24ea53040>
1601,6,6,[4],4547.0,0.0,Inner69,4096,4999,4547.0,differentia=64+policy=TaperedDepthProportionalResolution+target=64,<function upgma at 0x7ff24ea53040>
1602,7,7,[6],4547.5,0.5,Inner68,4096,5000,4547.5,differentia=64+policy=TaperedDepthProportionalResolution+target=64,<function upgma at 0x7ff24ea53040>
1603,8,8,[7],5001.0,453.5,316620,5001,5002,5001.0,differentia=64+policy=TaperedDepthProportionalResolution+target=64,<function upgma at 0x7ff24ea53040>
1604,9,9,[7],4547.5,0.0,Inner67,4096,5000,4547.5,differentia=64+policy=TaperedDepthProportionalResolution+target=64,<function upgma at 0x7ff24ea53040>
1605,10,10,[9],5001.0,453.5,316616,5001,5002,5001.0,differentia=64+policy=TaperedDepthProportionalResolution+target=64,<function upgma at 0x7ff24ea53040>
1606,11,11,[9],4547.5,0.0,Inner66,4096,5000,4547.5,differentia=64+policy=TaperedDepthProportionalResolution+target=64,<function upgma at 0x7ff24ea53040>
1607,12,12,[11],5001.0,453.5,316609,5001,5002,5001.0,differentia=64+policy=TaperedDepthProportionalResolution+target=64,<function upgma at 0x7ff24ea53040>
1608,13,13,[11],4547.5,0.0,Inner65,4096,5000,4547.5,differentia=64+policy=TaperedDepthProportionalResolution+target=64,<function upgma at 0x7ff24ea53040>
1609,14,14,[13],5001.0,453.5,316628,5001,5002,5001.0,differentia=64+policy=TaperedDepthProportionalResolution+target=64,<function upgma at 0x7ff24ea53040>
1610,15,15,[13],4547.5,0.0,Inner64,4096,5000,4547.5,differentia=64+policy=TaperedDepthProportionalResolution+target=64,<function upgma at 0x7ff24ea53040>
1611,16,16,[15],5001.0,453.5,316592,5001,5002,5001.0,differentia=64+policy=TaperedDepthProportionalResolution+target=64,<function upgma at 0x7ff24ea53040>
1612,17,17,[15],4547.5,0.0,Inner63,4096,5000,4547.5,differentia=64+policy=TaperedDepthProportionalResolution+target=64,<function upgma at 0x7ff24ea53040>
1613,18,18,[17],5001.0,453.5,316630,5001,5002,5001.0,differentia=64+policy=TaperedDepthProportionalResolution+target=64,<function upgma at 0x7ff24ea53040>
1614,19,19,[17],4547.5,0.0,Inner62,4096,5000,4547.5,differentia=64+policy=TaperedDepthProportionalResolution+target=64,<function upgma at 0x7ff24ea53040>
1615,20,20,[19],5001.0,453.5,316595,5001,5002,5001.0,differentia=64+policy=TaperedDepthProportionalResolution+target=64,<function upgma at 0x7ff24ea53040>
1616,21,21,[19],4547.5,0.0,Inner61,4096,5000,4547.5,differentia=64+policy=TaperedDepthProportionalResolution+target=64,<function upgma at 0x7ff24ea53040>
1617,22,22,[21],5001.0,453.5,316645,5001,5002,5001.0,differentia=64+policy=TaperedDepthProportionalResolution+target=64,<function upgma at 0x7ff24ea53040>
1618,23,23,[21],4547.5,0.0,Inner60,4096,5000,4547.5,differentia=64+policy=TaperedDepthProportionalResolution+target=64,<function upgma at 0x7ff24ea53040>
1619,24,24,[23],4547.5,0.0,Inner59,4096,5000,4547.5,differentia=64+policy=TaperedDepthProportionalResolution+target=64,<function upgma at 0x7ff24ea53040>
1620,25,25,[24],4547.5,0.0,Inner58,4096,5000,4547.5,differentia=64+policy=TaperedDepthProportionalResolution+target=64,<function upgma at 0x7ff24ea53040>
1621,26,26,[25],5001.0,453.5,316612,5001,5002,5001.0,differentia=64+policy=TaperedDepthProportionalResolution+target=64,<function upgma at 0x7ff24ea53040>
1622,27,27,[25],4547.5,0.0,Inner57,4096,5000,4547.5,differentia=64+policy=TaperedDepthProportionalResolution+target=64,<function upgma at 0x7ff24ea53040>
1623,28,28,[27],4547.5,0.0,Inner56,4096,5000,4547.5,differentia=64+policy=TaperedDepthProportionalResolution+target=64,<function upgma at 0x7ff24ea53040>
1624,29,29,[28],5001.0,453.5,316606,5001,5002,5001.0,differentia=64+policy=TaperedDepthProportionalResolution+target=64,<function upgma at 0x7ff24ea53040>
1625,30,30,[28],4547.5,0.0,Inner55,4096,5000,4547.5,differentia=64+policy=TaperedDepthProportionalResolution+target=64,<function upgma at 0x7ff24ea53040>
1626,31,31,[30],5001.0,453.5,316602,5001,5002,5001.0,differentia=64+policy=TaperedDepthProportionalResolution+target=64,<function upgma at 0x7ff24ea53040>
1627,32,32,[30],4547.5,0.0,Inner54,4096,5000,4547.5,differentia=64+policy=TaperedDepthProportionalResolution+target=64,<function upgma at 0x7ff24ea53040>
1628,33,33,[32],5001.0,453.5,316596,5001,5002,5001.0,differentia=64+policy=TaperedDepthProportionalResolution+target=64,<function upgma at 0x7ff24ea53040>
1629,34,34,[32],4547.5,0.0,Inner53,4096,5000,4547.5,differentia=64+policy=TaperedDepthProportionalResolution+target=64,<function upgma at 0x7ff24ea53040>
1630,35,35,[34],4547.5,0.0,Inner52,4096,5000,4547.5,differentia=64+policy=TaperedDepthProportionalResolution+target=64,<function upgma at 0x7ff24ea53040>
1631,36,36,[35],4547.5,0.0,Inner51,4096,5000,4547.5,differentia=64+policy=TaperedDepthProportionalResolution+target=64,<function upgma at 0x7ff24ea53040>
1632,37,37,[36],5001.0,453.5,316593,5001,5002,5001.0,differentia=64+policy=TaperedDepthProportionalResolution+target=64,<function upgma at 0x7ff24ea53040>
1633,38,38,[36],5001.0,453.5,316613,5001,5002,5001.0,differentia=64+policy=TaperedDepthProportionalResolution+target=64,<function upgma at 0x7ff24ea53040>
1634,39,39,[35],5001.0,453.5,316614,5001,5002,5001.0,differentia=64+policy=TaperedDepthProportionalResolution+target=64,<function upgma at 0x7ff24ea53040>
1635,40,40,[34],5001.0,453.5,316627,5001,5002,5001.0,differentia=64+policy=TaperedDepthProportionalResolution+target=64,<function upgma at 0x7ff24ea53040>
1636,41,41,[27],5001.0,453.5,316634,5001,5002,5001.0,differentia=64+policy=TaperedDepthProportionalResolution+target=64,<function upgma at 0x7ff24ea53040>
1637,42,42,[24],5001.0,453.5,316636,5001,5002,5001.0,differentia=64+policy=TaperedDepthProportionalResolution+target=64,<function upgma at 0x7ff24ea53040>
1638,43,43,[23],5001.0,453.5,316650,5001,5002,5001.0,differentia=64+policy=TaperedDepthProportionalResolution+target=64,<function upgma at 0x7ff24ea53040>
1639,44,44,[6],4547.0,0.0,Inner50,4096,4999,4547.0,differentia=64+policy=TaperedDepthProportionalResolution+target=64,<function upgma at 0x7ff24ea53040>
1640,45,45,[44],5001.0,454.0,316653,5001,5002,5001.0,differentia=64+policy=TaperedDepthProportionalResolution+target=64,<function upgma at 0x7ff24ea53040>
1641,46,46,[44],4547.0,0.0,Inner49,4096,4999,4547.0,differentia=64+policy=TaperedDepthProportionalResolution+target=64,<function upgma at 0x7ff24ea53040>
1642,47,47,[46],5001.0,454.0,316617,5001,5002,5001.0,differentia=64+policy=TaperedDepthProportionalResolution+target=64,<function upgma at 0x7ff24ea53040>
1643,48,48,[46],4547.0,0.0,Inner48,4096,4999,4547.0,differentia=64+policy=TaperedDepthProportionalResolution+target=64,<function upgma at 0x7ff24ea53040>
1644,49,49,[48],5001.0,454.0,316611,5001,5002,5001.0,differentia=64+policy=TaperedDepthProportionalResolution+target=64,<function upgma at 0x7ff24ea53040>
1645,50,50,[48],4547.0,0.0,Inner47,4096,4999,4547.0,differentia=64+policy=TaperedDepthProportionalResolution+target=64,<function upgma at 0x7ff24ea53040>
1646,51,51,[50],5001.0,454.0,316644,5001,5002,5001.0,differentia=64+policy=TaperedDepthProportionalResolution+target=64,<function upgma at 0x7ff24ea53040>
1647,52,52,[50],4547.0,0.0,Inner46,4096,4999,4547.0,differentia=64+policy=TaperedDepthProportionalResolution+target=64,<function upgma at 0x7ff24ea53040>
1648,53,53,[52],5001.0,454.0,316648,5001,5002,5001.0,differentia=64+policy=TaperedDepthProportionalResolution+target=64,<function upgma at 0x7ff24ea53040>
1649,54,54,[52],4547.0,0.0,Inner45,4096,4999,4547.0,differentia=64+policy=TaperedDepthProportionalResolution+target=64,<function upgma at 0x7ff24ea53040>
1650,55,55,[54],5001.0,454.0,316589,5001,5002,5001.0,differentia=64+policy=TaperedDepthProportionalResolution+target=64,<function upgma at 0x7ff24ea53040>
1651,56,56,[54],4547.0,0.0,Inner44,4096,4999,4547.0,differentia=64+policy=TaperedDepthProportionalResolution+target=64,<function upgma at 0x7ff24ea53040>
1652,57,57,[56],5001.0,454.0,316591,5001,5002,5001.0,differentia=64+policy=TaperedDepthProportionalResolution+target=64,<function upgma at 0x7ff24ea53040>
1653,58,58,[56],4547.0,0.0,Inner43,4096,4999,4547.0,differentia=64+policy=TaperedDepthProportionalResolution+target=64,<function upgma at 0x7ff24ea53040>
1654,59,59,[58],5001.0,454.0,316637,5001,5002,5001.0,differentia=64+policy=TaperedDepthProportionalResolution+target=64,<function upgma at 0x7ff24ea53040>
1655,60,60,[58],4547.0,0.0,Inner42,4096,4999,4547.0,differentia=64+policy=TaperedDepthProportionalResolution+target=64,<function upgma at 0x7ff24ea53040>
1656,61,61,[60],5001.0,454.0,316600,5001,5002,5001.0,differentia=64+policy=TaperedDepthProportionalResolution+target=64,<function upgma at 0x7ff24ea53040>
1657,62,62,[60],4547.0,0.0,Inner41,4096,4999,4547.0,differentia=64+policy=TaperedDepthProportionalResolution+target=64,<function upgma at 0x7ff24ea53040>
1658,63,63,[62],5001.0,454.0,316594,5001,5002,5001.0,differentia=64+policy=TaperedDepthProportionalResolution+target=64,<function upgma at 0x7ff24ea53040>
1659,64,64,[62],4547.0,0.0,Inner40,4096,4999,4547.0,differentia=64+policy=TaperedDepthProportionalResolution+target=64,<function upgma at 0x7ff24ea53040>
1660,65,65,[64],5001.0,454.0,316635,5001,5002,5001.0,differentia=64+policy=TaperedDepthProportionalResolution+target=64,<function upgma at 0x7ff24ea53040>
1661,66,66,[64],4547.0,0.0,Inner39,4096,4999,4547.0,differentia=64+policy=TaperedDepthProportionalResolution+target=64,<function upgma at 0x7ff24ea53040>
1662,67,67,[66],5001.0,454.0,316623,5001,5002,5001.0,differentia=64+policy=TaperedDepthProportionalResolution+target=64,<function upgma at 0x7ff24ea53040>
1663,68,68,[66],4547.0,0.0,Inner38,4096,4999,4547.0,differentia=64+policy=TaperedDepthProportionalResolution+target=64,<function upgma at 0x7ff24ea53040>
1664,69,69,[68],5001.0,454.0,316631,5001,5002,5001.0,differentia=64+policy=TaperedDepthProportionalResolution+target=64,<function upgma at 0x7ff24ea53040>
1665,70,70,[68],4547.0,0.0,Inner37,4096,4999,4547.0,differentia=64+policy=TaperedDepthProportionalResolution+target=64,<function upgma at 0x7ff24ea53040>
1666,71,71,[70],5001.0,454.0,316629,5001,5002,5001.0,differentia=64+policy=TaperedDepthProportionalResolution+target=64,<function upgma at 0x7ff24ea53040>
1667,72,72,[70],4547.0,0.0,Inner36,4096,4999,4547.0,differentia=64+policy=TaperedDepthProportionalResolution+target=64,<function upgma at 0x7ff24ea53040>
1668,73,73,[72],5001.0,454.0,316624,5001,5002,5001.0,differentia=64+policy=TaperedDepthProportionalResolution+target=64,<function upgma at 0x7ff24ea53040>
1669,74,74,[72],4547.0,0.0,Inner35,4096,4999,4547.0,differentia=64+policy=TaperedDepthProportionalResolution+target=64,<function upgma at 0x7ff24ea53040>
1670,75,75,[74],5001.0,454.0,316597,5001,5002,5001.0,differentia=64+policy=TaperedDepthProportionalResolution+target=64,<function upgma at 0x7ff24ea53040>
1671,76,76,[74],4547.0,0.0,Inner34,4096,4999,4547.0,differentia=64+policy=TaperedDepthProportionalResolution+target=64,<function upgma at 0x7ff24ea53040>
1672,77,77,[76],5001.0,454.0,316632,5001,5002,5001.0,differentia=64+policy=TaperedDepthProportionalResolution+target=64,<function upgma at 0x7ff24ea53040>
1673,78,78,[76],4547.0,0.0,Inner33,4096,4999,4547.0,differentia=64+policy=TaperedDepthProportionalResolution+target=64,<function upgma at 0x7ff24ea53040>
1674,79,79,[78],5001.0,454.0,316649,5001,5002,5001.0,differentia=64+policy=TaperedDepthProportionalResolution+target=64,<function upgma at 0x7ff24ea53040>
1675,80,80,[78],4547.0,0.0,Inner32,4096,4999,4547.0,differentia=64+policy=TaperedDepthProportionalResolution+target=64,<function upgma at 0x7ff24ea53040>
1676,81,81,[80],5001.0,454.0,316599,5001,5002,5001.0,differentia=64+policy=TaperedDepthProportionalResolution+target=64,<function upgma at 0x7ff24ea53040>
1677,82,82,[80],4547.0,0.0,Inner31,4096,4999,4547.0,differentia=64+policy=TaperedDepthProportionalResolution+target=64,<function upgma at 0x7ff24ea53040>
1678,83,83,[82],5001.0,454.0,316604,5001,5002,5001.0,differentia=64+policy=TaperedDepthProportionalResolution+target=64,<function upgma at 0x7ff24ea53040>
1679,84,84,[82],4547.0,0.0,Inner30,4096,4999,4547.0,differentia=64+policy=TaperedDepthProportionalResolution+target=64,<function upgma at 0x7ff24ea53040>
1680,85,85,[84],5001.0,454.0,316652,5001,5002,5001.0,differentia=64+policy=TaperedDepthProportionalResolution+target=64,<function upgma at 0x7ff24ea53040>
1681,86,86,[84],4547.0,0.0,Inner29,4096,4999,4547.0,differentia=64+policy=TaperedDepthProportionalResolution+target=64,<function upgma at 0x7ff24ea53040>
1682,87,87,[86],5001.0,454.0,316608,5001,5002,5001.0,differentia=64+policy=TaperedDepthProportionalResolution+target=64,<function upgma at 0x7ff24ea53040>
1683,88,88,[86],4547.0,0.0,Inner28,4096,4999,4547.0,differentia=64+policy=TaperedDepthProportionalResolution+target=64,<function upgma at 0x7ff24ea53040>
1684,89,89,[88],5001.0,454.0,316601,5001,5002,5001.0,differentia=64+policy=TaperedDepthProportionalResolution+target=64,<function upgma at 0x7ff24ea53040>
1685,90,90,[88],4547.0,0.0,Inner27,4096,4999,4547.0,differentia=64+policy=TaperedDepthProportionalResolution+target=64,<function upgma at 0x7ff24ea53040>
1686,91,91,[90],5001.0,454.0,316646,5001,5002,5001.0,differentia=64+policy=TaperedDepthProportionalResolution+target=64,<function upgma at 0x7ff24ea53040>
1687,92,92,[90],4547.0,0.0,Inner26,4096,4999,4547.0,differentia=64+policy=TaperedDepthProportionalResolution+target=64,<function upgma at 0x7ff24ea53040>
1688,93,93,[92],5001.0,454.0,316615,5001,5002,5001.0,differentia=64+policy=TaperedDepthProportionalResolution+target=64,<function upgma at 0x7ff24ea53040>
1689,94,94,[92],4547.0,0.0,Inner25,4096,4999,4547.0,differentia=64+policy=TaperedDepthProportionalResolution+target=64,<function upgma at 0x7ff24ea53040>
1690,95,95,[94],5001.0,454.0,316626,5001,5002,5001.0,differentia=64+policy=TaperedDepthProportionalResolution+target=64,<function upgma at 0x7ff24ea53040>
1691,96,96,[94],4547.0,0.0,Inner24,4096,4999,4547.0,differentia=64+policy=TaperedDepthProportionalResolution+target=64,<function upgma at 0x7ff24ea53040>
1692,97,97,[96],5001.0,454.0,316633,5001,5002,5001.0,differentia=64+policy=TaperedDepthProportionalResolution+target=64,<function upgma at 0x7ff24ea53040>
1693,98,98,[96],4547.0,0.0,Inner23,4096,4999,4547.0,differentia=64+policy=TaperedDepthProportionalResolution+target=64,<function upgma at 0x7ff24ea53040>
1694,99,99,[98],5001.0,454.0,316625,5001,5002,5001.0,differentia=64+policy=TaperedDepthProportionalResolution+target=64,<function upgma at 0x7ff24ea53040>
1695,100,100,[98],4547.0,0.0,Inner22,4096,4999,4547.0,differentia=64+policy=TaperedDepthProportionalResolution+target=64,<function upgma at 0x7ff24ea53040>
1696,101,101,[100],5001.0,454.0,316607,5001,5002,5001.0,differentia=64+policy=TaperedDepthProportionalResolution+target=64,<function upgma at 0x7ff24ea53040>
1697,102,102,[100],4547.0,0.0,Inner21,4096,4999,4547.0,differentia=64+policy=TaperedDepthProportionalResolution+target=64,<function upgma at 0x7ff24ea53040>
1698,103,103,[102],5001.0,454.0,316642,5001,5002,5001.0,differentia=64+policy=TaperedDepthProportionalResolution+target=64,<function upgma at 0x7ff24ea53040>
1699,104,104,[102],4547.0,0.0,Inner20,4096,4999,4547.0,differentia=64+policy=TaperedDepthProportionalResolution+target=64,<function upgma at 0x7ff24ea53040>
1700,105,105,[104],5001.0,454.0,316651,5001,5002,5001.0,differentia=64+policy=TaperedDepthProportionalResolution+target=64,<function upgma at 0x7ff24ea53040>
1701,106,106,[104],4547.0,0.0,Inner19,4096,4999,4547.0,differentia=64+policy=TaperedDepthProportionalResolution+target=64,<function upgma at 0x7ff24ea53040>
1702,107,107,[106],5001.0,454.0,316641,5001,5002,5001.0,differentia=64+policy=TaperedDepthProportionalResolution+target=64,<function upgma at 0x7ff24ea53040>
1703,108,108,[106],4547.0,0.0,Inner18,4096,4999,4547.0,differentia=64+policy=TaperedDepthProportionalResolution+target=64,<function upgma at 0x7ff24ea53040>
1704,109,109,[108],5001.0,454.0,316605,5001,5002,5001.0,differentia=64+policy=TaperedDepthProportionalResolution+target=64,<function upgma at 0x7ff24ea53040>
1705,110,110,[108],4547.0,0.0,Inner17,4096,4999,4547.0,differentia=64+policy=TaperedDepthProportionalResolution+target=64,<function upgma at 0x7ff24ea53040>
1706,111,111,[110],5001.0,454.0,316598,5001,5002,5001.0,differentia=64+policy=TaperedDepthProportionalResolution+target=64,<function upgma at 0x7ff24ea53040>
1707,112,112,[110],4547.0,0.0,Inner16,4096,4999,4547.0,differentia=64+policy=TaperedDepthProportionalResolution+target=64,<function upgma at 0x7ff24ea53040>
1708,113,113,[112],5001.0,454.0,316639,5001,5002,5001.0,differentia=64+policy=TaperedDepthProportionalResolution+target=64,<function upgma at 0x7ff24ea53040>
1709,114,114,[112],4547.0,0.0,Inner15,4096,4999,4547.0,differentia=64+policy=TaperedDepthProportionalResolution+target=64,<function upgma at 0x7ff24ea53040>
1710,115,115,[114],5001.0,454.0,316638,5001,5002,5001.0,differentia=64+policy=TaperedDepthProportionalResolution+target=64,<function upgma at 0x7ff24ea53040>
1711,116,116,[114],4547.0,0.0,Inner14,4096,4999,4547.0,differentia=64+policy=TaperedDepthProportionalResolution+target=64,<function upgma at 0x7ff24ea53040>
1712,117,117,[116],5001.0,454.0,316647,5001,5002,5001.0,differentia=64+policy=TaperedDepthProportionalResolution+target=64,<function upgma at 0x7ff24ea53040>
1713,118,118,[116],4547.0,0.0,Inner13,4096,4999,4547.0,differentia=64+policy=TaperedDepthProportionalResolution+target=64,<function upgma at 0x7ff24ea53040>
1714,119,119,[118],5001.0,454.0,316621,5001,5002,5001.0,differentia=64+policy=TaperedDepthProportionalResolution+target=64,<function upgma at 0x7ff24ea53040>
1715,120,120,[118],4547.0,0.0,Inner12,4096,4999,4547.0,differentia=64+policy=TaperedDepthProportionalResolution+target=64,<function upgma at 0x7ff24ea53040>
1716,121,121,[120],5001.0,454.0,316619,5001,5002,5001.0,differentia=64+policy=TaperedDepthProportionalResolution+target=64,<function upgma at 0x7ff24ea53040>
1717,122,122,[120],4547.0,0.0,Inner11,4096,4999,4547.0,differentia=64+policy=TaperedDepthProportionalResolution+target=64,<function upgma at 0x7ff24ea53040>
1718,123,123,[122],5001.0,454.0,316610,5001,5002,5001.0,differentia=64+policy=TaperedDepthProportionalResolution+target=64,<function upgma at 0x7ff24ea53040>
1719,124,124,[122],4547.0,0.0,Inner10,4096,4999,4547.0,differentia=64+policy=TaperedDepthProportionalResolution+target=64,<function upgma at 0x7ff24ea53040>
1720,125,125,[124],5001.0,454.0,316603,5001,5002,5001.0,differentia=64+policy=TaperedDepthProportionalResolution+target=64,<function upgma at 0x7ff24ea53040>
1721,126,126,[124],4547.0,0.0,Inner9,4096,4999,4547.0,differentia=64+policy=TaperedDepthProportionalResolution+target=64,<function upgma at 0x7ff24ea53040>
1722,127,127,[126],4547.0,0.0,Inner8,4096,4999,4547.0,differentia=64+policy=TaperedDepthProportionalResolution+target=64,<function upgma at 0x7ff24ea53040>
1723,128,128,[127],5001.0,454.0,316640,5001,5002,5001.0,differentia=64+policy=TaperedDepthProportionalResolution+target=64,<function upgma at 0x7ff24ea53040>
1724,129,129,[127],4547.0,0.0,Inner7,4096,4999,4547.0,differentia=64+policy=TaperedDepthProportionalResolution+target=64,<function upgma at 0x7ff24ea53040>
1725,130,130,[129],4547.0,0.0,Inner6,4096,4999,4547.0,differentia=64+policy=TaperedDepthProportionalResolution+target=64,<function upgma at 0x7ff24ea53040>
1726,131,131,[130],5000.0,453.0,316551,5000,5001,5000.0,differentia=64+policy=TaperedDepthProportionalResolution+target=64,<function upgma at 0x7ff24ea53040>
1727,132,132,[130],4547.0,0.0,Inner5,4096,4999,4547.0,differentia=64+policy=TaperedDepthProportionalResolution+target=64,<function upgma at 0x7ff24ea53040>
1728,133,133,[132],4547.0,0.0,Inner4,4096,4999,4547.0,differentia=64+policy=TaperedDepthProportionalResolution+target=64,<function upgma at 0x7ff24ea53040>
1729,134,134,[133],4547.0,0.0,Inner3,4096,4999,4547.0,differentia=64+policy=TaperedDepthProportionalResolution+target=64,<function upgma at 0x7ff24ea53040>
1730,135,135,[134],5000.0,453.0,316563,5000,5001,5000.0,differentia=64+policy=TaperedDepthProportionalResolution+target=64,<function upgma at 0x7ff24ea53040>
1731,136,136,[134],4547.0,0.0,Inner2,4096,4999,4547.0,differentia=64+policy=TaperedDepthProportionalResolution+target=64,<function upgma at 0x7ff24ea53040>
1732,137,137,[136],5000.0,453.0,316547,5000,5001,5000.0,differentia=64+policy=TaperedDepthProportionalResolution+target=64,<function upgma at 0x7ff24ea53040>
1733,138,138,[136],4547.0,0.0,Inner1,4096,4999,4547.0,differentia=64+policy=TaperedDepthProportionalResolution+target=64,<function upgma at 0x7ff24ea53040>
1734,139,139,[138],4999.0,452.0,316532,4999,5000,4999.0,differentia=64+policy=TaperedDepthProportionalResolution+target=64,<function upgma at 0x7ff24ea53040>
1735,140,140,[138],5000.0,453.0,316570,5000,5001,5000.0,differentia=64+policy=TaperedDepthProportionalResolution+target=64,<function upgma at 0x7ff24ea53040>
1736,141,141,[133],5000.0,453.0,316573,5000,5001,5000.0,differentia=64+policy=TaperedDepthProportionalResolution+target=64,<function upgma at 0x7ff24ea53040>
1737,142,142,[132],5000.0,453.0,316581,5000,5001,5000.0,differentia=64+policy=TaperedDepthProportionalResolution+target=64,<function upgma at 0x7ff24ea53040>
1738,143,143,[129],5001.0,454.0,316643,5001,5002,5001.0,differentia=64+policy=TaperedDepthProportionalResolution+target=64,<function upgma at 0x7ff24ea53040>
1739,144,144,[126],5001.0,454.0,316654,5001,5002,5001.0,differentia=64+policy=TaperedDepthProportionalResolution+target=64,<function upgma at 0x7ff24ea53040>
1740,0,0,[None],4945.0,4945.0,Inner72,4945,4946,4945.0,differentia=8+policy=RecencyProportionalResolution+target=4096,<function upgma at 0x7ff24ea53040>
1741,1,1,[0],4968.0,23.0,Inner71,4968,4969,4968.0,differentia=8+policy=RecencyProportionalResolution+target=4096,<function upgma at 0x7ff24ea53040>
1742,2,2,[1],4992.0,24.0,Inner60,4992,4993,4992.0,differentia=8+policy=RecencyProportionalResolution+target=4096,<function upgma at 0x7ff24ea53040>
1743,3,3,[2],4993.0,1.0,Inner54,4993,4994,4993.0,differentia=8+policy=RecencyProportionalResolution+target=4096,<function upgma at 0x7ff24ea53040>
1744,4,4,[3],4999.0,6.0,Inner9,4999,5000,4999.0,differentia=8+policy=RecencyProportionalResolution+target=4096,<function upgma at 0x7ff24ea53040>
1745,5,5,[4],4999.0,0.0,Inner8,4999,5000,4999.0,differentia=8+policy=RecencyProportionalResolution+target=4096,<function upgma at 0x7ff24ea53040>
1746,6,6,[5],5001.0,2.0,316590,5001,5002,5001.0,differentia=8+policy=RecencyProportionalResolution+target=4096,<function upgma at 0x7ff24ea53040>
1747,7,7,[5],5001.0,2.0,316618,5001,5002,5001.0,differentia=8+policy=RecencyProportionalResolution+target=4096,<function upgma at 0x7ff24ea53040>
1748,8,8,[4],5001.0,2.0,316622,5001,5002,5001.0,differentia=8+policy=RecencyProportionalResolution+target=4096,<function upgma at 0x7ff24ea53040>
1749,9,9,[3],4993.0,0.0,Inner53,4993,4994,4993.0,differentia=8+policy=RecencyProportionalResolution+target=4096,<function upgma at 0x7ff24ea53040>
1750,10,10,[9],5000.0,7.0,316551,5000,5001,5000.0,differentia=8+policy=RecencyProportionalResolution+target=4096,<function upgma at 0x7ff24ea53040>
1751,11,11,[9],4997.0,4.0,Inner40,4997,4998,4997.0,differentia=8+policy=RecencyProportionalResolution+target=4096,<function upgma at 0x7ff24ea53040>
1752,12,12,[11],4998.0,1.0,Inner28,4998,4999,4998.0,differentia=8+policy=RecencyProportionalResolution+target=4096,<function upgma at 0x7ff24ea53040>
1753,13,13,[12],4998.0,0.0,Inner27,4998,4999,4998.0,differentia=8+policy=RecencyProportionalResolution+target=4096,<function upgma at 0x7ff24ea53040>
1754,14,14,[13],5001.0,3.0,316609,5001,5002,5001.0,differentia=8+policy=RecencyProportionalResolution+target=4096,<function upgma at 0x7ff24ea53040>
1755,15,15,[13],5001.0,3.0,316616,5001,5002,5001.0,differentia=8+policy=RecencyProportionalResolution+target=4096,<function upgma at 0x7ff24ea53040>
1756,16,16,[12],5001.0,3.0,316620,5001,5002,5001.0,differentia=8+policy=RecencyProportionalResolution+target=4096,<function upgma at 0x7ff24ea53040>
1757,17,17,[11],4998.0,1.0,Inner26,4998,4999,4998.0,differentia=8+policy=RecencyProportionalResolution+target=4096,<function upgma at 0x7ff24ea53040>
1758,18,18,[17],5001.0,3.0,316592,5001,5002,5001.0,differentia=8+policy=RecencyProportionalResolution+target=4096,<function upgma at 0x7ff24ea53040>
1759,19,19,[17],5001.0,3.0,316628,5001,5002,5001.0,differentia=8+policy=RecencyProportionalResolution+target=4096,<function upgma at 0x7ff24ea53040>
1760,20,20,[2],4996.0,4.0,Inner41,4996,4997,4996.0,differentia=8+policy=RecencyProportionalResolution+target=4096,<function upgma at 0x7ff24ea53040>
1761,21,21,[20],4998.0,2.0,Inner11,4998,4999,4998.0,differentia=8+policy=RecencyProportionalResolution+target=4096,<function upgma at 0x7ff24ea53040>
1762,22,22,[21],5000.0,2.0,316581,5000,5001,5000.0,differentia=8+policy=RecencyProportionalResolution+target=4096,<function upgma at 0x7ff24ea53040>
1763,23,23,[21],4999.0,1.0,Inner7,4999,5000,4999.0,differentia=8+policy=RecencyProportionalResolution+target=4096,<function upgma at 0x7ff24ea53040>
1764,24,24,[23],5001.0,2.0,316595,5001,5002,5001.0,differentia=8+policy=RecencyProportionalResolution+target=4096,<function upgma at 0x7ff24ea53040>
1765,25,25,[23],5001.0,2.0,316630,5001,5002,5001.0,differentia=8+policy=RecencyProportionalResolution+target=4096,<function upgma at 0x7ff24ea53040>
1766,26,26,[20],4997.0,1.0,Inner39,4997,4998,4997.0,differentia=8+policy=RecencyProportionalResolution+target=4096,<function upgma at 0x7ff24ea53040>
1767,27,27,[26],5001.0,4.0,316645,5001,5002,5001.0,differentia=8+policy=RecencyProportionalResolution+target=4096,<function upgma at 0x7ff24ea53040>
1768,28,28,[26],4997.0,0.0,Inner38,4997,4998,4997.0,differentia=8+policy=RecencyProportionalResolution+target=4096,<function upgma at 0x7ff24ea53040>
1769,29,29,[28],5001.0,4.0,316636,5001,5002,5001.0,differentia=8+policy=RecencyProportionalResolution+target=4096,<function upgma at 0x7ff24ea53040>
1770,30,30,[28],5001.0,4.0,316650,5001,5002,5001.0,differentia=8+policy=RecencyProportionalResolution+target=4096,<function upgma at 0x7ff24ea53040>
1771,31,31,[1],4991.0,23.0,Inner63,4991,4992,4991.0,differentia=8+policy=RecencyProportionalResolution+target=4096,<function upgma at 0x7ff24ea53040>
1772,32,32,[31],5001.0,10.0,316644,5001,5002,5001.0,differentia=8+policy=RecencyProportionalResolution+target=4096,<function upgma at 0x7ff24ea53040>
1773,33,33,[31],4991.0,0.0,Inner62,4991,4992,4991.0,differentia=8+policy=RecencyProportionalResolution+target=4096,<function upgma at 0x7ff24ea53040>
1774,34,34,[33],4992.0,1.0,Inner59,4992,4993,4992.0,differentia=8+policy=RecencyProportionalResolution+target=4096,<function upgma at 0x7ff24ea53040>
1775,35,35,[34],5001.0,9.0,316612,5001,5002,5001.0,differentia=8+policy=RecencyProportionalResolution+target=4096,<function upgma at 0x7ff24ea53040>
1776,36,36,[34],4992.0,0.0,Inner58,4992,4993,4992.0,differentia=8+policy=RecencyProportionalResolution+target=4096,<function upgma at 0x7ff24ea53040>
1777,37,37,[36],4997.0,5.0,Inner37,4997,4998,4997.0,differentia=8+policy=RecencyProportionalResolution+target=4096,<function upgma at 0x7ff24ea53040>
1778,38,38,[37],5001.0,4.0,316613,5001,5002,5001.0,differentia=8+policy=RecencyProportionalResolution+target=4096,<function upgma at 0x7ff24ea53040>
1779,39,39,[37],4999.0,2.0,Inner6,4999,5000,4999.0,differentia=8+policy=RecencyProportionalResolution+target=4096,<function upgma at 0x7ff24ea53040>
1780,40,40,[39],4999.0,0.0,Inner5,4999,5000,4999.0,differentia=8+policy=RecencyProportionalResolution+target=4096,<function upgma at 0x7ff24ea53040>
1781,41,41,[40],5001.0,2.0,316593,5001,5002,5001.0,differentia=8+policy=RecencyProportionalResolution+target=4096,<function upgma at 0x7ff24ea53040>
1782,42,42,[40],5001.0,2.0,316614,5001,5002,5001.0,differentia=8+policy=RecencyProportionalResolution+target=4096,<function upgma at 0x7ff24ea53040>
1783,43,43,[39],5001.0,2.0,316627,5001,5002,5001.0,differentia=8+policy=RecencyProportionalResolution+target=4096,<function upgma at 0x7ff24ea53040>
1784,44,44,[36],4994.0,2.0,Inner47,4994,4995,4994.0,differentia=8+policy=RecencyProportionalResolution+target=4096,<function upgma at 0x7ff24ea53040>
1785,45,45,[44],4999.0,5.0,316532,4999,5000,4999.0,differentia=8+policy=RecencyProportionalResolution+target=4096,<function upgma at 0x7ff24ea53040>
1786,46,46,[44],4998.0,4.0,Inner25,4998,4999,4998.0,differentia=8+policy=RecencyProportionalResolution+target=4096,<function upgma at 0x7ff24ea53040>
1787,47,47,[46],4998.0,0.0,Inner24,4998,4999,4998.0,differentia=8+policy=RecencyProportionalResolution+target=4096,<function upgma at 0x7ff24ea53040>
1788,48,48,[47],4998.0,0.0,Inner23,4998,4999,4998.0,differentia=8+policy=RecencyProportionalResolution+target=4096,<function upgma at 0x7ff24ea53040>
1789,49,49,[48],5001.0,3.0,316596,5001,5002,5001.0,differentia=8+policy=RecencyProportionalResolution+target=4096,<function upgma at 0x7ff24ea53040>
1790,50,50,[48],5001.0,3.0,316602,5001,5002,5001.0,differentia=8+policy=RecencyProportionalResolution+target=4096,<function upgma at 0x7ff24ea53040>
1791,51,51,[47],5001.0,3.0,316606,5001,5002,5001.0,differentia=8+policy=RecencyProportionalResolution+target=4096,<function upgma at 0x7ff24ea53040>
1792,52,52,[46],5001.0,3.0,316634,5001,5002,5001.0,differentia=8+policy=RecencyProportionalResolution+target=4096,<function upgma at 0x7ff24ea53040>
1793,53,53,[33],4997.0,6.0,Inner32,4997,4998,4997.0,differentia=8+policy=RecencyProportionalResolution+target=4096,<function upgma at 0x7ff24ea53040>
1794,54,54,[53],4997.0,0.0,Inner31,4997,4998,4997.0,differentia=8+policy=RecencyProportionalResolution+target=4096,<function upgma at 0x7ff24ea53040>
1795,55,55,[54],4997.0,0.0,Inner30,4997,4998,4997.0,differentia=8+policy=RecencyProportionalResolution+target=4096,<function upgma at 0x7ff24ea53040>
1796,56,56,[55],5000.0,3.0,316573,5000,5001,5000.0,differentia=8+policy=RecencyProportionalResolution+target=4096,<function upgma at 0x7ff24ea53040>
1797,57,57,[55],5001.0,4.0,316611,5001,5002,5001.0,differentia=8+policy=RecencyProportionalResolution+target=4096,<function upgma at 0x7ff24ea53040>
1798,58,58,[54],5001.0,4.0,316617,5001,5002,5001.0,differentia=8+policy=RecencyProportionalResolution+target=4096,<function upgma at 0x7ff24ea53040>
1799,59,59,[53],5001.0,4.0,316653,5001,5002,5001.0,differentia=8+policy=RecencyProportionalResolution+target=4096,<function upgma at 0x7ff24ea53040>
1800,60,60,[0],4972.0,27.0,Inner70,4972,4973,4972.0,differentia=8+policy=RecencyProportionalResolution+target=4096,<function upgma at 0x7ff24ea53040>
1801,61,61,[60],4994.0,22.0,Inner51,4994,4995,4994.0,differentia=8+policy=RecencyProportionalResolution+target=4096,<function upgma at 0x7ff24ea53040>
1802,62,62,[61],4994.0,0.0,Inner50,4994,4995,4994.0,differentia=8+policy=RecencyProportionalResolution+target=4096,<function upgma at 0x7ff24ea53040>
1803,63,63,[62],4997.0,3.0,Inner34,4997,4998,4997.0,differentia=8+policy=RecencyProportionalResolution+target=4096,<function upgma at 0x7ff24ea53040>
1804,64,64,[63],4999.0,2.0,Inner4,4999,5000,4999.0,differentia=8+policy=RecencyProportionalResolution+target=4096,<function upgma at 0x7ff24ea53040>
1805,65,65,[64],5001.0,2.0,316594,5001,5002,5001.0,differentia=8+policy=RecencyProportionalResolution+target=4096,<function upgma at 0x7ff24ea53040>
1806,66,66,[64],5001.0,2.0,316600,5001,5002,5001.0,differentia=8+policy=RecencyProportionalResolution+target=4096,<function upgma at 0x7ff24ea53040>
1807,67,67,[63],5001.0,4.0,316635,5001,5002,5001.0,differentia=8+policy=RecencyProportionalResolution+target=4096,<function upgma at 0x7ff24ea53040>
1808,68,68,[62],5001.0,7.0,316637,5001,5002,5001.0,differentia=8+policy=RecencyProportionalResolution+target=4096,<function upgma at 0x7ff24ea53040>
1809,69,69,[61],4997.0,3.0,Inner36,4997,4998,4997.0,differentia=8+policy=RecencyProportionalResolution+target=4096,<function upgma at 0x7ff24ea53040>
1810,70,70,[69],4997.0,0.0,Inner35,4997,4998,4997.0,differentia=8+policy=RecencyProportionalResolution+target=4096,<function upgma at 0x7ff24ea53040>
1811,71,71,[70],5001.0,4.0,316589,5001,5002,5001.0,differentia=8+policy=RecencyProportionalResolution+target=4096,<function upgma at 0x7ff24ea53040>
1812,72,72,[70],5001.0,4.0,316591,5001,5002,5001.0,differentia=8+policy=RecencyProportionalResolution+target=4096,<function upgma at 0x7ff24ea53040>
1813,73,73,[69],5001.0,4.0,316648,5001,5002,5001.0,differentia=8+policy=RecencyProportionalResolution+target=4096,<function upgma at 0x7ff24ea53040>
1814,74,74,[60],4981.0,9.0,Inner69,4981,4982,4981.0,differentia=8+policy=RecencyProportionalResolution+target=4096,<function upgma at 0x7ff24ea53040>
1815,75,75,[74],4984.0,3.0,Inner68,4984,4985,4984.0,differentia=8+policy=RecencyProportionalResolution+target=4096,<function upgma at 0x7ff24ea53040>
1816,76,76,[75],4986.0,2.0,Inner67,4986,4987,4986.0,differentia=8+policy=RecencyProportionalResolution+target=4096,<function upgma at 0x7ff24ea53040>
1817,77,77,[76],5001.0,15.0,316607,5001,5002,5001.0,differentia=8+policy=RecencyProportionalResolution+target=4096,<function upgma at 0x7ff24ea53040>
1818,78,78,[76],4994.0,8.0,Inner49,4994,4995,4994.0,differentia=8+policy=RecencyProportionalResolution+target=4096,<function upgma at 0x7ff24ea53040>
1819,79,79,[78],5001.0,7.0,316642,5001,5002,5001.0,differentia=8+policy=RecencyProportionalResolution+target=4096,<function upgma at 0x7ff24ea53040>
1820,80,80,[78],5001.0,7.0,316651,5001,5002,5001.0,differentia=8+policy=RecencyProportionalResolution+target=4096,<function upgma at 0x7ff24ea53040>
1821,81,81,[75],4988.0,4.0,Inner66,4988,4989,4988.0,differentia=8+policy=RecencyProportionalResolution+target=4096,<function upgma at 0x7ff24ea53040>
1822,82,82,[81],4990.0,2.0,Inner65,4990,4991,4990.0,differentia=8+policy=RecencyProportionalResolution+target=4096,<function upgma at 0x7ff24ea53040>
1823,83,83,[82],4993.0,3.0,Inner57,4993,4994,4993.0,differentia=8+policy=RecencyProportionalResolution+target=4096,<function upgma at 0x7ff24ea53040>
1824,84,84,[83],5001.0,8.0,316623,5001,5002,5001.0,differentia=8+policy=RecencyProportionalResolution+target=4096,<function upgma at 0x7ff24ea53040>
1825,85,85,[83],4993.0,0.0,Inner56,4993,4994,4993.0,differentia=8+policy=RecencyProportionalResolution+target=4096,<function upgma at 0x7ff24ea53040>
1826,86,86,[85],5001.0,8.0,316631,5001,5002,5001.0,differentia=8+policy=RecencyProportionalResolution+target=4096,<function upgma at 0x7ff24ea53040>
1827,87,87,[85],4998.0,5.0,Inner22,4998,4999,4998.0,differentia=8+policy=RecencyProportionalResolution+target=4096,<function upgma at 0x7ff24ea53040>
1828,88,88,[87],5001.0,3.0,316629,5001,5002,5001.0,differentia=8+policy=RecencyProportionalResolution+target=4096,<function upgma at 0x7ff24ea53040>
1829,89,89,[87],4998.0,0.0,Inner21,4998,4999,4998.0,differentia=8+policy=RecencyProportionalResolution+target=4096,<function upgma at 0x7ff24ea53040>
1830,90,90,[89],5001.0,3.0,316624,5001,5002,5001.0,differentia=8+policy=RecencyProportionalResolution+target=4096,<function upgma at 0x7ff24ea53040>
1831,91,91,[89],4998.0,0.0,Inner20,4998,4999,4998.0,differentia=8+policy=RecencyProportionalResolution+target=4096,<function upgma at 0x7ff24ea53040>
1832,92,92,[91],5001.0,3.0,316597,5001,5002,5001.0,differentia=8+policy=RecencyProportionalResolution+target=4096,<function upgma at 0x7ff24ea53040>
1833,93,93,[91],5001.0,3.0,316632,5001,5002,5001.0,differentia=8+policy=RecencyProportionalResolution+target=4096,<function upgma at 0x7ff24ea53040>
1834,94,94,[82],5001.0,11.0,316649,5001,5002,5001.0,differentia=8+policy=RecencyProportionalResolution+target=4096,<function upgma at 0x7ff24ea53040>
1835,95,95,[81],4990.0,2.0,Inner64,4990,4991,4990.0,differentia=8+policy=RecencyProportionalResolution+target=4096,<function upgma at 0x7ff24ea53040>
1836,96,96,[95],4993.0,3.0,Inner52,4993,4994,4993.0,differentia=8+policy=RecencyProportionalResolution+target=4096,<function upgma at 0x7ff24ea53040>
1837,97,97,[96],5000.0,7.0,316563,5000,5001,5000.0,differentia=8+policy=RecencyProportionalResolution+target=4096,<function upgma at 0x7ff24ea53040>
1838,98,98,[96],5001.0,8.0,316625,5001,5002,5001.0,differentia=8+policy=RecencyProportionalResolution+target=4096,<function upgma at 0x7ff24ea53040>
1839,99,99,[95],4992.0,2.0,Inner61,4992,4993,4992.0,differentia=8+policy=RecencyProportionalResolution+target=4096,<function upgma at 0x7ff24ea53040>
1840,100,100,[99],4995.0,3.0,Inner46,4995,4996,4995.0,differentia=8+policy=RecencyProportionalResolution+target=4096,<function upgma at 0x7ff24ea53040>
1841,101,101,[100],5001.0,6.0,316601,5001,5002,5001.0,differentia=8+policy=RecencyProportionalResolution+target=4096,<function upgma at 0x7ff24ea53040>
1842,102,102,[100],4995.0,0.0,Inner45,4995,4996,4995.0,differentia=8+policy=RecencyProportionalResolution+target=4096,<function upgma at 0x7ff24ea53040>
1843,103,103,[102],4997.0,2.0,Inner33,4997,4998,4997.0,differentia=8+policy=RecencyProportionalResolution+target=4096,<function upgma at 0x7ff24ea53040>
1844,104,104,[103],5001.0,4.0,316626,5001,5002,5001.0,differentia=8+policy=RecencyProportionalResolution+target=4096,<function upgma at 0x7ff24ea53040>
1845,105,105,[103],5001.0,4.0,316633,5001,5002,5001.0,differentia=8+policy=RecencyProportionalResolution+target=4096,<function upgma at 0x7ff24ea53040>
1846,106,106,[102],4999.0,4.0,Inner2,4999,5000,4999.0,differentia=8+policy=RecencyProportionalResolution+target=4096,<function upgma at 0x7ff24ea53040>
1847,107,107,[106],5001.0,2.0,316615,5001,5002,5001.0,differentia=8+policy=RecencyProportionalResolution+target=4096,<function upgma at 0x7ff24ea53040>
1848,108,108,[106],5001.0,2.0,316646,5001,5002,5001.0,differentia=8+policy=RecencyProportionalResolution+target=4096,<function upgma at 0x7ff24ea53040>
1849,109,109,[99],4996.0,4.0,Inner44,4996,4997,4996.0,differentia=8+policy=RecencyProportionalResolution+target=4096,<function upgma at 0x7ff24ea53040>
1850,110,110,[109],4999.0,3.0,Inner3,4999,5000,4999.0,differentia=8+policy=RecencyProportionalResolution+target=4096,<function upgma at 0x7ff24ea53040>
1851,111,111,[110],5001.0,2.0,316599,5001,5002,5001.0,differentia=8+policy=RecencyProportionalResolution+target=4096,<function upgma at 0x7ff24ea53040>
1852,112,112,[110],5001.0,2.0,316604,5001,5002,5001.0,differentia=8+policy=RecencyProportionalResolution+target=4096,<function upgma at 0x7ff24ea53040>
1853,113,113,[109],4996.0,0.0,Inner43,4996,4997,4996.0,differentia=8+policy=RecencyProportionalResolution+target=4096,<function upgma at 0x7ff24ea53040>
1854,114,114,[113],5001.0,5.0,316608,5001,5002,5001.0,differentia=8+policy=RecencyProportionalResolution+target=4096,<function upgma at 0x7ff24ea53040>
1855,115,115,[113],5001.0,5.0,316652,5001,5002,5001.0,differentia=8+policy=RecencyProportionalResolution+target=4096,<function upgma at 0x7ff24ea53040>
1856,116,116,[74],4993.0,12.0,Inner55,4993,4994,4993.0,differentia=8+policy=RecencyProportionalResolution+target=4096,<function upgma at 0x7ff24ea53040>
1857,117,117,[116],4994.0,1.0,Inner48,4994,4995,4994.0,differentia=8+policy=RecencyProportionalResolution+target=4096,<function upgma at 0x7ff24ea53040>
1858,118,118,[117],4997.0,3.0,Inner29,4997,4998,4997.0,differentia=8+policy=RecencyProportionalResolution+target=4096,<function upgma at 0x7ff24ea53040>
1859,119,119,[118],5000.0,3.0,316547,5000,5001,5000.0,differentia=8+policy=RecencyProportionalResolution+target=4096,<function upgma at 0x7ff24ea53040>
1860,120,120,[118],4998.0,1.0,Inner10,4998,4999,4998.0,differentia=8+policy=RecencyProportionalResolution+target=4096,<function upgma at 0x7ff24ea53040>
1861,121,121,[120],5000.0,2.0,316570,5000,5001,5000.0,differentia=8+policy=RecencyProportionalResolution+target=4096,<function upgma at 0x7ff24ea53040>
1862,122,122,[120],5001.0,3.0,316638,5001,5002,5001.0,differentia=8+policy=RecencyProportionalResolution+target=4096,<function upgma at 0x7ff24ea53040>
1863,123,123,[117],4996.0,2.0,Inner42,4996,4997,4996.0,differentia=8+policy=RecencyProportionalResolution+target=4096,<function upgma at 0x7ff24ea53040>
1864,124,124,[123],5001.0,5.0,316639,5001,5002,5001.0,differentia=8+policy=RecencyProportionalResolution+target=4096,<function upgma at 0x7ff24ea53040>
1865,125,125,[123],4998.0,2.0,Inner19,4998,4999,4998.0,differentia=8+policy=RecencyProportionalResolution+target=4096,<function upgma at 0x7ff24ea53040>
1866,126,126,[125],4998.0,0.0,Inner18,4998,4999,4998.0,differentia=8+policy=RecencyProportionalResolution+target=4096,<function upgma at 0x7ff24ea53040>
1867,127,127,[126],5001.0,3.0,316598,5001,5002,5001.0,differentia=8+policy=RecencyProportionalResolution+target=4096,<function upgma at 0x7ff24ea53040>
1868,128,128,[126],5001.0,3.0,316605,5001,5002,5001.0,differentia=8+policy=RecencyProportionalResolution+target=4096,<function upgma at 0x7ff24ea53040>
1869,129,129,[125],5001.0,3.0,316641,5001,5002,5001.0,differentia=8+policy=RecencyProportionalResolution+target=4096,<function upgma at 0x7ff24ea53040>
1870,130,130,[116],4998.0,5.0,Inner17,4998,4999,4998.0,differentia=8+policy=RecencyProportionalResolution+target=4096,<function upgma at 0x7ff24ea53040>
1871,131,131,[130],5001.0,3.0,316647,5001,5002,5001.0,differentia=8+policy=RecencyProportionalResolution+target=4096,<function upgma at 0x7ff24ea53040>
1872,132,132,[130],4998.0,0.0,Inner16,4998,4999,4998.0,differentia=8+policy=RecencyProportionalResolution+target=4096,<function upgma at 0x7ff24ea53040>
1873,133,133,[132],5001.0,3.0,316621,5001,5002,5001.0,differentia=8+policy=RecencyProportionalResolution+target=4096,<function upgma at 0x7ff24ea53040>
1874,134,134,[132],4998.0,0.0,Inner15,4998,4999,4998.0,differentia=8+policy=RecencyProportionalResolution+target=4096,<function upgma at 0x7ff24ea53040>
1875,135,135,[134],5001.0,3.0,316619,5001,5002,5001.0,differentia=8+policy=RecencyProportionalResolution+target=4096,<function upgma at 0x7ff24ea53040>
1876,136,136,[134],4998.0,0.0,Inner14,4998,4999,4998.0,differentia=8+policy=RecencyProportionalResolution+target=4096,<function upgma at 0x7ff24ea53040>
1877,137,137,[136],5001.0,3.0,316610,5001,5002,5001.0,differentia=8+policy=RecencyProportionalResolution+target=4096,<function upgma at 0x7ff24ea53040>
1878,138,138,[136],4998.0,0.0,Inner13,4998,4999,4998.0,differentia=8+policy=RecencyProportionalResolution+target=4096,<function upgma at 0x7ff24ea53040>
1879,139,139,[138],5001.0,3.0,316603,5001,5002,5001.0,differentia=8+policy=RecencyProportionalResolution+target=4096,<function upgma at 0x7ff24ea53040>
1880,140,140,[138],4998.0,0.0,Inner12,4998,4999,4998.0,differentia=8+policy=RecencyProportionalResolution+target=4096,<function upgma at 0x7ff24ea53040>
1881,141,141,[140],4999.0,1.0,Inner1,4999,5000,4999.0,differentia=8+policy=RecencyProportionalResolution+target=4096,<function upgma at 0x7ff24ea53040>
1882,142,142,[141],5001.0,2.0,316640,5001,5002,5001.0,differentia=8+policy=RecencyProportionalResolution+target=4096,<function upgma at 0x7ff24ea53040>
1883,143,143,[141],5001.0,2.0,316643,5001,5002,5001.0,differentia=8+policy=RecencyProportionalResolution+target=4096,<function upgma at 0x7ff24ea53040>
1884,144,144,[140],5001.0,3.0,316654,5001,5002,5001.0,differentia=8+policy=RecencyProportionalResolution+target=4096,<function upgma at 0x7ff24ea53040>
1885,0,0,[None],4947.5,4947.5,Inner72,4944,4952,4947.5,differentia=8+policy=RecencyProportionalResolution+target=512,<function upgma at 0x7ff24ea53040>
1886,1,1,[0],4969.5,22.0,Inner71,4968,4972,4969.5,differentia=8+policy=RecencyProportionalResolution+target=512,<function upgma at 0x7ff24ea53040>
1887,2,2,[1],4992.0,22.5,Inner60,4992,4993,4992.0,differentia=8+policy=RecencyProportionalResolution+target=512,<function upgma at 0x7ff24ea53040>
1888,3,3,[2],4993.0,1.0,Inner54,4993,4994,4993.0,differentia=8+policy=RecencyProportionalResolution+target=512,<function upgma at 0x7ff24ea53040>
1889,4,4,[3],4999.0,6.0,Inner9,4999,5000,4999.0,differentia=8+policy=RecencyProportionalResolution+target=512,<function upgma at 0x7ff24ea53040>
1890,5,5,[4],4999.0,0.0,Inner8,4999,5000,4999.0,differentia=8+policy=RecencyProportionalResolution+target=512,<function upgma at 0x7ff24ea53040>
1891,6,6,[5],5001.0,2.0,316590,5001,5002,5001.0,differentia=8+policy=RecencyProportionalResolution+target=512,<function upgma at 0x7ff24ea53040>
1892,7,7,[5],5001.0,2.0,316618,5001,5002,5001.0,differentia=8+policy=RecencyProportionalResolution+target=512,<function upgma at 0x7ff24ea53040>
1893,8,8,[4],5001.0,2.0,316622,5001,5002,5001.0,differentia=8+policy=RecencyProportionalResolution+target=512,<function upgma at 0x7ff24ea53040>
1894,9,9,[3],4993.0,0.0,Inner53,4993,4994,4993.0,differentia=8+policy=RecencyProportionalResolution+target=512,<function upgma at 0x7ff24ea53040>
1895,10,10,[9],5000.0,7.0,316551,5000,5001,5000.0,differentia=8+policy=RecencyProportionalResolution+target=512,<function upgma at 0x7ff24ea53040>
1896,11,11,[9],4997.0,4.0,Inner40,4997,4998,4997.0,differentia=8+policy=RecencyProportionalResolution+target=512,<function upgma at 0x7ff24ea53040>
1897,12,12,[11],4998.0,1.0,Inner28,4998,4999,4998.0,differentia=8+policy=RecencyProportionalResolution+target=512,<function upgma at 0x7ff24ea53040>
1898,13,13,[12],4998.0,0.0,Inner27,4998,4999,4998.0,differentia=8+policy=RecencyProportionalResolution+target=512,<function upgma at 0x7ff24ea53040>
1899,14,14,[13],5001.0,3.0,316609,5001,5002,5001.0,differentia=8+policy=RecencyProportionalResolution+target=512,<function upgma at 0x7ff24ea53040>
1900,15,15,[13],5001.0,3.0,316616,5001,5002,5001.0,differentia=8+policy=RecencyProportionalResolution+target=512,<function upgma at 0x7ff24ea53040>
1901,16,16,[12],5001.0,3.0,316620,5001,5002,5001.0,differentia=8+policy=RecencyProportionalResolution+target=512,<function upgma at 0x7ff24ea53040>
1902,17,17,[11],4998.0,1.0,Inner26,4998,4999,4998.0,differentia=8+policy=RecencyProportionalResolution+target=512,<function upgma at 0x7ff24ea53040>
1903,18,18,[17],5001.0,3.0,316592,5001,5002,5001.0,differentia=8+policy=RecencyProportionalResolution+target=512,<function upgma at 0x7ff24ea53040>
1904,19,19,[17],5001.0,3.0,316628,5001,5002,5001.0,differentia=8+policy=RecencyProportionalResolution+target=512,<function upgma at 0x7ff24ea53040>
1905,20,20,[2],4996.0,4.0,Inner41,4996,4997,4996.0,differentia=8+policy=RecencyProportionalResolution+target=512,<function upgma at 0x7ff24ea53040>
1906,21,21,[20],4998.0,2.0,Inner11,4998,4999,4998.0,differentia=8+policy=RecencyProportionalResolution+target=512,<function upgma at 0x7ff24ea53040>
1907,22,22,[21],5000.0,2.0,316581,5000,5001,5000.0,differentia=8+policy=RecencyProportionalResolution+target=512,<function upgma at 0x7ff24ea53040>
1908,23,23,[21],4999.0,1.0,Inner7,4999,5000,4999.0,differentia=8+policy=RecencyProportionalResolution+target=512,<function upgma at 0x7ff24ea53040>
1909,24,24,[23],5001.0,2.0,316595,5001,5002,5001.0,differentia=8+policy=RecencyProportionalResolution+target=512,<function upgma at 0x7ff24ea53040>
1910,25,25,[23],5001.0,2.0,316630,5001,5002,5001.0,differentia=8+policy=RecencyProportionalResolution+target=512,<function upgma at 0x7ff24ea53040>
1911,26,26,[20],4997.0,1.0,Inner39,4997,4998,4997.0,differentia=8+policy=RecencyProportionalResolution+target=512,<function upgma at 0x7ff24ea53040>
1912,27,27,[26],5001.0,4.0,316645,5001,5002,5001.0,differentia=8+policy=RecencyProportionalResolution+target=512,<function upgma at 0x7ff24ea53040>
1913,28,28,[26],4997.0,0.0,Inner38,4997,4998,4997.0,differentia=8+policy=RecencyProportionalResolution+target=512,<function upgma at 0x7ff24ea53040>
1914,29,29,[28],5001.0,4.0,316636,5001,5002,5001.0,differentia=8+policy=RecencyProportionalResolution+target=512,<function upgma at 0x7ff24ea53040>
1915,30,30,[28],5001.0,4.0,316650,5001,5002,5001.0,differentia=8+policy=RecencyProportionalResolution+target=512,<function upgma at 0x7ff24ea53040>
1916,31,31,[1],4991.0,21.5,Inner63,4991,4992,4991.0,differentia=8+policy=RecencyProportionalResolution+target=512,<function upgma at 0x7ff24ea53040>
1917,32,32,[31],5001.0,10.0,316644,5001,5002,5001.0,differentia=8+policy=RecencyProportionalResolution+target=512,<function upgma at 0x7ff24ea53040>
1918,33,33,[31],4991.0,0.0,Inner62,4991,4992,4991.0,differentia=8+policy=RecencyProportionalResolution+target=512,<function upgma at 0x7ff24ea53040>
1919,34,34,[33],4992.0,1.0,Inner59,4992,4993,4992.0,differentia=8+policy=RecencyProportionalResolution+target=512,<function upgma at 0x7ff24ea53040>
1920,35,35,[34],5001.0,9.0,316612,5001,5002,5001.0,differentia=8+policy=RecencyProportionalResolution+target=512,<function upgma at 0x7ff24ea53040>
1921,36,36,[34],4992.0,0.0,Inner58,4992,4993,4992.0,differentia=8+policy=RecencyProportionalResolution+target=512,<function upgma at 0x7ff24ea53040>
1922,37,37,[36],4997.0,5.0,Inner37,4997,4998,4997.0,differentia=8+policy=RecencyProportionalResolution+target=512,<function upgma at 0x7ff24ea53040>
1923,38,38,[37],5001.0,4.0,316613,5001,5002,5001.0,differentia=8+policy=RecencyProportionalResolution+target=512,<function upgma at 0x7ff24ea53040>
1924,39,39,[37],4999.0,2.0,Inner6,4999,5000,4999.0,differentia=8+policy=RecencyProportionalResolution+target=512,<function upgma at 0x7ff24ea53040>
1925,40,40,[39],4999.0,0.0,Inner5,4999,5000,4999.0,differentia=8+policy=RecencyProportionalResolution+target=512,<function upgma at 0x7ff24ea53040>
1926,41,41,[40],5001.0,2.0,316593,5001,5002,5001.0,differentia=8+policy=RecencyProportionalResolution+target=512,<function upgma at 0x7ff24ea53040>
1927,42,42,[40],5001.0,2.0,316614,5001,5002,5001.0,differentia=8+policy=RecencyProportionalResolution+target=512,<function upgma at 0x7ff24ea53040>
1928,43,43,[39],5001.0,2.0,316627,5001,5002,5001.0,differentia=8+policy=RecencyProportionalResolution+target=512,<function upgma at 0x7ff24ea53040>
1929,44,44,[36],4994.0,2.0,Inner47,4994,4995,4994.0,differentia=8+policy=RecencyProportionalResolution+target=512,<function upgma at 0x7ff24ea53040>
1930,45,45,[44],4999.0,5.0,316532,4999,5000,4999.0,differentia=8+policy=RecencyProportionalResolution+target=512,<function upgma at 0x7ff24ea53040>
1931,46,46,[44],4998.0,4.0,Inner25,4998,4999,4998.0,differentia=8+policy=RecencyProportionalResolution+target=512,<function upgma at 0x7ff24ea53040>
1932,47,47,[46],4998.0,0.0,Inner24,4998,4999,4998.0,differentia=8+policy=RecencyProportionalResolution+target=512,<function upgma at 0x7ff24ea53040>
1933,48,48,[47],4998.0,0.0,Inner23,4998,4999,4998.0,differentia=8+policy=RecencyProportionalResolution+target=512,<function upgma at 0x7ff24ea53040>
1934,49,49,[48],5001.0,3.0,316596,5001,5002,5001.0,differentia=8+policy=RecencyProportionalResolution+target=512,<function upgma at 0x7ff24ea53040>
1935,50,50,[48],5001.0,3.0,316602,5001,5002,5001.0,differentia=8+policy=RecencyProportionalResolution+target=512,<function upgma at 0x7ff24ea53040>
1936,51,51,[47],5001.0,3.0,316606,5001,5002,5001.0,differentia=8+policy=RecencyProportionalResolution+target=512,<function upgma at 0x7ff24ea53040>
1937,52,52,[46],5001.0,3.0,316634,5001,5002,5001.0,differentia=8+policy=RecencyProportionalResolution+target=512,<function upgma at 0x7ff24ea53040>
1938,53,53,[33],4997.0,6.0,Inner32,4997,4998,4997.0,differentia=8+policy=RecencyProportionalResolution+target=512,<function upgma at 0x7ff24ea53040>
1939,54,54,[53],4997.0,0.0,Inner31,4997,4998,4997.0,differentia=8+policy=RecencyProportionalResolution+target=512,<function upgma at 0x7ff24ea53040>
1940,55,55,[54],4997.0,0.0,Inner30,4997,4998,4997.0,differentia=8+policy=RecencyProportionalResolution+target=512,<function upgma at 0x7ff24ea53040>
1941,56,56,[55],5000.0,3.0,316573,5000,5001,5000.0,differentia=8+policy=RecencyProportionalResolution+target=512,<function upgma at 0x7ff24ea53040>
1942,57,57,[55],5001.0,4.0,316611,5001,5002,5001.0,differentia=8+policy=RecencyProportionalResolution+target=512,<function upgma at 0x7ff24ea53040>
1943,58,58,[54],5001.0,4.0,316617,5001,5002,5001.0,differentia=8+policy=RecencyProportionalResolution+target=512,<function upgma at 0x7ff24ea53040>
1944,59,59,[53],5001.0,4.0,316653,5001,5002,5001.0,differentia=8+policy=RecencyProportionalResolution+target=512,<function upgma at 0x7ff24ea53040>
1945,60,60,[0],4973.5,26.0,Inner70,4972,4976,4973.5,differentia=8+policy=RecencyProportionalResolution+target=512,<function upgma at 0x7ff24ea53040>
1946,61,61,[60],4994.0,20.5,Inner51,4994,4995,4994.0,differentia=8+policy=RecencyProportionalResolution+target=512,<function upgma at 0x7ff24ea53040>
1947,62,62,[61],4994.0,0.0,Inner50,4994,4995,4994.0,differentia=8+policy=RecencyProportionalResolution+target=512,<function upgma at 0x7ff24ea53040>
1948,63,63,[62],4997.0,3.0,Inner34,4997,4998,4997.0,differentia=8+policy=RecencyProportionalResolution+target=512,<function upgma at 0x7ff24ea53040>
1949,64,64,[63],4999.0,2.0,Inner4,4999,5000,4999.0,differentia=8+policy=RecencyProportionalResolution+target=512,<function upgma at 0x7ff24ea53040>
1950,65,65,[64],5001.0,2.0,316594,5001,5002,5001.0,differentia=8+policy=RecencyProportionalResolution+target=512,<function upgma at 0x7ff24ea53040>
1951,66,66,[64],5001.0,2.0,316600,5001,5002,5001.0,differentia=8+policy=RecencyProportionalResolution+target=512,<function upgma at 0x7ff24ea53040>
1952,67,67,[63],5001.0,4.0,316635,5001,5002,5001.0,differentia=8+policy=RecencyProportionalResolution+target=512,<function upgma at 0x7ff24ea53040>
1953,68,68,[62],5001.0,7.0,316637,5001,5002,5001.0,differentia=8+policy=RecencyProportionalResolution+target=512,<function upgma at 0x7ff24ea53040>
1954,69,69,[61],4997.0,3.0,Inner36,4997,4998,4997.0,differentia=8+policy=RecencyProportionalResolution+target=512,<function upgma at 0x7ff24ea53040>
1955,70,70,[69],4997.0,0.0,Inner35,4997,4998,4997.0,differentia=8+policy=RecencyProportionalResolution+target=512,<function upgma at 0x7ff24ea53040>
1956,71,71,[70],5001.0,4.0,316589,5001,5002,5001.0,differentia=8+policy=RecencyProportionalResolution+target=512,<function upgma at 0x7ff24ea53040>
1957,72,72,[70],5001.0,4.0,316591,5001,5002,5001.0,differentia=8+policy=RecencyProportionalResolution+target=512,<function upgma at 0x7ff24ea53040>
1958,73,73,[69],5001.0,4.0,316648,5001,5002,5001.0,differentia=8+policy=RecencyProportionalResolution+target=512,<function upgma at 0x7ff24ea53040>
1959,74,74,[60],4980.5,7.0,Inner69,4980,4982,4980.5,differentia=8+policy=RecencyProportionalResolution+target=512,<function upgma at 0x7ff24ea53040>
1960,75,75,[74],4984.5,4.0,Inner68,4984,4986,4984.5,differentia=8+policy=RecencyProportionalResolution+target=512,<function upgma at 0x7ff24ea53040>
1961,76,76,[75],4986.5,2.0,Inner67,4986,4988,4986.5,differentia=8+policy=RecencyProportionalResolution+target=512,<function upgma at 0x7ff24ea53040>
1962,77,77,[76],5001.0,14.5,316607,5001,5002,5001.0,differentia=8+policy=RecencyProportionalResolution+target=512,<function upgma at 0x7ff24ea53040>
1963,78,78,[76],4994.0,7.5,Inner49,4994,4995,4994.0,differentia=8+policy=RecencyProportionalResolution+target=512,<function upgma at 0x7ff24ea53040>
1964,79,79,[78],5001.0,7.0,316642,5001,5002,5001.0,differentia=8+policy=RecencyProportionalResolution+target=512,<function upgma at 0x7ff24ea53040>
1965,80,80,[78],5001.0,7.0,316651,5001,5002,5001.0,differentia=8+policy=RecencyProportionalResolution+target=512,<function upgma at 0x7ff24ea53040>
1966,81,81,[75],4988.5,4.0,Inner66,4988,4990,4988.5,differentia=8+policy=RecencyProportionalResolution+target=512,<function upgma at 0x7ff24ea53040>
1967,82,82,[81],4990.0,1.5,Inner65,4990,4991,4990.0,differentia=8+policy=RecencyProportionalResolution+target=512,<function upgma at 0x7ff24ea53040>
1968,83,83,[82],4993.0,3.0,Inner57,4993,4994,4993.0,differentia=8+policy=RecencyProportionalResolution+target=512,<function upgma at 0x7ff24ea53040>
1969,84,84,[83],5001.0,8.0,316623,5001,5002,5001.0,differentia=8+policy=RecencyProportionalResolution+target=512,<function upgma at 0x7ff24ea53040>
1970,85,85,[83],4993.0,0.0,Inner56,4993,4994,4993.0,differentia=8+policy=RecencyProportionalResolution+target=512,<function upgma at 0x7ff24ea53040>
1971,86,86,[85],5001.0,8.0,316631,5001,5002,5001.0,differentia=8+policy=RecencyProportionalResolution+target=512,<function upgma at 0x7ff24ea53040>
1972,87,87,[85],4998.0,5.0,Inner22,4998,4999,4998.0,differentia=8+policy=RecencyProportionalResolution+target=512,<function upgma at 0x7ff24ea53040>
1973,88,88,[87],5001.0,3.0,316629,5001,5002,5001.0,differentia=8+policy=RecencyProportionalResolution+target=512,<function upgma at 0x7ff24ea53040>
1974,89,89,[87],4998.0,0.0,Inner21,4998,4999,4998.0,differentia=8+policy=RecencyProportionalResolution+target=512,<function upgma at 0x7ff24ea53040>
1975,90,90,[89],5001.0,3.0,316624,5001,5002,5001.0,differentia=8+policy=RecencyProportionalResolution+target=512,<function upgma at 0x7ff24ea53040>
1976,91,91,[89],4998.0,0.0,Inner20,4998,4999,4998.0,differentia=8+policy=RecencyProportionalResolution+target=512,<function upgma at 0x7ff24ea53040>
1977,92,92,[91],5001.0,3.0,316597,5001,5002,5001.0,differentia=8+policy=RecencyProportionalResolution+target=512,<function upgma at 0x7ff24ea53040>
1978,93,93,[91],5001.0,3.0,316632,5001,5002,5001.0,differentia=8+policy=RecencyProportionalResolution+target=512,<function upgma at 0x7ff24ea53040>
1979,94,94,[82],5001.0,11.0,316649,5001,5002,5001.0,differentia=8+policy=RecencyProportionalResolution+target=512,<function upgma at 0x7ff24ea53040>
1980,95,95,[81],4990.0,1.5,Inner64,4990,4991,4990.0,differentia=8+policy=RecencyProportionalResolution+target=512,<function upgma at 0x7ff24ea53040>
1981,96,96,[95],4993.0,3.0,Inner52,4993,4994,4993.0,differentia=8+policy=RecencyProportionalResolution+target=512,<function upgma at 0x7ff24ea53040>
1982,97,97,[96],5000.0,7.0,316563,5000,5001,5000.0,differentia=8+policy=RecencyProportionalResolution+target=512,<function upgma at 0x7ff24ea53040>
1983,98,98,[96],5001.0,8.0,316625,5001,5002,5001.0,differentia=8+policy=RecencyProportionalResolution+target=512,<function upgma at 0x7ff24ea53040>
1984,99,99,[95],4992.0,2.0,Inner61,4992,4993,4992.0,differentia=8+policy=RecencyProportionalResolution+target=512,<function upgma at 0x7ff24ea53040>
1985,100,100,[99],4995.0,3.0,Inner46,4995,4996,4995.0,differentia=8+policy=RecencyProportionalResolution+target=512,<function upgma at 0x7ff24ea53040>
1986,101,101,[100],5001.0,6.0,316601,5001,5002,5001.0,differentia=8+policy=RecencyProportionalResolution+target=512,<function upgma at 0x7ff24ea53040>
1987,102,102,[100],4995.0,0.0,Inner45,4995,4996,4995.0,differentia=8+policy=RecencyProportionalResolution+target=512,<function upgma at 0x7ff24ea53040>
1988,103,103,[102],4997.0,2.0,Inner33,4997,4998,4997.0,differentia=8+policy=RecencyProportionalResolution+target=512,<function upgma at 0x7ff24ea53040>
1989,104,104,[103],5001.0,4.0,316626,5001,5002,5001.0,differentia=8+policy=RecencyProportionalResolution+target=512,<function upgma at 0x7ff24ea53040>
1990,105,105,[103],5001.0,4.0,316633,5001,5002,5001.0,differentia=8+policy=RecencyProportionalResolution+target=512,<function upgma at 0x7ff24ea53040>
1991,106,106,[102],4999.0,4.0,Inner2,4999,5000,4999.0,differentia=8+policy=RecencyProportionalResolution+target=512,<function upgma at 0x7ff24ea53040>
1992,107,107,[106],5001.0,2.0,316615,5001,5002,5001.0,differentia=8+policy=RecencyProportionalResolution+target=512,<function upgma at 0x7ff24ea53040>
1993,108,108,[106],5001.0,2.0,316646,5001,5002,5001.0,differentia=8+policy=RecencyProportionalResolution+target=512,<function upgma at 0x7ff24ea53040>
1994,109,109,[99],4996.0,4.0,Inner44,4996,4997,4996.0,differentia=8+policy=RecencyProportionalResolution+target=512,<function upgma at 0x7ff24ea53040>
1995,110,110,[109],4999.0,3.0,Inner3,4999,5000,4999.0,differentia=8+policy=RecencyProportionalResolution+target=512,<function upgma at 0x7ff24ea53040>
1996,111,111,[110],5001.0,2.0,316599,5001,5002,5001.0,differentia=8+policy=RecencyProportionalResolution+target=512,<function upgma at 0x7ff24ea53040>
1997,112,112,[110],5001.0,2.0,316604,5001,5002,5001.0,differentia=8+policy=RecencyProportionalResolution+target=512,<function upgma at 0x7ff24ea53040>
1998,113,113,[109],4996.0,0.0,Inner43,4996,4997,4996.0,differentia=8+policy=RecencyProportionalResolution+target=512,<function upgma at 0x7ff24ea53040>
1999,114,114,[113],5001.0,5.0,316608,5001,5002,5001.0,differentia=8+policy=RecencyProportionalResolution+target=512,<function upgma at 0x7ff24ea53040>
2000,115,115,[113],5001.0,5.0,316652,5001,5002,5001.0,differentia=8+policy=RecencyProportionalResolution+target=512,<function upgma at 0x7ff24ea53040>
2001,116,116,[74],4993.0,12.5,Inner55,4993,4994,4993.0,differentia=8+policy=RecencyProportionalResolution+target=512,<function upgma at 0x7ff24ea53040>
2002,117,117,[116],4994.0,1.0,Inner48,4994,4995,4994.0,differentia=8+policy=RecencyProportionalResolution+target=512,<function upgma at 0x7ff24ea53040>
2003,118,118,[117],4997.0,3.0,Inner29,4997,4998,4997.0,differentia=8+policy=RecencyProportionalResolution+target=512,<function upgma at 0x7ff24ea53040>
2004,119,119,[118],5000.0,3.0,316547,5000,5001,5000.0,differentia=8+policy=RecencyProportionalResolution+target=512,<function upgma at 0x7ff24ea53040>
2005,120,120,[118],4998.0,1.0,Inner10,4998,4999,4998.0,differentia=8+policy=RecencyProportionalResolution+target=512,<function upgma at 0x7ff24ea53040>
2006,121,121,[120],5000.0,2.0,316570,5000,5001,5000.0,differentia=8+policy=RecencyProportionalResolution+target=512,<function upgma at 0x7ff24ea53040>
2007,122,122,[120],5001.0,3.0,316638,5001,5002,5001.0,differentia=8+policy=RecencyProportionalResolution+target=512,<function upgma at 0x7ff24ea53040>
2008,123,123,[117],4996.0,2.0,Inner42,4996,4997,4996.0,differentia=8+policy=RecencyProportionalResolution+target=512,<function upgma at 0x7ff24ea53040>
2009,124,124,[123],5001.0,5.0,316639,5001,5002,5001.0,differentia=8+policy=RecencyProportionalResolution+target=512,<function upgma at 0x7ff24ea53040>
2010,125,125,[123],4998.0,2.0,Inner19,4998,4999,4998.0,differentia=8+policy=RecencyProportionalResolution+target=512,<function upgma at 0x7ff24ea53040>
2011,126,126,[125],4998.0,0.0,Inner18,4998,4999,4998.0,differentia=8+policy=RecencyProportionalResolution+target=512,<function upgma at 0x7ff24ea53040>
2012,127,127,[126],5001.0,3.0,316598,5001,5002,5001.0,differentia=8+policy=RecencyProportionalResolution+target=512,<function upgma at 0x7ff24ea53040>
2013,128,128,[126],5001.0,3.0,316605,5001,5002,5001.0,differentia=8+policy=RecencyProportionalResolution+target=512,<function upgma at 0x7ff24ea53040>
2014,129,129,[125],5001.0,3.0,316641,5001,5002,5001.0,differentia=8+policy=RecencyProportionalResolution+target=512,<function upgma at 0x7ff24ea53040>
2015,130,130,[116],4998.0,5.0,Inner17,4998,4999,4998.0,differentia=8+policy=RecencyProportionalResolution+target=512,<function upgma at 0x7ff24ea53040>
2016,131,131,[130],5001.0,3.0,316647,5001,5002,5001.0,differentia=8+policy=RecencyProportionalResolution+target=512,<function upgma at 0x7ff24ea53040>
2017,132,132,[130],4998.0,0.0,Inner16,4998,4999,4998.0,differentia=8+policy=RecencyProportionalResolution+target=512,<function upgma at 0x7ff24ea53040>
2018,133,133,[132],5001.0,3.0,316621,5001,5002,5001.0,differentia=8+policy=RecencyProportionalResolution+target=512,<function upgma at 0x7ff24ea53040>
2019,134,134,[132],4998.0,0.0,Inner15,4998,4999,4998.0,differentia=8+policy=RecencyProportionalResolution+target=512,<function upgma at 0x7ff24ea53040>
2020,135,135,[134],5001.0,3.0,316619,5001,5002,5001.0,differentia=8+policy=RecencyProportionalResolution+target=512,<function upgma at 0x7ff24ea53040>
2021,136,136,[134],4998.0,0.0,Inner14,4998,4999,4998.0,differentia=8+policy=RecencyProportionalResolution+target=512,<function upgma at 0x7ff24ea53040>
2022,137,137,[136],5001.0,3.0,316610,5001,5002,5001.0,differentia=8+policy=RecencyProportionalResolution+target=512,<function upgma at 0x7ff24ea53040>
2023,138,138,[136],4998.0,0.0,Inner13,4998,4999,4998.0,differentia=8+policy=RecencyProportionalResolution+target=512,<function upgma at 0x7ff24ea53040>
2024,139,139,[138],5001.0,3.0,316603,5001,5002,5001.0,differentia=8+policy=RecencyProportionalResolution+target=512,<function upgma at 0x7ff24ea53040>
2025,140,140,[138],4998.0,0.0,Inner12,4998,4999,4998.0,differentia=8+policy=RecencyProportionalResolution+target=512,<function upgma at 0x7ff24ea53040>
2026,141,141,[140],4999.0,1.0,Inner1,4999,5000,4999.0,differentia=8+policy=RecencyProportionalResolution+target=512,<function upgma at 0x7ff24ea53040>
2027,142,142,[141],5001.0,2.0,316640,5001,5002,5001.0,differentia=8+policy=RecencyProportionalResolution+target=512,<function upgma at 0x7ff24ea53040>
2028,143,143,[141],5001.0,2.0,316643,5001,5002,5001.0,differentia=8+policy=RecencyProportionalResolution+target=512,<function upgma at 0x7ff24ea53040>
2029,144,144,[140],5001.0,3.0,316654,5001,5002,5001.0,differentia=8+policy=RecencyProportionalResolution+target=512,<function upgma at 0x7ff24ea53040>
2030,0,0,[None],4927.5,4927.5,Inner72,4864,4992,4927.5,differentia=8+policy=RecencyProportionalResolution+target=64,<function upgma at 0x7ff24ea53040>
2031,1,1,[0],5001.0,73.5,316644,5001,5002,5001.0,differentia=8+policy=RecencyProportionalResolution+target=64,<function upgma at 0x7ff24ea53040>
2032,2,2,[0],4927.5,0.0,Inner71,4864,4992,4927.5,differentia=8+policy=RecencyProportionalResolution+target=64,<function upgma at 0x7ff24ea53040>
2033,3,3,[2],4995.5,68.0,Inner61,4992,5000,4995.5,differentia=8+policy=RecencyProportionalResolution+target=64,<function upgma at 0x7ff24ea53040>
2034,4,4,[3],4995.5,0.0,Inner60,4992,5000,4995.5,differentia=8+policy=RecencyProportionalResolution+target=64,<function upgma at 0x7ff24ea53040>
2035,5,5,[4],5001.0,5.5,316589,5001,5002,5001.0,differentia=8+policy=RecencyProportionalResolution+target=64,<function upgma at 0x7ff24ea53040>
2036,6,6,[4],4995.5,0.0,Inner59,4992,5000,4995.5,differentia=8+policy=RecencyProportionalResolution+target=64,<function upgma at 0x7ff24ea53040>
2037,7,7,[6],5001.0,5.5,316591,5001,5002,5001.0,differentia=8+policy=RecencyProportionalResolution+target=64,<function upgma at 0x7ff24ea53040>
2038,8,8,[6],4995.5,0.0,Inner58,4992,5000,4995.5,differentia=8+policy=RecencyProportionalResolution+target=64,<function upgma at 0x7ff24ea53040>
2039,9,9,[8],4995.5,0.0,Inner57,4992,5000,4995.5,differentia=8+policy=RecencyProportionalResolution+target=64,<function upgma at 0x7ff24ea53040>
2040,10,10,[9],5001.0,5.5,316600,5001,5002,5001.0,differentia=8+policy=RecencyProportionalResolution+target=64,<function upgma at 0x7ff24ea53040>
2041,11,11,[9],4995.5,0.0,Inner56,4992,5000,4995.5,differentia=8+policy=RecencyProportionalResolution+target=64,<function upgma at 0x7ff24ea53040>
2042,12,12,[11],5001.0,5.5,316594,5001,5002,5001.0,differentia=8+policy=RecencyProportionalResolution+target=64,<function upgma at 0x7ff24ea53040>
2043,13,13,[11],5001.0,5.5,316635,5001,5002,5001.0,differentia=8+policy=RecencyProportionalResolution+target=64,<function upgma at 0x7ff24ea53040>
2044,14,14,[8],5001.0,5.5,316637,5001,5002,5001.0,differentia=8+policy=RecencyProportionalResolution+target=64,<function upgma at 0x7ff24ea53040>
2045,15,15,[3],5001.0,5.5,316648,5001,5002,5001.0,differentia=8+policy=RecencyProportionalResolution+target=64,<function upgma at 0x7ff24ea53040>
2046,16,16,[2],4927.5,0.0,Inner70,4864,4992,4927.5,differentia=8+policy=RecencyProportionalResolution+target=64,<function upgma at 0x7ff24ea53040>
2047,17,17,[16],4995.5,68.0,Inner55,4992,5000,4995.5,differentia=8+policy=RecencyProportionalResolution+target=64,<function upgma at 0x7ff24ea53040>
2048,18,18,[17],5001.0,5.5,316623,5001,5002,5001.0,differentia=8+policy=RecencyProportionalResolution+target=64,<function upgma at 0x7ff24ea53040>
2049,19,19,[17],4995.5,0.0,Inner54,4992,5000,4995.5,differentia=8+policy=RecencyProportionalResolution+target=64,<function upgma at 0x7ff24ea53040>
2050,20,20,[19],5001.0,5.5,316631,5001,5002,5001.0,differentia=8+policy=RecencyProportionalResolution+target=64,<function upgma at 0x7ff24ea53040>
2051,21,21,[19],4995.5,0.0,Inner53,4992,5000,4995.5,differentia=8+policy=RecencyProportionalResolution+target=64,<function upgma at 0x7ff24ea53040>
2052,22,22,[21],5001.0,5.5,316629,5001,5002,5001.0,differentia=8+policy=RecencyProportionalResolution+target=64,<function upgma at 0x7ff24ea53040>
2053,23,23,[21],4995.5,0.0,Inner52,4992,5000,4995.5,differentia=8+policy=RecencyProportionalResolution+target=64,<function upgma at 0x7ff24ea53040>
2054,24,24,[23],5001.0,5.5,316624,5001,5002,5001.0,differentia=8+policy=RecencyProportionalResolution+target=64,<function upgma at 0x7ff24ea53040>
2055,25,25,[23],4995.5,0.0,Inner51,4992,5000,4995.5,differentia=8+policy=RecencyProportionalResolution+target=64,<function upgma at 0x7ff24ea53040>
2056,26,26,[25],5001.0,5.5,316597,5001,5002,5001.0,differentia=8+policy=RecencyProportionalResolution+target=64,<function upgma at 0x7ff24ea53040>
2057,27,27,[25],5001.0,5.5,316632,5001,5002,5001.0,differentia=8+policy=RecencyProportionalResolution+target=64,<function upgma at 0x7ff24ea53040>
2058,28,28,[16],4927.5,0.0,Inner69,4864,4992,4927.5,differentia=8+policy=RecencyProportionalResolution+target=64,<function upgma at 0x7ff24ea53040>
2059,29,29,[28],5001.0,73.5,316649,5001,5002,5001.0,differentia=8+policy=RecencyProportionalResolution+target=64,<function upgma at 0x7ff24ea53040>
2060,30,30,[28],4927.5,0.0,Inner68,4864,4992,4927.5,differentia=8+policy=RecencyProportionalResolution+target=64,<function upgma at 0x7ff24ea53040>
2061,31,31,[30],4995.5,68.0,Inner50,4992,5000,4995.5,differentia=8+policy=RecencyProportionalResolution+target=64,<function upgma at 0x7ff24ea53040>
2062,32,32,[31],5001.0,5.5,316599,5001,5002,5001.0,differentia=8+policy=RecencyProportionalResolution+target=64,<function upgma at 0x7ff24ea53040>
2063,33,33,[31],4995.5,0.0,Inner49,4992,5000,4995.5,differentia=8+policy=RecencyProportionalResolution+target=64,<function upgma at 0x7ff24ea53040>
2064,34,34,[33],5001.0,5.5,316604,5001,5002,5001.0,differentia=8+policy=RecencyProportionalResolution+target=64,<function upgma at 0x7ff24ea53040>
2065,35,35,[33],4995.5,0.0,Inner48,4992,5000,4995.5,differentia=8+policy=RecencyProportionalResolution+target=64,<function upgma at 0x7ff24ea53040>
2066,36,36,[35],4995.5,0.0,Inner47,4992,5000,4995.5,differentia=8+policy=RecencyProportionalResolution+target=64,<function upgma at 0x7ff24ea53040>
2067,37,37,[36],5001.0,5.5,316608,5001,5002,5001.0,differentia=8+policy=RecencyProportionalResolution+target=64,<function upgma at 0x7ff24ea53040>
2068,38,38,[36],4995.5,0.0,Inner46,4992,5000,4995.5,differentia=8+policy=RecencyProportionalResolution+target=64,<function upgma at 0x7ff24ea53040>
2069,39,39,[38],5001.0,5.5,316601,5001,5002,5001.0,differentia=8+policy=RecencyProportionalResolution+target=64,<function upgma at 0x7ff24ea53040>
2070,40,40,[38],4995.5,0.0,Inner45,4992,5000,4995.5,differentia=8+policy=RecencyProportionalResolution+target=64,<function upgma at 0x7ff24ea53040>
2071,41,41,[40],4995.5,0.0,Inner44,4992,5000,4995.5,differentia=8+policy=RecencyProportionalResolution+target=64,<function upgma at 0x7ff24ea53040>
2072,42,42,[41],5001.0,5.5,316615,5001,5002,5001.0,differentia=8+policy=RecencyProportionalResolution+target=64,<function upgma at 0x7ff24ea53040>
2073,43,43,[41],4995.5,0.0,Inner43,4992,5000,4995.5,differentia=8+policy=RecencyProportionalResolution+target=64,<function upgma at 0x7ff24ea53040>
2074,44,44,[43],5001.0,5.5,316626,5001,5002,5001.0,differentia=8+policy=RecencyProportionalResolution+target=64,<function upgma at 0x7ff24ea53040>
2075,45,45,[43],5001.0,5.5,316633,5001,5002,5001.0,differentia=8+policy=RecencyProportionalResolution+target=64,<function upgma at 0x7ff24ea53040>
2076,46,46,[40],5001.0,5.5,316646,5001,5002,5001.0,differentia=8+policy=RecencyProportionalResolution+target=64,<function upgma at 0x7ff24ea53040>
2077,47,47,[35],5001.0,5.5,316652,5001,5002,5001.0,differentia=8+policy=RecencyProportionalResolution+target=64,<function upgma at 0x7ff24ea53040>
2078,48,48,[30],4927.5,0.0,Inner67,4864,4992,4927.5,differentia=8+policy=RecencyProportionalResolution+target=64,<function upgma at 0x7ff24ea53040>
2079,49,49,[48],5001.0,73.5,316607,5001,5002,5001.0,differentia=8+policy=RecencyProportionalResolution+target=64,<function upgma at 0x7ff24ea53040>
2080,50,50,[48],4927.5,0.0,Inner66,4864,4992,4927.5,differentia=8+policy=RecencyProportionalResolution+target=64,<function upgma at 0x7ff24ea53040>
2081,51,51,[50],4995.5,68.0,Inner42,4992,5000,4995.5,differentia=8+policy=RecencyProportionalResolution+target=64,<function upgma at 0x7ff24ea53040>
2082,52,52,[51],5001.0,5.5,316642,5001,5002,5001.0,differentia=8+policy=RecencyProportionalResolution+target=64,<function upgma at 0x7ff24ea53040>
2083,53,53,[51],5001.0,5.5,316651,5001,5002,5001.0,differentia=8+policy=RecencyProportionalResolution+target=64,<function upgma at 0x7ff24ea53040>
2084,54,54,[50],4927.5,0.0,Inner65,4864,4992,4927.5,differentia=8+policy=RecencyProportionalResolution+target=64,<function upgma at 0x7ff24ea53040>
2085,55,55,[54],4927.5,0.0,Inner64,4864,4992,4927.5,differentia=8+policy=RecencyProportionalResolution+target=64,<function upgma at 0x7ff24ea53040>
2086,56,56,[55],4995.5,68.0,Inner38,4992,5000,4995.5,differentia=8+policy=RecencyProportionalResolution+target=64,<function upgma at 0x7ff24ea53040>
2087,57,57,[56],5001.0,5.5,316622,5001,5002,5001.0,differentia=8+policy=RecencyProportionalResolution+target=64,<function upgma at 0x7ff24ea53040>
2088,58,58,[56],4995.5,0.0,Inner36,4992,5000,4995.5,differentia=8+policy=RecencyProportionalResolution+target=64,<function upgma at 0x7ff24ea53040>
2089,59,59,[58],5001.0,5.5,316618,5001,5002,5001.0,differentia=8+policy=RecencyProportionalResolution+target=64,<function upgma at 0x7ff24ea53040>
2090,60,60,[58],4995.5,0.0,Inner33,4992,5000,4995.5,differentia=8+policy=RecencyProportionalResolution+target=64,<function upgma at 0x7ff24ea53040>
2091,61,61,[60],5001.0,5.5,316590,5001,5002,5001.0,differentia=8+policy=RecencyProportionalResolution+target=64,<function upgma at 0x7ff24ea53040>
2092,62,62,[60],4995.5,0.0,Inner30,4992,5000,4995.5,differentia=8+policy=RecencyProportionalResolution+target=64,<function upgma at 0x7ff24ea53040>
2093,63,63,[62],5001.0,5.5,316620,5001,5002,5001.0,differentia=8+policy=RecencyProportionalResolution+target=64,<function upgma at 0x7ff24ea53040>
2094,64,64,[62],4995.5,0.0,Inner27,4992,5000,4995.5,differentia=8+policy=RecencyProportionalResolution+target=64,<function upgma at 0x7ff24ea53040>
2095,65,65,[64],5001.0,5.5,316616,5001,5002,5001.0,differentia=8+policy=RecencyProportionalResolution+target=64,<function upgma at 0x7ff24ea53040>
2096,66,66,[64],4995.5,0.0,Inner24,4992,5000,4995.5,differentia=8+policy=RecencyProportionalResolution+target=64,<function upgma at 0x7ff24ea53040>
2097,67,67,[66],5001.0,5.5,316609,5001,5002,5001.0,differentia=8+policy=RecencyProportionalResolution+target=64,<function upgma at 0x7ff24ea53040>
2098,68,68,[66],4995.5,0.0,Inner21,4992,5000,4995.5,differentia=8+policy=RecencyProportionalResolution+target=64,<function upgma at 0x7ff24ea53040>
2099,69,69,[68],5001.0,5.5,316628,5001,5002,5001.0,differentia=8+policy=RecencyProportionalResolution+target=64,<function upgma at 0x7ff24ea53040>
2100,70,70,[68],4995.5,0.0,Inner18,4992,5000,4995.5,differentia=8+policy=RecencyProportionalResolution+target=64,<function upgma at 0x7ff24ea53040>
2101,71,71,[70],5001.0,5.5,316592,5001,5002,5001.0,differentia=8+policy=RecencyProportionalResolution+target=64,<function upgma at 0x7ff24ea53040>
2102,72,72,[70],4993.5,-2.0,Inner17,4992,4996,4993.5,differentia=8+policy=RecencyProportionalResolution+target=64,<function upgma at 0x7ff24ea53040>
2103,73,73,[72],4995.5,2.0,Inner16,4992,5000,4995.5,differentia=8+policy=RecencyProportionalResolution+target=64,<function upgma at 0x7ff24ea53040>
2104,74,74,[73],5001.0,5.5,316630,5001,5002,5001.0,differentia=8+policy=RecencyProportionalResolution+target=64,<function upgma at 0x7ff24ea53040>
2105,75,75,[73],4995.5,0.0,Inner11,4992,5000,4995.5,differentia=8+policy=RecencyProportionalResolution+target=64,<function upgma at 0x7ff24ea53040>
2106,76,76,[75],4995.5,0.0,Inner6,4992,5000,4995.5,differentia=8+policy=RecencyProportionalResolution+target=64,<function upgma at 0x7ff24ea53040>
2107,77,77,[76],5000.0,4.5,316581,5000,5001,5000.0,differentia=8+policy=RecencyProportionalResolution+target=64,<function upgma at 0x7ff24ea53040>
2108,78,78,[76],5001.0,5.5,316636,5001,5002,5001.0,differentia=8+policy=RecencyProportionalResolution+target=64,<function upgma at 0x7ff24ea53040>
2109,79,79,[75],5001.0,5.5,316645,5001,5002,5001.0,differentia=8+policy=RecencyProportionalResolution+target=64,<function upgma at 0x7ff24ea53040>
2110,80,80,[72],4995.5,2.0,Inner12,4992,5000,4995.5,differentia=8+policy=RecencyProportionalResolution+target=64,<function upgma at 0x7ff24ea53040>
2111,81,81,[80],5001.0,5.5,316595,5001,5002,5001.0,differentia=8+policy=RecencyProportionalResolution+target=64,<function upgma at 0x7ff24ea53040>
2112,82,82,[80],4995.5,0.0,Inner7,4992,5000,4995.5,differentia=8+policy=RecencyProportionalResolution+target=64,<function upgma at 0x7ff24ea53040>
2113,83,83,[82],5000.0,4.5,316551,5000,5001,5000.0,differentia=8+policy=RecencyProportionalResolution+target=64,<function upgma at 0x7ff24ea53040>
2114,84,84,[82],5001.0,5.5,316650,5001,5002,5001.0,differentia=8+policy=RecencyProportionalResolution+target=64,<function upgma at 0x7ff24ea53040>
2115,85,85,[55],4927.5,0.0,Inner63,4864,4992,4927.5,differentia=8+policy=RecencyProportionalResolution+target=64,<function upgma at 0x7ff24ea53040>
2116,86,86,[85],4995.0,67.5,Inner35,4992,4999,4995.0,differentia=8+policy=RecencyProportionalResolution+target=64,<function upgma at 0x7ff24ea53040>
2117,87,87,[86],5001.0,6.0,316612,5001,5002,5001.0,differentia=8+policy=RecencyProportionalResolution+target=64,<function upgma at 0x7ff24ea53040>
2118,88,88,[86],4995.0,0.0,Inner32,4992,4999,4995.0,differentia=8+policy=RecencyProportionalResolution+target=64,<function upgma at 0x7ff24ea53040>
2119,89,89,[88],4995.0,0.0,Inner29,4992,4999,4995.0,differentia=8+policy=RecencyProportionalResolution+target=64,<function upgma at 0x7ff24ea53040>
2120,90,90,[89],5001.0,6.0,316606,5001,5002,5001.0,differentia=8+policy=RecencyProportionalResolution+target=64,<function upgma at 0x7ff24ea53040>
2121,91,91,[89],4995.0,0.0,Inner26,4992,4999,4995.0,differentia=8+policy=RecencyProportionalResolution+target=64,<function upgma at 0x7ff24ea53040>
2122,92,92,[91],5001.0,6.0,316602,5001,5002,5001.0,differentia=8+policy=RecencyProportionalResolution+target=64,<function upgma at 0x7ff24ea53040>
2123,93,93,[91],4995.0,0.0,Inner23,4992,4999,4995.0,differentia=8+policy=RecencyProportionalResolution+target=64,<function upgma at 0x7ff24ea53040>
2124,94,94,[93],5001.0,6.0,316596,5001,5002,5001.0,differentia=8+policy=RecencyProportionalResolution+target=64,<function upgma at 0x7ff24ea53040>
2125,95,95,[93],4995.0,0.0,Inner20,4992,4999,4995.0,differentia=8+policy=RecencyProportionalResolution+target=64,<function upgma at 0x7ff24ea53040>
2126,96,96,[95],4995.0,0.0,Inner15,4992,4999,4995.0,differentia=8+policy=RecencyProportionalResolution+target=64,<function upgma at 0x7ff24ea53040>
2127,97,97,[96],4995.0,0.0,Inner10,4992,4999,4995.0,differentia=8+policy=RecencyProportionalResolution+target=64,<function upgma at 0x7ff24ea53040>
2128,98,98,[97],5001.0,6.0,316593,5001,5002,5001.0,differentia=8+policy=RecencyProportionalResolution+target=64,<function upgma at 0x7ff24ea53040>
2129,99,99,[97],4995.0,0.0,Inner5,4992,4999,4995.0,differentia=8+policy=RecencyProportionalResolution+target=64,<function upgma at 0x7ff24ea53040>
2130,100,100,[99],4999.0,4.0,316532,4999,5000,4999.0,differentia=8+policy=RecencyProportionalResolution+target=64,<function upgma at 0x7ff24ea53040>
2131,101,101,[99],5001.0,6.0,316613,5001,5002,5001.0,differentia=8+policy=RecencyProportionalResolution+target=64,<function upgma at 0x7ff24ea53040>
2132,102,102,[96],5001.0,6.0,316614,5001,5002,5001.0,differentia=8+policy=RecencyProportionalResolution+target=64,<function upgma at 0x7ff24ea53040>
2133,103,103,[95],5001.0,6.0,316627,5001,5002,5001.0,differentia=8+policy=RecencyProportionalResolution+target=64,<function upgma at 0x7ff24ea53040>
2134,104,104,[88],5001.0,6.0,316634,5001,5002,5001.0,differentia=8+policy=RecencyProportionalResolution+target=64,<function upgma at 0x7ff24ea53040>
2135,105,105,[85],4927.5,0.0,Inner62,4864,4992,4927.5,differentia=8+policy=RecencyProportionalResolution+target=64,<function upgma at 0x7ff24ea53040>
2136,106,106,[105],4995.5,68.0,Inner3,4992,5000,4995.5,differentia=8+policy=RecencyProportionalResolution+target=64,<function upgma at 0x7ff24ea53040>
2137,107,107,[106],5000.0,4.5,316563,5000,5001,5000.0,differentia=8+policy=RecencyProportionalResolution+target=64,<function upgma at 0x7ff24ea53040>
2138,108,108,[106],5001.0,5.5,316625,5001,5002,5001.0,differentia=8+policy=RecencyProportionalResolution+target=64,<function upgma at 0x7ff24ea53040>
2139,109,109,[105],4995.5,68.0,Inner14,4992,5000,4995.5,differentia=8+policy=RecencyProportionalResolution+target=64,<function upgma at 0x7ff24ea53040>
2140,110,110,[109],4995.5,0.0,Inner9,4992,5000,4995.5,differentia=8+policy=RecencyProportionalResolution+target=64,<function upgma at 0x7ff24ea53040>
2141,111,111,[110],4995.5,0.0,Inner4,4992,5000,4995.5,differentia=8+policy=RecencyProportionalResolution+target=64,<function upgma at 0x7ff24ea53040>
2142,112,112,[111],5000.0,4.5,316573,5000,5001,5000.0,differentia=8+policy=RecencyProportionalResolution+target=64,<function upgma at 0x7ff24ea53040>
2143,113,113,[111],5001.0,5.5,316611,5001,5002,5001.0,differentia=8+policy=RecencyProportionalResolution+target=64,<function upgma at 0x7ff24ea53040>
2144,114,114,[110],5001.0,5.5,316617,5001,5002,5001.0,differentia=8+policy=RecencyProportionalResolution+target=64,<function upgma at 0x7ff24ea53040>
2145,115,115,[109],5001.0,5.5,316653,5001,5002,5001.0,differentia=8+policy=RecencyProportionalResolution+target=64,<function upgma at 0x7ff24ea53040>
2146,116,116,[54],4995.5,68.0,Inner41,4992,5000,4995.5,differentia=8+policy=RecencyProportionalResolution+target=64,<function upgma at 0x7ff24ea53040>
2147,117,117,[116],5001.0,5.5,316641,5001,5002,5001.0,differentia=8+policy=RecencyProportionalResolution+target=64,<function upgma at 0x7ff24ea53040>
2148,118,118,[116],4995.5,0.0,Inner40,4992,5000,4995.5,differentia=8+policy=RecencyProportionalResolution+target=64,<function upgma at 0x7ff24ea53040>
2149,119,119,[118],5001.0,5.5,316605,5001,5002,5001.0,differentia=8+policy=RecencyProportionalResolution+target=64,<function upgma at 0x7ff24ea53040>
2150,120,120,[118],4995.5,0.0,Inner39,4992,5000,4995.5,differentia=8+policy=RecencyProportionalResolution+target=64,<function upgma at 0x7ff24ea53040>
2151,121,121,[120],5001.0,5.5,316598,5001,5002,5001.0,differentia=8+policy=RecencyProportionalResolution+target=64,<function upgma at 0x7ff24ea53040>
2152,122,122,[120],4995.5,0.0,Inner37,4992,5000,4995.5,differentia=8+policy=RecencyProportionalResolution+target=64,<function upgma at 0x7ff24ea53040>
2153,123,123,[122],5001.0,5.5,316639,5001,5002,5001.0,differentia=8+policy=RecencyProportionalResolution+target=64,<function upgma at 0x7ff24ea53040>
2154,124,124,[122],4995.5,0.0,Inner34,4992,5000,4995.5,differentia=8+policy=RecencyProportionalResolution+target=64,<function upgma at 0x7ff24ea53040>
2155,125,125,[124],5001.0,5.5,316638,5001,5002,5001.0,differentia=8+policy=RecencyProportionalResolution+target=64,<function upgma at 0x7ff24ea53040>
2156,126,126,[124],4995.5,0.0,Inner31,4992,5000,4995.5,differentia=8+policy=RecencyProportionalResolution+target=64,<function upgma at 0x7ff24ea53040>
2157,127,127,[126],5001.0,5.5,316647,5001,5002,5001.0,differentia=8+policy=RecencyProportionalResolution+target=64,<function upgma at 0x7ff24ea53040>
2158,128,128,[126],4995.5,0.0,Inner28,4992,5000,4995.5,differentia=8+policy=RecencyProportionalResolution+target=64,<function upgma at 0x7ff24ea53040>
2159,129,129,[128],5001.0,5.5,316621,5001,5002,5001.0,differentia=8+policy=RecencyProportionalResolution+target=64,<function upgma at 0x7ff24ea53040>
2160,130,130,[128],4995.5,0.0,Inner25,4992,5000,4995.5,differentia=8+policy=RecencyProportionalResolution+target=64,<function upgma at 0x7ff24ea53040>
2161,131,131,[130],5001.0,5.5,316619,5001,5002,5001.0,differentia=8+policy=RecencyProportionalResolution+target=64,<function upgma at 0x7ff24ea53040>
2162,132,132,[130],4995.5,0.0,Inner22,4992,5000,4995.5,differentia=8+policy=RecencyProportionalResolution+target=64,<function upgma at 0x7ff24ea53040>
2163,133,133,[132],5001.0,5.5,316610,5001,5002,5001.0,differentia=8+policy=RecencyProportionalResolution+target=64,<function upgma at 0x7ff24ea53040>
2164,134,134,[132],4995.5,0.0,Inner19,4992,5000,4995.5,differentia=8+policy=RecencyProportionalResolution+target=64,<function upgma at 0x7ff24ea53040>
2165,135,135,[134],5001.0,5.5,316603,5001,5002,5001.0,differentia=8+policy=RecencyProportionalResolution+target=64,<function upgma at 0x7ff24ea53040>
2166,136,136,[134],4995.5,0.0,Inner13,4992,5000,4995.5,differentia=8+policy=RecencyProportionalResolution+target=64,<function upgma at 0x7ff24ea53040>
2167,137,137,[136],4995.5,0.0,Inner8,4992,5000,4995.5,differentia=8+policy=RecencyProportionalResolution+target=64,<function upgma at 0x7ff24ea53040>
2168,138,138,[137],5001.0,5.5,316640,5001,5002,5001.0,differentia=8+policy=RecencyProportionalResolution+target=64,<function upgma at 0x7ff24ea53040>
2169,139,139,[137],4995.5,0.0,Inner2,4992,5000,4995.5,differentia=8+policy=RecencyProportionalResolution+target=64,<function upgma at 0x7ff24ea53040>
2170,140,140,[139],4996.5,1.0,Inner1,4996,4998,4996.5,differentia=8+policy=RecencyProportionalResolution+target=64,<function upgma at 0x7ff24ea53040>
2171,141,141,[140],5000.0,3.5,316547,5000,5001,5000.0,differentia=8+policy=RecencyProportionalResolution+target=64,<function upgma at 0x7ff24ea53040>
2172,142,142,[140],5000.0,3.5,316570,5000,5001,5000.0,differentia=8+policy=RecencyProportionalResolution+target=64,<function upgma at 0x7ff24ea53040>
2173,143,143,[139],5001.0,5.5,316643,5001,5002,5001.0,differentia=8+policy=RecencyProportionalResolution+target=64,<function upgma at 0x7ff24ea53040>
2174,144,144,[136],5001.0,5.5,316654,5001,5002,5001.0,differentia=8+policy=RecencyProportionalResolution+target=64,<function upgma at 0x7ff24ea53040>
2175,0,0,[None],4947.5,4947.5,Inner72,4944,4952,4947.5,differentia=8+policy=TaperedDepthProportionalResolution+target=4096,<function upgma at 0x7ff24ea53040>
2176,1,1,[0],4971.5,24.0,Inner70,4968,4976,4971.5,differentia=8+policy=TaperedDepthProportionalResolution+target=4096,<function upgma at 0x7ff24ea53040>
2177,2,2,[1],4995.5,24.0,Inner42,4992,5000,4995.5,differentia=8+policy=TaperedDepthProportionalResolution+target=4096,<function upgma at 0x7ff24ea53040>
2178,3,3,[2],5001.0,5.5,316622,5001,5002,5001.0,differentia=8+policy=TaperedDepthProportionalResolution+target=4096,<function upgma at 0x7ff24ea53040>
2179,4,4,[2],4995.5,0.0,Inner40,4992,5000,4995.5,differentia=8+policy=TaperedDepthProportionalResolution+target=4096,<function upgma at 0x7ff24ea53040>
2180,5,5,[4],5001.0,5.5,316618,5001,5002,5001.0,differentia=8+policy=TaperedDepthProportionalResolution+target=4096,<function upgma at 0x7ff24ea53040>
2181,6,6,[4],4995.5,0.0,Inner38,4992,5000,4995.5,differentia=8+policy=TaperedDepthProportionalResolution+target=4096,<function upgma at 0x7ff24ea53040>
2182,7,7,[6],5001.0,5.5,316590,5001,5002,5001.0,differentia=8+policy=TaperedDepthProportionalResolution+target=4096,<function upgma at 0x7ff24ea53040>
2183,8,8,[6],4995.5,0.0,Inner36,4992,5000,4995.5,differentia=8+policy=TaperedDepthProportionalResolution+target=4096,<function upgma at 0x7ff24ea53040>
2184,9,9,[8],5001.0,5.5,316620,5001,5002,5001.0,differentia=8+policy=TaperedDepthProportionalResolution+target=4096,<function upgma at 0x7ff24ea53040>
2185,10,10,[8],4995.5,0.0,Inner34,4992,5000,4995.5,differentia=8+policy=TaperedDepthProportionalResolution+target=4096,<function upgma at 0x7ff24ea53040>
2186,11,11,[10],5001.0,5.5,316616,5001,5002,5001.0,differentia=8+policy=TaperedDepthProportionalResolution+target=4096,<function upgma at 0x7ff24ea53040>
2187,12,12,[10],4995.5,0.0,Inner31,4992,5000,4995.5,differentia=8+policy=TaperedDepthProportionalResolution+target=4096,<function upgma at 0x7ff24ea53040>
2188,13,13,[12],5001.0,5.5,316609,5001,5002,5001.0,differentia=8+policy=TaperedDepthProportionalResolution+target=4096,<function upgma at 0x7ff24ea53040>
2189,14,14,[12],4995.5,0.0,Inner28,4992,5000,4995.5,differentia=8+policy=TaperedDepthProportionalResolution+target=4096,<function upgma at 0x7ff24ea53040>
2190,15,15,[14],5001.0,5.5,316628,5001,5002,5001.0,differentia=8+policy=TaperedDepthProportionalResolution+target=4096,<function upgma at 0x7ff24ea53040>
2191,16,16,[14],4995.5,0.0,Inner25,4992,5000,4995.5,differentia=8+policy=TaperedDepthProportionalResolution+target=4096,<function upgma at 0x7ff24ea53040>
2192,17,17,[16],5001.0,5.5,316592,5001,5002,5001.0,differentia=8+policy=TaperedDepthProportionalResolution+target=4096,<function upgma at 0x7ff24ea53040>
2193,18,18,[16],4995.5,0.0,Inner22,4992,5000,4995.5,differentia=8+policy=TaperedDepthProportionalResolution+target=4096,<function upgma at 0x7ff24ea53040>
2194,19,19,[18],5001.0,5.5,316630,5001,5002,5001.0,differentia=8+policy=TaperedDepthProportionalResolution+target=4096,<function upgma at 0x7ff24ea53040>
2195,20,20,[18],4995.5,0.0,Inner19,4992,5000,4995.5,differentia=8+policy=TaperedDepthProportionalResolution+target=4096,<function upgma at 0x7ff24ea53040>
2196,21,21,[20],5001.0,5.5,316595,5001,5002,5001.0,differentia=8+policy=TaperedDepthProportionalResolution+target=4096,<function upgma at 0x7ff24ea53040>
2197,22,22,[20],4995.5,0.0,Inner15,4992,5000,4995.5,differentia=8+policy=TaperedDepthProportionalResolution+target=4096,<function upgma at 0x7ff24ea53040>
2198,23,23,[22],5001.0,5.5,316645,5001,5002,5001.0,differentia=8+policy=TaperedDepthProportionalResolution+target=4096,<function upgma at 0x7ff24ea53040>
2199,24,24,[22],4995.0,-0.5,Inner11,4992,4999,4995.0,differentia=8+policy=TaperedDepthProportionalResolution+target=4096,<function upgma at 0x7ff24ea53040>
2200,25,25,[24],4995.5,0.5,Inner8,4992,5000,4995.5,differentia=8+policy=TaperedDepthProportionalResolution+target=4096,<function upgma at 0x7ff24ea53040>
2201,26,26,[25],5000.0,4.5,316581,5000,5001,5000.0,differentia=8+policy=TaperedDepthProportionalResolution+target=4096,<function upgma at 0x7ff24ea53040>
2202,27,27,[25],5001.0,5.5,316636,5001,5002,5001.0,differentia=8+policy=TaperedDepthProportionalResolution+target=4096,<function upgma at 0x7ff24ea53040>
2203,28,28,[24],4995.5,0.5,Inner9,4992,5000,4995.5,differentia=8+policy=TaperedDepthProportionalResolution+target=4096,<function upgma at 0x7ff24ea53040>
2204,29,29,[28],5000.0,4.5,316551,5000,5001,5000.0,differentia=8+policy=TaperedDepthProportionalResolution+target=4096,<function upgma at 0x7ff24ea53040>
2205,30,30,[28],5001.0,5.5,316650,5001,5002,5001.0,differentia=8+policy=TaperedDepthProportionalResolution+target=4096,<function upgma at 0x7ff24ea53040>
2206,31,31,[1],4987.5,16.0,Inner66,4984,4992,4987.5,differentia=8+policy=TaperedDepthProportionalResolution+target=4096,<function upgma at 0x7ff24ea53040>
2207,32,32,[31],5001.0,13.5,316644,5001,5002,5001.0,differentia=8+policy=TaperedDepthProportionalResolution+target=4096,<function upgma at 0x7ff24ea53040>
2208,33,33,[31],4987.5,0.0,Inner64,4984,4992,4987.5,differentia=8+policy=TaperedDepthProportionalResolution+target=4096,<function upgma at 0x7ff24ea53040>
2209,34,34,[33],4995.0,7.5,Inner33,4992,4999,4995.0,differentia=8+policy=TaperedDepthProportionalResolution+target=4096,<function upgma at 0x7ff24ea53040>
2210,35,35,[34],5001.0,6.0,316612,5001,5002,5001.0,differentia=8+policy=TaperedDepthProportionalResolution+target=4096,<function upgma at 0x7ff24ea53040>
2211,36,36,[34],4995.0,0.0,Inner30,4992,4999,4995.0,differentia=8+policy=TaperedDepthProportionalResolution+target=4096,<function upgma at 0x7ff24ea53040>
2212,37,37,[36],4995.0,0.0,Inner27,4992,4999,4995.0,differentia=8+policy=TaperedDepthProportionalResolution+target=4096,<function upgma at 0x7ff24ea53040>
2213,38,38,[37],5001.0,6.0,316606,5001,5002,5001.0,differentia=8+policy=TaperedDepthProportionalResolution+target=4096,<function upgma at 0x7ff24ea53040>
2214,39,39,[37],4995.0,0.0,Inner24,4992,4999,4995.0,differentia=8+policy=TaperedDepthProportionalResolution+target=4096,<function upgma at 0x7ff24ea53040>
2215,40,40,[39],5001.0,6.0,316596,5001,5002,5001.0,differentia=8+policy=TaperedDepthProportionalResolution+target=4096,<function upgma at 0x7ff24ea53040>
2216,41,41,[39],4995.0,0.0,Inner21,4992,4999,4995.0,differentia=8+policy=TaperedDepthProportionalResolution+target=4096,<function upgma at 0x7ff24ea53040>
2217,42,42,[41],4995.0,0.0,Inner18,4992,4999,4995.0,differentia=8+policy=TaperedDepthProportionalResolution+target=4096,<function upgma at 0x7ff24ea53040>
2218,43,43,[42],4995.0,0.0,Inner14,4992,4999,4995.0,differentia=8+policy=TaperedDepthProportionalResolution+target=4096,<function upgma at 0x7ff24ea53040>
2219,44,44,[43],5001.0,6.0,316593,5001,5002,5001.0,differentia=8+policy=TaperedDepthProportionalResolution+target=4096,<function upgma at 0x7ff24ea53040>
2220,45,45,[43],4995.0,0.0,Inner7,4992,4999,4995.0,differentia=8+policy=TaperedDepthProportionalResolution+target=4096,<function upgma at 0x7ff24ea53040>
2221,46,46,[45],4999.0,4.0,316532,4999,5000,4999.0,differentia=8+policy=TaperedDepthProportionalResolution+target=4096,<function upgma at 0x7ff24ea53040>
2222,47,47,[45],5001.0,6.0,316613,5001,5002,5001.0,differentia=8+policy=TaperedDepthProportionalResolution+target=4096,<function upgma at 0x7ff24ea53040>
2223,48,48,[42],5001.0,6.0,316614,5001,5002,5001.0,differentia=8+policy=TaperedDepthProportionalResolution+target=4096,<function upgma at 0x7ff24ea53040>
2224,49,49,[41],5001.0,6.0,316627,5001,5002,5001.0,differentia=8+policy=TaperedDepthProportionalResolution+target=4096,<function upgma at 0x7ff24ea53040>
2225,50,50,[36],5000.0,5.0,Inner2,5000,5001,5000.0,differentia=8+policy=TaperedDepthProportionalResolution+target=4096,<function upgma at 0x7ff24ea53040>
2226,51,51,[50],5001.0,1.0,316602,5001,5002,5001.0,differentia=8+policy=TaperedDepthProportionalResolution+target=4096,<function upgma at 0x7ff24ea53040>
2227,52,52,[50],5001.0,1.0,316634,5001,5002,5001.0,differentia=8+policy=TaperedDepthProportionalResolution+target=4096,<function upgma at 0x7ff24ea53040>
2228,53,53,[33],4995.5,8.0,Inner17,4992,5000,4995.5,differentia=8+policy=TaperedDepthProportionalResolution+target=4096,<function upgma at 0x7ff24ea53040>
2229,54,54,[53],4995.5,0.0,Inner13,4992,5000,4995.5,differentia=8+policy=TaperedDepthProportionalResolution+target=4096,<function upgma at 0x7ff24ea53040>
2230,55,55,[54],4995.5,0.0,Inner6,4992,5000,4995.5,differentia=8+policy=TaperedDepthProportionalResolution+target=4096,<function upgma at 0x7ff24ea53040>
2231,56,56,[55],5000.0,4.5,316573,5000,5001,5000.0,differentia=8+policy=TaperedDepthProportionalResolution+target=4096,<function upgma at 0x7ff24ea53040>
2232,57,57,[55],5001.0,5.5,316611,5001,5002,5001.0,differentia=8+policy=TaperedDepthProportionalResolution+target=4096,<function upgma at 0x7ff24ea53040>
2233,58,58,[54],5001.0,5.5,316617,5001,5002,5001.0,differentia=8+policy=TaperedDepthProportionalResolution+target=4096,<function upgma at 0x7ff24ea53040>
2234,59,59,[53],5001.0,5.5,316653,5001,5002,5001.0,differentia=8+policy=TaperedDepthProportionalResolution+target=4096,<function upgma at 0x7ff24ea53040>
2235,60,60,[0],4971.5,24.0,Inner71,4968,4976,4971.5,differentia=8+policy=TaperedDepthProportionalResolution+target=4096,<function upgma at 0x7ff24ea53040>
2236,61,61,[60],4995.5,24.0,Inner61,4992,5000,4995.5,differentia=8+policy=TaperedDepthProportionalResolution+target=4096,<function upgma at 0x7ff24ea53040>
2237,62,62,[61],4995.5,0.0,Inner60,4992,5000,4995.5,differentia=8+policy=TaperedDepthProportionalResolution+target=4096,<function upgma at 0x7ff24ea53040>
2238,63,63,[62],5001.0,5.5,316589,5001,5002,5001.0,differentia=8+policy=TaperedDepthProportionalResolution+target=4096,<function upgma at 0x7ff24ea53040>
2239,64,64,[62],4995.5,0.0,Inner59,4992,5000,4995.5,differentia=8+policy=TaperedDepthProportionalResolution+target=4096,<function upgma at 0x7ff24ea53040>
2240,65,65,[64],5001.0,5.5,316591,5001,5002,5001.0,differentia=8+policy=TaperedDepthProportionalResolution+target=4096,<function upgma at 0x7ff24ea53040>
2241,66,66,[64],4995.5,0.0,Inner58,4992,5000,4995.5,differentia=8+policy=TaperedDepthProportionalResolution+target=4096,<function upgma at 0x7ff24ea53040>
2242,67,67,[66],4995.5,0.0,Inner57,4992,5000,4995.5,differentia=8+policy=TaperedDepthProportionalResolution+target=4096,<function upgma at 0x7ff24ea53040>
2243,68,68,[67],5001.0,5.5,316600,5001,5002,5001.0,differentia=8+policy=TaperedDepthProportionalResolution+target=4096,<function upgma at 0x7ff24ea53040>
2244,69,69,[67],4995.5,0.0,Inner56,4992,5000,4995.5,differentia=8+policy=TaperedDepthProportionalResolution+target=4096,<function upgma at 0x7ff24ea53040>
2245,70,70,[69],5001.0,5.5,316594,5001,5002,5001.0,differentia=8+policy=TaperedDepthProportionalResolution+target=4096,<function upgma at 0x7ff24ea53040>
2246,71,71,[69],5001.0,5.5,316635,5001,5002,5001.0,differentia=8+policy=TaperedDepthProportionalResolution+target=4096,<function upgma at 0x7ff24ea53040>
2247,72,72,[66],5001.0,5.5,316637,5001,5002,5001.0,differentia=8+policy=TaperedDepthProportionalResolution+target=4096,<function upgma at 0x7ff24ea53040>
2248,73,73,[61],5001.0,5.5,316648,5001,5002,5001.0,differentia=8+policy=TaperedDepthProportionalResolution+target=4096,<function upgma at 0x7ff24ea53040>
2249,74,74,[60],4979.5,8.0,Inner69,4976,4984,4979.5,differentia=8+policy=TaperedDepthProportionalResolution+target=4096,<function upgma at 0x7ff24ea53040>
2250,75,75,[74],4987.5,8.0,Inner68,4984,4992,4987.5,differentia=8+policy=TaperedDepthProportionalResolution+target=4096,<function upgma at 0x7ff24ea53040>
2251,76,76,[75],4995.5,8.0,Inner55,4992,5000,4995.5,differentia=8+policy=TaperedDepthProportionalResolution+target=4096,<function upgma at 0x7ff24ea53040>
2252,77,77,[76],5001.0,5.5,316623,5001,5002,5001.0,differentia=8+policy=TaperedDepthProportionalResolution+target=4096,<function upgma at 0x7ff24ea53040>
2253,78,78,[76],4995.5,0.0,Inner54,4992,5000,4995.5,differentia=8+policy=TaperedDepthProportionalResolution+target=4096,<function upgma at 0x7ff24ea53040>
2254,79,79,[78],5001.0,5.5,316631,5001,5002,5001.0,differentia=8+policy=TaperedDepthProportionalResolution+target=4096,<function upgma at 0x7ff24ea53040>
2255,80,80,[78],4995.5,0.0,Inner53,4992,5000,4995.5,differentia=8+policy=TaperedDepthProportionalResolution+target=4096,<function upgma at 0x7ff24ea53040>
2256,81,81,[80],5001.0,5.5,316629,5001,5002,5001.0,differentia=8+policy=TaperedDepthProportionalResolution+target=4096,<function upgma at 0x7ff24ea53040>
2257,82,82,[80],4995.5,0.0,Inner52,4992,5000,4995.5,differentia=8+policy=TaperedDepthProportionalResolution+target=4096,<function upgma at 0x7ff24ea53040>
2258,83,83,[82],5001.0,5.5,316624,5001,5002,5001.0,differentia=8+policy=TaperedDepthProportionalResolution+target=4096,<function upgma at 0x7ff24ea53040>
2259,84,84,[82],4995.5,0.0,Inner51,4992,5000,4995.5,differentia=8+policy=TaperedDepthProportionalResolution+target=4096,<function upgma at 0x7ff24ea53040>
2260,85,85,[84],5001.0,5.5,316597,5001,5002,5001.0,differentia=8+policy=TaperedDepthProportionalResolution+target=4096,<function upgma at 0x7ff24ea53040>
2261,86,86,[84],5001.0,5.5,316632,5001,5002,5001.0,differentia=8+policy=TaperedDepthProportionalResolution+target=4096,<function upgma at 0x7ff24ea53040>
2262,87,87,[75],4987.5,0.0,Inner67,4984,4992,4987.5,differentia=8+policy=TaperedDepthProportionalResolution+target=4096,<function upgma at 0x7ff24ea53040>
2263,88,88,[87],5001.0,13.5,316649,5001,5002,5001.0,differentia=8+policy=TaperedDepthProportionalResolution+target=4096,<function upgma at 0x7ff24ea53040>
2264,89,89,[87],4987.5,0.0,Inner65,4984,4992,4987.5,differentia=8+policy=TaperedDepthProportionalResolution+target=4096,<function upgma at 0x7ff24ea53040>
2265,90,90,[89],4987.5,0.0,Inner63,4984,4992,4987.5,differentia=8+policy=TaperedDepthProportionalResolution+target=4096,<function upgma at 0x7ff24ea53040>
2266,91,91,[90],5001.0,13.5,316607,5001,5002,5001.0,differentia=8+policy=TaperedDepthProportionalResolution+target=4096,<function upgma at 0x7ff24ea53040>
2267,92,92,[90],4987.5,0.0,Inner62,4984,4992,4987.5,differentia=8+policy=TaperedDepthProportionalResolution+target=4096,<function upgma at 0x7ff24ea53040>
2268,93,93,[92],4995.5,8.0,Inner5,4992,5000,4995.5,differentia=8+policy=TaperedDepthProportionalResolution+target=4096,<function upgma at 0x7ff24ea53040>
2269,94,94,[93],5000.0,4.5,316563,5000,5001,5000.0,differentia=8+policy=TaperedDepthProportionalResolution+target=4096,<function upgma at 0x7ff24ea53040>
2270,95,95,[93],5001.0,5.5,316625,5001,5002,5001.0,differentia=8+policy=TaperedDepthProportionalResolution+target=4096,<function upgma at 0x7ff24ea53040>
2271,96,96,[92],4995.5,8.0,Inner43,4992,5000,4995.5,differentia=8+policy=TaperedDepthProportionalResolution+target=4096,<function upgma at 0x7ff24ea53040>
2272,97,97,[96],5001.0,5.5,316642,5001,5002,5001.0,differentia=8+policy=TaperedDepthProportionalResolution+target=4096,<function upgma at 0x7ff24ea53040>
2273,98,98,[96],5001.0,5.5,316651,5001,5002,5001.0,differentia=8+policy=TaperedDepthProportionalResolution+target=4096,<function upgma at 0x7ff24ea53040>
2274,99,99,[89],4995.5,8.0,Inner50,4992,5000,4995.5,differentia=8+policy=TaperedDepthProportionalResolution+target=4096,<function upgma at 0x7ff24ea53040>
2275,100,100,[99],5001.0,5.5,316599,5001,5002,5001.0,differentia=8+policy=TaperedDepthProportionalResolution+target=4096,<function upgma at 0x7ff24ea53040>
2276,101,101,[99],4995.5,0.0,Inner49,4992,5000,4995.5,differentia=8+policy=TaperedDepthProportionalResolution+target=4096,<function upgma at 0x7ff24ea53040>
2277,102,102,[101],5001.0,5.5,316604,5001,5002,5001.0,differentia=8+policy=TaperedDepthProportionalResolution+target=4096,<function upgma at 0x7ff24ea53040>
2278,103,103,[101],4995.5,0.0,Inner48,4992,5000,4995.5,differentia=8+policy=TaperedDepthProportionalResolution+target=4096,<function upgma at 0x7ff24ea53040>
2279,104,104,[103],4995.5,0.0,Inner47,4992,5000,4995.5,differentia=8+policy=TaperedDepthProportionalResolution+target=4096,<function upgma at 0x7ff24ea53040>
2280,105,105,[104],5001.0,5.5,316608,5001,5002,5001.0,differentia=8+policy=TaperedDepthProportionalResolution+target=4096,<function upgma at 0x7ff24ea53040>
2281,106,106,[104],4995.5,0.0,Inner46,4992,5000,4995.5,differentia=8+policy=TaperedDepthProportionalResolution+target=4096,<function upgma at 0x7ff24ea53040>
2282,107,107,[106],5001.0,5.5,316601,5001,5002,5001.0,differentia=8+policy=TaperedDepthProportionalResolution+target=4096,<function upgma at 0x7ff24ea53040>
2283,108,108,[106],4995.5,0.0,Inner45,4992,5000,4995.5,differentia=8+policy=TaperedDepthProportionalResolution+target=4096,<function upgma at 0x7ff24ea53040>
2284,109,109,[108],4995.5,0.0,Inner44,4992,5000,4995.5,differentia=8+policy=TaperedDepthProportionalResolution+target=4096,<function upgma at 0x7ff24ea53040>
2285,110,110,[109],5001.0,5.5,316615,5001,5002,5001.0,differentia=8+policy=TaperedDepthProportionalResolution+target=4096,<function upgma at 0x7ff24ea53040>
2286,111,111,[109],5001.0,5.5,316626,5001,5002,5001.0,differentia=8+policy=TaperedDepthProportionalResolution+target=4096,<function upgma at 0x7ff24ea53040>
2287,112,112,[108],5001.0,5.5,316646,5001,5002,5001.0,differentia=8+policy=TaperedDepthProportionalResolution+target=4096,<function upgma at 0x7ff24ea53040>
2288,113,113,[103],5000.0,4.5,Inner1,5000,5001,5000.0,differentia=8+policy=TaperedDepthProportionalResolution+target=4096,<function upgma at 0x7ff24ea53040>
2289,114,114,[113],5001.0,1.0,316633,5001,5002,5001.0,differentia=8+policy=TaperedDepthProportionalResolution+target=4096,<function upgma at 0x7ff24ea53040>
2290,115,115,[113],5001.0,1.0,316652,5001,5002,5001.0,differentia=8+policy=TaperedDepthProportionalResolution+target=4096,<function upgma at 0x7ff24ea53040>
2291,116,116,[74],4995.5,16.0,Inner41,4992,5000,4995.5,differentia=8+policy=TaperedDepthProportionalResolution+target=4096,<function upgma at 0x7ff24ea53040>
2292,117,117,[116],5001.0,5.5,316641,5001,5002,5001.0,differentia=8+policy=TaperedDepthProportionalResolution+target=4096,<function upgma at 0x7ff24ea53040>
2293,118,118,[116],4995.5,0.0,Inner39,4992,5000,4995.5,differentia=8+policy=TaperedDepthProportionalResolution+target=4096,<function upgma at 0x7ff24ea53040>
2294,119,119,[118],5001.0,5.5,316605,5001,5002,5001.0,differentia=8+policy=TaperedDepthProportionalResolution+target=4096,<function upgma at 0x7ff24ea53040>
2295,120,120,[118],4995.5,0.0,Inner37,4992,5000,4995.5,differentia=8+policy=TaperedDepthProportionalResolution+target=4096,<function upgma at 0x7ff24ea53040>
2296,121,121,[120],5001.0,5.5,316598,5001,5002,5001.0,differentia=8+policy=TaperedDepthProportionalResolution+target=4096,<function upgma at 0x7ff24ea53040>
2297,122,122,[120],4995.5,0.0,Inner35,4992,5000,4995.5,differentia=8+policy=TaperedDepthProportionalResolution+target=4096,<function upgma at 0x7ff24ea53040>
2298,123,123,[122],5001.0,5.5,316639,5001,5002,5001.0,differentia=8+policy=TaperedDepthProportionalResolution+target=4096,<function upgma at 0x7ff24ea53040>
2299,124,124,[122],4995.5,0.0,Inner32,4992,5000,4995.5,differentia=8+policy=TaperedDepthProportionalResolution+target=4096,<function upgma at 0x7ff24ea53040>
2300,125,125,[124],5001.0,5.5,316638,5001,5002,5001.0,differentia=8+policy=TaperedDepthProportionalResolution+target=4096,<function upgma at 0x7ff24ea53040>
2301,126,126,[124],4995.5,0.0,Inner29,4992,5000,4995.5,differentia=8+policy=TaperedDepthProportionalResolution+target=4096,<function upgma at 0x7ff24ea53040>
2302,127,127,[126],5001.0,5.5,316647,5001,5002,5001.0,differentia=8+policy=TaperedDepthProportionalResolution+target=4096,<function upgma at 0x7ff24ea53040>
2303,128,128,[126],4995.5,0.0,Inner26,4992,5000,4995.5,differentia=8+policy=TaperedDepthProportionalResolution+target=4096,<function upgma at 0x7ff24ea53040>
2304,129,129,[128],5001.0,5.5,316621,5001,5002,5001.0,differentia=8+policy=TaperedDepthProportionalResolution+target=4096,<function upgma at 0x7ff24ea53040>
2305,130,130,[128],4995.5,0.0,Inner23,4992,5000,4995.5,differentia=8+policy=TaperedDepthProportionalResolution+target=4096,<function upgma at 0x7ff24ea53040>
2306,131,131,[130],5001.0,5.5,316619,5001,5002,5001.0,differentia=8+policy=TaperedDepthProportionalResolution+target=4096,<function upgma at 0x7ff24ea53040>
2307,132,132,[130],4995.5,0.0,Inner20,4992,5000,4995.5,differentia=8+policy=TaperedDepthProportionalResolution+target=4096,<function upgma at 0x7ff24ea53040>
2308,133,133,[132],5001.0,5.5,316610,5001,5002,5001.0,differentia=8+policy=TaperedDepthProportionalResolution+target=4096,<function upgma at 0x7ff24ea53040>
2309,134,134,[132],4995.5,0.0,Inner16,4992,5000,4995.5,differentia=8+policy=TaperedDepthProportionalResolution+target=4096,<function upgma at 0x7ff24ea53040>
2310,135,135,[134],5001.0,5.5,316603,5001,5002,5001.0,differentia=8+policy=TaperedDepthProportionalResolution+target=4096,<function upgma at 0x7ff24ea53040>
2311,136,136,[134],4995.5,0.0,Inner12,4992,5000,4995.5,differentia=8+policy=TaperedDepthProportionalResolution+target=4096,<function upgma at 0x7ff24ea53040>
2312,137,137,[136],4995.0,-0.5,Inner10,4992,4999,4995.0,differentia=8+policy=TaperedDepthProportionalResolution+target=4096,<function upgma at 0x7ff24ea53040>
2313,138,138,[137],4995.5,0.5,Inner4,4992,5000,4995.5,differentia=8+policy=TaperedDepthProportionalResolution+target=4096,<function upgma at 0x7ff24ea53040>
2314,139,139,[138],5000.0,4.5,316547,5000,5001,5000.0,differentia=8+policy=TaperedDepthProportionalResolution+target=4096,<function upgma at 0x7ff24ea53040>
2315,140,140,[138],5001.0,5.5,316640,5001,5002,5001.0,differentia=8+policy=TaperedDepthProportionalResolution+target=4096,<function upgma at 0x7ff24ea53040>
2316,141,141,[137],4995.5,0.5,Inner3,4992,5000,4995.5,differentia=8+policy=TaperedDepthProportionalResolution+target=4096,<function upgma at 0x7ff24ea53040>
2317,142,142,[141],5000.0,4.5,316570,5000,5001,5000.0,differentia=8+policy=TaperedDepthProportionalResolution+target=4096,<function upgma at 0x7ff24ea53040>
2318,143,143,[141],5001.0,5.5,316643,5001,5002,5001.0,differentia=8+policy=TaperedDepthProportionalResolution+target=4096,<function upgma at 0x7ff24ea53040>
2319,144,144,[136],5001.0,5.5,316654,5001,5002,5001.0,differentia=8+policy=TaperedDepthProportionalResolution+target=4096,<function upgma at 0x7ff24ea53040>
2320,0,0,[None],4959.5,4959.5,Inner72,4928,4992,4959.5,differentia=8+policy=TaperedDepthProportionalResolution+target=512,<function upgma at 0x7ff24ea53040>
2321,1,1,[0],5001.0,41.5,316644,5001,5002,5001.0,differentia=8+policy=TaperedDepthProportionalResolution+target=512,<function upgma at 0x7ff24ea53040>
2322,2,2,[0],4959.5,0.0,Inner71,4928,4992,4959.5,differentia=8+policy=TaperedDepthProportionalResolution+target=512,<function upgma at 0x7ff24ea53040>
2323,3,3,[2],4995.5,36.0,Inner61,4992,5000,4995.5,differentia=8+policy=TaperedDepthProportionalResolution+target=512,<function upgma at 0x7ff24ea53040>
2324,4,4,[3],4995.5,0.0,Inner60,4992,5000,4995.5,differentia=8+policy=TaperedDepthProportionalResolution+target=512,<function upgma at 0x7ff24ea53040>
2325,5,5,[4],5001.0,5.5,316589,5001,5002,5001.0,differentia=8+policy=TaperedDepthProportionalResolution+target=512,<function upgma at 0x7ff24ea53040>
2326,6,6,[4],4995.5,0.0,Inner59,4992,5000,4995.5,differentia=8+policy=TaperedDepthProportionalResolution+target=512,<function upgma at 0x7ff24ea53040>
2327,7,7,[6],5001.0,5.5,316591,5001,5002,5001.0,differentia=8+policy=TaperedDepthProportionalResolution+target=512,<function upgma at 0x7ff24ea53040>
2328,8,8,[6],4995.5,0.0,Inner58,4992,5000,4995.5,differentia=8+policy=TaperedDepthProportionalResolution+target=512,<function upgma at 0x7ff24ea53040>
2329,9,9,[8],4995.5,0.0,Inner57,4992,5000,4995.5,differentia=8+policy=TaperedDepthProportionalResolution+target=512,<function upgma at 0x7ff24ea53040>
2330,10,10,[9],5001.0,5.5,316600,5001,5002,5001.0,differentia=8+policy=TaperedDepthProportionalResolution+target=512,<function upgma at 0x7ff24ea53040>
2331,11,11,[9],4995.5,0.0,Inner56,4992,5000,4995.5,differentia=8+policy=TaperedDepthProportionalResolution+target=512,<function upgma at 0x7ff24ea53040>
2332,12,12,[11],5001.0,5.5,316594,5001,5002,5001.0,differentia=8+policy=TaperedDepthProportionalResolution+target=512,<function upgma at 0x7ff24ea53040>
2333,13,13,[11],5001.0,5.5,316635,5001,5002,5001.0,differentia=8+policy=TaperedDepthProportionalResolution+target=512,<function upgma at 0x7ff24ea53040>
2334,14,14,[8],5001.0,5.5,316637,5001,5002,5001.0,differentia=8+policy=TaperedDepthProportionalResolution+target=512,<function upgma at 0x7ff24ea53040>
2335,15,15,[3],5001.0,5.5,316648,5001,5002,5001.0,differentia=8+policy=TaperedDepthProportionalResolution+target=512,<function upgma at 0x7ff24ea53040>
2336,16,16,[2],4959.5,0.0,Inner70,4928,4992,4959.5,differentia=8+policy=TaperedDepthProportionalResolution+target=512,<function upgma at 0x7ff24ea53040>
2337,17,17,[16],4995.5,36.0,Inner55,4992,5000,4995.5,differentia=8+policy=TaperedDepthProportionalResolution+target=512,<function upgma at 0x7ff24ea53040>
2338,18,18,[17],5001.0,5.5,316623,5001,5002,5001.0,differentia=8+policy=TaperedDepthProportionalResolution+target=512,<function upgma at 0x7ff24ea53040>
2339,19,19,[17],4995.5,0.0,Inner54,4992,5000,4995.5,differentia=8+policy=TaperedDepthProportionalResolution+target=512,<function upgma at 0x7ff24ea53040>
2340,20,20,[19],5001.0,5.5,316631,5001,5002,5001.0,differentia=8+policy=TaperedDepthProportionalResolution+target=512,<function upgma at 0x7ff24ea53040>
2341,21,21,[19],4995.5,0.0,Inner53,4992,5000,4995.5,differentia=8+policy=TaperedDepthProportionalResolution+target=512,<function upgma at 0x7ff24ea53040>
2342,22,22,[21],5001.0,5.5,316629,5001,5002,5001.0,differentia=8+policy=TaperedDepthProportionalResolution+target=512,<function upgma at 0x7ff24ea53040>
2343,23,23,[21],4995.5,0.0,Inner52,4992,5000,4995.5,differentia=8+policy=TaperedDepthProportionalResolution+target=512,<function upgma at 0x7ff24ea53040>
2344,24,24,[23],5001.0,5.5,316624,5001,5002,5001.0,differentia=8+policy=TaperedDepthProportionalResolution+target=512,<function upgma at 0x7ff24ea53040>
2345,25,25,[23],4995.5,0.0,Inner51,4992,5000,4995.5,differentia=8+policy=TaperedDepthProportionalResolution+target=512,<function upgma at 0x7ff24ea53040>
2346,26,26,[25],5001.0,5.5,316597,5001,5002,5001.0,differentia=8+policy=TaperedDepthProportionalResolution+target=512,<function upgma at 0x7ff24ea53040>
2347,27,27,[25],5001.0,5.5,316632,5001,5002,5001.0,differentia=8+policy=TaperedDepthProportionalResolution+target=512,<function upgma at 0x7ff24ea53040>
2348,28,28,[16],4959.5,0.0,Inner69,4928,4992,4959.5,differentia=8+policy=TaperedDepthProportionalResolution+target=512,<function upgma at 0x7ff24ea53040>
2349,29,29,[28],5001.0,41.5,316649,5001,5002,5001.0,differentia=8+policy=TaperedDepthProportionalResolution+target=512,<function upgma at 0x7ff24ea53040>
2350,30,30,[28],4959.5,0.0,Inner68,4928,4992,4959.5,differentia=8+policy=TaperedDepthProportionalResolution+target=512,<function upgma at 0x7ff24ea53040>
2351,31,31,[30],4995.5,36.0,Inner50,4992,5000,4995.5,differentia=8+policy=TaperedDepthProportionalResolution+target=512,<function upgma at 0x7ff24ea53040>
2352,32,32,[31],5001.0,5.5,316599,5001,5002,5001.0,differentia=8+policy=TaperedDepthProportionalResolution+target=512,<function upgma at 0x7ff24ea53040>
2353,33,33,[31],4995.5,0.0,Inner49,4992,5000,4995.5,differentia=8+policy=TaperedDepthProportionalResolution+target=512,<function upgma at 0x7ff24ea53040>
2354,34,34,[33],5001.0,5.5,316604,5001,5002,5001.0,differentia=8+policy=TaperedDepthProportionalResolution+target=512,<function upgma at 0x7ff24ea53040>
2355,35,35,[33],4995.5,0.0,Inner48,4992,5000,4995.5,differentia=8+policy=TaperedDepthProportionalResolution+target=512,<function upgma at 0x7ff24ea53040>
2356,36,36,[35],4995.5,0.0,Inner47,4992,5000,4995.5,differentia=8+policy=TaperedDepthProportionalResolution+target=512,<function upgma at 0x7ff24ea53040>
2357,37,37,[36],5001.0,5.5,316608,5001,5002,5001.0,differentia=8+policy=TaperedDepthProportionalResolution+target=512,<function upgma at 0x7ff24ea53040>
2358,38,38,[36],4995.5,0.0,Inner46,4992,5000,4995.5,differentia=8+policy=TaperedDepthProportionalResolution+target=512,<function upgma at 0x7ff24ea53040>
2359,39,39,[38],5001.0,5.5,316601,5001,5002,5001.0,differentia=8+policy=TaperedDepthProportionalResolution+target=512,<function upgma at 0x7ff24ea53040>
2360,40,40,[38],4995.5,0.0,Inner45,4992,5000,4995.5,differentia=8+policy=TaperedDepthProportionalResolution+target=512,<function upgma at 0x7ff24ea53040>
2361,41,41,[40],4995.5,0.0,Inner44,4992,5000,4995.5,differentia=8+policy=TaperedDepthProportionalResolution+target=512,<function upgma at 0x7ff24ea53040>
2362,42,42,[41],5001.0,5.5,316615,5001,5002,5001.0,differentia=8+policy=TaperedDepthProportionalResolution+target=512,<function upgma at 0x7ff24ea53040>
2363,43,43,[41],4995.5,0.0,Inner43,4992,5000,4995.5,differentia=8+policy=TaperedDepthProportionalResolution+target=512,<function upgma at 0x7ff24ea53040>
2364,44,44,[43],5001.0,5.5,316626,5001,5002,5001.0,differentia=8+policy=TaperedDepthProportionalResolution+target=512,<function upgma at 0x7ff24ea53040>
2365,45,45,[43],5001.0,5.5,316633,5001,5002,5001.0,differentia=8+policy=TaperedDepthProportionalResolution+target=512,<function upgma at 0x7ff24ea53040>
2366,46,46,[40],5001.0,5.5,316646,5001,5002,5001.0,differentia=8+policy=TaperedDepthProportionalResolution+target=512,<function upgma at 0x7ff24ea53040>
2367,47,47,[35],5001.0,5.5,316652,5001,5002,5001.0,differentia=8+policy=TaperedDepthProportionalResolution+target=512,<function upgma at 0x7ff24ea53040>
2368,48,48,[30],4959.5,0.0,Inner67,4928,4992,4959.5,differentia=8+policy=TaperedDepthProportionalResolution+target=512,<function upgma at 0x7ff24ea53040>
2369,49,49,[48],5001.0,41.5,316607,5001,5002,5001.0,differentia=8+policy=TaperedDepthProportionalResolution+target=512,<function upgma at 0x7ff24ea53040>
2370,50,50,[48],4959.5,0.0,Inner66,4928,4992,4959.5,differentia=8+policy=TaperedDepthProportionalResolution+target=512,<function upgma at 0x7ff24ea53040>
2371,51,51,[50],4995.5,36.0,Inner42,4992,5000,4995.5,differentia=8+policy=TaperedDepthProportionalResolution+target=512,<function upgma at 0x7ff24ea53040>
2372,52,52,[51],5001.0,5.5,316642,5001,5002,5001.0,differentia=8+policy=TaperedDepthProportionalResolution+target=512,<function upgma at 0x7ff24ea53040>
2373,53,53,[51],5001.0,5.5,316651,5001,5002,5001.0,differentia=8+policy=TaperedDepthProportionalResolution+target=512,<function upgma at 0x7ff24ea53040>
2374,54,54,[50],4959.5,0.0,Inner65,4928,4992,4959.5,differentia=8+policy=TaperedDepthProportionalResolution+target=512,<function upgma at 0x7ff24ea53040>
2375,55,55,[54],4959.5,0.0,Inner64,4928,4992,4959.5,differentia=8+policy=TaperedDepthProportionalResolution+target=512,<function upgma at 0x7ff24ea53040>
2376,56,56,[55],4995.5,36.0,Inner39,4992,5000,4995.5,differentia=8+policy=TaperedDepthProportionalResolution+target=512,<function upgma at 0x7ff24ea53040>
2377,57,57,[56],5000.0,4.5,Inner2,5000,5001,5000.0,differentia=8+policy=TaperedDepthProportionalResolution+target=512,<function upgma at 0x7ff24ea53040>
2378,58,58,[57],5001.0,1.0,316616,5001,5002,5001.0,differentia=8+policy=TaperedDepthProportionalResolution+target=512,<function upgma at 0x7ff24ea53040>
2379,59,59,[57],5001.0,1.0,316622,5001,5002,5001.0,differentia=8+policy=TaperedDepthProportionalResolution+target=512,<function upgma at 0x7ff24ea53040>
2380,60,60,[56],4995.5,0.0,Inner37,4992,5000,4995.5,differentia=8+policy=TaperedDepthProportionalResolution+target=512,<function upgma at 0x7ff24ea53040>
2381,61,61,[60],4995.5,0.0,Inner34,4992,5000,4995.5,differentia=8+policy=TaperedDepthProportionalResolution+target=512,<function upgma at 0x7ff24ea53040>
2382,62,62,[61],5001.0,5.5,316590,5001,5002,5001.0,differentia=8+policy=TaperedDepthProportionalResolution+target=512,<function upgma at 0x7ff24ea53040>
2383,63,63,[61],4995.5,0.0,Inner31,4992,5000,4995.5,differentia=8+policy=TaperedDepthProportionalResolution+target=512,<function upgma at 0x7ff24ea53040>
2384,64,64,[63],5001.0,5.5,316620,5001,5002,5001.0,differentia=8+policy=TaperedDepthProportionalResolution+target=512,<function upgma at 0x7ff24ea53040>
2385,65,65,[63],4995.5,0.0,Inner28,4992,5000,4995.5,differentia=8+policy=TaperedDepthProportionalResolution+target=512,<function upgma at 0x7ff24ea53040>
2386,66,66,[65],5001.0,5.5,316609,5001,5002,5001.0,differentia=8+policy=TaperedDepthProportionalResolution+target=512,<function upgma at 0x7ff24ea53040>
2387,67,67,[65],4995.5,0.0,Inner25,4992,5000,4995.5,differentia=8+policy=TaperedDepthProportionalResolution+target=512,<function upgma at 0x7ff24ea53040>
2388,68,68,[67],5001.0,5.5,316628,5001,5002,5001.0,differentia=8+policy=TaperedDepthProportionalResolution+target=512,<function upgma at 0x7ff24ea53040>
2389,69,69,[67],4995.5,0.0,Inner22,4992,5000,4995.5,differentia=8+policy=TaperedDepthProportionalResolution+target=512,<function upgma at 0x7ff24ea53040>
2390,70,70,[69],5001.0,5.5,316592,5001,5002,5001.0,differentia=8+policy=TaperedDepthProportionalResolution+target=512,<function upgma at 0x7ff24ea53040>
2391,71,71,[69],4995.5,0.0,Inner19,4992,5000,4995.5,differentia=8+policy=TaperedDepthProportionalResolution+target=512,<function upgma at 0x7ff24ea53040>
2392,72,72,[71],5001.0,5.5,316630,5001,5002,5001.0,differentia=8+policy=TaperedDepthProportionalResolution+target=512,<function upgma at 0x7ff24ea53040>
2393,73,73,[71],4995.5,0.0,Inner15,4992,5000,4995.5,differentia=8+policy=TaperedDepthProportionalResolution+target=512,<function upgma at 0x7ff24ea53040>
2394,74,74,[73],5001.0,5.5,316595,5001,5002,5001.0,differentia=8+policy=TaperedDepthProportionalResolution+target=512,<function upgma at 0x7ff24ea53040>
2395,75,75,[73],4995.0,-0.5,Inner11,4992,4999,4995.0,differentia=8+policy=TaperedDepthProportionalResolution+target=512,<function upgma at 0x7ff24ea53040>
2396,76,76,[75],4995.5,0.5,Inner8,4992,5000,4995.5,differentia=8+policy=TaperedDepthProportionalResolution+target=512,<function upgma at 0x7ff24ea53040>
2397,77,77,[76],5000.0,4.5,316581,5000,5001,5000.0,differentia=8+policy=TaperedDepthProportionalResolution+target=512,<function upgma at 0x7ff24ea53040>
2398,78,78,[76],5001.0,5.5,316636,5001,5002,5001.0,differentia=8+policy=TaperedDepthProportionalResolution+target=512,<function upgma at 0x7ff24ea53040>
2399,79,79,[75],4995.5,0.5,Inner9,4992,5000,4995.5,differentia=8+policy=TaperedDepthProportionalResolution+target=512,<function upgma at 0x7ff24ea53040>
2400,80,80,[79],5000.0,4.5,316551,5000,5001,5000.0,differentia=8+policy=TaperedDepthProportionalResolution+target=512,<function upgma at 0x7ff24ea53040>
2401,81,81,[79],5001.0,5.5,316645,5001,5002,5001.0,differentia=8+policy=TaperedDepthProportionalResolution+target=512,<function upgma at 0x7ff24ea53040>
2402,82,82,[60],5000.0,4.5,Inner1,5000,5001,5000.0,differentia=8+policy=TaperedDepthProportionalResolution+target=512,<function upgma at 0x7ff24ea53040>
2403,83,83,[82],5001.0,1.0,316618,5001,5002,5001.0,differentia=8+policy=TaperedDepthProportionalResolution+target=512,<function upgma at 0x7ff24ea53040>
2404,84,84,[82],5001.0,1.0,316650,5001,5002,5001.0,differentia=8+policy=TaperedDepthProportionalResolution+target=512,<function upgma at 0x7ff24ea53040>
2405,85,85,[55],4959.5,0.0,Inner63,4928,4992,4959.5,differentia=8+policy=TaperedDepthProportionalResolution+target=512,<function upgma at 0x7ff24ea53040>
2406,86,86,[85],4995.0,35.5,Inner36,4992,4999,4995.0,differentia=8+policy=TaperedDepthProportionalResolution+target=512,<function upgma at 0x7ff24ea53040>
2407,87,87,[86],5001.0,6.0,316612,5001,5002,5001.0,differentia=8+policy=TaperedDepthProportionalResolution+target=512,<function upgma at 0x7ff24ea53040>
2408,88,88,[86],4995.0,0.0,Inner33,4992,4999,4995.0,differentia=8+policy=TaperedDepthProportionalResolution+target=512,<function upgma at 0x7ff24ea53040>
2409,89,89,[88],4995.0,0.0,Inner30,4992,4999,4995.0,differentia=8+policy=TaperedDepthProportionalResolution+target=512,<function upgma at 0x7ff24ea53040>
2410,90,90,[89],5001.0,6.0,316606,5001,5002,5001.0,differentia=8+policy=TaperedDepthProportionalResolution+target=512,<function upgma at 0x7ff24ea53040>
2411,91,91,[89],4995.0,0.0,Inner27,4992,4999,4995.0,differentia=8+policy=TaperedDepthProportionalResolution+target=512,<function upgma at 0x7ff24ea53040>
2412,92,92,[91],5001.0,6.0,316602,5001,5002,5001.0,differentia=8+policy=TaperedDepthProportionalResolution+target=512,<function upgma at 0x7ff24ea53040>
2413,93,93,[91],4995.0,0.0,Inner24,4992,4999,4995.0,differentia=8+policy=TaperedDepthProportionalResolution+target=512,<function upgma at 0x7ff24ea53040>
2414,94,94,[93],5001.0,6.0,316596,5001,5002,5001.0,differentia=8+policy=TaperedDepthProportionalResolution+target=512,<function upgma at 0x7ff24ea53040>
2415,95,95,[93],4995.0,0.0,Inner21,4992,4999,4995.0,differentia=8+policy=TaperedDepthProportionalResolution+target=512,<function upgma at 0x7ff24ea53040>
2416,96,96,[95],4995.0,0.0,Inner18,4992,4999,4995.0,differentia=8+policy=TaperedDepthProportionalResolution+target=512,<function upgma at 0x7ff24ea53040>
2417,97,97,[96],4995.0,0.0,Inner14,4992,4999,4995.0,differentia=8+policy=TaperedDepthProportionalResolution+target=512,<function upgma at 0x7ff24ea53040>
2418,98,98,[97],5001.0,6.0,316593,5001,5002,5001.0,differentia=8+policy=TaperedDepthProportionalResolution+target=512,<function upgma at 0x7ff24ea53040>
2419,99,99,[97],4995.0,0.0,Inner7,4992,4999,4995.0,differentia=8+policy=TaperedDepthProportionalResolution+target=512,<function upgma at 0x7ff24ea53040>
2420,100,100,[99],4999.0,4.0,316532,4999,5000,4999.0,differentia=8+policy=TaperedDepthProportionalResolution+target=512,<function upgma at 0x7ff24ea53040>
2421,101,101,[99],5001.0,6.0,316613,5001,5002,5001.0,differentia=8+policy=TaperedDepthProportionalResolution+target=512,<function upgma at 0x7ff24ea53040>
2422,102,102,[96],5001.0,6.0,316614,5001,5002,5001.0,differentia=8+policy=TaperedDepthProportionalResolution+target=512,<function upgma at 0x7ff24ea53040>
2423,103,103,[95],5001.0,6.0,316627,5001,5002,5001.0,differentia=8+policy=TaperedDepthProportionalResolution+target=512,<function upgma at 0x7ff24ea53040>
2424,104,104,[88],5001.0,6.0,316634,5001,5002,5001.0,differentia=8+policy=TaperedDepthProportionalResolution+target=512,<function upgma at 0x7ff24ea53040>
2425,105,105,[85],4959.5,0.0,Inner62,4928,4992,4959.5,differentia=8+policy=TaperedDepthProportionalResolution+target=512,<function upgma at 0x7ff24ea53040>
2426,106,106,[105],4995.5,36.0,Inner5,4992,5000,4995.5,differentia=8+policy=TaperedDepthProportionalResolution+target=512,<function upgma at 0x7ff24ea53040>
2427,107,107,[106],5000.0,4.5,316563,5000,5001,5000.0,differentia=8+policy=TaperedDepthProportionalResolution+target=512,<function upgma at 0x7ff24ea53040>
2428,108,108,[106],5001.0,5.5,316625,5001,5002,5001.0,differentia=8+policy=TaperedDepthProportionalResolution+target=512,<function upgma at 0x7ff24ea53040>
2429,109,109,[105],4995.5,36.0,Inner17,4992,5000,4995.5,differentia=8+policy=TaperedDepthProportionalResolution+target=512,<function upgma at 0x7ff24ea53040>
2430,110,110,[109],4995.5,0.0,Inner13,4992,5000,4995.5,differentia=8+policy=TaperedDepthProportionalResolution+target=512,<function upgma at 0x7ff24ea53040>
2431,111,111,[110],4995.5,0.0,Inner6,4992,5000,4995.5,differentia=8+policy=TaperedDepthProportionalResolution+target=512,<function upgma at 0x7ff24ea53040>
2432,112,112,[111],5000.0,4.5,316573,5000,5001,5000.0,differentia=8+policy=TaperedDepthProportionalResolution+target=512,<function upgma at 0x7ff24ea53040>
2433,113,113,[111],5001.0,5.5,316611,5001,5002,5001.0,differentia=8+policy=TaperedDepthProportionalResolution+target=512,<function upgma at 0x7ff24ea53040>
2434,114,114,[110],5001.0,5.5,316617,5001,5002,5001.0,differentia=8+policy=TaperedDepthProportionalResolution+target=512,<function upgma at 0x7ff24ea53040>
2435,115,115,[109],5001.0,5.5,316653,5001,5002,5001.0,differentia=8+policy=TaperedDepthProportionalResolution+target=512,<function upgma at 0x7ff24ea53040>
2436,116,116,[54],4995.5,36.0,Inner41,4992,5000,4995.5,differentia=8+policy=TaperedDepthProportionalResolution+target=512,<function upgma at 0x7ff24ea53040>
2437,117,117,[116],5001.0,5.5,316641,5001,5002,5001.0,differentia=8+policy=TaperedDepthProportionalResolution+target=512,<function upgma at 0x7ff24ea53040>
2438,118,118,[116],4995.5,0.0,Inner40,4992,5000,4995.5,differentia=8+policy=TaperedDepthProportionalResolution+target=512,<function upgma at 0x7ff24ea53040>
2439,119,119,[118],5001.0,5.5,316605,5001,5002,5001.0,differentia=8+policy=TaperedDepthProportionalResolution+target=512,<function upgma at 0x7ff24ea53040>
2440,120,120,[118],4995.5,0.0,Inner38,4992,5000,4995.5,differentia=8+policy=TaperedDepthProportionalResolution+target=512,<function upgma at 0x7ff24ea53040>
2441,121,121,[120],5001.0,5.5,316598,5001,5002,5001.0,differentia=8+policy=TaperedDepthProportionalResolution+target=512,<function upgma at 0x7ff24ea53040>
2442,122,122,[120],4995.5,0.0,Inner35,4992,5000,4995.5,differentia=8+policy=TaperedDepthProportionalResolution+target=512,<function upgma at 0x7ff24ea53040>
2443,123,123,[122],5001.0,5.5,316639,5001,5002,5001.0,differentia=8+policy=TaperedDepthProportionalResolution+target=512,<function upgma at 0x7ff24ea53040>
2444,124,124,[122],4995.5,0.0,Inner32,4992,5000,4995.5,differentia=8+policy=TaperedDepthProportionalResolution+target=512,<function upgma at 0x7ff24ea53040>
2445,125,125,[124],5001.0,5.5,316638,5001,5002,5001.0,differentia=8+policy=TaperedDepthProportionalResolution+target=512,<function upgma at 0x7ff24ea53040>
2446,126,126,[124],4995.5,0.0,Inner29,4992,5000,4995.5,differentia=8+policy=TaperedDepthProportionalResolution+target=512,<function upgma at 0x7ff24ea53040>
2447,127,127,[126],5001.0,5.5,316647,5001,5002,5001.0,differentia=8+policy=TaperedDepthProportionalResolution+target=512,<function upgma at 0x7ff24ea53040>
2448,128,128,[126],4995.5,0.0,Inner26,4992,5000,4995.5,differentia=8+policy=TaperedDepthProportionalResolution+target=512,<function upgma at 0x7ff24ea53040>
2449,129,129,[128],5001.0,5.5,316621,5001,5002,5001.0,differentia=8+policy=TaperedDepthProportionalResolution+target=512,<function upgma at 0x7ff24ea53040>
2450,130,130,[128],4995.5,0.0,Inner23,4992,5000,4995.5,differentia=8+policy=TaperedDepthProportionalResolution+target=512,<function upgma at 0x7ff24ea53040>
2451,131,131,[130],5001.0,5.5,316619,5001,5002,5001.0,differentia=8+policy=TaperedDepthProportionalResolution+target=512,<function upgma at 0x7ff24ea53040>
2452,132,132,[130],4995.5,0.0,Inner20,4992,5000,4995.5,differentia=8+policy=TaperedDepthProportionalResolution+target=512,<function upgma at 0x7ff24ea53040>
2453,133,133,[132],5001.0,5.5,316610,5001,5002,5001.0,differentia=8+policy=TaperedDepthProportionalResolution+target=512,<function upgma at 0x7ff24ea53040>
2454,134,134,[132],4995.5,0.0,Inner16,4992,5000,4995.5,differentia=8+policy=TaperedDepthProportionalResolution+target=512,<function upgma at 0x7ff24ea53040>
2455,135,135,[134],5001.0,5.5,316603,5001,5002,5001.0,differentia=8+policy=TaperedDepthProportionalResolution+target=512,<function upgma at 0x7ff24ea53040>
2456,136,136,[134],4995.5,0.0,Inner12,4992,5000,4995.5,differentia=8+policy=TaperedDepthProportionalResolution+target=512,<function upgma at 0x7ff24ea53040>
2457,137,137,[136],4995.0,-0.5,Inner10,4992,4999,4995.0,differentia=8+policy=TaperedDepthProportionalResolution+target=512,<function upgma at 0x7ff24ea53040>
2458,138,138,[137],4995.5,0.5,Inner4,4992,5000,4995.5,differentia=8+policy=TaperedDepthProportionalResolution+target=512,<function upgma at 0x7ff24ea53040>
2459,139,139,[138],5000.0,4.5,316547,5000,5001,5000.0,differentia=8+policy=TaperedDepthProportionalResolution+target=512,<function upgma at 0x7ff24ea53040>
2460,140,140,[138],5001.0,5.5,316640,5001,5002,5001.0,differentia=8+policy=TaperedDepthProportionalResolution+target=512,<function upgma at 0x7ff24ea53040>
2461,141,141,[137],4995.5,0.5,Inner3,4992,5000,4995.5,differentia=8+policy=TaperedDepthProportionalResolution+target=512,<function upgma at 0x7ff24ea53040>
2462,142,142,[141],5000.0,4.5,316570,5000,5001,5000.0,differentia=8+policy=TaperedDepthProportionalResolution+target=512,<function upgma at 0x7ff24ea53040>
2463,143,143,[141],5001.0,5.5,316643,5001,5002,5001.0,differentia=8+policy=TaperedDepthProportionalResolution+target=512,<function upgma at 0x7ff24ea53040>
2464,144,144,[136],5001.0,5.5,316654,5001,5002,5001.0,differentia=8+policy=TaperedDepthProportionalResolution+target=512,<function upgma at 0x7ff24ea53040>
2465,0,0,[None],4803.0,4803.0,Inner72,4608,4999,4803.0,differentia=8+policy=TaperedDepthProportionalResolution+target=64,<function upgma at 0x7ff24ea53040>
2466,1,1,[0],5001.0,198.0,316622,5001,5002,5001.0,differentia=8+policy=TaperedDepthProportionalResolution+target=64,<function upgma at 0x7ff24ea53040>
2467,2,2,[0],4803.0,0.0,Inner71,4608,4999,4803.0,differentia=8+policy=TaperedDepthProportionalResolution+target=64,<function upgma at 0x7ff24ea53040>
2468,3,3,[2],5001.0,198.0,316618,5001,5002,5001.0,differentia=8+policy=TaperedDepthProportionalResolution+target=64,<function upgma at 0x7ff24ea53040>
2469,4,4,[2],4803.0,0.0,Inner70,4608,4999,4803.0,differentia=8+policy=TaperedDepthProportionalResolution+target=64,<function upgma at 0x7ff24ea53040>
2470,5,5,[4],5000.0,197.0,Inner2,5000,5001,5000.0,differentia=8+policy=TaperedDepthProportionalResolution+target=64,<function upgma at 0x7ff24ea53040>
2471,6,6,[5],5001.0,1.0,316590,5001,5002,5001.0,differentia=8+policy=TaperedDepthProportionalResolution+target=64,<function upgma at 0x7ff24ea53040>
2472,7,7,[5],5001.0,1.0,316610,5001,5002,5001.0,differentia=8+policy=TaperedDepthProportionalResolution+target=64,<function upgma at 0x7ff24ea53040>
2473,8,8,[4],4803.0,0.0,Inner69,4608,4999,4803.0,differentia=8+policy=TaperedDepthProportionalResolution+target=64,<function upgma at 0x7ff24ea53040>
2474,9,9,[8],4803.5,0.5,Inner68,4608,5000,4803.5,differentia=8+policy=TaperedDepthProportionalResolution+target=64,<function upgma at 0x7ff24ea53040>
2475,10,10,[9],5001.0,197.5,316620,5001,5002,5001.0,differentia=8+policy=TaperedDepthProportionalResolution+target=64,<function upgma at 0x7ff24ea53040>
2476,11,11,[9],4803.5,0.0,Inner67,4608,5000,4803.5,differentia=8+policy=TaperedDepthProportionalResolution+target=64,<function upgma at 0x7ff24ea53040>
2477,12,12,[11],5001.0,197.5,316616,5001,5002,5001.0,differentia=8+policy=TaperedDepthProportionalResolution+target=64,<function upgma at 0x7ff24ea53040>
2478,13,13,[11],4803.5,0.0,Inner66,4608,5000,4803.5,differentia=8+policy=TaperedDepthProportionalResolution+target=64,<function upgma at 0x7ff24ea53040>
2479,14,14,[13],5000.0,196.5,Inner4,5000,5001,5000.0,differentia=8+policy=TaperedDepthProportionalResolution+target=64,<function upgma at 0x7ff24ea53040>
2480,15,15,[14],5001.0,1.0,316604,5001,5002,5001.0,differentia=8+policy=TaperedDepthProportionalResolution+target=64,<function upgma at 0x7ff24ea53040>
2481,16,16,[14],5001.0,1.0,316609,5001,5002,5001.0,differentia=8+policy=TaperedDepthProportionalResolution+target=64,<function upgma at 0x7ff24ea53040>
2482,17,17,[13],4803.5,0.0,Inner65,4608,5000,4803.5,differentia=8+policy=TaperedDepthProportionalResolution+target=64,<function upgma at 0x7ff24ea53040>
2483,18,18,[17],5001.0,197.5,316628,5001,5002,5001.0,differentia=8+policy=TaperedDepthProportionalResolution+target=64,<function upgma at 0x7ff24ea53040>
2484,19,19,[17],4803.5,0.0,Inner64,4608,5000,4803.5,differentia=8+policy=TaperedDepthProportionalResolution+target=64,<function upgma at 0x7ff24ea53040>
2485,20,20,[19],5001.0,197.5,316592,5001,5002,5001.0,differentia=8+policy=TaperedDepthProportionalResolution+target=64,<function upgma at 0x7ff24ea53040>
2486,21,21,[19],4803.5,0.0,Inner63,4608,5000,4803.5,differentia=8+policy=TaperedDepthProportionalResolution+target=64,<function upgma at 0x7ff24ea53040>
2487,22,22,[21],5001.0,197.5,316630,5001,5002,5001.0,differentia=8+policy=TaperedDepthProportionalResolution+target=64,<function upgma at 0x7ff24ea53040>
2488,23,23,[21],4803.5,0.0,Inner62,4608,5000,4803.5,differentia=8+policy=TaperedDepthProportionalResolution+target=64,<function upgma at 0x7ff24ea53040>
2489,24,24,[23],5001.0,197.5,316595,5001,5002,5001.0,differentia=8+policy=TaperedDepthProportionalResolution+target=64,<function upgma at 0x7ff24ea53040>
2490,25,25,[23],4803.5,0.0,Inner61,4608,5000,4803.5,differentia=8+policy=TaperedDepthProportionalResolution+target=64,<function upgma at 0x7ff24ea53040>
2491,26,26,[25],5001.0,197.5,316645,5001,5002,5001.0,differentia=8+policy=TaperedDepthProportionalResolution+target=64,<function upgma at 0x7ff24ea53040>
2492,27,27,[25],4803.5,0.0,Inner60,4608,5000,4803.5,differentia=8+policy=TaperedDepthProportionalResolution+target=64,<function upgma at 0x7ff24ea53040>
2493,28,28,[27],4803.5,0.0,Inner59,4608,5000,4803.5,differentia=8+policy=TaperedDepthProportionalResolution+target=64,<function upgma at 0x7ff24ea53040>
2494,29,29,[28],4803.5,0.0,Inner58,4608,5000,4803.5,differentia=8+policy=TaperedDepthProportionalResolution+target=64,<function upgma at 0x7ff24ea53040>
2495,30,30,[29],5001.0,197.5,316612,5001,5002,5001.0,differentia=8+policy=TaperedDepthProportionalResolution+target=64,<function upgma at 0x7ff24ea53040>
2496,31,31,[29],4803.5,0.0,Inner57,4608,5000,4803.5,differentia=8+policy=TaperedDepthProportionalResolution+target=64,<function upgma at 0x7ff24ea53040>
2497,32,32,[31],5001.0,197.5,316606,5001,5002,5001.0,differentia=8+policy=TaperedDepthProportionalResolution+target=64,<function upgma at 0x7ff24ea53040>
2498,33,33,[31],5001.0,197.5,316634,5001,5002,5001.0,differentia=8+policy=TaperedDepthProportionalResolution+target=64,<function upgma at 0x7ff24ea53040>
2499,34,34,[28],5001.0,197.5,316636,5001,5002,5001.0,differentia=8+policy=TaperedDepthProportionalResolution+target=64,<function upgma at 0x7ff24ea53040>
2500,35,35,[27],5001.0,197.5,316650,5001,5002,5001.0,differentia=8+policy=TaperedDepthProportionalResolution+target=64,<function upgma at 0x7ff24ea53040>
2501,36,36,[8],4803.0,0.0,Inner56,4608,4999,4803.0,differentia=8+policy=TaperedDepthProportionalResolution+target=64,<function upgma at 0x7ff24ea53040>
2502,37,37,[36],5001.0,198.0,316602,5001,5002,5001.0,differentia=8+policy=TaperedDepthProportionalResolution+target=64,<function upgma at 0x7ff24ea53040>
2503,38,38,[36],4803.0,0.0,Inner55,4608,4999,4803.0,differentia=8+policy=TaperedDepthProportionalResolution+target=64,<function upgma at 0x7ff24ea53040>
2504,39,39,[38],5001.0,198.0,316596,5001,5002,5001.0,differentia=8+policy=TaperedDepthProportionalResolution+target=64,<function upgma at 0x7ff24ea53040>
2505,40,40,[38],4803.0,0.0,Inner54,4608,4999,4803.0,differentia=8+policy=TaperedDepthProportionalResolution+target=64,<function upgma at 0x7ff24ea53040>
2506,41,41,[40],5001.0,198.0,316627,5001,5002,5001.0,differentia=8+policy=TaperedDepthProportionalResolution+target=64,<function upgma at 0x7ff24ea53040>
2507,42,42,[40],4803.0,0.0,Inner53,4608,4999,4803.0,differentia=8+policy=TaperedDepthProportionalResolution+target=64,<function upgma at 0x7ff24ea53040>
2508,43,43,[42],5000.0,197.0,Inner5,5000,5001,5000.0,differentia=8+policy=TaperedDepthProportionalResolution+target=64,<function upgma at 0x7ff24ea53040>
2509,44,44,[43],5001.0,1.0,316614,5001,5002,5001.0,differentia=8+policy=TaperedDepthProportionalResolution+target=64,<function upgma at 0x7ff24ea53040>
2510,45,45,[43],5001.0,1.0,316623,5001,5002,5001.0,differentia=8+policy=TaperedDepthProportionalResolution+target=64,<function upgma at 0x7ff24ea53040>
2511,46,46,[42],4803.0,0.0,Inner52,4608,4999,4803.0,differentia=8+policy=TaperedDepthProportionalResolution+target=64,<function upgma at 0x7ff24ea53040>
2512,47,47,[46],5001.0,198.0,316593,5001,5002,5001.0,differentia=8+policy=TaperedDepthProportionalResolution+target=64,<function upgma at 0x7ff24ea53040>
2513,48,48,[46],4803.0,0.0,Inner51,4608,4999,4803.0,differentia=8+policy=TaperedDepthProportionalResolution+target=64,<function upgma at 0x7ff24ea53040>
2514,49,49,[48],5001.0,198.0,316613,5001,5002,5001.0,differentia=8+policy=TaperedDepthProportionalResolution+target=64,<function upgma at 0x7ff24ea53040>
2515,50,50,[48],4803.0,0.0,Inner50,4608,4999,4803.0,differentia=8+policy=TaperedDepthProportionalResolution+target=64,<function upgma at 0x7ff24ea53040>
2516,51,51,[50],5001.0,198.0,316653,5001,5002,5001.0,differentia=8+policy=TaperedDepthProportionalResolution+target=64,<function upgma at 0x7ff24ea53040>
2517,52,52,[50],4803.0,0.0,Inner49,4608,4999,4803.0,differentia=8+policy=TaperedDepthProportionalResolution+target=64,<function upgma at 0x7ff24ea53040>
2518,53,53,[52],5000.0,197.0,Inner3,5000,5001,5000.0,differentia=8+policy=TaperedDepthProportionalResolution+target=64,<function upgma at 0x7ff24ea53040>
2519,54,54,[53],5001.0,1.0,316617,5001,5002,5001.0,differentia=8+policy=TaperedDepthProportionalResolution+target=64,<function upgma at 0x7ff24ea53040>
2520,55,55,[53],5001.0,1.0,316633,5001,5002,5001.0,differentia=8+policy=TaperedDepthProportionalResolution+target=64,<function upgma at 0x7ff24ea53040>
2521,56,56,[52],4803.0,0.0,Inner48,4608,4999,4803.0,differentia=8+policy=TaperedDepthProportionalResolution+target=64,<function upgma at 0x7ff24ea53040>
2522,57,57,[56],5000.0,197.0,Inner1,5000,5001,5000.0,differentia=8+policy=TaperedDepthProportionalResolution+target=64,<function upgma at 0x7ff24ea53040>
2523,58,58,[57],5001.0,1.0,316611,5001,5002,5001.0,differentia=8+policy=TaperedDepthProportionalResolution+target=64,<function upgma at 0x7ff24ea53040>
2524,59,59,[57],5001.0,1.0,316643,5001,5002,5001.0,differentia=8+policy=TaperedDepthProportionalResolution+target=64,<function upgma at 0x7ff24ea53040>
2525,60,60,[56],4803.0,0.0,Inner47,4608,4999,4803.0,differentia=8+policy=TaperedDepthProportionalResolution+target=64,<function upgma at 0x7ff24ea53040>
2526,61,61,[60],5001.0,198.0,316644,5001,5002,5001.0,differentia=8+policy=TaperedDepthProportionalResolution+target=64,<function upgma at 0x7ff24ea53040>
2527,62,62,[60],4803.0,0.0,Inner46,4608,4999,4803.0,differentia=8+policy=TaperedDepthProportionalResolution+target=64,<function upgma at 0x7ff24ea53040>
2528,63,63,[62],5001.0,198.0,316648,5001,5002,5001.0,differentia=8+policy=TaperedDepthProportionalResolution+target=64,<function upgma at 0x7ff24ea53040>
2529,64,64,[62],4803.0,0.0,Inner45,4608,4999,4803.0,differentia=8+policy=TaperedDepthProportionalResolution+target=64,<function upgma at 0x7ff24ea53040>
2530,65,65,[64],5001.0,198.0,316589,5001,5002,5001.0,differentia=8+policy=TaperedDepthProportionalResolution+target=64,<function upgma at 0x7ff24ea53040>
2531,66,66,[64],4803.0,0.0,Inner44,4608,4999,4803.0,differentia=8+policy=TaperedDepthProportionalResolution+target=64,<function upgma at 0x7ff24ea53040>
2532,67,67,[66],5001.0,198.0,316591,5001,5002,5001.0,differentia=8+policy=TaperedDepthProportionalResolution+target=64,<function upgma at 0x7ff24ea53040>
2533,68,68,[66],4803.0,0.0,Inner43,4608,4999,4803.0,differentia=8+policy=TaperedDepthProportionalResolution+target=64,<function upgma at 0x7ff24ea53040>
2534,69,69,[68],5001.0,198.0,316637,5001,5002,5001.0,differentia=8+policy=TaperedDepthProportionalResolution+target=64,<function upgma at 0x7ff24ea53040>
2535,70,70,[68],4803.0,0.0,Inner42,4608,4999,4803.0,differentia=8+policy=TaperedDepthProportionalResolution+target=64,<function upgma at 0x7ff24ea53040>
2536,71,71,[70],5001.0,198.0,316600,5001,5002,5001.0,differentia=8+policy=TaperedDepthProportionalResolution+target=64,<function upgma at 0x7ff24ea53040>
2537,72,72,[70],4803.0,0.0,Inner41,4608,4999,4803.0,differentia=8+policy=TaperedDepthProportionalResolution+target=64,<function upgma at 0x7ff24ea53040>
2538,73,73,[72],5001.0,198.0,316594,5001,5002,5001.0,differentia=8+policy=TaperedDepthProportionalResolution+target=64,<function upgma at 0x7ff24ea53040>
2539,74,74,[72],4803.0,0.0,Inner40,4608,4999,4803.0,differentia=8+policy=TaperedDepthProportionalResolution+target=64,<function upgma at 0x7ff24ea53040>
2540,75,75,[74],5001.0,198.0,316635,5001,5002,5001.0,differentia=8+policy=TaperedDepthProportionalResolution+target=64,<function upgma at 0x7ff24ea53040>
2541,76,76,[74],4803.0,0.0,Inner39,4608,4999,4803.0,differentia=8+policy=TaperedDepthProportionalResolution+target=64,<function upgma at 0x7ff24ea53040>
2542,77,77,[76],5001.0,198.0,316631,5001,5002,5001.0,differentia=8+policy=TaperedDepthProportionalResolution+target=64,<function upgma at 0x7ff24ea53040>
2543,78,78,[76],4803.0,0.0,Inner38,4608,4999,4803.0,differentia=8+policy=TaperedDepthProportionalResolution+target=64,<function upgma at 0x7ff24ea53040>
2544,79,79,[78],5001.0,198.0,316629,5001,5002,5001.0,differentia=8+policy=TaperedDepthProportionalResolution+target=64,<function upgma at 0x7ff24ea53040>
2545,80,80,[78],4803.0,0.0,Inner37,4608,4999,4803.0,differentia=8+policy=TaperedDepthProportionalResolution+target=64,<function upgma at 0x7ff24ea53040>
2546,81,81,[80],5001.0,198.0,316624,5001,5002,5001.0,differentia=8+policy=TaperedDepthProportionalResolution+target=64,<function upgma at 0x7ff24ea53040>
2547,82,82,[80],4803.0,0.0,Inner36,4608,4999,4803.0,differentia=8+policy=TaperedDepthProportionalResolution+target=64,<function upgma at 0x7ff24ea53040>
2548,83,83,[82],5001.0,198.0,316597,5001,5002,5001.0,differentia=8+policy=TaperedDepthProportionalResolution+target=64,<function upgma at 0x7ff24ea53040>
2549,84,84,[82],4803.0,0.0,Inner35,4608,4999,4803.0,differentia=8+policy=TaperedDepthProportionalResolution+target=64,<function upgma at 0x7ff24ea53040>
2550,85,85,[84],5001.0,198.0,316632,5001,5002,5001.0,differentia=8+policy=TaperedDepthProportionalResolution+target=64,<function upgma at 0x7ff24ea53040>
2551,86,86,[84],4803.0,0.0,Inner34,4608,4999,4803.0,differentia=8+policy=TaperedDepthProportionalResolution+target=64,<function upgma at 0x7ff24ea53040>
2552,87,87,[86],5001.0,198.0,316649,5001,5002,5001.0,differentia=8+policy=TaperedDepthProportionalResolution+target=64,<function upgma at 0x7ff24ea53040>
2553,88,88,[86],4803.0,0.0,Inner33,4608,4999,4803.0,differentia=8+policy=TaperedDepthProportionalResolution+target=64,<function upgma at 0x7ff24ea53040>
2554,89,89,[88],5001.0,198.0,316599,5001,5002,5001.0,differentia=8+policy=TaperedDepthProportionalResolution+target=64,<function upgma at 0x7ff24ea53040>
2555,90,90,[88],4803.0,0.0,Inner32,4608,4999,4803.0,differentia=8+policy=TaperedDepthProportionalResolution+target=64,<function upgma at 0x7ff24ea53040>
2556,91,91,[90],5001.0,198.0,316652,5001,5002,5001.0,differentia=8+policy=TaperedDepthProportionalResolution+target=64,<function upgma at 0x7ff24ea53040>
2557,92,92,[90],4803.0,0.0,Inner31,4608,4999,4803.0,differentia=8+policy=TaperedDepthProportionalResolution+target=64,<function upgma at 0x7ff24ea53040>
2558,93,93,[92],5001.0,198.0,316608,5001,5002,5001.0,differentia=8+policy=TaperedDepthProportionalResolution+target=64,<function upgma at 0x7ff24ea53040>
2559,94,94,[92],4803.0,0.0,Inner30,4608,4999,4803.0,differentia=8+policy=TaperedDepthProportionalResolution+target=64,<function upgma at 0x7ff24ea53040>
2560,95,95,[94],5001.0,198.0,316601,5001,5002,5001.0,differentia=8+policy=TaperedDepthProportionalResolution+target=64,<function upgma at 0x7ff24ea53040>
2561,96,96,[94],4803.0,0.0,Inner29,4608,4999,4803.0,differentia=8+policy=TaperedDepthProportionalResolution+target=64,<function upgma at 0x7ff24ea53040>
2562,97,97,[96],5001.0,198.0,316646,5001,5002,5001.0,differentia=8+policy=TaperedDepthProportionalResolution+target=64,<function upgma at 0x7ff24ea53040>
2563,98,98,[96],4803.0,0.0,Inner28,4608,4999,4803.0,differentia=8+policy=TaperedDepthProportionalResolution+target=64,<function upgma at 0x7ff24ea53040>
2564,99,99,[98],5001.0,198.0,316615,5001,5002,5001.0,differentia=8+policy=TaperedDepthProportionalResolution+target=64,<function upgma at 0x7ff24ea53040>
2565,100,100,[98],4803.0,0.0,Inner27,4608,4999,4803.0,differentia=8+policy=TaperedDepthProportionalResolution+target=64,<function upgma at 0x7ff24ea53040>
2566,101,101,[100],5001.0,198.0,316626,5001,5002,5001.0,differentia=8+policy=TaperedDepthProportionalResolution+target=64,<function upgma at 0x7ff24ea53040>
2567,102,102,[100],4803.0,0.0,Inner26,4608,4999,4803.0,differentia=8+policy=TaperedDepthProportionalResolution+target=64,<function upgma at 0x7ff24ea53040>
2568,103,103,[102],5001.0,198.0,316625,5001,5002,5001.0,differentia=8+policy=TaperedDepthProportionalResolution+target=64,<function upgma at 0x7ff24ea53040>
2569,104,104,[102],4803.0,0.0,Inner25,4608,4999,4803.0,differentia=8+policy=TaperedDepthProportionalResolution+target=64,<function upgma at 0x7ff24ea53040>
2570,105,105,[104],5001.0,198.0,316607,5001,5002,5001.0,differentia=8+policy=TaperedDepthProportionalResolution+target=64,<function upgma at 0x7ff24ea53040>
2571,106,106,[104],4803.0,0.0,Inner24,4608,4999,4803.0,differentia=8+policy=TaperedDepthProportionalResolution+target=64,<function upgma at 0x7ff24ea53040>
2572,107,107,[106],5001.0,198.0,316642,5001,5002,5001.0,differentia=8+policy=TaperedDepthProportionalResolution+target=64,<function upgma at 0x7ff24ea53040>
2573,108,108,[106],4803.0,0.0,Inner23,4608,4999,4803.0,differentia=8+policy=TaperedDepthProportionalResolution+target=64,<function upgma at 0x7ff24ea53040>
2574,109,109,[108],5001.0,198.0,316651,5001,5002,5001.0,differentia=8+policy=TaperedDepthProportionalResolution+target=64,<function upgma at 0x7ff24ea53040>
2575,110,110,[108],4803.0,0.0,Inner22,4608,4999,4803.0,differentia=8+policy=TaperedDepthProportionalResolution+target=64,<function upgma at 0x7ff24ea53040>
2576,111,111,[110],5001.0,198.0,316641,5001,5002,5001.0,differentia=8+policy=TaperedDepthProportionalResolution+target=64,<function upgma at 0x7ff24ea53040>
2577,112,112,[110],4803.0,0.0,Inner21,4608,4999,4803.0,differentia=8+policy=TaperedDepthProportionalResolution+target=64,<function upgma at 0x7ff24ea53040>
2578,113,113,[112],5001.0,198.0,316605,5001,5002,5001.0,differentia=8+policy=TaperedDepthProportionalResolution+target=64,<function upgma at 0x7ff24ea53040>
2579,114,114,[112],4803.0,0.0,Inner20,4608,4999,4803.0,differentia=8+policy=TaperedDepthProportionalResolution+target=64,<function upgma at 0x7ff24ea53040>
2580,115,115,[114],5001.0,198.0,316598,5001,5002,5001.0,differentia=8+policy=TaperedDepthProportionalResolution+target=64,<function upgma at 0x7ff24ea53040>
2581,116,116,[114],4803.0,0.0,Inner19,4608,4999,4803.0,differentia=8+policy=TaperedDepthProportionalResolution+target=64,<function upgma at 0x7ff24ea53040>
2582,117,117,[116],5001.0,198.0,316639,5001,5002,5001.0,differentia=8+policy=TaperedDepthProportionalResolution+target=64,<function upgma at 0x7ff24ea53040>
2583,118,118,[116],4803.0,0.0,Inner18,4608,4999,4803.0,differentia=8+policy=TaperedDepthProportionalResolution+target=64,<function upgma at 0x7ff24ea53040>
2584,119,119,[118],5001.0,198.0,316638,5001,5002,5001.0,differentia=8+policy=TaperedDepthProportionalResolution+target=64,<function upgma at 0x7ff24ea53040>
2585,120,120,[118],4803.0,0.0,Inner17,4608,4999,4803.0,differentia=8+policy=TaperedDepthProportionalResolution+target=64,<function upgma at 0x7ff24ea53040>
2586,121,121,[120],5001.0,198.0,316647,5001,5002,5001.0,differentia=8+policy=TaperedDepthProportionalResolution+target=64,<function upgma at 0x7ff24ea53040>
2587,122,122,[120],4803.0,0.0,Inner16,4608,4999,4803.0,differentia=8+policy=TaperedDepthProportionalResolution+target=64,<function upgma at 0x7ff24ea53040>
2588,123,123,[122],5001.0,198.0,316621,5001,5002,5001.0,differentia=8+policy=TaperedDepthProportionalResolution+target=64,<function upgma at 0x7ff24ea53040>
2589,124,124,[122],4803.0,0.0,Inner15,4608,4999,4803.0,differentia=8+policy=TaperedDepthProportionalResolution+target=64,<function upgma at 0x7ff24ea53040>
2590,125,125,[124],5001.0,198.0,316619,5001,5002,5001.0,differentia=8+policy=TaperedDepthProportionalResolution+target=64,<function upgma at 0x7ff24ea53040>
2591,126,126,[124],4803.0,0.0,Inner14,4608,4999,4803.0,differentia=8+policy=TaperedDepthProportionalResolution+target=64,<function upgma at 0x7ff24ea53040>
2592,127,127,[126],5001.0,198.0,316603,5001,5002,5001.0,differentia=8+policy=TaperedDepthProportionalResolution+target=64,<function upgma at 0x7ff24ea53040>
2593,128,128,[126],4803.0,0.0,Inner13,4608,4999,4803.0,differentia=8+policy=TaperedDepthProportionalResolution+target=64,<function upgma at 0x7ff24ea53040>
2594,129,129,[128],4803.0,0.0,Inner12,4608,4999,4803.0,differentia=8+policy=TaperedDepthProportionalResolution+target=64,<function upgma at 0x7ff24ea53040>
2595,130,130,[129],4803.0,0.0,Inner11,4608,4999,4803.0,differentia=8+policy=TaperedDepthProportionalResolution+target=64,<function upgma at 0x7ff24ea53040>
2596,131,131,[130],5000.0,197.0,316551,5000,5001,5000.0,differentia=8+policy=TaperedDepthProportionalResolution+target=64,<function upgma at 0x7ff24ea53040>
2597,132,132,[130],4803.0,0.0,Inner10,4608,4999,4803.0,differentia=8+policy=TaperedDepthProportionalResolution+target=64,<function upgma at 0x7ff24ea53040>
2598,133,133,[132],4803.0,0.0,Inner9,4608,4999,4803.0,differentia=8+policy=TaperedDepthProportionalResolution+target=64,<function upgma at 0x7ff24ea53040>
2599,134,134,[133],4803.0,0.0,Inner8,4608,4999,4803.0,differentia=8+policy=TaperedDepthProportionalResolution+target=64,<function upgma at 0x7ff24ea53040>
2600,135,135,[134],5000.0,197.0,316563,5000,5001,5000.0,differentia=8+policy=TaperedDepthProportionalResolution+target=64,<function upgma at 0x7ff24ea53040>
2601,136,136,[134],4803.0,0.0,Inner7,4608,4999,4803.0,differentia=8+policy=TaperedDepthProportionalResolution+target=64,<function upgma at 0x7ff24ea53040>
2602,137,137,[136],5000.0,197.0,316547,5000,5001,5000.0,differentia=8+policy=TaperedDepthProportionalResolution+target=64,<function upgma at 0x7ff24ea53040>
2603,138,138,[136],4803.0,0.0,Inner6,4608,4999,4803.0,differentia=8+policy=TaperedDepthProportionalResolution+target=64,<function upgma at 0x7ff24ea53040>
2604,139,139,[138],4999.0,196.0,316532,4999,5000,4999.0,differentia=8+policy=TaperedDepthProportionalResolution+target=64,<function upgma at 0x7ff24ea53040>
2605,140,140,[138],5000.0,197.0,316570,5000,5001,5000.0,differentia=8+policy=TaperedDepthProportionalResolution+target=64,<function upgma at 0x7ff24ea53040>
2606,141,141,[133],5000.0,197.0,316573,5000,5001,5000.0,differentia=8+policy=TaperedDepthProportionalResolution+target=64,<function upgma at 0x7ff24ea53040>
2607,142,142,[132],5000.0,197.0,316581,5000,5001,5000.0,differentia=8+policy=TaperedDepthProportionalResolution+target=64,<function upgma at 0x7ff24ea53040>
2608,143,143,[129],5001.0,198.0,316640,5001,5002,5001.0,differentia=8+policy=TaperedDepthProportionalResolution+target=64,<function upgma at 0x7ff24ea53040>
2609,144,144,[128],5001.0,198.0,316654,5001,5002,5001.0,differentia=8+policy=TaperedDepthProportionalResolution+target=64,<function upgma at 0x7ff24ea53040>
