,index,id,ancestor_list,origin_time,branch_length,name,Origin Time Lower Bound (Inclusive),Origin Time Upper Bound (Exclusive),Origin Time Estimate,Treatment,Algorithm
0,0,0,[None],1.5,1.5,Inner23,0.0,4.0,1.5,differentia=1+policy=RecencyProportionalResolution+target=4096,<function upgma at 0x7f36763dfb80>
1,1,1,[0],87.0,85.5,Inner21,85.0,90.0,87.0,differentia=1+policy=RecencyProportionalResolution+target=4096,<function upgma at 0x7f36763dfb80>
2,2,2,[1],351.0,264.0,Inner19,349.0,354.0,351.0,differentia=1+policy=RecencyProportionalResolution+target=4096,<function upgma at 0x7f36763dfb80>
3,3,3,[2],483.0,132.0,Inner3,481.0,486.0,483.0,differentia=1+policy=RecencyProportionalResolution+target=4096,<function upgma at 0x7f36763dfb80>
4,4,4,[3],495.0,12.0,4686,495.0,496.0,495.0,differentia=1+policy=RecencyProportionalResolution+target=4096,<function upgma at 0x7f36763dfb80>
5,5,5,[3],496.0,13.0,Inner1,494.0,499.0,496.0,differentia=1+policy=RecencyProportionalResolution+target=4096,<function upgma at 0x7f36763dfb80>
6,6,6,[5],499.0,3.0,4714,499.0,500.0,499.0,differentia=1+policy=RecencyProportionalResolution+target=4096,<function upgma at 0x7f36763dfb80>
7,7,7,[5],500.0,4.0,4728,500.0,501.0,500.0,differentia=1+policy=RecencyProportionalResolution+target=4096,<function upgma at 0x7f36763dfb80>
8,8,8,[2],351.0,0.0,Inner18,349.0,354.0,351.0,differentia=1+policy=RecencyProportionalResolution+target=4096,<function upgma at 0x7f36763dfb80>
9,9,9,[8],428.0,77.0,Inner15,426.0,431.0,428.0,differentia=1+policy=RecencyProportionalResolution+target=4096,<function upgma at 0x7f36763dfb80>
10,10,10,[9],490.0,62.0,4629,490.0,491.0,490.0,differentia=1+policy=RecencyProportionalResolution+target=4096,<function upgma at 0x7f36763dfb80>
11,11,11,[9],499.0,71.0,4720,499.0,500.0,499.0,differentia=1+policy=RecencyProportionalResolution+target=4096,<function upgma at 0x7f36763dfb80>
12,12,12,[8],461.0,110.0,Inner11,459.0,464.0,461.0,differentia=1+policy=RecencyProportionalResolution+target=4096,<function upgma at 0x7f36763dfb80>
13,13,13,[12],461.0,0.0,Inner8,459.0,464.0,461.0,differentia=1+policy=RecencyProportionalResolution+target=4096,<function upgma at 0x7f36763dfb80>
14,14,14,[13],477.0,16.0,4517,477.0,478.0,477.0,differentia=1+policy=RecencyProportionalResolution+target=4096,<function upgma at 0x7f36763dfb80>
15,15,15,[13],489.0,28.0,4626,489.0,490.0,489.0,differentia=1+policy=RecencyProportionalResolution+target=4096,<function upgma at 0x7f36763dfb80>
16,16,16,[12],501.0,40.0,4735,501.0,502.0,501.0,differentia=1+policy=RecencyProportionalResolution+target=4096,<function upgma at 0x7f36763dfb80>
17,17,17,[1],474.0,387.0,Inner10,472.0,477.0,474.0,differentia=1+policy=RecencyProportionalResolution+target=4096,<function upgma at 0x7f36763dfb80>
18,18,18,[17],501.0,27.0,4733,501.0,502.0,501.0,differentia=1+policy=RecencyProportionalResolution+target=4096,<function upgma at 0x7f36763dfb80>
19,19,19,[17],501.0,27.0,4737,501.0,502.0,501.0,differentia=1+policy=RecencyProportionalResolution+target=4096,<function upgma at 0x7f36763dfb80>
20,20,20,[0],3.0,1.5,Inner22,1.0,6.0,3.0,differentia=1+policy=RecencyProportionalResolution+target=4096,<function upgma at 0x7f36763dfb80>
21,21,21,[20],422.0,419.0,Inner16,420.0,425.0,422.0,differentia=1+policy=RecencyProportionalResolution+target=4096,<function upgma at 0x7f36763dfb80>
22,22,22,[21],498.0,76.0,4707,498.0,499.0,498.0,differentia=1+policy=RecencyProportionalResolution+target=4096,<function upgma at 0x7f36763dfb80>
23,23,23,[21],478.0,56.0,Inner5,476.0,481.0,478.0,differentia=1+policy=RecencyProportionalResolution+target=4096,<function upgma at 0x7f36763dfb80>
24,24,24,[23],486.0,8.0,4595,486.0,487.0,486.0,differentia=1+policy=RecencyProportionalResolution+target=4096,<function upgma at 0x7f36763dfb80>
25,25,25,[23],501.0,23.0,4738,501.0,502.0,501.0,differentia=1+policy=RecencyProportionalResolution+target=4096,<function upgma at 0x7f36763dfb80>
26,26,26,[20],331.0,328.0,Inner20,329.0,334.0,331.0,differentia=1+policy=RecencyProportionalResolution+target=4096,<function upgma at 0x7f36763dfb80>
27,27,27,[26],478.0,147.0,Inner9,476.0,481.0,478.0,differentia=1+policy=RecencyProportionalResolution+target=4096,<function upgma at 0x7f36763dfb80>
28,28,28,[27],501.0,23.0,4729,501.0,502.0,501.0,differentia=1+policy=RecencyProportionalResolution+target=4096,<function upgma at 0x7f36763dfb80>
29,29,29,[27],501.0,23.0,4732,501.0,502.0,501.0,differentia=1+policy=RecencyProportionalResolution+target=4096,<function upgma at 0x7f36763dfb80>
30,30,30,[26],387.0,56.0,Inner17,385.0,390.0,387.0,differentia=1+policy=RecencyProportionalResolution+target=4096,<function upgma at 0x7f36763dfb80>
31,31,31,[30],501.0,114.0,4730,501.0,502.0,501.0,differentia=1+policy=RecencyProportionalResolution+target=4096,<function upgma at 0x7f36763dfb80>
32,32,32,[30],455.0,68.0,Inner14,453.0,458.0,455.0,differentia=1+policy=RecencyProportionalResolution+target=4096,<function upgma at 0x7f36763dfb80>
33,33,33,[32],481.0,26.0,Inner6,479.0,484.0,481.0,differentia=1+policy=RecencyProportionalResolution+target=4096,<function upgma at 0x7f36763dfb80>
34,34,34,[33],501.0,20.0,4731,501.0,502.0,501.0,differentia=1+policy=RecencyProportionalResolution+target=4096,<function upgma at 0x7f36763dfb80>
35,35,35,[33],501.0,20.0,4734,501.0,502.0,501.0,differentia=1+policy=RecencyProportionalResolution+target=4096,<function upgma at 0x7f36763dfb80>
36,36,36,[32],455.0,0.0,Inner13,453.0,458.0,455.0,differentia=1+policy=RecencyProportionalResolution+target=4096,<function upgma at 0x7f36763dfb80>
37,37,37,[36],477.0,22.0,Inner7,475.0,480.0,477.0,differentia=1+policy=RecencyProportionalResolution+target=4096,<function upgma at 0x7f36763dfb80>
38,38,38,[37],497.0,20.0,4690,497.0,498.0,497.0,differentia=1+policy=RecencyProportionalResolution+target=4096,<function upgma at 0x7f36763dfb80>
39,39,39,[37],501.0,24.0,4736,501.0,502.0,501.0,differentia=1+policy=RecencyProportionalResolution+target=4096,<function upgma at 0x7f36763dfb80>
40,40,40,[36],456.0,1.0,Inner12,454.0,459.0,456.0,differentia=1+policy=RecencyProportionalResolution+target=4096,<function upgma at 0x7f36763dfb80>
41,41,41,[40],497.0,41.0,4694,497.0,498.0,497.0,differentia=1+policy=RecencyProportionalResolution+target=4096,<function upgma at 0x7f36763dfb80>
42,42,42,[40],485.0,29.0,Inner4,483.0,488.0,485.0,differentia=1+policy=RecencyProportionalResolution+target=4096,<function upgma at 0x7f36763dfb80>
43,43,43,[42],489.0,4.0,Inner2,487.0,492.0,489.0,differentia=1+policy=RecencyProportionalResolution+target=4096,<function upgma at 0x7f36763dfb80>
44,44,44,[43],498.0,9.0,4701,498.0,499.0,498.0,differentia=1+policy=RecencyProportionalResolution+target=4096,<function upgma at 0x7f36763dfb80>
45,45,45,[43],499.0,10.0,4721,499.0,500.0,499.0,differentia=1+policy=RecencyProportionalResolution+target=4096,<function upgma at 0x7f36763dfb80>
46,46,46,[42],501.0,16.0,4739,501.0,502.0,501.0,differentia=1+policy=RecencyProportionalResolution+target=4096,<function upgma at 0x7f36763dfb80>
47,0,0,[None],1.5,1.5,Inner23,0.0,4.0,1.5,differentia=1+policy=RecencyProportionalResolution+target=512,<function upgma at 0x7f36763dfb80>
48,1,1,[0],89.0,87.5,Inner21,87.0,92.0,89.0,differentia=1+policy=RecencyProportionalResolution+target=512,<function upgma at 0x7f36763dfb80>
49,2,2,[1],352.0,263.0,Inner19,350.0,355.0,352.0,differentia=1+policy=RecencyProportionalResolution+target=512,<function upgma at 0x7f36763dfb80>
50,3,3,[2],482.0,130.0,Inner5,480.0,485.0,482.0,differentia=1+policy=RecencyProportionalResolution+target=512,<function upgma at 0x7f36763dfb80>
51,4,4,[3],495.0,13.0,4686,495.0,496.0,495.0,differentia=1+policy=RecencyProportionalResolution+target=512,<function upgma at 0x7f36763dfb80>
52,5,5,[3],496.0,14.0,Inner1,494.0,499.0,496.0,differentia=1+policy=RecencyProportionalResolution+target=512,<function upgma at 0x7f36763dfb80>
53,6,6,[5],499.0,3.0,4714,499.0,500.0,499.0,differentia=1+policy=RecencyProportionalResolution+target=512,<function upgma at 0x7f36763dfb80>
54,7,7,[5],500.0,4.0,4728,500.0,501.0,500.0,differentia=1+policy=RecencyProportionalResolution+target=512,<function upgma at 0x7f36763dfb80>
55,8,8,[2],352.0,0.0,Inner18,350.0,355.0,352.0,differentia=1+policy=RecencyProportionalResolution+target=512,<function upgma at 0x7f36763dfb80>
56,9,9,[8],430.0,78.0,Inner15,428.0,433.0,430.0,differentia=1+policy=RecencyProportionalResolution+target=512,<function upgma at 0x7f36763dfb80>
57,10,10,[9],490.0,60.0,4629,490.0,491.0,490.0,differentia=1+policy=RecencyProportionalResolution+target=512,<function upgma at 0x7f36763dfb80>
58,11,11,[9],499.0,69.0,4720,499.0,500.0,499.0,differentia=1+policy=RecencyProportionalResolution+target=512,<function upgma at 0x7f36763dfb80>
59,12,12,[8],461.0,109.0,Inner11,459.0,464.0,461.0,differentia=1+policy=RecencyProportionalResolution+target=512,<function upgma at 0x7f36763dfb80>
60,13,13,[12],465.0,4.0,Inner6,463.0,468.0,465.0,differentia=1+policy=RecencyProportionalResolution+target=512,<function upgma at 0x7f36763dfb80>
61,14,14,[13],477.0,12.0,4517,477.0,478.0,477.0,differentia=1+policy=RecencyProportionalResolution+target=512,<function upgma at 0x7f36763dfb80>
62,15,15,[13],489.0,24.0,4626,489.0,490.0,489.0,differentia=1+policy=RecencyProportionalResolution+target=512,<function upgma at 0x7f36763dfb80>
63,16,16,[12],501.0,40.0,4735,501.0,502.0,501.0,differentia=1+policy=RecencyProportionalResolution+target=512,<function upgma at 0x7f36763dfb80>
64,17,17,[1],476.0,387.0,Inner10,474.0,479.0,476.0,differentia=1+policy=RecencyProportionalResolution+target=512,<function upgma at 0x7f36763dfb80>
65,18,18,[17],501.0,25.0,4733,501.0,502.0,501.0,differentia=1+policy=RecencyProportionalResolution+target=512,<function upgma at 0x7f36763dfb80>
66,19,19,[17],501.0,25.0,4737,501.0,502.0,501.0,differentia=1+policy=RecencyProportionalResolution+target=512,<function upgma at 0x7f36763dfb80>
67,20,20,[0],3.0,1.5,Inner22,1.0,6.0,3.0,differentia=1+policy=RecencyProportionalResolution+target=512,<function upgma at 0x7f36763dfb80>
68,21,21,[20],425.0,422.0,Inner16,423.0,428.0,425.0,differentia=1+policy=RecencyProportionalResolution+target=512,<function upgma at 0x7f36763dfb80>
69,22,22,[21],498.0,73.0,4707,498.0,499.0,498.0,differentia=1+policy=RecencyProportionalResolution+target=512,<function upgma at 0x7f36763dfb80>
70,23,23,[21],483.0,58.0,Inner3,481.0,486.0,483.0,differentia=1+policy=RecencyProportionalResolution+target=512,<function upgma at 0x7f36763dfb80>
71,24,24,[23],486.0,3.0,4595,486.0,487.0,486.0,differentia=1+policy=RecencyProportionalResolution+target=512,<function upgma at 0x7f36763dfb80>
72,25,25,[23],501.0,18.0,4738,501.0,502.0,501.0,differentia=1+policy=RecencyProportionalResolution+target=512,<function upgma at 0x7f36763dfb80>
73,26,26,[20],327.0,324.0,Inner20,325.0,330.0,327.0,differentia=1+policy=RecencyProportionalResolution+target=512,<function upgma at 0x7f36763dfb80>
74,27,27,[26],478.0,151.0,Inner9,476.0,481.0,478.0,differentia=1+policy=RecencyProportionalResolution+target=512,<function upgma at 0x7f36763dfb80>
75,28,28,[27],501.0,23.0,4729,501.0,502.0,501.0,differentia=1+policy=RecencyProportionalResolution+target=512,<function upgma at 0x7f36763dfb80>
76,29,29,[27],501.0,23.0,4732,501.0,502.0,501.0,differentia=1+policy=RecencyProportionalResolution+target=512,<function upgma at 0x7f36763dfb80>
77,30,30,[26],387.0,60.0,Inner17,385.0,390.0,387.0,differentia=1+policy=RecencyProportionalResolution+target=512,<function upgma at 0x7f36763dfb80>
78,31,31,[30],501.0,114.0,4730,501.0,502.0,501.0,differentia=1+policy=RecencyProportionalResolution+target=512,<function upgma at 0x7f36763dfb80>
79,32,32,[30],456.0,69.0,Inner14,454.0,459.0,456.0,differentia=1+policy=RecencyProportionalResolution+target=512,<function upgma at 0x7f36763dfb80>
80,33,33,[32],460.0,4.0,Inner12,458.0,463.0,460.0,differentia=1+policy=RecencyProportionalResolution+target=512,<function upgma at 0x7f36763dfb80>
81,34,34,[33],480.0,20.0,Inner7,478.0,483.0,480.0,differentia=1+policy=RecencyProportionalResolution+target=512,<function upgma at 0x7f36763dfb80>
82,35,35,[34],501.0,21.0,4731,501.0,502.0,501.0,differentia=1+policy=RecencyProportionalResolution+target=512,<function upgma at 0x7f36763dfb80>
83,36,36,[34],501.0,21.0,4734,501.0,502.0,501.0,differentia=1+policy=RecencyProportionalResolution+target=512,<function upgma at 0x7f36763dfb80>
84,37,37,[33],476.0,16.0,Inner8,474.0,479.0,476.0,differentia=1+policy=RecencyProportionalResolution+target=512,<function upgma at 0x7f36763dfb80>
85,38,38,[37],497.0,21.0,4690,497.0,498.0,497.0,differentia=1+policy=RecencyProportionalResolution+target=512,<function upgma at 0x7f36763dfb80>
86,39,39,[37],501.0,25.0,4736,501.0,502.0,501.0,differentia=1+policy=RecencyProportionalResolution+target=512,<function upgma at 0x7f36763dfb80>
87,40,40,[32],457.0,1.0,Inner13,455.0,460.0,457.0,differentia=1+policy=RecencyProportionalResolution+target=512,<function upgma at 0x7f36763dfb80>
88,41,41,[40],497.0,40.0,4694,497.0,498.0,497.0,differentia=1+policy=RecencyProportionalResolution+target=512,<function upgma at 0x7f36763dfb80>
89,42,42,[40],486.0,29.0,Inner4,484.0,489.0,486.0,differentia=1+policy=RecencyProportionalResolution+target=512,<function upgma at 0x7f36763dfb80>
90,43,43,[42],489.0,3.0,Inner2,487.0,492.0,489.0,differentia=1+policy=RecencyProportionalResolution+target=512,<function upgma at 0x7f36763dfb80>
91,44,44,[43],498.0,9.0,4701,498.0,499.0,498.0,differentia=1+policy=RecencyProportionalResolution+target=512,<function upgma at 0x7f36763dfb80>
92,45,45,[43],499.0,10.0,4721,499.0,500.0,499.0,differentia=1+policy=RecencyProportionalResolution+target=512,<function upgma at 0x7f36763dfb80>
93,46,46,[42],501.0,15.0,4739,501.0,502.0,501.0,differentia=1+policy=RecencyProportionalResolution+target=512,<function upgma at 0x7f36763dfb80>
94,0,0,[None],63.5,63.5,Inner23,0.0,128.0,63.5,differentia=1+policy=RecencyProportionalResolution+target=64,<function upgma at 0x7f36763dfb80>
95,1,1,[0],474.5,411.0,Inner10,470.0,480.0,474.5,differentia=1+policy=RecencyProportionalResolution+target=64,<function upgma at 0x7f36763dfb80>
96,2,2,[1],501.0,26.5,4733,501.0,502.0,501.0,differentia=1+policy=RecencyProportionalResolution+target=64,<function upgma at 0x7f36763dfb80>
97,3,3,[1],501.0,26.5,4737,501.0,502.0,501.0,differentia=1+policy=RecencyProportionalResolution+target=64,<function upgma at 0x7f36763dfb80>
98,4,4,[0],63.5,0.0,Inner22,0.0,128.0,63.5,differentia=1+policy=RecencyProportionalResolution+target=64,<function upgma at 0x7f36763dfb80>
99,5,5,[4],423.5,360.0,Inner15,408.0,440.0,423.5,differentia=1+policy=RecencyProportionalResolution+target=64,<function upgma at 0x7f36763dfb80>
100,6,6,[5],498.0,74.5,4707,498.0,499.0,498.0,differentia=1+policy=RecencyProportionalResolution+target=64,<function upgma at 0x7f36763dfb80>
101,7,7,[5],476.5,53.0,Inner6,472.0,482.0,476.5,differentia=1+policy=RecencyProportionalResolution+target=64,<function upgma at 0x7f36763dfb80>
102,8,8,[7],486.0,9.5,4595,486.0,487.0,486.0,differentia=1+policy=RecencyProportionalResolution+target=64,<function upgma at 0x7f36763dfb80>
103,9,9,[7],501.0,24.5,4738,501.0,502.0,501.0,differentia=1+policy=RecencyProportionalResolution+target=64,<function upgma at 0x7f36763dfb80>
104,10,10,[4],79.5,16.0,Inner21,0.0,160.0,79.5,differentia=1+policy=RecencyProportionalResolution+target=64,<function upgma at 0x7f36763dfb80>
105,11,11,[10],347.5,268.0,Inner19,320.0,376.0,347.5,differentia=1+policy=RecencyProportionalResolution+target=64,<function upgma at 0x7f36763dfb80>
106,12,12,[11],417.5,70.0,Inner16,400.0,436.0,417.5,differentia=1+policy=RecencyProportionalResolution+target=64,<function upgma at 0x7f36763dfb80>
107,13,13,[12],490.0,72.5,4629,490.0,491.0,490.0,differentia=1+policy=RecencyProportionalResolution+target=64,<function upgma at 0x7f36763dfb80>
108,14,14,[12],499.0,81.5,4720,499.0,500.0,499.0,differentia=1+policy=RecencyProportionalResolution+target=64,<function upgma at 0x7f36763dfb80>
109,15,15,[11],379.5,32.0,Inner17,360.0,400.0,379.5,differentia=1+policy=RecencyProportionalResolution+target=64,<function upgma at 0x7f36763dfb80>
110,16,16,[15],481.0,101.5,Inner4,478.0,485.0,481.0,differentia=1+policy=RecencyProportionalResolution+target=64,<function upgma at 0x7f36763dfb80>
111,17,17,[16],495.0,14.0,4686,495.0,496.0,495.0,differentia=1+policy=RecencyProportionalResolution+target=64,<function upgma at 0x7f36763dfb80>
112,18,18,[16],495.0,14.0,Inner1,493.0,498.0,495.0,differentia=1+policy=RecencyProportionalResolution+target=64,<function upgma at 0x7f36763dfb80>
113,19,19,[18],499.0,4.0,4714,499.0,500.0,499.0,differentia=1+policy=RecencyProportionalResolution+target=64,<function upgma at 0x7f36763dfb80>
114,20,20,[18],500.0,5.0,4728,500.0,501.0,500.0,differentia=1+policy=RecencyProportionalResolution+target=64,<function upgma at 0x7f36763dfb80>
115,21,21,[15],453.5,74.0,Inner11,444.0,464.0,453.5,differentia=1+policy=RecencyProportionalResolution+target=64,<function upgma at 0x7f36763dfb80>
116,22,22,[21],466.5,13.0,Inner5,462.0,472.0,466.5,differentia=1+policy=RecencyProportionalResolution+target=64,<function upgma at 0x7f36763dfb80>
117,23,23,[22],477.0,10.5,4517,477.0,478.0,477.0,differentia=1+policy=RecencyProportionalResolution+target=64,<function upgma at 0x7f36763dfb80>
118,24,24,[22],489.0,22.5,4626,489.0,490.0,489.0,differentia=1+policy=RecencyProportionalResolution+target=64,<function upgma at 0x7f36763dfb80>
119,25,25,[21],501.0,47.5,4735,501.0,502.0,501.0,differentia=1+policy=RecencyProportionalResolution+target=64,<function upgma at 0x7f36763dfb80>
120,26,26,[10],339.5,260.0,Inner20,304.0,376.0,339.5,differentia=1+policy=RecencyProportionalResolution+target=64,<function upgma at 0x7f36763dfb80>
121,27,27,[26],476.5,137.0,Inner9,472.0,482.0,476.5,differentia=1+policy=RecencyProportionalResolution+target=64,<function upgma at 0x7f36763dfb80>
122,28,28,[27],501.0,24.5,4729,501.0,502.0,501.0,differentia=1+policy=RecencyProportionalResolution+target=64,<function upgma at 0x7f36763dfb80>
123,29,29,[27],501.0,24.5,4732,501.0,502.0,501.0,differentia=1+policy=RecencyProportionalResolution+target=64,<function upgma at 0x7f36763dfb80>
124,30,30,[26],363.5,24.0,Inner18,336.0,392.0,363.5,differentia=1+policy=RecencyProportionalResolution+target=64,<function upgma at 0x7f36763dfb80>
125,31,31,[30],501.0,137.5,4730,501.0,502.0,501.0,differentia=1+policy=RecencyProportionalResolution+target=64,<function upgma at 0x7f36763dfb80>
126,32,32,[30],449.5,86.0,Inner14,440.0,460.0,449.5,differentia=1+policy=RecencyProportionalResolution+target=64,<function upgma at 0x7f36763dfb80>
127,33,33,[32],453.5,4.0,Inner12,444.0,464.0,453.5,differentia=1+policy=RecencyProportionalResolution+target=64,<function upgma at 0x7f36763dfb80>
128,34,34,[33],497.0,43.5,4694,497.0,498.0,497.0,differentia=1+policy=RecencyProportionalResolution+target=64,<function upgma at 0x7f36763dfb80>
129,35,35,[33],480.0,26.5,Inner7,476.0,485.0,480.0,differentia=1+policy=RecencyProportionalResolution+target=64,<function upgma at 0x7f36763dfb80>
130,36,36,[35],501.0,21.0,4731,501.0,502.0,501.0,differentia=1+policy=RecencyProportionalResolution+target=64,<function upgma at 0x7f36763dfb80>
131,37,37,[35],501.0,21.0,4734,501.0,502.0,501.0,differentia=1+policy=RecencyProportionalResolution+target=64,<function upgma at 0x7f36763dfb80>
132,38,38,[32],453.5,4.0,Inner13,444.0,464.0,453.5,differentia=1+policy=RecencyProportionalResolution+target=64,<function upgma at 0x7f36763dfb80>
133,39,39,[38],476.5,23.0,Inner8,472.0,482.0,476.5,differentia=1+policy=RecencyProportionalResolution+target=64,<function upgma at 0x7f36763dfb80>
134,40,40,[39],497.0,20.5,4690,497.0,498.0,497.0,differentia=1+policy=RecencyProportionalResolution+target=64,<function upgma at 0x7f36763dfb80>
135,41,41,[39],501.0,24.5,4736,501.0,502.0,501.0,differentia=1+policy=RecencyProportionalResolution+target=64,<function upgma at 0x7f36763dfb80>
136,42,42,[38],488.0,34.5,Inner3,486.0,491.0,488.0,differentia=1+policy=RecencyProportionalResolution+target=64,<function upgma at 0x7f36763dfb80>
137,43,43,[42],489.0,1.0,Inner2,487.0,492.0,489.0,differentia=1+policy=RecencyProportionalResolution+target=64,<function upgma at 0x7f36763dfb80>
138,44,44,[43],498.0,9.0,4701,498.0,499.0,498.0,differentia=1+policy=RecencyProportionalResolution+target=64,<function upgma at 0x7f36763dfb80>
139,45,45,[43],499.0,10.0,4721,499.0,500.0,499.0,differentia=1+policy=RecencyProportionalResolution+target=64,<function upgma at 0x7f36763dfb80>
140,46,46,[42],501.0,13.0,4739,501.0,502.0,501.0,differentia=1+policy=RecencyProportionalResolution+target=64,<function upgma at 0x7f36763dfb80>
141,0,0,[None],1.5,1.5,Inner23,0.0,4.0,1.5,differentia=1+policy=TaperedDepthProportionalResolution+target=4096,<function upgma at 0x7f36763dfb80>
142,1,1,[0],88.0,86.5,Inner21,86.0,91.0,88.0,differentia=1+policy=TaperedDepthProportionalResolution+target=4096,<function upgma at 0x7f36763dfb80>
143,2,2,[1],351.0,263.0,Inner19,349.0,354.0,351.0,differentia=1+policy=TaperedDepthProportionalResolution+target=4096,<function upgma at 0x7f36763dfb80>
144,3,3,[2],428.0,77.0,Inner15,426.0,431.0,428.0,differentia=1+policy=TaperedDepthProportionalResolution+target=4096,<function upgma at 0x7f36763dfb80>
145,4,4,[3],490.0,62.0,4629,490.0,491.0,490.0,differentia=1+policy=TaperedDepthProportionalResolution+target=4096,<function upgma at 0x7f36763dfb80>
146,5,5,[3],499.0,71.0,4720,499.0,500.0,499.0,differentia=1+policy=TaperedDepthProportionalResolution+target=4096,<function upgma at 0x7f36763dfb80>
147,6,6,[2],353.0,2.0,Inner18,351.0,356.0,353.0,differentia=1+policy=TaperedDepthProportionalResolution+target=4096,<function upgma at 0x7f36763dfb80>
148,7,7,[6],482.0,129.0,Inner4,480.0,485.0,482.0,differentia=1+policy=TaperedDepthProportionalResolution+target=4096,<function upgma at 0x7f36763dfb80>
149,8,8,[7],495.0,13.0,4686,495.0,496.0,495.0,differentia=1+policy=TaperedDepthProportionalResolution+target=4096,<function upgma at 0x7f36763dfb80>
150,9,9,[7],496.0,14.0,Inner1,494.0,499.0,496.0,differentia=1+policy=TaperedDepthProportionalResolution+target=4096,<function upgma at 0x7f36763dfb80>
151,10,10,[9],499.0,3.0,4714,499.0,500.0,499.0,differentia=1+policy=TaperedDepthProportionalResolution+target=4096,<function upgma at 0x7f36763dfb80>
152,11,11,[9],500.0,4.0,4728,500.0,501.0,500.0,differentia=1+policy=TaperedDepthProportionalResolution+target=4096,<function upgma at 0x7f36763dfb80>
153,12,12,[6],461.0,108.0,Inner11,459.0,464.0,461.0,differentia=1+policy=TaperedDepthProportionalResolution+target=4096,<function upgma at 0x7f36763dfb80>
154,13,13,[12],462.0,1.0,Inner8,460.0,465.0,462.0,differentia=1+policy=TaperedDepthProportionalResolution+target=4096,<function upgma at 0x7f36763dfb80>
155,14,14,[13],477.0,15.0,4517,477.0,478.0,477.0,differentia=1+policy=TaperedDepthProportionalResolution+target=4096,<function upgma at 0x7f36763dfb80>
156,15,15,[13],489.0,27.0,4626,489.0,490.0,489.0,differentia=1+policy=TaperedDepthProportionalResolution+target=4096,<function upgma at 0x7f36763dfb80>
157,16,16,[12],501.0,40.0,4735,501.0,502.0,501.0,differentia=1+policy=TaperedDepthProportionalResolution+target=4096,<function upgma at 0x7f36763dfb80>
158,17,17,[1],476.0,388.0,Inner10,474.0,479.0,476.0,differentia=1+policy=TaperedDepthProportionalResolution+target=4096,<function upgma at 0x7f36763dfb80>
159,18,18,[17],501.0,25.0,4733,501.0,502.0,501.0,differentia=1+policy=TaperedDepthProportionalResolution+target=4096,<function upgma at 0x7f36763dfb80>
160,19,19,[17],501.0,25.0,4737,501.0,502.0,501.0,differentia=1+policy=TaperedDepthProportionalResolution+target=4096,<function upgma at 0x7f36763dfb80>
161,20,20,[0],3.0,1.5,Inner22,1.0,6.0,3.0,differentia=1+policy=TaperedDepthProportionalResolution+target=4096,<function upgma at 0x7f36763dfb80>
162,21,21,[20],427.0,424.0,Inner16,425.0,430.0,427.0,differentia=1+policy=TaperedDepthProportionalResolution+target=4096,<function upgma at 0x7f36763dfb80>
163,22,22,[21],498.0,71.0,4707,498.0,499.0,498.0,differentia=1+policy=TaperedDepthProportionalResolution+target=4096,<function upgma at 0x7f36763dfb80>
164,23,23,[21],478.0,51.0,Inner5,476.0,481.0,478.0,differentia=1+policy=TaperedDepthProportionalResolution+target=4096,<function upgma at 0x7f36763dfb80>
165,24,24,[23],486.0,8.0,4595,486.0,487.0,486.0,differentia=1+policy=TaperedDepthProportionalResolution+target=4096,<function upgma at 0x7f36763dfb80>
166,25,25,[23],501.0,23.0,4738,501.0,502.0,501.0,differentia=1+policy=TaperedDepthProportionalResolution+target=4096,<function upgma at 0x7f36763dfb80>
167,26,26,[20],329.0,326.0,Inner20,327.0,332.0,329.0,differentia=1+policy=TaperedDepthProportionalResolution+target=4096,<function upgma at 0x7f36763dfb80>
168,27,27,[26],478.0,149.0,Inner9,476.0,481.0,478.0,differentia=1+policy=TaperedDepthProportionalResolution+target=4096,<function upgma at 0x7f36763dfb80>
169,28,28,[27],501.0,23.0,4729,501.0,502.0,501.0,differentia=1+policy=TaperedDepthProportionalResolution+target=4096,<function upgma at 0x7f36763dfb80>
170,29,29,[27],501.0,23.0,4732,501.0,502.0,501.0,differentia=1+policy=TaperedDepthProportionalResolution+target=4096,<function upgma at 0x7f36763dfb80>
171,30,30,[26],387.0,58.0,Inner17,385.0,390.0,387.0,differentia=1+policy=TaperedDepthProportionalResolution+target=4096,<function upgma at 0x7f36763dfb80>
172,31,31,[30],501.0,114.0,4730,501.0,502.0,501.0,differentia=1+policy=TaperedDepthProportionalResolution+target=4096,<function upgma at 0x7f36763dfb80>
173,32,32,[30],454.0,67.0,Inner14,452.0,457.0,454.0,differentia=1+policy=TaperedDepthProportionalResolution+target=4096,<function upgma at 0x7f36763dfb80>
174,33,33,[32],480.0,26.0,Inner7,478.0,483.0,480.0,differentia=1+policy=TaperedDepthProportionalResolution+target=4096,<function upgma at 0x7f36763dfb80>
175,34,34,[33],501.0,21.0,4731,501.0,502.0,501.0,differentia=1+policy=TaperedDepthProportionalResolution+target=4096,<function upgma at 0x7f36763dfb80>
176,35,35,[33],501.0,21.0,4734,501.0,502.0,501.0,differentia=1+policy=TaperedDepthProportionalResolution+target=4096,<function upgma at 0x7f36763dfb80>
177,36,36,[32],454.0,0.0,Inner13,452.0,457.0,454.0,differentia=1+policy=TaperedDepthProportionalResolution+target=4096,<function upgma at 0x7f36763dfb80>
178,37,37,[36],479.0,25.0,Inner6,477.0,482.0,479.0,differentia=1+policy=TaperedDepthProportionalResolution+target=4096,<function upgma at 0x7f36763dfb80>
179,38,38,[37],497.0,18.0,4690,497.0,498.0,497.0,differentia=1+policy=TaperedDepthProportionalResolution+target=4096,<function upgma at 0x7f36763dfb80>
180,39,39,[37],501.0,22.0,4736,501.0,502.0,501.0,differentia=1+policy=TaperedDepthProportionalResolution+target=4096,<function upgma at 0x7f36763dfb80>
181,40,40,[36],458.0,4.0,Inner12,456.0,461.0,458.0,differentia=1+policy=TaperedDepthProportionalResolution+target=4096,<function upgma at 0x7f36763dfb80>
182,41,41,[40],497.0,39.0,4694,497.0,498.0,497.0,differentia=1+policy=TaperedDepthProportionalResolution+target=4096,<function upgma at 0x7f36763dfb80>
183,42,42,[40],485.0,27.0,Inner3,483.0,488.0,485.0,differentia=1+policy=TaperedDepthProportionalResolution+target=4096,<function upgma at 0x7f36763dfb80>
184,43,43,[42],493.0,8.0,Inner2,491.0,496.0,493.0,differentia=1+policy=TaperedDepthProportionalResolution+target=4096,<function upgma at 0x7f36763dfb80>
185,44,44,[43],498.0,5.0,4701,498.0,499.0,498.0,differentia=1+policy=TaperedDepthProportionalResolution+target=4096,<function upgma at 0x7f36763dfb80>
186,45,45,[43],499.0,6.0,4721,499.0,500.0,499.0,differentia=1+policy=TaperedDepthProportionalResolution+target=4096,<function upgma at 0x7f36763dfb80>
187,46,46,[42],501.0,16.0,4739,501.0,502.0,501.0,differentia=1+policy=TaperedDepthProportionalResolution+target=4096,<function upgma at 0x7f36763dfb80>
188,0,0,[None],1.5,1.5,Inner23,0.0,4.0,1.5,differentia=1+policy=TaperedDepthProportionalResolution+target=512,<function upgma at 0x7f36763dfb80>
189,1,1,[0],92.0,90.5,Inner21,90.0,95.0,92.0,differentia=1+policy=TaperedDepthProportionalResolution+target=512,<function upgma at 0x7f36763dfb80>
190,2,2,[1],351.0,259.0,Inner19,349.0,354.0,351.0,differentia=1+policy=TaperedDepthProportionalResolution+target=512,<function upgma at 0x7f36763dfb80>
191,3,3,[2],429.0,78.0,Inner15,427.0,432.0,429.0,differentia=1+policy=TaperedDepthProportionalResolution+target=512,<function upgma at 0x7f36763dfb80>
192,4,4,[3],490.0,61.0,4629,490.0,491.0,490.0,differentia=1+policy=TaperedDepthProportionalResolution+target=512,<function upgma at 0x7f36763dfb80>
193,5,5,[3],499.0,70.0,4720,499.0,500.0,499.0,differentia=1+policy=TaperedDepthProportionalResolution+target=512,<function upgma at 0x7f36763dfb80>
194,6,6,[2],353.0,2.0,Inner18,351.0,356.0,353.0,differentia=1+policy=TaperedDepthProportionalResolution+target=512,<function upgma at 0x7f36763dfb80>
195,7,7,[6],482.0,129.0,Inner4,480.0,485.0,482.0,differentia=1+policy=TaperedDepthProportionalResolution+target=512,<function upgma at 0x7f36763dfb80>
196,8,8,[7],495.0,13.0,4686,495.0,496.0,495.0,differentia=1+policy=TaperedDepthProportionalResolution+target=512,<function upgma at 0x7f36763dfb80>
197,9,9,[7],495.0,13.0,Inner1,493.0,498.0,495.0,differentia=1+policy=TaperedDepthProportionalResolution+target=512,<function upgma at 0x7f36763dfb80>
198,10,10,[9],499.0,4.0,4714,499.0,500.0,499.0,differentia=1+policy=TaperedDepthProportionalResolution+target=512,<function upgma at 0x7f36763dfb80>
199,11,11,[9],500.0,5.0,4728,500.0,501.0,500.0,differentia=1+policy=TaperedDepthProportionalResolution+target=512,<function upgma at 0x7f36763dfb80>
200,12,12,[6],461.0,108.0,Inner11,459.0,464.0,461.0,differentia=1+policy=TaperedDepthProportionalResolution+target=512,<function upgma at 0x7f36763dfb80>
201,13,13,[12],462.0,1.0,Inner7,460.0,465.0,462.0,differentia=1+policy=TaperedDepthProportionalResolution+target=512,<function upgma at 0x7f36763dfb80>
202,14,14,[13],477.0,15.0,4517,477.0,478.0,477.0,differentia=1+policy=TaperedDepthProportionalResolution+target=512,<function upgma at 0x7f36763dfb80>
203,15,15,[13],489.0,27.0,4626,489.0,490.0,489.0,differentia=1+policy=TaperedDepthProportionalResolution+target=512,<function upgma at 0x7f36763dfb80>
204,16,16,[12],501.0,40.0,4735,501.0,502.0,501.0,differentia=1+policy=TaperedDepthProportionalResolution+target=512,<function upgma at 0x7f36763dfb80>
205,17,17,[1],476.0,384.0,Inner10,474.0,479.0,476.0,differentia=1+policy=TaperedDepthProportionalResolution+target=512,<function upgma at 0x7f36763dfb80>
206,18,18,[17],501.0,25.0,4733,501.0,502.0,501.0,differentia=1+policy=TaperedDepthProportionalResolution+target=512,<function upgma at 0x7f36763dfb80>
207,19,19,[17],501.0,25.0,4737,501.0,502.0,501.0,differentia=1+policy=TaperedDepthProportionalResolution+target=512,<function upgma at 0x7f36763dfb80>
208,20,20,[0],3.0,1.5,Inner22,1.0,6.0,3.0,differentia=1+policy=TaperedDepthProportionalResolution+target=512,<function upgma at 0x7f36763dfb80>
209,21,21,[20],422.0,419.0,Inner16,420.0,425.0,422.0,differentia=1+policy=TaperedDepthProportionalResolution+target=512,<function upgma at 0x7f36763dfb80>
210,22,22,[21],498.0,76.0,4707,498.0,499.0,498.0,differentia=1+policy=TaperedDepthProportionalResolution+target=512,<function upgma at 0x7f36763dfb80>
211,23,23,[21],478.0,56.0,Inner5,476.0,481.0,478.0,differentia=1+policy=TaperedDepthProportionalResolution+target=512,<function upgma at 0x7f36763dfb80>
212,24,24,[23],486.0,8.0,4595,486.0,487.0,486.0,differentia=1+policy=TaperedDepthProportionalResolution+target=512,<function upgma at 0x7f36763dfb80>
213,25,25,[23],501.0,23.0,4738,501.0,502.0,501.0,differentia=1+policy=TaperedDepthProportionalResolution+target=512,<function upgma at 0x7f36763dfb80>
214,26,26,[20],327.0,324.0,Inner20,325.0,330.0,327.0,differentia=1+policy=TaperedDepthProportionalResolution+target=512,<function upgma at 0x7f36763dfb80>
215,27,27,[26],477.0,150.0,Inner9,475.0,480.0,477.0,differentia=1+policy=TaperedDepthProportionalResolution+target=512,<function upgma at 0x7f36763dfb80>
216,28,28,[27],501.0,24.0,4729,501.0,502.0,501.0,differentia=1+policy=TaperedDepthProportionalResolution+target=512,<function upgma at 0x7f36763dfb80>
217,29,29,[27],501.0,24.0,4732,501.0,502.0,501.0,differentia=1+policy=TaperedDepthProportionalResolution+target=512,<function upgma at 0x7f36763dfb80>
218,30,30,[26],388.0,61.0,Inner17,386.0,391.0,388.0,differentia=1+policy=TaperedDepthProportionalResolution+target=512,<function upgma at 0x7f36763dfb80>
219,31,31,[30],501.0,113.0,4730,501.0,502.0,501.0,differentia=1+policy=TaperedDepthProportionalResolution+target=512,<function upgma at 0x7f36763dfb80>
220,32,32,[30],454.0,66.0,Inner14,452.0,457.0,454.0,differentia=1+policy=TaperedDepthProportionalResolution+target=512,<function upgma at 0x7f36763dfb80>
221,33,33,[32],480.0,26.0,Inner6,478.0,483.0,480.0,differentia=1+policy=TaperedDepthProportionalResolution+target=512,<function upgma at 0x7f36763dfb80>
222,34,34,[33],501.0,21.0,4731,501.0,502.0,501.0,differentia=1+policy=TaperedDepthProportionalResolution+target=512,<function upgma at 0x7f36763dfb80>
223,35,35,[33],501.0,21.0,4734,501.0,502.0,501.0,differentia=1+policy=TaperedDepthProportionalResolution+target=512,<function upgma at 0x7f36763dfb80>
224,36,36,[32],454.0,0.0,Inner13,452.0,457.0,454.0,differentia=1+policy=TaperedDepthProportionalResolution+target=512,<function upgma at 0x7f36763dfb80>
225,37,37,[36],477.0,23.0,Inner8,475.0,480.0,477.0,differentia=1+policy=TaperedDepthProportionalResolution+target=512,<function upgma at 0x7f36763dfb80>
226,38,38,[37],497.0,20.0,4690,497.0,498.0,497.0,differentia=1+policy=TaperedDepthProportionalResolution+target=512,<function upgma at 0x7f36763dfb80>
227,39,39,[37],501.0,24.0,4736,501.0,502.0,501.0,differentia=1+policy=TaperedDepthProportionalResolution+target=512,<function upgma at 0x7f36763dfb80>
228,40,40,[36],456.0,2.0,Inner12,454.0,459.0,456.0,differentia=1+policy=TaperedDepthProportionalResolution+target=512,<function upgma at 0x7f36763dfb80>
229,41,41,[40],497.0,41.0,4694,497.0,498.0,497.0,differentia=1+policy=TaperedDepthProportionalResolution+target=512,<function upgma at 0x7f36763dfb80>
230,42,42,[40],485.0,29.0,Inner3,483.0,488.0,485.0,differentia=1+policy=TaperedDepthProportionalResolution+target=512,<function upgma at 0x7f36763dfb80>
231,43,43,[42],490.0,5.0,Inner2,488.0,493.0,490.0,differentia=1+policy=TaperedDepthProportionalResolution+target=512,<function upgma at 0x7f36763dfb80>
232,44,44,[43],498.0,8.0,4701,498.0,499.0,498.0,differentia=1+policy=TaperedDepthProportionalResolution+target=512,<function upgma at 0x7f36763dfb80>
233,45,45,[43],499.0,9.0,4721,499.0,500.0,499.0,differentia=1+policy=TaperedDepthProportionalResolution+target=512,<function upgma at 0x7f36763dfb80>
234,46,46,[42],501.0,16.0,4739,501.0,502.0,501.0,differentia=1+policy=TaperedDepthProportionalResolution+target=512,<function upgma at 0x7f36763dfb80>
235,0,0,[None],15.5,15.5,Inner22,0.0,32.0,15.5,differentia=1+policy=TaperedDepthProportionalResolution+target=64,<function upgma at 0x7f36763dfb80>
236,1,1,[0],75.5,60.0,Inner21,56.0,96.0,75.5,differentia=1+policy=TaperedDepthProportionalResolution+target=64,<function upgma at 0x7f36763dfb80>
237,2,2,[1],339.5,264.0,Inner19,320.0,360.0,339.5,differentia=1+policy=TaperedDepthProportionalResolution+target=64,<function upgma at 0x7f36763dfb80>
238,3,3,[2],451.5,112.0,Inner13,432.0,472.0,451.5,differentia=1+policy=TaperedDepthProportionalResolution+target=64,<function upgma at 0x7f36763dfb80>
239,4,4,[3],490.0,38.5,4629,490.0,491.0,490.0,differentia=1+policy=TaperedDepthProportionalResolution+target=64,<function upgma at 0x7f36763dfb80>
240,5,5,[3],499.0,47.5,4720,499.0,500.0,499.0,differentia=1+policy=TaperedDepthProportionalResolution+target=64,<function upgma at 0x7f36763dfb80>
241,6,6,[2],347.5,8.0,Inner18,328.0,368.0,347.5,differentia=1+policy=TaperedDepthProportionalResolution+target=64,<function upgma at 0x7f36763dfb80>
242,7,7,[6],475.0,127.5,Inner4,456.0,495.0,475.0,differentia=1+policy=TaperedDepthProportionalResolution+target=64,<function upgma at 0x7f36763dfb80>
243,8,8,[7],495.0,20.0,4686,495.0,496.0,495.0,differentia=1+policy=TaperedDepthProportionalResolution+target=64,<function upgma at 0x7f36763dfb80>
244,9,9,[7],481.0,6.0,Inner2,464.0,499.0,481.0,differentia=1+policy=TaperedDepthProportionalResolution+target=64,<function upgma at 0x7f36763dfb80>
245,10,10,[9],499.0,18.0,4714,499.0,500.0,499.0,differentia=1+policy=TaperedDepthProportionalResolution+target=64,<function upgma at 0x7f36763dfb80>
246,11,11,[9],500.0,19.0,4728,500.0,501.0,500.0,differentia=1+policy=TaperedDepthProportionalResolution+target=64,<function upgma at 0x7f36763dfb80>
247,12,12,[6],451.5,104.0,Inner11,432.0,472.0,451.5,differentia=1+policy=TaperedDepthProportionalResolution+target=64,<function upgma at 0x7f36763dfb80>
248,13,13,[12],458.0,6.5,Inner5,440.0,477.0,458.0,differentia=1+policy=TaperedDepthProportionalResolution+target=64,<function upgma at 0x7f36763dfb80>
249,14,14,[13],477.0,19.0,4517,477.0,478.0,477.0,differentia=1+policy=TaperedDepthProportionalResolution+target=64,<function upgma at 0x7f36763dfb80>
250,15,15,[13],489.0,31.0,4626,489.0,490.0,489.0,differentia=1+policy=TaperedDepthProportionalResolution+target=64,<function upgma at 0x7f36763dfb80>
251,16,16,[12],501.0,49.5,4735,501.0,502.0,501.0,differentia=1+policy=TaperedDepthProportionalResolution+target=64,<function upgma at 0x7f36763dfb80>
252,17,17,[1],459.5,384.0,Inner12,440.0,480.0,459.5,differentia=1+policy=TaperedDepthProportionalResolution+target=64,<function upgma at 0x7f36763dfb80>
253,18,18,[17],501.0,41.5,4733,501.0,502.0,501.0,differentia=1+policy=TaperedDepthProportionalResolution+target=64,<function upgma at 0x7f36763dfb80>
254,19,19,[17],501.0,41.5,4737,501.0,502.0,501.0,differentia=1+policy=TaperedDepthProportionalResolution+target=64,<function upgma at 0x7f36763dfb80>
255,20,20,[0],419.5,404.0,Inner16,400.0,440.0,419.5,differentia=1+policy=TaperedDepthProportionalResolution+target=64,<function upgma at 0x7f36763dfb80>
256,21,21,[20],498.0,78.5,4707,498.0,499.0,498.0,differentia=1+policy=TaperedDepthProportionalResolution+target=64,<function upgma at 0x7f36763dfb80>
257,22,22,[20],466.5,47.0,Inner8,448.0,486.0,466.5,differentia=1+policy=TaperedDepthProportionalResolution+target=64,<function upgma at 0x7f36763dfb80>
258,23,23,[22],486.0,19.5,4595,486.0,487.0,486.0,differentia=1+policy=TaperedDepthProportionalResolution+target=64,<function upgma at 0x7f36763dfb80>
259,24,24,[22],501.0,34.5,4738,501.0,502.0,501.0,differentia=1+policy=TaperedDepthProportionalResolution+target=64,<function upgma at 0x7f36763dfb80>
260,25,25,[0],339.5,324.0,Inner20,320.0,360.0,339.5,differentia=1+policy=TaperedDepthProportionalResolution+target=64,<function upgma at 0x7f36763dfb80>
261,26,26,[25],475.5,136.0,Inner7,456.0,496.0,475.5,differentia=1+policy=TaperedDepthProportionalResolution+target=64,<function upgma at 0x7f36763dfb80>
262,27,27,[26],501.0,25.5,4729,501.0,502.0,501.0,differentia=1+policy=TaperedDepthProportionalResolution+target=64,<function upgma at 0x7f36763dfb80>
263,28,28,[26],501.0,25.5,4732,501.0,502.0,501.0,differentia=1+policy=TaperedDepthProportionalResolution+target=64,<function upgma at 0x7f36763dfb80>
264,29,29,[25],379.5,40.0,Inner17,360.0,400.0,379.5,differentia=1+policy=TaperedDepthProportionalResolution+target=64,<function upgma at 0x7f36763dfb80>
265,30,30,[29],501.0,121.5,4730,501.0,502.0,501.0,differentia=1+policy=TaperedDepthProportionalResolution+target=64,<function upgma at 0x7f36763dfb80>
266,31,31,[29],443.5,64.0,Inner15,424.0,464.0,443.5,differentia=1+policy=TaperedDepthProportionalResolution+target=64,<function upgma at 0x7f36763dfb80>
267,32,32,[31],475.5,32.0,Inner6,456.0,496.0,475.5,differentia=1+policy=TaperedDepthProportionalResolution+target=64,<function upgma at 0x7f36763dfb80>
268,33,33,[32],501.0,25.5,4731,501.0,502.0,501.0,differentia=1+policy=TaperedDepthProportionalResolution+target=64,<function upgma at 0x7f36763dfb80>
269,34,34,[32],501.0,25.5,4734,501.0,502.0,501.0,differentia=1+policy=TaperedDepthProportionalResolution+target=64,<function upgma at 0x7f36763dfb80>
270,35,35,[31],451.5,8.0,Inner14,432.0,472.0,451.5,differentia=1+policy=TaperedDepthProportionalResolution+target=64,<function upgma at 0x7f36763dfb80>
271,36,36,[35],497.0,45.5,4694,497.0,498.0,497.0,differentia=1+policy=TaperedDepthProportionalResolution+target=64,<function upgma at 0x7f36763dfb80>
272,37,37,[35],459.5,8.0,Inner10,440.0,480.0,459.5,differentia=1+policy=TaperedDepthProportionalResolution+target=64,<function upgma at 0x7f36763dfb80>
273,38,38,[37],497.0,37.5,4690,497.0,498.0,497.0,differentia=1+policy=TaperedDepthProportionalResolution+target=64,<function upgma at 0x7f36763dfb80>
274,39,39,[37],467.5,8.0,Inner9,448.0,488.0,467.5,differentia=1+policy=TaperedDepthProportionalResolution+target=64,<function upgma at 0x7f36763dfb80>
275,40,40,[39],480.5,13.0,Inner3,464.0,498.0,480.5,differentia=1+policy=TaperedDepthProportionalResolution+target=64,<function upgma at 0x7f36763dfb80>
276,41,41,[40],480.5,0.0,Inner1,464.0,498.0,480.5,differentia=1+policy=TaperedDepthProportionalResolution+target=64,<function upgma at 0x7f36763dfb80>
277,42,42,[41],498.0,17.5,4701,498.0,499.0,498.0,differentia=1+policy=TaperedDepthProportionalResolution+target=64,<function upgma at 0x7f36763dfb80>
278,43,43,[41],499.0,18.5,4721,499.0,500.0,499.0,differentia=1+policy=TaperedDepthProportionalResolution+target=64,<function upgma at 0x7f36763dfb80>
279,44,44,[40],501.0,20.5,4736,501.0,502.0,501.0,differentia=1+policy=TaperedDepthProportionalResolution+target=64,<function upgma at 0x7f36763dfb80>
280,45,45,[39],501.0,33.5,4739,501.0,502.0,501.0,differentia=1+policy=TaperedDepthProportionalResolution+target=64,<function upgma at 0x7f36763dfb80>
281,0,0,[None],15.5,15.5,Inner23,0.0,32.0,15.5,differentia=64+policy=RecencyProportionalResolution+target=4096,<function upgma at 0x7f36763dfb80>
282,1,1,[0],15.5,0.0,Inner22,0.0,32.0,15.5,differentia=64+policy=RecencyProportionalResolution+target=4096,<function upgma at 0x7f36763dfb80>
283,2,2,[1],79.5,64.0,Inner21,64.0,96.0,79.5,differentia=64+policy=RecencyProportionalResolution+target=4096,<function upgma at 0x7f36763dfb80>
284,3,3,[2],355.5,276.0,Inner19,352.0,360.0,355.5,differentia=64+policy=RecencyProportionalResolution+target=4096,<function upgma at 0x7f36763dfb80>
285,4,4,[3],484.0,128.5,Inner5,484.0,485.0,484.0,differentia=64+policy=RecencyProportionalResolution+target=4096,<function upgma at 0x7f36763dfb80>
286,5,5,[4],495.0,11.0,4686,495.0,496.0,495.0,differentia=64+policy=RecencyProportionalResolution+target=4096,<function upgma at 0x7f36763dfb80>
287,6,6,[4],497.0,13.0,Inner1,497.0,498.0,497.0,differentia=64+policy=RecencyProportionalResolution+target=4096,<function upgma at 0x7f36763dfb80>
288,7,7,[6],499.0,2.0,4714,499.0,500.0,499.0,differentia=64+policy=RecencyProportionalResolution+target=4096,<function upgma at 0x7f36763dfb80>
289,8,8,[6],500.0,3.0,4728,500.0,501.0,500.0,differentia=64+policy=RecencyProportionalResolution+target=4096,<function upgma at 0x7f36763dfb80>
290,9,9,[3],355.5,0.0,Inner18,352.0,360.0,355.5,differentia=64+policy=RecencyProportionalResolution+target=4096,<function upgma at 0x7f36763dfb80>
291,10,10,[9],427.5,72.0,Inner15,424.0,432.0,427.5,differentia=64+policy=RecencyProportionalResolution+target=4096,<function upgma at 0x7f36763dfb80>
292,11,11,[10],490.0,62.5,4629,490.0,491.0,490.0,differentia=64+policy=RecencyProportionalResolution+target=4096,<function upgma at 0x7f36763dfb80>
293,12,12,[10],499.0,71.5,4720,499.0,500.0,499.0,differentia=64+policy=RecencyProportionalResolution+target=4096,<function upgma at 0x7f36763dfb80>
294,13,13,[9],461.5,106.0,Inner11,460.0,464.0,461.5,differentia=64+policy=RecencyProportionalResolution+target=4096,<function upgma at 0x7f36763dfb80>
295,14,14,[13],462.5,1.0,Inner8,462.0,464.0,462.5,differentia=64+policy=RecencyProportionalResolution+target=4096,<function upgma at 0x7f36763dfb80>
296,15,15,[14],477.0,14.5,4517,477.0,478.0,477.0,differentia=64+policy=RecencyProportionalResolution+target=4096,<function upgma at 0x7f36763dfb80>
297,16,16,[14],489.0,26.5,4626,489.0,490.0,489.0,differentia=64+policy=RecencyProportionalResolution+target=4096,<function upgma at 0x7f36763dfb80>
298,17,17,[13],501.0,39.5,4735,501.0,502.0,501.0,differentia=64+policy=RecencyProportionalResolution+target=4096,<function upgma at 0x7f36763dfb80>
299,18,18,[2],476.5,397.0,Inner10,476.0,478.0,476.5,differentia=64+policy=RecencyProportionalResolution+target=4096,<function upgma at 0x7f36763dfb80>
300,19,19,[18],501.0,24.5,4733,501.0,502.0,501.0,differentia=64+policy=RecencyProportionalResolution+target=4096,<function upgma at 0x7f36763dfb80>
301,20,20,[18],501.0,24.5,4737,501.0,502.0,501.0,differentia=64+policy=RecencyProportionalResolution+target=4096,<function upgma at 0x7f36763dfb80>
302,21,21,[1],427.5,412.0,Inner16,424.0,432.0,427.5,differentia=64+policy=RecencyProportionalResolution+target=4096,<function upgma at 0x7f36763dfb80>
303,22,22,[21],498.0,70.5,4707,498.0,499.0,498.0,differentia=64+policy=RecencyProportionalResolution+target=4096,<function upgma at 0x7f36763dfb80>
304,23,23,[21],480.5,53.0,Inner4,480.0,482.0,480.5,differentia=64+policy=RecencyProportionalResolution+target=4096,<function upgma at 0x7f36763dfb80>
305,24,24,[23],486.0,5.5,4595,486.0,487.0,486.0,differentia=64+policy=RecencyProportionalResolution+target=4096,<function upgma at 0x7f36763dfb80>
306,25,25,[23],501.0,20.5,4738,501.0,502.0,501.0,differentia=64+policy=RecencyProportionalResolution+target=4096,<function upgma at 0x7f36763dfb80>
307,26,26,[0],327.5,312.0,Inner20,320.0,336.0,327.5,differentia=64+policy=RecencyProportionalResolution+target=4096,<function upgma at 0x7f36763dfb80>
308,27,27,[26],478.5,151.0,Inner9,478.0,480.0,478.5,differentia=64+policy=RecencyProportionalResolution+target=4096,<function upgma at 0x7f36763dfb80>
309,28,28,[27],501.0,22.5,4729,501.0,502.0,501.0,differentia=64+policy=RecencyProportionalResolution+target=4096,<function upgma at 0x7f36763dfb80>
310,29,29,[27],501.0,22.5,4732,501.0,502.0,501.0,differentia=64+policy=RecencyProportionalResolution+target=4096,<function upgma at 0x7f36763dfb80>
311,30,30,[26],387.5,60.0,Inner17,384.0,392.0,387.5,differentia=64+policy=RecencyProportionalResolution+target=4096,<function upgma at 0x7f36763dfb80>
312,31,31,[30],501.0,113.5,4730,501.0,502.0,501.0,differentia=64+policy=RecencyProportionalResolution+target=4096,<function upgma at 0x7f36763dfb80>
313,32,32,[30],457.5,70.0,Inner14,456.0,460.0,457.5,differentia=64+policy=RecencyProportionalResolution+target=4096,<function upgma at 0x7f36763dfb80>
314,33,33,[32],482.5,25.0,Inner6,482.0,484.0,482.5,differentia=64+policy=RecencyProportionalResolution+target=4096,<function upgma at 0x7f36763dfb80>
315,34,34,[33],501.0,18.5,4731,501.0,502.0,501.0,differentia=64+policy=RecencyProportionalResolution+target=4096,<function upgma at 0x7f36763dfb80>
316,35,35,[33],501.0,18.5,4734,501.0,502.0,501.0,differentia=64+policy=RecencyProportionalResolution+target=4096,<function upgma at 0x7f36763dfb80>
317,36,36,[32],457.5,0.0,Inner13,456.0,460.0,457.5,differentia=64+policy=RecencyProportionalResolution+target=4096,<function upgma at 0x7f36763dfb80>
318,37,37,[36],457.5,0.0,Inner12,456.0,460.0,457.5,differentia=64+policy=RecencyProportionalResolution+target=4096,<function upgma at 0x7f36763dfb80>
319,38,38,[37],497.0,39.5,4694,497.0,498.0,497.0,differentia=64+policy=RecencyProportionalResolution+target=4096,<function upgma at 0x7f36763dfb80>
320,39,39,[37],478.5,21.0,Inner7,478.0,480.0,478.5,differentia=64+policy=RecencyProportionalResolution+target=4096,<function upgma at 0x7f36763dfb80>
321,40,40,[39],497.0,18.5,4690,497.0,498.0,497.0,differentia=64+policy=RecencyProportionalResolution+target=4096,<function upgma at 0x7f36763dfb80>
322,41,41,[39],501.0,22.5,4736,501.0,502.0,501.0,differentia=64+policy=RecencyProportionalResolution+target=4096,<function upgma at 0x7f36763dfb80>
323,42,42,[36],487.0,29.5,Inner3,487.0,488.0,487.0,differentia=64+policy=RecencyProportionalResolution+target=4096,<function upgma at 0x7f36763dfb80>
324,43,43,[42],491.0,4.0,Inner2,491.0,492.0,491.0,differentia=64+policy=RecencyProportionalResolution+target=4096,<function upgma at 0x7f36763dfb80>
325,44,44,[43],498.0,7.0,4701,498.0,499.0,498.0,differentia=64+policy=RecencyProportionalResolution+target=4096,<function upgma at 0x7f36763dfb80>
326,45,45,[43],499.0,8.0,4721,499.0,500.0,499.0,differentia=64+policy=RecencyProportionalResolution+target=4096,<function upgma at 0x7f36763dfb80>
327,46,46,[42],501.0,14.0,4739,501.0,502.0,501.0,differentia=64+policy=RecencyProportionalResolution+target=4096,<function upgma at 0x7f36763dfb80>
328,0,0,[None],127.5,127.5,Inner23,0.0,256.0,127.5,differentia=64+policy=RecencyProportionalResolution+target=512,<function upgma at 0x7f36763dfb80>
329,1,1,[0],463.5,336.0,Inner14,448.0,480.0,463.5,differentia=64+policy=RecencyProportionalResolution+target=512,<function upgma at 0x7f36763dfb80>
330,2,2,[1],501.0,37.5,4733,501.0,502.0,501.0,differentia=64+policy=RecencyProportionalResolution+target=512,<function upgma at 0x7f36763dfb80>
331,3,3,[1],501.0,37.5,4737,501.0,502.0,501.0,differentia=64+policy=RecencyProportionalResolution+target=512,<function upgma at 0x7f36763dfb80>
332,4,4,[0],127.5,0.0,Inner22,0.0,256.0,127.5,differentia=64+policy=RecencyProportionalResolution+target=512,<function upgma at 0x7f36763dfb80>
333,5,5,[4],127.5,0.0,Inner21,0.0,256.0,127.5,differentia=64+policy=RecencyProportionalResolution+target=512,<function upgma at 0x7f36763dfb80>
334,6,6,[5],319.5,192.0,Inner19,256.0,384.0,319.5,differentia=64+policy=RecencyProportionalResolution+target=512,<function upgma at 0x7f36763dfb80>
335,7,7,[6],487.0,167.5,Inner2,480.0,495.0,487.0,differentia=64+policy=RecencyProportionalResolution+target=512,<function upgma at 0x7f36763dfb80>
336,8,8,[7],495.0,8.0,4686,495.0,496.0,495.0,differentia=64+policy=RecencyProportionalResolution+target=512,<function upgma at 0x7f36763dfb80>
337,9,9,[7],496.5,9.5,Inner1,496.0,498.0,496.5,differentia=64+policy=RecencyProportionalResolution+target=512,<function upgma at 0x7f36763dfb80>
338,10,10,[9],499.0,2.5,4714,499.0,500.0,499.0,differentia=64+policy=RecencyProportionalResolution+target=512,<function upgma at 0x7f36763dfb80>
339,11,11,[9],500.0,3.5,4728,500.0,501.0,500.0,differentia=64+policy=RecencyProportionalResolution+target=512,<function upgma at 0x7f36763dfb80>
340,12,12,[6],319.5,0.0,Inner18,256.0,384.0,319.5,differentia=64+policy=RecencyProportionalResolution+target=512,<function upgma at 0x7f36763dfb80>
341,13,13,[12],415.5,96.0,Inner15,384.0,448.0,415.5,differentia=64+policy=RecencyProportionalResolution+target=512,<function upgma at 0x7f36763dfb80>
342,14,14,[13],490.0,74.5,4629,490.0,491.0,490.0,differentia=64+policy=RecencyProportionalResolution+target=512,<function upgma at 0x7f36763dfb80>
343,15,15,[13],499.0,83.5,4720,499.0,500.0,499.0,differentia=64+policy=RecencyProportionalResolution+target=512,<function upgma at 0x7f36763dfb80>
344,16,16,[12],462.0,142.5,Inner8,448.0,477.0,462.0,differentia=64+policy=RecencyProportionalResolution+target=512,<function upgma at 0x7f36763dfb80>
345,17,17,[16],462.0,0.0,Inner7,448.0,477.0,462.0,differentia=64+policy=RecencyProportionalResolution+target=512,<function upgma at 0x7f36763dfb80>
346,18,18,[17],477.0,15.0,4517,477.0,478.0,477.0,differentia=64+policy=RecencyProportionalResolution+target=512,<function upgma at 0x7f36763dfb80>
347,19,19,[17],489.0,27.0,4626,489.0,490.0,489.0,differentia=64+policy=RecencyProportionalResolution+target=512,<function upgma at 0x7f36763dfb80>
348,20,20,[16],501.0,39.0,4735,501.0,502.0,501.0,differentia=64+policy=RecencyProportionalResolution+target=512,<function upgma at 0x7f36763dfb80>
349,21,21,[5],415.5,288.0,Inner16,384.0,448.0,415.5,differentia=64+policy=RecencyProportionalResolution+target=512,<function upgma at 0x7f36763dfb80>
350,22,22,[21],498.0,82.5,4707,498.0,499.0,498.0,differentia=64+policy=RecencyProportionalResolution+target=512,<function upgma at 0x7f36763dfb80>
351,23,23,[21],482.5,67.0,Inner3,480.0,486.0,482.5,differentia=64+policy=RecencyProportionalResolution+target=512,<function upgma at 0x7f36763dfb80>
352,24,24,[23],486.0,3.5,4595,486.0,487.0,486.0,differentia=64+policy=RecencyProportionalResolution+target=512,<function upgma at 0x7f36763dfb80>
353,25,25,[23],501.0,18.5,4738,501.0,502.0,501.0,differentia=64+policy=RecencyProportionalResolution+target=512,<function upgma at 0x7f36763dfb80>
354,26,26,[4],319.5,192.0,Inner20,256.0,384.0,319.5,differentia=64+policy=RecencyProportionalResolution+target=512,<function upgma at 0x7f36763dfb80>
355,27,27,[26],463.5,144.0,Inner13,448.0,480.0,463.5,differentia=64+policy=RecencyProportionalResolution+target=512,<function upgma at 0x7f36763dfb80>
356,28,28,[27],501.0,37.5,4729,501.0,502.0,501.0,differentia=64+policy=RecencyProportionalResolution+target=512,<function upgma at 0x7f36763dfb80>
357,29,29,[27],501.0,37.5,4732,501.0,502.0,501.0,differentia=64+policy=RecencyProportionalResolution+target=512,<function upgma at 0x7f36763dfb80>
358,30,30,[26],415.5,96.0,Inner17,384.0,448.0,415.5,differentia=64+policy=RecencyProportionalResolution+target=512,<function upgma at 0x7f36763dfb80>
359,31,31,[30],501.0,85.5,4730,501.0,502.0,501.0,differentia=64+policy=RecencyProportionalResolution+target=512,<function upgma at 0x7f36763dfb80>
360,32,32,[30],463.5,48.0,Inner12,448.0,480.0,463.5,differentia=64+policy=RecencyProportionalResolution+target=512,<function upgma at 0x7f36763dfb80>
361,33,33,[32],487.5,24.0,Inner6,480.0,496.0,487.5,differentia=64+policy=RecencyProportionalResolution+target=512,<function upgma at 0x7f36763dfb80>
362,34,34,[33],501.0,13.5,4731,501.0,502.0,501.0,differentia=64+policy=RecencyProportionalResolution+target=512,<function upgma at 0x7f36763dfb80>
363,35,35,[33],501.0,13.5,4734,501.0,502.0,501.0,differentia=64+policy=RecencyProportionalResolution+target=512,<function upgma at 0x7f36763dfb80>
364,36,36,[32],463.5,0.0,Inner11,448.0,480.0,463.5,differentia=64+policy=RecencyProportionalResolution+target=512,<function upgma at 0x7f36763dfb80>
365,37,37,[36],501.0,37.5,4736,501.0,502.0,501.0,differentia=64+policy=RecencyProportionalResolution+target=512,<function upgma at 0x7f36763dfb80>
366,38,38,[36],463.5,0.0,Inner10,448.0,480.0,463.5,differentia=64+policy=RecencyProportionalResolution+target=512,<function upgma at 0x7f36763dfb80>
367,39,39,[38],463.5,0.0,Inner9,448.0,480.0,463.5,differentia=64+policy=RecencyProportionalResolution+target=512,<function upgma at 0x7f36763dfb80>
368,40,40,[39],497.0,33.5,4690,497.0,498.0,497.0,differentia=64+policy=RecencyProportionalResolution+target=512,<function upgma at 0x7f36763dfb80>
369,41,41,[39],497.0,33.5,4694,497.0,498.0,497.0,differentia=64+policy=RecencyProportionalResolution+target=512,<function upgma at 0x7f36763dfb80>
370,42,42,[38],487.5,24.0,Inner5,480.0,496.0,487.5,differentia=64+policy=RecencyProportionalResolution+target=512,<function upgma at 0x7f36763dfb80>
371,43,43,[42],487.5,0.0,Inner4,480.0,496.0,487.5,differentia=64+policy=RecencyProportionalResolution+target=512,<function upgma at 0x7f36763dfb80>
372,44,44,[43],498.0,10.5,4701,498.0,499.0,498.0,differentia=64+policy=RecencyProportionalResolution+target=512,<function upgma at 0x7f36763dfb80>
373,45,45,[43],499.0,11.5,4721,499.0,500.0,499.0,differentia=64+policy=RecencyProportionalResolution+target=512,<function upgma at 0x7f36763dfb80>
374,46,46,[42],501.0,13.5,4739,501.0,502.0,501.0,differentia=64+policy=RecencyProportionalResolution+target=512,<function upgma at 0x7f36763dfb80>
375,0,0,[None],127.5,127.5,Inner23,0.0,256.0,127.5,differentia=64+policy=RecencyProportionalResolution+target=64,<function upgma at 0x7f36763dfb80>
376,1,1,[0],463.5,336.0,Inner14,448.0,480.0,463.5,differentia=64+policy=RecencyProportionalResolution+target=64,<function upgma at 0x7f36763dfb80>
377,2,2,[1],501.0,37.5,4733,501.0,502.0,501.0,differentia=64+policy=RecencyProportionalResolution+target=64,<function upgma at 0x7f36763dfb80>
378,3,3,[1],501.0,37.5,4737,501.0,502.0,501.0,differentia=64+policy=RecencyProportionalResolution+target=64,<function upgma at 0x7f36763dfb80>
379,4,4,[0],127.5,0.0,Inner22,0.0,256.0,127.5,differentia=64+policy=RecencyProportionalResolution+target=64,<function upgma at 0x7f36763dfb80>
380,5,5,[4],127.5,0.0,Inner21,0.0,256.0,127.5,differentia=64+policy=RecencyProportionalResolution+target=64,<function upgma at 0x7f36763dfb80>
381,6,6,[5],319.5,192.0,Inner19,256.0,384.0,319.5,differentia=64+policy=RecencyProportionalResolution+target=64,<function upgma at 0x7f36763dfb80>
382,7,7,[6],487.0,167.5,Inner2,480.0,495.0,487.0,differentia=64+policy=RecencyProportionalResolution+target=64,<function upgma at 0x7f36763dfb80>
383,8,8,[7],495.0,8.0,4686,495.0,496.0,495.0,differentia=64+policy=RecencyProportionalResolution+target=64,<function upgma at 0x7f36763dfb80>
384,9,9,[7],496.5,9.5,Inner1,496.0,498.0,496.5,differentia=64+policy=RecencyProportionalResolution+target=64,<function upgma at 0x7f36763dfb80>
385,10,10,[9],499.0,2.5,4714,499.0,500.0,499.0,differentia=64+policy=RecencyProportionalResolution+target=64,<function upgma at 0x7f36763dfb80>
386,11,11,[9],500.0,3.5,4728,500.0,501.0,500.0,differentia=64+policy=RecencyProportionalResolution+target=64,<function upgma at 0x7f36763dfb80>
387,12,12,[6],319.5,0.0,Inner18,256.0,384.0,319.5,differentia=64+policy=RecencyProportionalResolution+target=64,<function upgma at 0x7f36763dfb80>
388,13,13,[12],415.5,96.0,Inner15,384.0,448.0,415.5,differentia=64+policy=RecencyProportionalResolution+target=64,<function upgma at 0x7f36763dfb80>
389,14,14,[13],490.0,74.5,4629,490.0,491.0,490.0,differentia=64+policy=RecencyProportionalResolution+target=64,<function upgma at 0x7f36763dfb80>
390,15,15,[13],499.0,83.5,4720,499.0,500.0,499.0,differentia=64+policy=RecencyProportionalResolution+target=64,<function upgma at 0x7f36763dfb80>
391,16,16,[12],462.0,142.5,Inner8,448.0,477.0,462.0,differentia=64+policy=RecencyProportionalResolution+target=64,<function upgma at 0x7f36763dfb80>
392,17,17,[16],462.0,0.0,Inner7,448.0,477.0,462.0,differentia=64+policy=RecencyProportionalResolution+target=64,<function upgma at 0x7f36763dfb80>
393,18,18,[17],477.0,15.0,4517,477.0,478.0,477.0,differentia=64+policy=RecencyProportionalResolution+target=64,<function upgma at 0x7f36763dfb80>
394,19,19,[17],489.0,27.0,4626,489.0,490.0,489.0,differentia=64+policy=RecencyProportionalResolution+target=64,<function upgma at 0x7f36763dfb80>
395,20,20,[16],501.0,39.0,4735,501.0,502.0,501.0,differentia=64+policy=RecencyProportionalResolution+target=64,<function upgma at 0x7f36763dfb80>
396,21,21,[5],415.5,288.0,Inner16,384.0,448.0,415.5,differentia=64+policy=RecencyProportionalResolution+target=64,<function upgma at 0x7f36763dfb80>
397,22,22,[21],498.0,82.5,4707,498.0,499.0,498.0,differentia=64+policy=RecencyProportionalResolution+target=64,<function upgma at 0x7f36763dfb80>
398,23,23,[21],482.5,67.0,Inner3,480.0,486.0,482.5,differentia=64+policy=RecencyProportionalResolution+target=64,<function upgma at 0x7f36763dfb80>
399,24,24,[23],486.0,3.5,4595,486.0,487.0,486.0,differentia=64+policy=RecencyProportionalResolution+target=64,<function upgma at 0x7f36763dfb80>
400,25,25,[23],501.0,18.5,4738,501.0,502.0,501.0,differentia=64+policy=RecencyProportionalResolution+target=64,<function upgma at 0x7f36763dfb80>
401,26,26,[4],319.5,192.0,Inner20,256.0,384.0,319.5,differentia=64+policy=RecencyProportionalResolution+target=64,<function upgma at 0x7f36763dfb80>
402,27,27,[26],463.5,144.0,Inner13,448.0,480.0,463.5,differentia=64+policy=RecencyProportionalResolution+target=64,<function upgma at 0x7f36763dfb80>
403,28,28,[27],501.0,37.5,4729,501.0,502.0,501.0,differentia=64+policy=RecencyProportionalResolution+target=64,<function upgma at 0x7f36763dfb80>
404,29,29,[27],501.0,37.5,4732,501.0,502.0,501.0,differentia=64+policy=RecencyProportionalResolution+target=64,<function upgma at 0x7f36763dfb80>
405,30,30,[26],415.5,96.0,Inner17,384.0,448.0,415.5,differentia=64+policy=RecencyProportionalResolution+target=64,<function upgma at 0x7f36763dfb80>
406,31,31,[30],501.0,85.5,4730,501.0,502.0,501.0,differentia=64+policy=RecencyProportionalResolution+target=64,<function upgma at 0x7f36763dfb80>
407,32,32,[30],463.5,48.0,Inner12,448.0,480.0,463.5,differentia=64+policy=RecencyProportionalResolution+target=64,<function upgma at 0x7f36763dfb80>
408,33,33,[32],487.5,24.0,Inner6,480.0,496.0,487.5,differentia=64+policy=RecencyProportionalResolution+target=64,<function upgma at 0x7f36763dfb80>
409,34,34,[33],501.0,13.5,4731,501.0,502.0,501.0,differentia=64+policy=RecencyProportionalResolution+target=64,<function upgma at 0x7f36763dfb80>
410,35,35,[33],501.0,13.5,4734,501.0,502.0,501.0,differentia=64+policy=RecencyProportionalResolution+target=64,<function upgma at 0x7f36763dfb80>
411,36,36,[32],463.5,0.0,Inner11,448.0,480.0,463.5,differentia=64+policy=RecencyProportionalResolution+target=64,<function upgma at 0x7f36763dfb80>
412,37,37,[36],501.0,37.5,4736,501.0,502.0,501.0,differentia=64+policy=RecencyProportionalResolution+target=64,<function upgma at 0x7f36763dfb80>
413,38,38,[36],463.5,0.0,Inner10,448.0,480.0,463.5,differentia=64+policy=RecencyProportionalResolution+target=64,<function upgma at 0x7f36763dfb80>
414,39,39,[38],463.5,0.0,Inner9,448.0,480.0,463.5,differentia=64+policy=RecencyProportionalResolution+target=64,<function upgma at 0x7f36763dfb80>
415,40,40,[39],497.0,33.5,4690,497.0,498.0,497.0,differentia=64+policy=RecencyProportionalResolution+target=64,<function upgma at 0x7f36763dfb80>
416,41,41,[39],497.0,33.5,4694,497.0,498.0,497.0,differentia=64+policy=RecencyProportionalResolution+target=64,<function upgma at 0x7f36763dfb80>
417,42,42,[38],487.5,24.0,Inner5,480.0,496.0,487.5,differentia=64+policy=RecencyProportionalResolution+target=64,<function upgma at 0x7f36763dfb80>
418,43,43,[42],487.5,0.0,Inner4,480.0,496.0,487.5,differentia=64+policy=RecencyProportionalResolution+target=64,<function upgma at 0x7f36763dfb80>
419,44,44,[43],498.0,10.5,4701,498.0,499.0,498.0,differentia=64+policy=RecencyProportionalResolution+target=64,<function upgma at 0x7f36763dfb80>
420,45,45,[43],499.0,11.5,4721,499.0,500.0,499.0,differentia=64+policy=RecencyProportionalResolution+target=64,<function upgma at 0x7f36763dfb80>
421,46,46,[42],501.0,13.5,4739,501.0,502.0,501.0,differentia=64+policy=RecencyProportionalResolution+target=64,<function upgma at 0x7f36763dfb80>
422,0,0,[None],3.5,3.5,Inner22,0.0,8.0,3.5,differentia=64+policy=TaperedDepthProportionalResolution+target=4096,<function upgma at 0x7f36763dfb80>
423,1,1,[0],91.5,88.0,Inner21,88.0,96.0,91.5,differentia=64+policy=TaperedDepthProportionalResolution+target=4096,<function upgma at 0x7f36763dfb80>
424,2,2,[1],355.5,264.0,Inner19,352.0,360.0,355.5,differentia=64+policy=TaperedDepthProportionalResolution+target=4096,<function upgma at 0x7f36763dfb80>
425,3,3,[2],483.5,128.0,Inner4,480.0,488.0,483.5,differentia=64+policy=TaperedDepthProportionalResolution+target=4096,<function upgma at 0x7f36763dfb80>
426,4,4,[3],495.0,11.5,4686,495.0,496.0,495.0,differentia=64+policy=TaperedDepthProportionalResolution+target=4096,<function upgma at 0x7f36763dfb80>
427,5,5,[3],497.0,13.5,Inner1,496.0,499.0,497.0,differentia=64+policy=TaperedDepthProportionalResolution+target=4096,<function upgma at 0x7f36763dfb80>
428,6,6,[5],499.0,2.0,4714,499.0,500.0,499.0,differentia=64+policy=TaperedDepthProportionalResolution+target=4096,<function upgma at 0x7f36763dfb80>
429,7,7,[5],500.0,3.0,4728,500.0,501.0,500.0,differentia=64+policy=TaperedDepthProportionalResolution+target=4096,<function upgma at 0x7f36763dfb80>
430,8,8,[2],355.5,0.0,Inner18,352.0,360.0,355.5,differentia=64+policy=TaperedDepthProportionalResolution+target=4096,<function upgma at 0x7f36763dfb80>
431,9,9,[8],427.5,72.0,Inner15,424.0,432.0,427.5,differentia=64+policy=TaperedDepthProportionalResolution+target=4096,<function upgma at 0x7f36763dfb80>
432,10,10,[9],490.0,62.5,4629,490.0,491.0,490.0,differentia=64+policy=TaperedDepthProportionalResolution+target=4096,<function upgma at 0x7f36763dfb80>
433,11,11,[9],499.0,71.5,4720,499.0,500.0,499.0,differentia=64+policy=TaperedDepthProportionalResolution+target=4096,<function upgma at 0x7f36763dfb80>
434,12,12,[8],459.5,104.0,Inner11,456.0,464.0,459.5,differentia=64+policy=TaperedDepthProportionalResolution+target=4096,<function upgma at 0x7f36763dfb80>
435,13,13,[12],459.5,0.0,Inner8,456.0,464.0,459.5,differentia=64+policy=TaperedDepthProportionalResolution+target=4096,<function upgma at 0x7f36763dfb80>
436,14,14,[13],477.0,17.5,4517,477.0,478.0,477.0,differentia=64+policy=TaperedDepthProportionalResolution+target=4096,<function upgma at 0x7f36763dfb80>
437,15,15,[13],489.0,29.5,4626,489.0,490.0,489.0,differentia=64+policy=TaperedDepthProportionalResolution+target=4096,<function upgma at 0x7f36763dfb80>
438,16,16,[12],501.0,41.5,4735,501.0,502.0,501.0,differentia=64+policy=TaperedDepthProportionalResolution+target=4096,<function upgma at 0x7f36763dfb80>
439,17,17,[1],475.5,384.0,Inner10,472.0,480.0,475.5,differentia=64+policy=TaperedDepthProportionalResolution+target=4096,<function upgma at 0x7f36763dfb80>
440,18,18,[17],501.0,25.5,4733,501.0,502.0,501.0,differentia=64+policy=TaperedDepthProportionalResolution+target=4096,<function upgma at 0x7f36763dfb80>
441,19,19,[17],501.0,25.5,4737,501.0,502.0,501.0,differentia=64+policy=TaperedDepthProportionalResolution+target=4096,<function upgma at 0x7f36763dfb80>
442,20,20,[0],427.5,424.0,Inner16,424.0,432.0,427.5,differentia=64+policy=TaperedDepthProportionalResolution+target=4096,<function upgma at 0x7f36763dfb80>
443,21,21,[20],498.0,70.5,4707,498.0,499.0,498.0,differentia=64+policy=TaperedDepthProportionalResolution+target=4096,<function upgma at 0x7f36763dfb80>
444,22,22,[20],482.5,55.0,Inner3,480.0,486.0,482.5,differentia=64+policy=TaperedDepthProportionalResolution+target=4096,<function upgma at 0x7f36763dfb80>
445,23,23,[22],486.0,3.5,4595,486.0,487.0,486.0,differentia=64+policy=TaperedDepthProportionalResolution+target=4096,<function upgma at 0x7f36763dfb80>
446,24,24,[22],501.0,18.5,4738,501.0,502.0,501.0,differentia=64+policy=TaperedDepthProportionalResolution+target=4096,<function upgma at 0x7f36763dfb80>
447,25,25,[0],331.5,328.0,Inner20,328.0,336.0,331.5,differentia=64+policy=TaperedDepthProportionalResolution+target=4096,<function upgma at 0x7f36763dfb80>
448,26,26,[25],475.5,144.0,Inner9,472.0,480.0,475.5,differentia=64+policy=TaperedDepthProportionalResolution+target=4096,<function upgma at 0x7f36763dfb80>
449,27,27,[26],501.0,25.5,4729,501.0,502.0,501.0,differentia=64+policy=TaperedDepthProportionalResolution+target=4096,<function upgma at 0x7f36763dfb80>
450,28,28,[26],501.0,25.5,4732,501.0,502.0,501.0,differentia=64+policy=TaperedDepthProportionalResolution+target=4096,<function upgma at 0x7f36763dfb80>
451,29,29,[25],387.5,56.0,Inner17,384.0,392.0,387.5,differentia=64+policy=TaperedDepthProportionalResolution+target=4096,<function upgma at 0x7f36763dfb80>
452,30,30,[29],501.0,113.5,4730,501.0,502.0,501.0,differentia=64+policy=TaperedDepthProportionalResolution+target=4096,<function upgma at 0x7f36763dfb80>
453,31,31,[29],459.5,72.0,Inner14,456.0,464.0,459.5,differentia=64+policy=TaperedDepthProportionalResolution+target=4096,<function upgma at 0x7f36763dfb80>
454,32,32,[31],483.5,24.0,Inner6,480.0,488.0,483.5,differentia=64+policy=TaperedDepthProportionalResolution+target=4096,<function upgma at 0x7f36763dfb80>
455,33,33,[32],501.0,17.5,4731,501.0,502.0,501.0,differentia=64+policy=TaperedDepthProportionalResolution+target=4096,<function upgma at 0x7f36763dfb80>
456,34,34,[32],501.0,17.5,4734,501.0,502.0,501.0,differentia=64+policy=TaperedDepthProportionalResolution+target=4096,<function upgma at 0x7f36763dfb80>
457,35,35,[31],459.5,0.0,Inner13,456.0,464.0,459.5,differentia=64+policy=TaperedDepthProportionalResolution+target=4096,<function upgma at 0x7f36763dfb80>
458,36,36,[35],459.5,0.0,Inner12,456.0,464.0,459.5,differentia=64+policy=TaperedDepthProportionalResolution+target=4096,<function upgma at 0x7f36763dfb80>
459,37,37,[36],497.0,37.5,4694,497.0,498.0,497.0,differentia=64+policy=TaperedDepthProportionalResolution+target=4096,<function upgma at 0x7f36763dfb80>
460,38,38,[36],475.5,16.0,Inner7,472.0,480.0,475.5,differentia=64+policy=TaperedDepthProportionalResolution+target=4096,<function upgma at 0x7f36763dfb80>
461,39,39,[38],497.0,21.5,4690,497.0,498.0,497.0,differentia=64+policy=TaperedDepthProportionalResolution+target=4096,<function upgma at 0x7f36763dfb80>
462,40,40,[38],501.0,25.5,4736,501.0,502.0,501.0,differentia=64+policy=TaperedDepthProportionalResolution+target=4096,<function upgma at 0x7f36763dfb80>
463,41,41,[35],483.5,24.0,Inner5,480.0,488.0,483.5,differentia=64+policy=TaperedDepthProportionalResolution+target=4096,<function upgma at 0x7f36763dfb80>
464,42,42,[41],491.5,8.0,Inner2,488.0,496.0,491.5,differentia=64+policy=TaperedDepthProportionalResolution+target=4096,<function upgma at 0x7f36763dfb80>
465,43,43,[42],498.0,6.5,4701,498.0,499.0,498.0,differentia=64+policy=TaperedDepthProportionalResolution+target=4096,<function upgma at 0x7f36763dfb80>
466,44,44,[42],499.0,7.5,4721,499.0,500.0,499.0,differentia=64+policy=TaperedDepthProportionalResolution+target=4096,<function upgma at 0x7f36763dfb80>
467,45,45,[41],501.0,17.5,4739,501.0,502.0,501.0,differentia=64+policy=TaperedDepthProportionalResolution+target=4096,<function upgma at 0x7f36763dfb80>
468,0,0,[None],63.5,63.5,Inner23,0.0,128.0,63.5,differentia=64+policy=TaperedDepthProportionalResolution+target=512,<function upgma at 0x7f36763dfb80>
469,1,1,[0],473.5,410.0,Inner14,448.0,500.0,473.5,differentia=64+policy=TaperedDepthProportionalResolution+target=512,<function upgma at 0x7f36763dfb80>
470,2,2,[1],501.0,27.5,4733,501.0,502.0,501.0,differentia=64+policy=TaperedDepthProportionalResolution+target=512,<function upgma at 0x7f36763dfb80>
471,3,3,[1],501.0,27.5,4737,501.0,502.0,501.0,differentia=64+policy=TaperedDepthProportionalResolution+target=512,<function upgma at 0x7f36763dfb80>
472,4,4,[0],63.5,0.0,Inner22,0.0,128.0,63.5,differentia=64+policy=TaperedDepthProportionalResolution+target=512,<function upgma at 0x7f36763dfb80>
473,5,5,[4],63.5,0.0,Inner21,0.0,128.0,63.5,differentia=64+policy=TaperedDepthProportionalResolution+target=512,<function upgma at 0x7f36763dfb80>
474,6,6,[5],351.5,288.0,Inner19,320.0,384.0,351.5,differentia=64+policy=TaperedDepthProportionalResolution+target=512,<function upgma at 0x7f36763dfb80>
475,7,7,[6],471.0,119.5,Inner6,448.0,495.0,471.0,differentia=64+policy=TaperedDepthProportionalResolution+target=512,<function upgma at 0x7f36763dfb80>
476,8,8,[7],471.0,0.0,Inner5,448.0,495.0,471.0,differentia=64+policy=TaperedDepthProportionalResolution+target=512,<function upgma at 0x7f36763dfb80>
477,9,9,[8],495.0,24.0,4686,495.0,496.0,495.0,differentia=64+policy=TaperedDepthProportionalResolution+target=512,<function upgma at 0x7f36763dfb80>
478,10,10,[8],499.0,28.0,4714,499.0,500.0,499.0,differentia=64+policy=TaperedDepthProportionalResolution+target=512,<function upgma at 0x7f36763dfb80>
479,11,11,[7],500.0,29.0,4728,500.0,501.0,500.0,differentia=64+policy=TaperedDepthProportionalResolution+target=512,<function upgma at 0x7f36763dfb80>
480,12,12,[6],351.5,0.0,Inner18,320.0,384.0,351.5,differentia=64+policy=TaperedDepthProportionalResolution+target=512,<function upgma at 0x7f36763dfb80>
481,13,13,[12],415.5,64.0,Inner15,384.0,448.0,415.5,differentia=64+policy=TaperedDepthProportionalResolution+target=512,<function upgma at 0x7f36763dfb80>
482,14,14,[13],490.0,74.5,4629,490.0,491.0,490.0,differentia=64+policy=TaperedDepthProportionalResolution+target=512,<function upgma at 0x7f36763dfb80>
483,15,15,[13],499.0,83.5,4720,499.0,500.0,499.0,differentia=64+policy=TaperedDepthProportionalResolution+target=512,<function upgma at 0x7f36763dfb80>
484,16,16,[12],462.0,110.5,Inner9,448.0,477.0,462.0,differentia=64+policy=TaperedDepthProportionalResolution+target=512,<function upgma at 0x7f36763dfb80>
485,17,17,[16],462.0,0.0,Inner1,448.0,477.0,462.0,differentia=64+policy=TaperedDepthProportionalResolution+target=512,<function upgma at 0x7f36763dfb80>
486,18,18,[17],477.0,15.0,4517,477.0,478.0,477.0,differentia=64+policy=TaperedDepthProportionalResolution+target=512,<function upgma at 0x7f36763dfb80>
487,19,19,[17],489.0,27.0,4626,489.0,490.0,489.0,differentia=64+policy=TaperedDepthProportionalResolution+target=512,<function upgma at 0x7f36763dfb80>
488,20,20,[16],501.0,39.0,4735,501.0,502.0,501.0,differentia=64+policy=TaperedDepthProportionalResolution+target=512,<function upgma at 0x7f36763dfb80>
489,21,21,[5],415.5,352.0,Inner16,384.0,448.0,415.5,differentia=64+policy=TaperedDepthProportionalResolution+target=512,<function upgma at 0x7f36763dfb80>
490,22,22,[21],498.0,82.5,4707,498.0,499.0,498.0,differentia=64+policy=TaperedDepthProportionalResolution+target=512,<function upgma at 0x7f36763dfb80>
491,23,23,[21],466.5,51.0,Inner7,448.0,486.0,466.5,differentia=64+policy=TaperedDepthProportionalResolution+target=512,<function upgma at 0x7f36763dfb80>
492,24,24,[23],486.0,19.5,4595,486.0,487.0,486.0,differentia=64+policy=TaperedDepthProportionalResolution+target=512,<function upgma at 0x7f36763dfb80>
493,25,25,[23],501.0,34.5,4738,501.0,502.0,501.0,differentia=64+policy=TaperedDepthProportionalResolution+target=512,<function upgma at 0x7f36763dfb80>
494,26,26,[4],351.5,288.0,Inner20,320.0,384.0,351.5,differentia=64+policy=TaperedDepthProportionalResolution+target=512,<function upgma at 0x7f36763dfb80>
495,27,27,[26],473.5,122.0,Inner13,448.0,500.0,473.5,differentia=64+policy=TaperedDepthProportionalResolution+target=512,<function upgma at 0x7f36763dfb80>
496,28,28,[27],501.0,27.5,4729,501.0,502.0,501.0,differentia=64+policy=TaperedDepthProportionalResolution+target=512,<function upgma at 0x7f36763dfb80>
497,29,29,[27],501.0,27.5,4732,501.0,502.0,501.0,differentia=64+policy=TaperedDepthProportionalResolution+target=512,<function upgma at 0x7f36763dfb80>
498,30,30,[26],415.5,64.0,Inner17,384.0,448.0,415.5,differentia=64+policy=TaperedDepthProportionalResolution+target=512,<function upgma at 0x7f36763dfb80>
499,31,31,[30],501.0,85.5,4730,501.0,502.0,501.0,differentia=64+policy=TaperedDepthProportionalResolution+target=512,<function upgma at 0x7f36763dfb80>
500,32,32,[30],472.0,56.5,Inner12,448.0,497.0,472.0,differentia=64+policy=TaperedDepthProportionalResolution+target=512,<function upgma at 0x7f36763dfb80>
501,33,33,[32],501.0,29.0,4734,501.0,502.0,501.0,differentia=64+policy=TaperedDepthProportionalResolution+target=512,<function upgma at 0x7f36763dfb80>
502,34,34,[32],472.0,0.0,Inner11,448.0,497.0,472.0,differentia=64+policy=TaperedDepthProportionalResolution+target=512,<function upgma at 0x7f36763dfb80>
503,35,35,[34],501.0,29.0,4731,501.0,502.0,501.0,differentia=64+policy=TaperedDepthProportionalResolution+target=512,<function upgma at 0x7f36763dfb80>
504,36,36,[34],472.0,0.0,Inner10,448.0,497.0,472.0,differentia=64+policy=TaperedDepthProportionalResolution+target=512,<function upgma at 0x7f36763dfb80>
505,37,37,[36],501.0,29.0,4736,501.0,502.0,501.0,differentia=64+policy=TaperedDepthProportionalResolution+target=512,<function upgma at 0x7f36763dfb80>
506,38,38,[36],472.0,0.0,Inner8,448.0,497.0,472.0,differentia=64+policy=TaperedDepthProportionalResolution+target=512,<function upgma at 0x7f36763dfb80>
507,39,39,[38],472.0,0.0,Inner4,448.0,497.0,472.0,differentia=64+policy=TaperedDepthProportionalResolution+target=512,<function upgma at 0x7f36763dfb80>
508,40,40,[39],471.5,-0.5,Inner3,448.0,496.0,471.5,differentia=64+policy=TaperedDepthProportionalResolution+target=512,<function upgma at 0x7f36763dfb80>
509,41,41,[40],497.0,25.5,4690,497.0,498.0,497.0,differentia=64+policy=TaperedDepthProportionalResolution+target=512,<function upgma at 0x7f36763dfb80>
510,42,42,[40],472.0,0.5,Inner2,448.0,497.0,472.0,differentia=64+policy=TaperedDepthProportionalResolution+target=512,<function upgma at 0x7f36763dfb80>
511,43,43,[42],497.0,25.0,4694,497.0,498.0,497.0,differentia=64+policy=TaperedDepthProportionalResolution+target=512,<function upgma at 0x7f36763dfb80>
512,44,44,[42],498.0,26.0,4701,498.0,499.0,498.0,differentia=64+policy=TaperedDepthProportionalResolution+target=512,<function upgma at 0x7f36763dfb80>
513,45,45,[39],499.0,27.0,4721,499.0,500.0,499.0,differentia=64+policy=TaperedDepthProportionalResolution+target=512,<function upgma at 0x7f36763dfb80>
514,46,46,[38],501.0,29.0,4739,501.0,502.0,501.0,differentia=64+policy=TaperedDepthProportionalResolution+target=512,<function upgma at 0x7f36763dfb80>
515,0,0,[None],127.5,127.5,Inner23,0.0,256.0,127.5,differentia=64+policy=TaperedDepthProportionalResolution+target=64,<function upgma at 0x7f36763dfb80>
516,1,1,[0],377.5,250.0,Inner20,256.0,500.0,377.5,differentia=64+policy=TaperedDepthProportionalResolution+target=64,<function upgma at 0x7f36763dfb80>
517,2,2,[1],501.0,123.5,4733,501.0,502.0,501.0,differentia=64+policy=TaperedDepthProportionalResolution+target=64,<function upgma at 0x7f36763dfb80>
518,3,3,[1],501.0,123.5,4737,501.0,502.0,501.0,differentia=64+policy=TaperedDepthProportionalResolution+target=64,<function upgma at 0x7f36763dfb80>
519,4,4,[0],127.5,0.0,Inner22,0.0,256.0,127.5,differentia=64+policy=TaperedDepthProportionalResolution+target=64,<function upgma at 0x7f36763dfb80>
520,5,5,[4],127.5,0.0,Inner21,0.0,256.0,127.5,differentia=64+policy=TaperedDepthProportionalResolution+target=64,<function upgma at 0x7f36763dfb80>
521,6,6,[5],366.0,238.5,Inner13,256.0,477.0,366.0,differentia=64+policy=TaperedDepthProportionalResolution+target=64,<function upgma at 0x7f36763dfb80>
522,7,7,[6],366.0,0.0,Inner10,256.0,477.0,366.0,differentia=64+policy=TaperedDepthProportionalResolution+target=64,<function upgma at 0x7f36763dfb80>
523,8,8,[7],366.0,0.0,Inner9,256.0,477.0,366.0,differentia=64+policy=TaperedDepthProportionalResolution+target=64,<function upgma at 0x7f36763dfb80>
524,9,9,[8],499.0,133.0,4714,499.0,500.0,499.0,differentia=64+policy=TaperedDepthProportionalResolution+target=64,<function upgma at 0x7f36763dfb80>
525,10,10,[8],366.0,0.0,Inner8,256.0,477.0,366.0,differentia=64+policy=TaperedDepthProportionalResolution+target=64,<function upgma at 0x7f36763dfb80>
526,11,11,[10],366.0,0.0,Inner3,256.0,477.0,366.0,differentia=64+policy=TaperedDepthProportionalResolution+target=64,<function upgma at 0x7f36763dfb80>
527,12,12,[11],366.0,0.0,Inner2,256.0,477.0,366.0,differentia=64+policy=TaperedDepthProportionalResolution+target=64,<function upgma at 0x7f36763dfb80>
528,13,13,[12],366.0,0.0,Inner1,256.0,477.0,366.0,differentia=64+policy=TaperedDepthProportionalResolution+target=64,<function upgma at 0x7f36763dfb80>
529,14,14,[13],477.0,111.0,4517,477.0,478.0,477.0,differentia=64+policy=TaperedDepthProportionalResolution+target=64,<function upgma at 0x7f36763dfb80>
530,15,15,[13],489.0,123.0,4626,489.0,490.0,489.0,differentia=64+policy=TaperedDepthProportionalResolution+target=64,<function upgma at 0x7f36763dfb80>
531,16,16,[12],490.0,124.0,4629,490.0,491.0,490.0,differentia=64+policy=TaperedDepthProportionalResolution+target=64,<function upgma at 0x7f36763dfb80>
532,17,17,[11],495.0,129.0,4686,495.0,496.0,495.0,differentia=64+policy=TaperedDepthProportionalResolution+target=64,<function upgma at 0x7f36763dfb80>
533,18,18,[10],499.0,133.0,4720,499.0,500.0,499.0,differentia=64+policy=TaperedDepthProportionalResolution+target=64,<function upgma at 0x7f36763dfb80>
534,19,19,[7],500.0,134.0,4728,500.0,501.0,500.0,differentia=64+policy=TaperedDepthProportionalResolution+target=64,<function upgma at 0x7f36763dfb80>
535,20,20,[6],501.0,135.0,4735,501.0,502.0,501.0,differentia=64+policy=TaperedDepthProportionalResolution+target=64,<function upgma at 0x7f36763dfb80>
536,21,21,[5],370.5,243.0,Inner11,256.0,486.0,370.5,differentia=64+policy=TaperedDepthProportionalResolution+target=64,<function upgma at 0x7f36763dfb80>
537,22,22,[21],370.5,0.0,Inner4,256.0,486.0,370.5,differentia=64+policy=TaperedDepthProportionalResolution+target=64,<function upgma at 0x7f36763dfb80>
538,23,23,[22],486.0,115.5,4595,486.0,487.0,486.0,differentia=64+policy=TaperedDepthProportionalResolution+target=64,<function upgma at 0x7f36763dfb80>
539,24,24,[22],498.0,127.5,4707,498.0,499.0,498.0,differentia=64+policy=TaperedDepthProportionalResolution+target=64,<function upgma at 0x7f36763dfb80>
540,25,25,[21],501.0,130.5,4738,501.0,502.0,501.0,differentia=64+policy=TaperedDepthProportionalResolution+target=64,<function upgma at 0x7f36763dfb80>
541,26,26,[4],376.0,248.5,Inner19,256.0,497.0,376.0,differentia=64+policy=TaperedDepthProportionalResolution+target=64,<function upgma at 0x7f36763dfb80>
542,27,27,[26],501.0,125.0,4732,501.0,502.0,501.0,differentia=64+policy=TaperedDepthProportionalResolution+target=64,<function upgma at 0x7f36763dfb80>
543,28,28,[26],376.0,0.0,Inner18,256.0,497.0,376.0,differentia=64+policy=TaperedDepthProportionalResolution+target=64,<function upgma at 0x7f36763dfb80>
544,29,29,[28],501.0,125.0,4729,501.0,502.0,501.0,differentia=64+policy=TaperedDepthProportionalResolution+target=64,<function upgma at 0x7f36763dfb80>
545,30,30,[28],376.0,0.0,Inner17,256.0,497.0,376.0,differentia=64+policy=TaperedDepthProportionalResolution+target=64,<function upgma at 0x7f36763dfb80>
546,31,31,[30],501.0,125.0,4734,501.0,502.0,501.0,differentia=64+policy=TaperedDepthProportionalResolution+target=64,<function upgma at 0x7f36763dfb80>
547,32,32,[30],376.0,0.0,Inner16,256.0,497.0,376.0,differentia=64+policy=TaperedDepthProportionalResolution+target=64,<function upgma at 0x7f36763dfb80>
548,33,33,[32],501.0,125.0,4731,501.0,502.0,501.0,differentia=64+policy=TaperedDepthProportionalResolution+target=64,<function upgma at 0x7f36763dfb80>
549,34,34,[32],376.0,0.0,Inner15,256.0,497.0,376.0,differentia=64+policy=TaperedDepthProportionalResolution+target=64,<function upgma at 0x7f36763dfb80>
550,35,35,[34],501.0,125.0,4736,501.0,502.0,501.0,differentia=64+policy=TaperedDepthProportionalResolution+target=64,<function upgma at 0x7f36763dfb80>
551,36,36,[34],376.0,0.0,Inner14,256.0,497.0,376.0,differentia=64+policy=TaperedDepthProportionalResolution+target=64,<function upgma at 0x7f36763dfb80>
552,37,37,[36],376.0,0.0,Inner12,256.0,497.0,376.0,differentia=64+policy=TaperedDepthProportionalResolution+target=64,<function upgma at 0x7f36763dfb80>
553,38,38,[37],376.0,0.0,Inner7,256.0,497.0,376.0,differentia=64+policy=TaperedDepthProportionalResolution+target=64,<function upgma at 0x7f36763dfb80>
554,39,39,[38],375.5,-0.5,Inner6,256.0,496.0,375.5,differentia=64+policy=TaperedDepthProportionalResolution+target=64,<function upgma at 0x7f36763dfb80>
555,40,40,[39],497.0,121.5,4690,497.0,498.0,497.0,differentia=64+policy=TaperedDepthProportionalResolution+target=64,<function upgma at 0x7f36763dfb80>
556,41,41,[39],376.0,0.5,Inner5,256.0,497.0,376.0,differentia=64+policy=TaperedDepthProportionalResolution+target=64,<function upgma at 0x7f36763dfb80>
557,42,42,[41],497.0,121.0,4694,497.0,498.0,497.0,differentia=64+policy=TaperedDepthProportionalResolution+target=64,<function upgma at 0x7f36763dfb80>
558,43,43,[41],498.0,122.0,4701,498.0,499.0,498.0,differentia=64+policy=TaperedDepthProportionalResolution+target=64,<function upgma at 0x7f36763dfb80>
559,44,44,[38],499.0,123.0,4721,499.0,500.0,499.0,differentia=64+policy=TaperedDepthProportionalResolution+target=64,<function upgma at 0x7f36763dfb80>
560,45,45,[37],501.0,125.0,4730,501.0,502.0,501.0,differentia=64+policy=TaperedDepthProportionalResolution+target=64,<function upgma at 0x7f36763dfb80>
561,46,46,[36],501.0,125.0,4739,501.0,502.0,501.0,differentia=64+policy=TaperedDepthProportionalResolution+target=64,<function upgma at 0x7f36763dfb80>
562,0,0,[None],0.0,0.0,Inner23,0.0,1.0,0.0,differentia=8+policy=RecencyProportionalResolution+target=4096,<function upgma at 0x7f36763dfb80>
563,1,1,[0],89.0,89.0,Inner21,89.0,90.0,89.0,differentia=8+policy=RecencyProportionalResolution+target=4096,<function upgma at 0x7f36763dfb80>
564,2,2,[1],353.0,264.0,Inner19,353.0,354.0,353.0,differentia=8+policy=RecencyProportionalResolution+target=4096,<function upgma at 0x7f36763dfb80>
565,3,3,[2],484.0,131.0,Inner4,484.0,485.0,484.0,differentia=8+policy=RecencyProportionalResolution+target=4096,<function upgma at 0x7f36763dfb80>
566,4,4,[3],495.0,11.0,4686,495.0,496.0,495.0,differentia=8+policy=RecencyProportionalResolution+target=4096,<function upgma at 0x7f36763dfb80>
567,5,5,[3],497.0,13.0,Inner1,497.0,498.0,497.0,differentia=8+policy=RecencyProportionalResolution+target=4096,<function upgma at 0x7f36763dfb80>
568,6,6,[5],499.0,2.0,4714,499.0,500.0,499.0,differentia=8+policy=RecencyProportionalResolution+target=4096,<function upgma at 0x7f36763dfb80>
569,7,7,[5],500.0,3.0,4728,500.0,501.0,500.0,differentia=8+policy=RecencyProportionalResolution+target=4096,<function upgma at 0x7f36763dfb80>
570,8,8,[2],353.0,0.0,Inner18,353.0,354.0,353.0,differentia=8+policy=RecencyProportionalResolution+target=4096,<function upgma at 0x7f36763dfb80>
571,9,9,[8],430.0,77.0,Inner15,430.0,431.0,430.0,differentia=8+policy=RecencyProportionalResolution+target=4096,<function upgma at 0x7f36763dfb80>
572,10,10,[9],490.0,60.0,4629,490.0,491.0,490.0,differentia=8+policy=RecencyProportionalResolution+target=4096,<function upgma at 0x7f36763dfb80>
573,11,11,[9],499.0,69.0,4720,499.0,500.0,499.0,differentia=8+policy=RecencyProportionalResolution+target=4096,<function upgma at 0x7f36763dfb80>
574,12,12,[8],463.0,110.0,Inner11,463.0,464.0,463.0,differentia=8+policy=RecencyProportionalResolution+target=4096,<function upgma at 0x7f36763dfb80>
575,13,13,[12],463.0,0.0,Inner7,463.0,464.0,463.0,differentia=8+policy=RecencyProportionalResolution+target=4096,<function upgma at 0x7f36763dfb80>
576,14,14,[13],477.0,14.0,4517,477.0,478.0,477.0,differentia=8+policy=RecencyProportionalResolution+target=4096,<function upgma at 0x7f36763dfb80>
577,15,15,[13],489.0,26.0,4626,489.0,490.0,489.0,differentia=8+policy=RecencyProportionalResolution+target=4096,<function upgma at 0x7f36763dfb80>
578,16,16,[12],501.0,38.0,4735,501.0,502.0,501.0,differentia=8+policy=RecencyProportionalResolution+target=4096,<function upgma at 0x7f36763dfb80>
579,17,17,[1],476.0,387.0,Inner10,476.0,477.0,476.0,differentia=8+policy=RecencyProportionalResolution+target=4096,<function upgma at 0x7f36763dfb80>
580,18,18,[17],501.0,25.0,4733,501.0,502.0,501.0,differentia=8+policy=RecencyProportionalResolution+target=4096,<function upgma at 0x7f36763dfb80>
581,19,19,[17],501.0,25.0,4737,501.0,502.0,501.0,differentia=8+policy=RecencyProportionalResolution+target=4096,<function upgma at 0x7f36763dfb80>
582,20,20,[0],5.0,5.0,Inner22,5.0,6.0,5.0,differentia=8+policy=RecencyProportionalResolution+target=4096,<function upgma at 0x7f36763dfb80>
583,21,21,[20],424.0,419.0,Inner16,424.0,425.0,424.0,differentia=8+policy=RecencyProportionalResolution+target=4096,<function upgma at 0x7f36763dfb80>
584,22,22,[21],498.0,74.0,4707,498.0,499.0,498.0,differentia=8+policy=RecencyProportionalResolution+target=4096,<function upgma at 0x7f36763dfb80>
585,23,23,[21],480.0,56.0,Inner5,480.0,481.0,480.0,differentia=8+policy=RecencyProportionalResolution+target=4096,<function upgma at 0x7f36763dfb80>
586,24,24,[23],486.0,6.0,4595,486.0,487.0,486.0,differentia=8+policy=RecencyProportionalResolution+target=4096,<function upgma at 0x7f36763dfb80>
587,25,25,[23],501.0,21.0,4738,501.0,502.0,501.0,differentia=8+policy=RecencyProportionalResolution+target=4096,<function upgma at 0x7f36763dfb80>
588,26,26,[20],329.0,324.0,Inner20,329.0,330.0,329.0,differentia=8+policy=RecencyProportionalResolution+target=4096,<function upgma at 0x7f36763dfb80>
589,27,27,[26],479.0,150.0,Inner9,479.0,480.0,479.0,differentia=8+policy=RecencyProportionalResolution+target=4096,<function upgma at 0x7f36763dfb80>
590,28,28,[27],501.0,22.0,4729,501.0,502.0,501.0,differentia=8+policy=RecencyProportionalResolution+target=4096,<function upgma at 0x7f36763dfb80>
591,29,29,[27],501.0,22.0,4732,501.0,502.0,501.0,differentia=8+policy=RecencyProportionalResolution+target=4096,<function upgma at 0x7f36763dfb80>
592,30,30,[26],389.0,60.0,Inner17,389.0,390.0,389.0,differentia=8+policy=RecencyProportionalResolution+target=4096,<function upgma at 0x7f36763dfb80>
593,31,31,[30],501.0,112.0,4730,501.0,502.0,501.0,differentia=8+policy=RecencyProportionalResolution+target=4096,<function upgma at 0x7f36763dfb80>
594,32,32,[30],456.0,67.0,Inner14,456.0,457.0,456.0,differentia=8+policy=RecencyProportionalResolution+target=4096,<function upgma at 0x7f36763dfb80>
595,33,33,[32],482.0,26.0,Inner6,482.0,483.0,482.0,differentia=8+policy=RecencyProportionalResolution+target=4096,<function upgma at 0x7f36763dfb80>
596,34,34,[33],501.0,19.0,4731,501.0,502.0,501.0,differentia=8+policy=RecencyProportionalResolution+target=4096,<function upgma at 0x7f36763dfb80>
597,35,35,[33],501.0,19.0,4734,501.0,502.0,501.0,differentia=8+policy=RecencyProportionalResolution+target=4096,<function upgma at 0x7f36763dfb80>
598,36,36,[32],456.0,0.0,Inner13,456.0,457.0,456.0,differentia=8+policy=RecencyProportionalResolution+target=4096,<function upgma at 0x7f36763dfb80>
599,37,37,[36],478.0,22.0,Inner8,478.0,479.0,478.0,differentia=8+policy=RecencyProportionalResolution+target=4096,<function upgma at 0x7f36763dfb80>
600,38,38,[37],497.0,19.0,4690,497.0,498.0,497.0,differentia=8+policy=RecencyProportionalResolution+target=4096,<function upgma at 0x7f36763dfb80>
601,39,39,[37],501.0,23.0,4736,501.0,502.0,501.0,differentia=8+policy=RecencyProportionalResolution+target=4096,<function upgma at 0x7f36763dfb80>
602,40,40,[36],458.0,2.0,Inner12,458.0,459.0,458.0,differentia=8+policy=RecencyProportionalResolution+target=4096,<function upgma at 0x7f36763dfb80>
603,41,41,[40],497.0,39.0,4694,497.0,498.0,497.0,differentia=8+policy=RecencyProportionalResolution+target=4096,<function upgma at 0x7f36763dfb80>
604,42,42,[40],487.0,29.0,Inner3,487.0,488.0,487.0,differentia=8+policy=RecencyProportionalResolution+target=4096,<function upgma at 0x7f36763dfb80>
605,43,43,[42],491.0,4.0,Inner2,491.0,492.0,491.0,differentia=8+policy=RecencyProportionalResolution+target=4096,<function upgma at 0x7f36763dfb80>
606,44,44,[43],498.0,7.0,4701,498.0,499.0,498.0,differentia=8+policy=RecencyProportionalResolution+target=4096,<function upgma at 0x7f36763dfb80>
607,45,45,[43],499.0,8.0,4721,499.0,500.0,499.0,differentia=8+policy=RecencyProportionalResolution+target=4096,<function upgma at 0x7f36763dfb80>
608,46,46,[42],501.0,14.0,4739,501.0,502.0,501.0,differentia=8+policy=RecencyProportionalResolution+target=4096,<function upgma at 0x7f36763dfb80>
609,0,0,[None],15.5,15.5,Inner23,0.0,32.0,15.5,differentia=8+policy=RecencyProportionalResolution+target=512,<function upgma at 0x7f36763dfb80>
610,1,1,[0],15.5,0.0,Inner22,0.0,32.0,15.5,differentia=8+policy=RecencyProportionalResolution+target=512,<function upgma at 0x7f36763dfb80>
611,2,2,[1],79.5,64.0,Inner21,64.0,96.0,79.5,differentia=8+policy=RecencyProportionalResolution+target=512,<function upgma at 0x7f36763dfb80>
612,3,3,[2],355.5,276.0,Inner19,352.0,360.0,355.5,differentia=8+policy=RecencyProportionalResolution+target=512,<function upgma at 0x7f36763dfb80>
613,4,4,[3],484.0,128.5,Inner5,484.0,485.0,484.0,differentia=8+policy=RecencyProportionalResolution+target=512,<function upgma at 0x7f36763dfb80>
614,5,5,[4],495.0,11.0,4686,495.0,496.0,495.0,differentia=8+policy=RecencyProportionalResolution+target=512,<function upgma at 0x7f36763dfb80>
615,6,6,[4],497.0,13.0,Inner1,497.0,498.0,497.0,differentia=8+policy=RecencyProportionalResolution+target=512,<function upgma at 0x7f36763dfb80>
616,7,7,[6],499.0,2.0,4714,499.0,500.0,499.0,differentia=8+policy=RecencyProportionalResolution+target=512,<function upgma at 0x7f36763dfb80>
617,8,8,[6],500.0,3.0,4728,500.0,501.0,500.0,differentia=8+policy=RecencyProportionalResolution+target=512,<function upgma at 0x7f36763dfb80>
618,9,9,[3],355.5,0.0,Inner18,352.0,360.0,355.5,differentia=8+policy=RecencyProportionalResolution+target=512,<function upgma at 0x7f36763dfb80>
619,10,10,[9],427.5,72.0,Inner15,424.0,432.0,427.5,differentia=8+policy=RecencyProportionalResolution+target=512,<function upgma at 0x7f36763dfb80>
620,11,11,[10],490.0,62.5,4629,490.0,491.0,490.0,differentia=8+policy=RecencyProportionalResolution+target=512,<function upgma at 0x7f36763dfb80>
621,12,12,[10],499.0,71.5,4720,499.0,500.0,499.0,differentia=8+policy=RecencyProportionalResolution+target=512,<function upgma at 0x7f36763dfb80>
622,13,13,[9],461.5,106.0,Inner11,460.0,464.0,461.5,differentia=8+policy=RecencyProportionalResolution+target=512,<function upgma at 0x7f36763dfb80>
623,14,14,[13],462.5,1.0,Inner8,462.0,464.0,462.5,differentia=8+policy=RecencyProportionalResolution+target=512,<function upgma at 0x7f36763dfb80>
624,15,15,[14],477.0,14.5,4517,477.0,478.0,477.0,differentia=8+policy=RecencyProportionalResolution+target=512,<function upgma at 0x7f36763dfb80>
625,16,16,[14],489.0,26.5,4626,489.0,490.0,489.0,differentia=8+policy=RecencyProportionalResolution+target=512,<function upgma at 0x7f36763dfb80>
626,17,17,[13],501.0,39.5,4735,501.0,502.0,501.0,differentia=8+policy=RecencyProportionalResolution+target=512,<function upgma at 0x7f36763dfb80>
627,18,18,[2],476.5,397.0,Inner10,476.0,478.0,476.5,differentia=8+policy=RecencyProportionalResolution+target=512,<function upgma at 0x7f36763dfb80>
628,19,19,[18],501.0,24.5,4733,501.0,502.0,501.0,differentia=8+policy=RecencyProportionalResolution+target=512,<function upgma at 0x7f36763dfb80>
629,20,20,[18],501.0,24.5,4737,501.0,502.0,501.0,differentia=8+policy=RecencyProportionalResolution+target=512,<function upgma at 0x7f36763dfb80>
630,21,21,[1],427.5,412.0,Inner16,424.0,432.0,427.5,differentia=8+policy=RecencyProportionalResolution+target=512,<function upgma at 0x7f36763dfb80>
631,22,22,[21],498.0,70.5,4707,498.0,499.0,498.0,differentia=8+policy=RecencyProportionalResolution+target=512,<function upgma at 0x7f36763dfb80>
632,23,23,[21],480.5,53.0,Inner4,480.0,482.0,480.5,differentia=8+policy=RecencyProportionalResolution+target=512,<function upgma at 0x7f36763dfb80>
633,24,24,[23],486.0,5.5,4595,486.0,487.0,486.0,differentia=8+policy=RecencyProportionalResolution+target=512,<function upgma at 0x7f36763dfb80>
634,25,25,[23],501.0,20.5,4738,501.0,502.0,501.0,differentia=8+policy=RecencyProportionalResolution+target=512,<function upgma at 0x7f36763dfb80>
635,26,26,[0],327.5,312.0,Inner20,320.0,336.0,327.5,differentia=8+policy=RecencyProportionalResolution+target=512,<function upgma at 0x7f36763dfb80>
636,27,27,[26],478.5,151.0,Inner9,478.0,480.0,478.5,differentia=8+policy=RecencyProportionalResolution+target=512,<function upgma at 0x7f36763dfb80>
637,28,28,[27],501.0,22.5,4729,501.0,502.0,501.0,differentia=8+policy=RecencyProportionalResolution+target=512,<function upgma at 0x7f36763dfb80>
638,29,29,[27],501.0,22.5,4732,501.0,502.0,501.0,differentia=8+policy=RecencyProportionalResolution+target=512,<function upgma at 0x7f36763dfb80>
639,30,30,[26],387.5,60.0,Inner17,384.0,392.0,387.5,differentia=8+policy=RecencyProportionalResolution+target=512,<function upgma at 0x7f36763dfb80>
640,31,31,[30],501.0,113.5,4730,501.0,502.0,501.0,differentia=8+policy=RecencyProportionalResolution+target=512,<function upgma at 0x7f36763dfb80>
641,32,32,[30],457.5,70.0,Inner14,456.0,460.0,457.5,differentia=8+policy=RecencyProportionalResolution+target=512,<function upgma at 0x7f36763dfb80>
642,33,33,[32],482.5,25.0,Inner6,482.0,484.0,482.5,differentia=8+policy=RecencyProportionalResolution+target=512,<function upgma at 0x7f36763dfb80>
643,34,34,[33],501.0,18.5,4731,501.0,502.0,501.0,differentia=8+policy=RecencyProportionalResolution+target=512,<function upgma at 0x7f36763dfb80>
644,35,35,[33],501.0,18.5,4734,501.0,502.0,501.0,differentia=8+policy=RecencyProportionalResolution+target=512,<function upgma at 0x7f36763dfb80>
645,36,36,[32],457.5,0.0,Inner13,456.0,460.0,457.5,differentia=8+policy=RecencyProportionalResolution+target=512,<function upgma at 0x7f36763dfb80>
646,37,37,[36],457.5,0.0,Inner12,456.0,460.0,457.5,differentia=8+policy=RecencyProportionalResolution+target=512,<function upgma at 0x7f36763dfb80>
647,38,38,[37],497.0,39.5,4694,497.0,498.0,497.0,differentia=8+policy=RecencyProportionalResolution+target=512,<function upgma at 0x7f36763dfb80>
648,39,39,[37],478.5,21.0,Inner7,478.0,480.0,478.5,differentia=8+policy=RecencyProportionalResolution+target=512,<function upgma at 0x7f36763dfb80>
649,40,40,[39],497.0,18.5,4690,497.0,498.0,497.0,differentia=8+policy=RecencyProportionalResolution+target=512,<function upgma at 0x7f36763dfb80>
650,41,41,[39],501.0,22.5,4736,501.0,502.0,501.0,differentia=8+policy=RecencyProportionalResolution+target=512,<function upgma at 0x7f36763dfb80>
651,42,42,[36],487.0,29.5,Inner3,487.0,488.0,487.0,differentia=8+policy=RecencyProportionalResolution+target=512,<function upgma at 0x7f36763dfb80>
652,43,43,[42],491.0,4.0,Inner2,491.0,492.0,491.0,differentia=8+policy=RecencyProportionalResolution+target=512,<function upgma at 0x7f36763dfb80>
653,44,44,[43],498.0,7.0,4701,498.0,499.0,498.0,differentia=8+policy=RecencyProportionalResolution+target=512,<function upgma at 0x7f36763dfb80>
654,45,45,[43],499.0,8.0,4721,499.0,500.0,499.0,differentia=8+policy=RecencyProportionalResolution+target=512,<function upgma at 0x7f36763dfb80>
655,46,46,[42],501.0,14.0,4739,501.0,502.0,501.0,differentia=8+policy=RecencyProportionalResolution+target=512,<function upgma at 0x7f36763dfb80>
656,0,0,[None],127.5,127.5,Inner23,0.0,256.0,127.5,differentia=8+policy=RecencyProportionalResolution+target=64,<function upgma at 0x7f36763dfb80>
657,1,1,[0],463.5,336.0,Inner14,448.0,480.0,463.5,differentia=8+policy=RecencyProportionalResolution+target=64,<function upgma at 0x7f36763dfb80>
658,2,2,[1],501.0,37.5,4733,501.0,502.0,501.0,differentia=8+policy=RecencyProportionalResolution+target=64,<function upgma at 0x7f36763dfb80>
659,3,3,[1],501.0,37.5,4737,501.0,502.0,501.0,differentia=8+policy=RecencyProportionalResolution+target=64,<function upgma at 0x7f36763dfb80>
660,4,4,[0],127.5,0.0,Inner22,0.0,256.0,127.5,differentia=8+policy=RecencyProportionalResolution+target=64,<function upgma at 0x7f36763dfb80>
661,5,5,[4],127.5,0.0,Inner21,0.0,256.0,127.5,differentia=8+policy=RecencyProportionalResolution+target=64,<function upgma at 0x7f36763dfb80>
662,6,6,[5],319.5,192.0,Inner19,256.0,384.0,319.5,differentia=8+policy=RecencyProportionalResolution+target=64,<function upgma at 0x7f36763dfb80>
663,7,7,[6],487.0,167.5,Inner2,480.0,495.0,487.0,differentia=8+policy=RecencyProportionalResolution+target=64,<function upgma at 0x7f36763dfb80>
664,8,8,[7],495.0,8.0,4686,495.0,496.0,495.0,differentia=8+policy=RecencyProportionalResolution+target=64,<function upgma at 0x7f36763dfb80>
665,9,9,[7],496.5,9.5,Inner1,496.0,498.0,496.5,differentia=8+policy=RecencyProportionalResolution+target=64,<function upgma at 0x7f36763dfb80>
666,10,10,[9],499.0,2.5,4714,499.0,500.0,499.0,differentia=8+policy=RecencyProportionalResolution+target=64,<function upgma at 0x7f36763dfb80>
667,11,11,[9],500.0,3.5,4728,500.0,501.0,500.0,differentia=8+policy=RecencyProportionalResolution+target=64,<function upgma at 0x7f36763dfb80>
668,12,12,[6],319.5,0.0,Inner18,256.0,384.0,319.5,differentia=8+policy=RecencyProportionalResolution+target=64,<function upgma at 0x7f36763dfb80>
669,13,13,[12],415.5,96.0,Inner15,384.0,448.0,415.5,differentia=8+policy=RecencyProportionalResolution+target=64,<function upgma at 0x7f36763dfb80>
670,14,14,[13],490.0,74.5,4629,490.0,491.0,490.0,differentia=8+policy=RecencyProportionalResolution+target=64,<function upgma at 0x7f36763dfb80>
671,15,15,[13],499.0,83.5,4720,499.0,500.0,499.0,differentia=8+policy=RecencyProportionalResolution+target=64,<function upgma at 0x7f36763dfb80>
672,16,16,[12],462.0,142.5,Inner8,448.0,477.0,462.0,differentia=8+policy=RecencyProportionalResolution+target=64,<function upgma at 0x7f36763dfb80>
673,17,17,[16],462.0,0.0,Inner7,448.0,477.0,462.0,differentia=8+policy=RecencyProportionalResolution+target=64,<function upgma at 0x7f36763dfb80>
674,18,18,[17],477.0,15.0,4517,477.0,478.0,477.0,differentia=8+policy=RecencyProportionalResolution+target=64,<function upgma at 0x7f36763dfb80>
675,19,19,[17],489.0,27.0,4626,489.0,490.0,489.0,differentia=8+policy=RecencyProportionalResolution+target=64,<function upgma at 0x7f36763dfb80>
676,20,20,[16],501.0,39.0,4735,501.0,502.0,501.0,differentia=8+policy=RecencyProportionalResolution+target=64,<function upgma at 0x7f36763dfb80>
677,21,21,[5],415.5,288.0,Inner16,384.0,448.0,415.5,differentia=8+policy=RecencyProportionalResolution+target=64,<function upgma at 0x7f36763dfb80>
678,22,22,[21],498.0,82.5,4707,498.0,499.0,498.0,differentia=8+policy=RecencyProportionalResolution+target=64,<function upgma at 0x7f36763dfb80>
679,23,23,[21],482.5,67.0,Inner3,480.0,486.0,482.5,differentia=8+policy=RecencyProportionalResolution+target=64,<function upgma at 0x7f36763dfb80>
680,24,24,[23],486.0,3.5,4595,486.0,487.0,486.0,differentia=8+policy=RecencyProportionalResolution+target=64,<function upgma at 0x7f36763dfb80>
681,25,25,[23],501.0,18.5,4738,501.0,502.0,501.0,differentia=8+policy=RecencyProportionalResolution+target=64,<function upgma at 0x7f36763dfb80>
682,26,26,[4],319.5,192.0,Inner20,256.0,384.0,319.5,differentia=8+policy=RecencyProportionalResolution+target=64,<function upgma at 0x7f36763dfb80>
683,27,27,[26],463.5,144.0,Inner13,448.0,480.0,463.5,differentia=8+policy=RecencyProportionalResolution+target=64,<function upgma at 0x7f36763dfb80>
684,28,28,[27],501.0,37.5,4729,501.0,502.0,501.0,differentia=8+policy=RecencyProportionalResolution+target=64,<function upgma at 0x7f36763dfb80>
685,29,29,[27],501.0,37.5,4732,501.0,502.0,501.0,differentia=8+policy=RecencyProportionalResolution+target=64,<function upgma at 0x7f36763dfb80>
686,30,30,[26],415.5,96.0,Inner17,384.0,448.0,415.5,differentia=8+policy=RecencyProportionalResolution+target=64,<function upgma at 0x7f36763dfb80>
687,31,31,[30],501.0,85.5,4730,501.0,502.0,501.0,differentia=8+policy=RecencyProportionalResolution+target=64,<function upgma at 0x7f36763dfb80>
688,32,32,[30],463.5,48.0,Inner12,448.0,480.0,463.5,differentia=8+policy=RecencyProportionalResolution+target=64,<function upgma at 0x7f36763dfb80>
689,33,33,[32],487.5,24.0,Inner6,480.0,496.0,487.5,differentia=8+policy=RecencyProportionalResolution+target=64,<function upgma at 0x7f36763dfb80>
690,34,34,[33],501.0,13.5,4731,501.0,502.0,501.0,differentia=8+policy=RecencyProportionalResolution+target=64,<function upgma at 0x7f36763dfb80>
691,35,35,[33],501.0,13.5,4734,501.0,502.0,501.0,differentia=8+policy=RecencyProportionalResolution+target=64,<function upgma at 0x7f36763dfb80>
692,36,36,[32],463.5,0.0,Inner11,448.0,480.0,463.5,differentia=8+policy=RecencyProportionalResolution+target=64,<function upgma at 0x7f36763dfb80>
693,37,37,[36],501.0,37.5,4736,501.0,502.0,501.0,differentia=8+policy=RecencyProportionalResolution+target=64,<function upgma at 0x7f36763dfb80>
694,38,38,[36],463.5,0.0,Inner10,448.0,480.0,463.5,differentia=8+policy=RecencyProportionalResolution+target=64,<function upgma at 0x7f36763dfb80>
695,39,39,[38],463.5,0.0,Inner9,448.0,480.0,463.5,differentia=8+policy=RecencyProportionalResolution+target=64,<function upgma at 0x7f36763dfb80>
696,40,40,[39],497.0,33.5,4690,497.0,498.0,497.0,differentia=8+policy=RecencyProportionalResolution+target=64,<function upgma at 0x7f36763dfb80>
697,41,41,[39],497.0,33.5,4694,497.0,498.0,497.0,differentia=8+policy=RecencyProportionalResolution+target=64,<function upgma at 0x7f36763dfb80>
698,42,42,[38],487.5,24.0,Inner5,480.0,496.0,487.5,differentia=8+policy=RecencyProportionalResolution+target=64,<function upgma at 0x7f36763dfb80>
699,43,43,[42],487.5,0.0,Inner4,480.0,496.0,487.5,differentia=8+policy=RecencyProportionalResolution+target=64,<function upgma at 0x7f36763dfb80>
700,44,44,[43],498.0,10.5,4701,498.0,499.0,498.0,differentia=8+policy=RecencyProportionalResolution+target=64,<function upgma at 0x7f36763dfb80>
701,45,45,[43],499.0,11.5,4721,499.0,500.0,499.0,differentia=8+policy=RecencyProportionalResolution+target=64,<function upgma at 0x7f36763dfb80>
702,46,46,[42],501.0,13.5,4739,501.0,502.0,501.0,differentia=8+policy=RecencyProportionalResolution+target=64,<function upgma at 0x7f36763dfb80>
703,0,0,[None],0.0,0.0,Inner23,0.0,1.0,0.0,differentia=8+policy=TaperedDepthProportionalResolution+target=4096,<function upgma at 0x7f36763dfb80>
704,1,1,[0],89.0,89.0,Inner21,89.0,90.0,89.0,differentia=8+policy=TaperedDepthProportionalResolution+target=4096,<function upgma at 0x7f36763dfb80>
705,2,2,[1],353.0,264.0,Inner19,353.0,354.0,353.0,differentia=8+policy=TaperedDepthProportionalResolution+target=4096,<function upgma at 0x7f36763dfb80>
706,3,3,[2],484.0,131.0,Inner4,484.0,485.0,484.0,differentia=8+policy=TaperedDepthProportionalResolution+target=4096,<function upgma at 0x7f36763dfb80>
707,4,4,[3],495.0,11.0,4686,495.0,496.0,495.0,differentia=8+policy=TaperedDepthProportionalResolution+target=4096,<function upgma at 0x7f36763dfb80>
708,5,5,[3],497.0,13.0,Inner1,497.0,498.0,497.0,differentia=8+policy=TaperedDepthProportionalResolution+target=4096,<function upgma at 0x7f36763dfb80>
709,6,6,[5],499.0,2.0,4714,499.0,500.0,499.0,differentia=8+policy=TaperedDepthProportionalResolution+target=4096,<function upgma at 0x7f36763dfb80>
710,7,7,[5],500.0,3.0,4728,500.0,501.0,500.0,differentia=8+policy=TaperedDepthProportionalResolution+target=4096,<function upgma at 0x7f36763dfb80>
711,8,8,[2],353.0,0.0,Inner18,353.0,354.0,353.0,differentia=8+policy=TaperedDepthProportionalResolution+target=4096,<function upgma at 0x7f36763dfb80>
712,9,9,[8],430.0,77.0,Inner15,430.0,431.0,430.0,differentia=8+policy=TaperedDepthProportionalResolution+target=4096,<function upgma at 0x7f36763dfb80>
713,10,10,[9],490.0,60.0,4629,490.0,491.0,490.0,differentia=8+policy=TaperedDepthProportionalResolution+target=4096,<function upgma at 0x7f36763dfb80>
714,11,11,[9],499.0,69.0,4720,499.0,500.0,499.0,differentia=8+policy=TaperedDepthProportionalResolution+target=4096,<function upgma at 0x7f36763dfb80>
715,12,12,[8],463.0,110.0,Inner11,463.0,464.0,463.0,differentia=8+policy=TaperedDepthProportionalResolution+target=4096,<function upgma at 0x7f36763dfb80>
716,13,13,[12],463.0,0.0,Inner7,463.0,464.0,463.0,differentia=8+policy=TaperedDepthProportionalResolution+target=4096,<function upgma at 0x7f36763dfb80>
717,14,14,[13],477.0,14.0,4517,477.0,478.0,477.0,differentia=8+policy=TaperedDepthProportionalResolution+target=4096,<function upgma at 0x7f36763dfb80>
718,15,15,[13],489.0,26.0,4626,489.0,490.0,489.0,differentia=8+policy=TaperedDepthProportionalResolution+target=4096,<function upgma at 0x7f36763dfb80>
719,16,16,[12],501.0,38.0,4735,501.0,502.0,501.0,differentia=8+policy=TaperedDepthProportionalResolution+target=4096,<function upgma at 0x7f36763dfb80>
720,17,17,[1],476.0,387.0,Inner10,476.0,477.0,476.0,differentia=8+policy=TaperedDepthProportionalResolution+target=4096,<function upgma at 0x7f36763dfb80>
721,18,18,[17],501.0,25.0,4733,501.0,502.0,501.0,differentia=8+policy=TaperedDepthProportionalResolution+target=4096,<function upgma at 0x7f36763dfb80>
722,19,19,[17],501.0,25.0,4737,501.0,502.0,501.0,differentia=8+policy=TaperedDepthProportionalResolution+target=4096,<function upgma at 0x7f36763dfb80>
723,20,20,[0],5.0,5.0,Inner22,5.0,6.0,5.0,differentia=8+policy=TaperedDepthProportionalResolution+target=4096,<function upgma at 0x7f36763dfb80>
724,21,21,[20],424.0,419.0,Inner16,424.0,425.0,424.0,differentia=8+policy=TaperedDepthProportionalResolution+target=4096,<function upgma at 0x7f36763dfb80>
725,22,22,[21],498.0,74.0,4707,498.0,499.0,498.0,differentia=8+policy=TaperedDepthProportionalResolution+target=4096,<function upgma at 0x7f36763dfb80>
726,23,23,[21],480.0,56.0,Inner5,480.0,481.0,480.0,differentia=8+policy=TaperedDepthProportionalResolution+target=4096,<function upgma at 0x7f36763dfb80>
727,24,24,[23],486.0,6.0,4595,486.0,487.0,486.0,differentia=8+policy=TaperedDepthProportionalResolution+target=4096,<function upgma at 0x7f36763dfb80>
728,25,25,[23],501.0,21.0,4738,501.0,502.0,501.0,differentia=8+policy=TaperedDepthProportionalResolution+target=4096,<function upgma at 0x7f36763dfb80>
729,26,26,[20],329.0,324.0,Inner20,329.0,330.0,329.0,differentia=8+policy=TaperedDepthProportionalResolution+target=4096,<function upgma at 0x7f36763dfb80>
730,27,27,[26],479.0,150.0,Inner9,479.0,480.0,479.0,differentia=8+policy=TaperedDepthProportionalResolution+target=4096,<function upgma at 0x7f36763dfb80>
731,28,28,[27],501.0,22.0,4729,501.0,502.0,501.0,differentia=8+policy=TaperedDepthProportionalResolution+target=4096,<function upgma at 0x7f36763dfb80>
732,29,29,[27],501.0,22.0,4732,501.0,502.0,501.0,differentia=8+policy=TaperedDepthProportionalResolution+target=4096,<function upgma at 0x7f36763dfb80>
733,30,30,[26],389.0,60.0,Inner17,389.0,390.0,389.0,differentia=8+policy=TaperedDepthProportionalResolution+target=4096,<function upgma at 0x7f36763dfb80>
734,31,31,[30],501.0,112.0,4730,501.0,502.0,501.0,differentia=8+policy=TaperedDepthProportionalResolution+target=4096,<function upgma at 0x7f36763dfb80>
735,32,32,[30],456.0,67.0,Inner14,456.0,457.0,456.0,differentia=8+policy=TaperedDepthProportionalResolution+target=4096,<function upgma at 0x7f36763dfb80>
736,33,33,[32],482.0,26.0,Inner6,482.0,483.0,482.0,differentia=8+policy=TaperedDepthProportionalResolution+target=4096,<function upgma at 0x7f36763dfb80>
737,34,34,[33],501.0,19.0,4731,501.0,502.0,501.0,differentia=8+policy=TaperedDepthProportionalResolution+target=4096,<function upgma at 0x7f36763dfb80>
738,35,35,[33],501.0,19.0,4734,501.0,502.0,501.0,differentia=8+policy=TaperedDepthProportionalResolution+target=4096,<function upgma at 0x7f36763dfb80>
739,36,36,[32],456.0,0.0,Inner13,456.0,457.0,456.0,differentia=8+policy=TaperedDepthProportionalResolution+target=4096,<function upgma at 0x7f36763dfb80>
740,37,37,[36],478.0,22.0,Inner8,478.0,479.0,478.0,differentia=8+policy=TaperedDepthProportionalResolution+target=4096,<function upgma at 0x7f36763dfb80>
741,38,38,[37],497.0,19.0,4690,497.0,498.0,497.0,differentia=8+policy=TaperedDepthProportionalResolution+target=4096,<function upgma at 0x7f36763dfb80>
742,39,39,[37],501.0,23.0,4736,501.0,502.0,501.0,differentia=8+policy=TaperedDepthProportionalResolution+target=4096,<function upgma at 0x7f36763dfb80>
743,40,40,[36],458.0,2.0,Inner12,458.0,459.0,458.0,differentia=8+policy=TaperedDepthProportionalResolution+target=4096,<function upgma at 0x7f36763dfb80>
744,41,41,[40],497.0,39.0,4694,497.0,498.0,497.0,differentia=8+policy=TaperedDepthProportionalResolution+target=4096,<function upgma at 0x7f36763dfb80>
745,42,42,[40],487.0,29.0,Inner3,487.0,488.0,487.0,differentia=8+policy=TaperedDepthProportionalResolution+target=4096,<function upgma at 0x7f36763dfb80>
746,43,43,[42],491.0,4.0,Inner2,491.0,492.0,491.0,differentia=8+policy=TaperedDepthProportionalResolution+target=4096,<function upgma at 0x7f36763dfb80>
747,44,44,[43],498.0,7.0,4701,498.0,499.0,498.0,differentia=8+policy=TaperedDepthProportionalResolution+target=4096,<function upgma at 0x7f36763dfb80>
748,45,45,[43],499.0,8.0,4721,499.0,500.0,499.0,differentia=8+policy=TaperedDepthProportionalResolution+target=4096,<function upgma at 0x7f36763dfb80>
749,46,46,[42],501.0,14.0,4739,501.0,502.0,501.0,differentia=8+policy=TaperedDepthProportionalResolution+target=4096,<function upgma at 0x7f36763dfb80>
750,0,0,[None],3.5,3.5,Inner22,0.0,8.0,3.5,differentia=8+policy=TaperedDepthProportionalResolution+target=512,<function upgma at 0x7f36763dfb80>
751,1,1,[0],91.5,88.0,Inner21,88.0,96.0,91.5,differentia=8+policy=TaperedDepthProportionalResolution+target=512,<function upgma at 0x7f36763dfb80>
752,2,2,[1],355.5,264.0,Inner19,352.0,360.0,355.5,differentia=8+policy=TaperedDepthProportionalResolution+target=512,<function upgma at 0x7f36763dfb80>
753,3,3,[2],483.5,128.0,Inner4,480.0,488.0,483.5,differentia=8+policy=TaperedDepthProportionalResolution+target=512,<function upgma at 0x7f36763dfb80>
754,4,4,[3],495.0,11.5,4686,495.0,496.0,495.0,differentia=8+policy=TaperedDepthProportionalResolution+target=512,<function upgma at 0x7f36763dfb80>
755,5,5,[3],497.0,13.5,Inner1,496.0,499.0,497.0,differentia=8+policy=TaperedDepthProportionalResolution+target=512,<function upgma at 0x7f36763dfb80>
756,6,6,[5],499.0,2.0,4714,499.0,500.0,499.0,differentia=8+policy=TaperedDepthProportionalResolution+target=512,<function upgma at 0x7f36763dfb80>
757,7,7,[5],500.0,3.0,4728,500.0,501.0,500.0,differentia=8+policy=TaperedDepthProportionalResolution+target=512,<function upgma at 0x7f36763dfb80>
758,8,8,[2],355.5,0.0,Inner18,352.0,360.0,355.5,differentia=8+policy=TaperedDepthProportionalResolution+target=512,<function upgma at 0x7f36763dfb80>
759,9,9,[8],427.5,72.0,Inner15,424.0,432.0,427.5,differentia=8+policy=TaperedDepthProportionalResolution+target=512,<function upgma at 0x7f36763dfb80>
760,10,10,[9],490.0,62.5,4629,490.0,491.0,490.0,differentia=8+policy=TaperedDepthProportionalResolution+target=512,<function upgma at 0x7f36763dfb80>
761,11,11,[9],499.0,71.5,4720,499.0,500.0,499.0,differentia=8+policy=TaperedDepthProportionalResolution+target=512,<function upgma at 0x7f36763dfb80>
762,12,12,[8],459.5,104.0,Inner11,456.0,464.0,459.5,differentia=8+policy=TaperedDepthProportionalResolution+target=512,<function upgma at 0x7f36763dfb80>
763,13,13,[12],459.5,0.0,Inner8,456.0,464.0,459.5,differentia=8+policy=TaperedDepthProportionalResolution+target=512,<function upgma at 0x7f36763dfb80>
764,14,14,[13],477.0,17.5,4517,477.0,478.0,477.0,differentia=8+policy=TaperedDepthProportionalResolution+target=512,<function upgma at 0x7f36763dfb80>
765,15,15,[13],489.0,29.5,4626,489.0,490.0,489.0,differentia=8+policy=TaperedDepthProportionalResolution+target=512,<function upgma at 0x7f36763dfb80>
766,16,16,[12],501.0,41.5,4735,501.0,502.0,501.0,differentia=8+policy=TaperedDepthProportionalResolution+target=512,<function upgma at 0x7f36763dfb80>
767,17,17,[1],475.5,384.0,Inner10,472.0,480.0,475.5,differentia=8+policy=TaperedDepthProportionalResolution+target=512,<function upgma at 0x7f36763dfb80>
768,18,18,[17],501.0,25.5,4733,501.0,502.0,501.0,differentia=8+policy=TaperedDepthProportionalResolution+target=512,<function upgma at 0x7f36763dfb80>
769,19,19,[17],501.0,25.5,4737,501.0,502.0,501.0,differentia=8+policy=TaperedDepthProportionalResolution+target=512,<function upgma at 0x7f36763dfb80>
770,20,20,[0],427.5,424.0,Inner16,424.0,432.0,427.5,differentia=8+policy=TaperedDepthProportionalResolution+target=512,<function upgma at 0x7f36763dfb80>
771,21,21,[20],498.0,70.5,4707,498.0,499.0,498.0,differentia=8+policy=TaperedDepthProportionalResolution+target=512,<function upgma at 0x7f36763dfb80>
772,22,22,[20],482.5,55.0,Inner3,480.0,486.0,482.5,differentia=8+policy=TaperedDepthProportionalResolution+target=512,<function upgma at 0x7f36763dfb80>
773,23,23,[22],486.0,3.5,4595,486.0,487.0,486.0,differentia=8+policy=TaperedDepthProportionalResolution+target=512,<function upgma at 0x7f36763dfb80>
774,24,24,[22],501.0,18.5,4738,501.0,502.0,501.0,differentia=8+policy=TaperedDepthProportionalResolution+target=512,<function upgma at 0x7f36763dfb80>
775,25,25,[0],331.5,328.0,Inner20,328.0,336.0,331.5,differentia=8+policy=TaperedDepthProportionalResolution+target=512,<function upgma at 0x7f36763dfb80>
776,26,26,[25],475.5,144.0,Inner9,472.0,480.0,475.5,differentia=8+policy=TaperedDepthProportionalResolution+target=512,<function upgma at 0x7f36763dfb80>
777,27,27,[26],501.0,25.5,4729,501.0,502.0,501.0,differentia=8+policy=TaperedDepthProportionalResolution+target=512,<function upgma at 0x7f36763dfb80>
778,28,28,[26],501.0,25.5,4732,501.0,502.0,501.0,differentia=8+policy=TaperedDepthProportionalResolution+target=512,<function upgma at 0x7f36763dfb80>
779,29,29,[25],387.5,56.0,Inner17,384.0,392.0,387.5,differentia=8+policy=TaperedDepthProportionalResolution+target=512,<function upgma at 0x7f36763dfb80>
780,30,30,[29],501.0,113.5,4730,501.0,502.0,501.0,differentia=8+policy=TaperedDepthProportionalResolution+target=512,<function upgma at 0x7f36763dfb80>
781,31,31,[29],459.5,72.0,Inner14,456.0,464.0,459.5,differentia=8+policy=TaperedDepthProportionalResolution+target=512,<function upgma at 0x7f36763dfb80>
782,32,32,[31],483.5,24.0,Inner6,480.0,488.0,483.5,differentia=8+policy=TaperedDepthProportionalResolution+target=512,<function upgma at 0x7f36763dfb80>
783,33,33,[32],501.0,17.5,4731,501.0,502.0,501.0,differentia=8+policy=TaperedDepthProportionalResolution+target=512,<function upgma at 0x7f36763dfb80>
784,34,34,[32],501.0,17.5,4734,501.0,502.0,501.0,differentia=8+policy=TaperedDepthProportionalResolution+target=512,<function upgma at 0x7f36763dfb80>
785,35,35,[31],459.5,0.0,Inner13,456.0,464.0,459.5,differentia=8+policy=TaperedDepthProportionalResolution+target=512,<function upgma at 0x7f36763dfb80>
786,36,36,[35],459.5,0.0,Inner12,456.0,464.0,459.5,differentia=8+policy=TaperedDepthProportionalResolution+target=512,<function upgma at 0x7f36763dfb80>
787,37,37,[36],497.0,37.5,4694,497.0,498.0,497.0,differentia=8+policy=TaperedDepthProportionalResolution+target=512,<function upgma at 0x7f36763dfb80>
788,38,38,[36],475.5,16.0,Inner7,472.0,480.0,475.5,differentia=8+policy=TaperedDepthProportionalResolution+target=512,<function upgma at 0x7f36763dfb80>
789,39,39,[38],497.0,21.5,4690,497.0,498.0,497.0,differentia=8+policy=TaperedDepthProportionalResolution+target=512,<function upgma at 0x7f36763dfb80>
790,40,40,[38],501.0,25.5,4736,501.0,502.0,501.0,differentia=8+policy=TaperedDepthProportionalResolution+target=512,<function upgma at 0x7f36763dfb80>
791,41,41,[35],483.5,24.0,Inner5,480.0,488.0,483.5,differentia=8+policy=TaperedDepthProportionalResolution+target=512,<function upgma at 0x7f36763dfb80>
792,42,42,[41],491.5,8.0,Inner2,488.0,496.0,491.5,differentia=8+policy=TaperedDepthProportionalResolution+target=512,<function upgma at 0x7f36763dfb80>
793,43,43,[42],498.0,6.5,4701,498.0,499.0,498.0,differentia=8+policy=TaperedDepthProportionalResolution+target=512,<function upgma at 0x7f36763dfb80>
794,44,44,[42],499.0,7.5,4721,499.0,500.0,499.0,differentia=8+policy=TaperedDepthProportionalResolution+target=512,<function upgma at 0x7f36763dfb80>
795,45,45,[41],501.0,17.5,4739,501.0,502.0,501.0,differentia=8+policy=TaperedDepthProportionalResolution+target=512,<function upgma at 0x7f36763dfb80>
796,0,0,[None],63.5,63.5,Inner23,0.0,128.0,63.5,differentia=8+policy=TaperedDepthProportionalResolution+target=64,<function upgma at 0x7f36763dfb80>
797,1,1,[0],473.5,410.0,Inner14,448.0,500.0,473.5,differentia=8+policy=TaperedDepthProportionalResolution+target=64,<function upgma at 0x7f36763dfb80>
798,2,2,[1],501.0,27.5,4733,501.0,502.0,501.0,differentia=8+policy=TaperedDepthProportionalResolution+target=64,<function upgma at 0x7f36763dfb80>
799,3,3,[1],501.0,27.5,4737,501.0,502.0,501.0,differentia=8+policy=TaperedDepthProportionalResolution+target=64,<function upgma at 0x7f36763dfb80>
800,4,4,[0],63.5,0.0,Inner22,0.0,128.0,63.5,differentia=8+policy=TaperedDepthProportionalResolution+target=64,<function upgma at 0x7f36763dfb80>
801,5,5,[4],63.5,0.0,Inner21,0.0,128.0,63.5,differentia=8+policy=TaperedDepthProportionalResolution+target=64,<function upgma at 0x7f36763dfb80>
802,6,6,[5],351.5,288.0,Inner19,320.0,384.0,351.5,differentia=8+policy=TaperedDepthProportionalResolution+target=64,<function upgma at 0x7f36763dfb80>
803,7,7,[6],471.0,119.5,Inner6,448.0,495.0,471.0,differentia=8+policy=TaperedDepthProportionalResolution+target=64,<function upgma at 0x7f36763dfb80>
804,8,8,[7],471.0,0.0,Inner5,448.0,495.0,471.0,differentia=8+policy=TaperedDepthProportionalResolution+target=64,<function upgma at 0x7f36763dfb80>
805,9,9,[8],495.0,24.0,4686,495.0,496.0,495.0,differentia=8+policy=TaperedDepthProportionalResolution+target=64,<function upgma at 0x7f36763dfb80>
806,10,10,[8],499.0,28.0,4714,499.0,500.0,499.0,differentia=8+policy=TaperedDepthProportionalResolution+target=64,<function upgma at 0x7f36763dfb80>
807,11,11,[7],500.0,29.0,4728,500.0,501.0,500.0,differentia=8+policy=TaperedDepthProportionalResolution+target=64,<function upgma at 0x7f36763dfb80>
808,12,12,[6],351.5,0.0,Inner18,320.0,384.0,351.5,differentia=8+policy=TaperedDepthProportionalResolution+target=64,<function upgma at 0x7f36763dfb80>
809,13,13,[12],415.5,64.0,Inner15,384.0,448.0,415.5,differentia=8+policy=TaperedDepthProportionalResolution+target=64,<function upgma at 0x7f36763dfb80>
810,14,14,[13],490.0,74.5,4629,490.0,491.0,490.0,differentia=8+policy=TaperedDepthProportionalResolution+target=64,<function upgma at 0x7f36763dfb80>
811,15,15,[13],499.0,83.5,4720,499.0,500.0,499.0,differentia=8+policy=TaperedDepthProportionalResolution+target=64,<function upgma at 0x7f36763dfb80>
812,16,16,[12],462.0,110.5,Inner9,448.0,477.0,462.0,differentia=8+policy=TaperedDepthProportionalResolution+target=64,<function upgma at 0x7f36763dfb80>
813,17,17,[16],462.0,0.0,Inner1,448.0,477.0,462.0,differentia=8+policy=TaperedDepthProportionalResolution+target=64,<function upgma at 0x7f36763dfb80>
814,18,18,[17],477.0,15.0,4517,477.0,478.0,477.0,differentia=8+policy=TaperedDepthProportionalResolution+target=64,<function upgma at 0x7f36763dfb80>
815,19,19,[17],489.0,27.0,4626,489.0,490.0,489.0,differentia=8+policy=TaperedDepthProportionalResolution+target=64,<function upgma at 0x7f36763dfb80>
816,20,20,[16],501.0,39.0,4735,501.0,502.0,501.0,differentia=8+policy=TaperedDepthProportionalResolution+target=64,<function upgma at 0x7f36763dfb80>
817,21,21,[5],415.5,352.0,Inner16,384.0,448.0,415.5,differentia=8+policy=TaperedDepthProportionalResolution+target=64,<function upgma at 0x7f36763dfb80>
818,22,22,[21],498.0,82.5,4707,498.0,499.0,498.0,differentia=8+policy=TaperedDepthProportionalResolution+target=64,<function upgma at 0x7f36763dfb80>
819,23,23,[21],466.5,51.0,Inner7,448.0,486.0,466.5,differentia=8+policy=TaperedDepthProportionalResolution+target=64,<function upgma at 0x7f36763dfb80>
820,24,24,[23],486.0,19.5,4595,486.0,487.0,486.0,differentia=8+policy=TaperedDepthProportionalResolution+target=64,<function upgma at 0x7f36763dfb80>
821,25,25,[23],501.0,34.5,4738,501.0,502.0,501.0,differentia=8+policy=TaperedDepthProportionalResolution+target=64,<function upgma at 0x7f36763dfb80>
822,26,26,[4],351.5,288.0,Inner20,320.0,384.0,351.5,differentia=8+policy=TaperedDepthProportionalResolution+target=64,<function upgma at 0x7f36763dfb80>
823,27,27,[26],473.5,122.0,Inner13,448.0,500.0,473.5,differentia=8+policy=TaperedDepthProportionalResolution+target=64,<function upgma at 0x7f36763dfb80>
824,28,28,[27],501.0,27.5,4729,501.0,502.0,501.0,differentia=8+policy=TaperedDepthProportionalResolution+target=64,<function upgma at 0x7f36763dfb80>
825,29,29,[27],501.0,27.5,4732,501.0,502.0,501.0,differentia=8+policy=TaperedDepthProportionalResolution+target=64,<function upgma at 0x7f36763dfb80>
826,30,30,[26],415.5,64.0,Inner17,384.0,448.0,415.5,differentia=8+policy=TaperedDepthProportionalResolution+target=64,<function upgma at 0x7f36763dfb80>
827,31,31,[30],501.0,85.5,4730,501.0,502.0,501.0,differentia=8+policy=TaperedDepthProportionalResolution+target=64,<function upgma at 0x7f36763dfb80>
828,32,32,[30],472.0,56.5,Inner12,448.0,497.0,472.0,differentia=8+policy=TaperedDepthProportionalResolution+target=64,<function upgma at 0x7f36763dfb80>
829,33,33,[32],501.0,29.0,4734,501.0,502.0,501.0,differentia=8+policy=TaperedDepthProportionalResolution+target=64,<function upgma at 0x7f36763dfb80>
830,34,34,[32],472.0,0.0,Inner11,448.0,497.0,472.0,differentia=8+policy=TaperedDepthProportionalResolution+target=64,<function upgma at 0x7f36763dfb80>
831,35,35,[34],501.0,29.0,4731,501.0,502.0,501.0,differentia=8+policy=TaperedDepthProportionalResolution+target=64,<function upgma at 0x7f36763dfb80>
832,36,36,[34],472.0,0.0,Inner10,448.0,497.0,472.0,differentia=8+policy=TaperedDepthProportionalResolution+target=64,<function upgma at 0x7f36763dfb80>
833,37,37,[36],501.0,29.0,4736,501.0,502.0,501.0,differentia=8+policy=TaperedDepthProportionalResolution+target=64,<function upgma at 0x7f36763dfb80>
834,38,38,[36],472.0,0.0,Inner8,448.0,497.0,472.0,differentia=8+policy=TaperedDepthProportionalResolution+target=64,<function upgma at 0x7f36763dfb80>
835,39,39,[38],472.0,0.0,Inner4,448.0,497.0,472.0,differentia=8+policy=TaperedDepthProportionalResolution+target=64,<function upgma at 0x7f36763dfb80>
836,40,40,[39],471.5,-0.5,Inner3,448.0,496.0,471.5,differentia=8+policy=TaperedDepthProportionalResolution+target=64,<function upgma at 0x7f36763dfb80>
837,41,41,[40],497.0,25.5,4690,497.0,498.0,497.0,differentia=8+policy=TaperedDepthProportionalResolution+target=64,<function upgma at 0x7f36763dfb80>
838,42,42,[40],472.0,0.5,Inner2,448.0,497.0,472.0,differentia=8+policy=TaperedDepthProportionalResolution+target=64,<function upgma at 0x7f36763dfb80>
839,43,43,[42],497.0,25.0,4694,497.0,498.0,497.0,differentia=8+policy=TaperedDepthProportionalResolution+target=64,<function upgma at 0x7f36763dfb80>
840,44,44,[42],498.0,26.0,4701,498.0,499.0,498.0,differentia=8+policy=TaperedDepthProportionalResolution+target=64,<function upgma at 0x7f36763dfb80>
841,45,45,[39],499.0,27.0,4721,499.0,500.0,499.0,differentia=8+policy=TaperedDepthProportionalResolution+target=64,<function upgma at 0x7f36763dfb80>
842,46,46,[38],501.0,29.0,4739,501.0,502.0,501.0,differentia=8+policy=TaperedDepthProportionalResolution+target=64,<function upgma at 0x7f36763dfb80>
