,index,id,ancestor_list,origin_time,branch_length,name,Origin Time Lower Bound (Inclusive),Origin Time Upper Bound (Exclusive),Origin Time Estimate,Treatment,Algorithm
0,0,0,[None],2941.0,2941.0,Inner136,2939,2944,2941.0,differentia=1+policy=RecencyProportionalResolution+target=4096,<function upgma at 0x7fcf41625160>
1,1,1,[0],2981.0,40.0,Inner128,2979,2984,2981.0,differentia=1+policy=RecencyProportionalResolution+target=4096,<function upgma at 0x7fcf41625160>
2,2,2,[1],3000.0,19.0,285894,3000,3001,3000.0,differentia=1+policy=RecencyProportionalResolution+target=4096,<function upgma at 0x7fcf41625160>
3,3,3,[1],3001.0,20.0,286033,3001,3002,3001.0,differentia=1+policy=RecencyProportionalResolution+target=4096,<function upgma at 0x7fcf41625160>
4,4,4,[0],2945.0,4.0,Inner135,2943,2948,2945.0,differentia=1+policy=RecencyProportionalResolution+target=4096,<function upgma at 0x7fcf41625160>
5,5,5,[4],2988.0,43.0,Inner115,2986,2991,2988.0,differentia=1+policy=RecencyProportionalResolution+target=4096,<function upgma at 0x7fcf41625160>
6,6,6,[5],2989.0,1.0,Inner107,2987,2992,2989.0,differentia=1+policy=RecencyProportionalResolution+target=4096,<function upgma at 0x7fcf41625160>
7,7,7,[6],2990.0,1.0,Inner94,2988,2993,2990.0,differentia=1+policy=RecencyProportionalResolution+target=4096,<function upgma at 0x7fcf41625160>
8,8,8,[7],2991.0,1.0,Inner82,2989,2994,2991.0,differentia=1+policy=RecencyProportionalResolution+target=4096,<function upgma at 0x7fcf41625160>
9,9,9,[8],2992.0,1.0,Inner66,2990,2995,2992.0,differentia=1+policy=RecencyProportionalResolution+target=4096,<function upgma at 0x7fcf41625160>
10,10,10,[9],2995.0,3.0,Inner15,2993,2998,2995.0,differentia=1+policy=RecencyProportionalResolution+target=4096,<function upgma at 0x7fcf41625160>
11,11,11,[10],3001.0,6.0,285999,3001,3002,3001.0,differentia=1+policy=RecencyProportionalResolution+target=4096,<function upgma at 0x7fcf41625160>
12,12,12,[10],3001.0,6.0,286008,3001,3002,3001.0,differentia=1+policy=RecencyProportionalResolution+target=4096,<function upgma at 0x7fcf41625160>
13,13,13,[9],3001.0,9.0,286030,3001,3002,3001.0,differentia=1+policy=RecencyProportionalResolution+target=4096,<function upgma at 0x7fcf41625160>
14,14,14,[8],2992.0,1.0,Inner67,2990,2995,2992.0,differentia=1+policy=RecencyProportionalResolution+target=4096,<function upgma at 0x7fcf41625160>
15,15,15,[14],2995.0,3.0,Inner17,2993,2998,2995.0,differentia=1+policy=RecencyProportionalResolution+target=4096,<function upgma at 0x7fcf41625160>
16,16,16,[15],3001.0,6.0,285990,3001,3002,3001.0,differentia=1+policy=RecencyProportionalResolution+target=4096,<function upgma at 0x7fcf41625160>
17,17,17,[15],3001.0,6.0,286002,3001,3002,3001.0,differentia=1+policy=RecencyProportionalResolution+target=4096,<function upgma at 0x7fcf41625160>
18,18,18,[14],3001.0,9.0,286035,3001,3002,3001.0,differentia=1+policy=RecencyProportionalResolution+target=4096,<function upgma at 0x7fcf41625160>
19,19,19,[7],2992.0,2.0,Inner71,2990,2995,2992.0,differentia=1+policy=RecencyProportionalResolution+target=4096,<function upgma at 0x7fcf41625160>
20,20,20,[19],3001.0,9.0,286056,3001,3002,3001.0,differentia=1+policy=RecencyProportionalResolution+target=4096,<function upgma at 0x7fcf41625160>
21,21,21,[19],2993.0,1.0,Inner52,2991,2996,2993.0,differentia=1+policy=RecencyProportionalResolution+target=4096,<function upgma at 0x7fcf41625160>
22,22,22,[21],3001.0,8.0,286016,3001,3002,3001.0,differentia=1+policy=RecencyProportionalResolution+target=4096,<function upgma at 0x7fcf41625160>
23,23,23,[21],3001.0,8.0,286077,3001,3002,3001.0,differentia=1+policy=RecencyProportionalResolution+target=4096,<function upgma at 0x7fcf41625160>
24,24,24,[6],2990.0,1.0,Inner95,2988,2993,2990.0,differentia=1+policy=RecencyProportionalResolution+target=4096,<function upgma at 0x7fcf41625160>
25,25,25,[24],2991.0,1.0,Inner81,2989,2994,2991.0,differentia=1+policy=RecencyProportionalResolution+target=4096,<function upgma at 0x7fcf41625160>
26,26,26,[25],2992.0,1.0,Inner65,2990,2995,2992.0,differentia=1+policy=RecencyProportionalResolution+target=4096,<function upgma at 0x7fcf41625160>
27,27,27,[26],3001.0,9.0,285984,3001,3002,3001.0,differentia=1+policy=RecencyProportionalResolution+target=4096,<function upgma at 0x7fcf41625160>
28,28,28,[26],2995.0,3.0,Inner18,2993,2998,2995.0,differentia=1+policy=RecencyProportionalResolution+target=4096,<function upgma at 0x7fcf41625160>
29,29,29,[28],2996.0,1.0,Inner11,2994,2999,2996.0,differentia=1+policy=RecencyProportionalResolution+target=4096,<function upgma at 0x7fcf41625160>
30,30,30,[29],3001.0,5.0,285982,3001,3002,3001.0,differentia=1+policy=RecencyProportionalResolution+target=4096,<function upgma at 0x7fcf41625160>
31,31,31,[29],3001.0,5.0,285991,3001,3002,3001.0,differentia=1+policy=RecencyProportionalResolution+target=4096,<function upgma at 0x7fcf41625160>
32,32,32,[28],3001.0,6.0,285998,3001,3002,3001.0,differentia=1+policy=RecencyProportionalResolution+target=4096,<function upgma at 0x7fcf41625160>
33,33,33,[25],2992.0,1.0,Inner69,2990,2995,2992.0,differentia=1+policy=RecencyProportionalResolution+target=4096,<function upgma at 0x7fcf41625160>
34,34,34,[33],2995.0,3.0,Inner19,2993,2998,2995.0,differentia=1+policy=RecencyProportionalResolution+target=4096,<function upgma at 0x7fcf41625160>
35,35,35,[34],3001.0,6.0,285996,3001,3002,3001.0,differentia=1+policy=RecencyProportionalResolution+target=4096,<function upgma at 0x7fcf41625160>
36,36,36,[34],3001.0,6.0,286025,3001,3002,3001.0,differentia=1+policy=RecencyProportionalResolution+target=4096,<function upgma at 0x7fcf41625160>
37,37,37,[33],3001.0,9.0,286076,3001,3002,3001.0,differentia=1+policy=RecencyProportionalResolution+target=4096,<function upgma at 0x7fcf41625160>
38,38,38,[24],2991.0,1.0,Inner83,2989,2994,2991.0,differentia=1+policy=RecencyProportionalResolution+target=4096,<function upgma at 0x7fcf41625160>
39,39,39,[38],2992.0,1.0,Inner64,2990,2995,2992.0,differentia=1+policy=RecencyProportionalResolution+target=4096,<function upgma at 0x7fcf41625160>
40,40,40,[39],3001.0,9.0,285989,3001,3002,3001.0,differentia=1+policy=RecencyProportionalResolution+target=4096,<function upgma at 0x7fcf41625160>
41,41,41,[39],2997.0,5.0,Inner7,2995,3000,2997.0,differentia=1+policy=RecencyProportionalResolution+target=4096,<function upgma at 0x7fcf41625160>
42,42,42,[41],3001.0,4.0,286012,3001,3002,3001.0,differentia=1+policy=RecencyProportionalResolution+target=4096,<function upgma at 0x7fcf41625160>
43,43,43,[41],3001.0,4.0,286065,3001,3002,3001.0,differentia=1+policy=RecencyProportionalResolution+target=4096,<function upgma at 0x7fcf41625160>
44,44,44,[38],2995.0,4.0,Inner21,2993,2998,2995.0,differentia=1+policy=RecencyProportionalResolution+target=4096,<function upgma at 0x7fcf41625160>
45,45,45,[44],3001.0,6.0,286027,3001,3002,3001.0,differentia=1+policy=RecencyProportionalResolution+target=4096,<function upgma at 0x7fcf41625160>
46,46,46,[44],3001.0,6.0,286081,3001,3002,3001.0,differentia=1+policy=RecencyProportionalResolution+target=4096,<function upgma at 0x7fcf41625160>
47,47,47,[5],2989.0,1.0,Inner104,2987,2992,2989.0,differentia=1+policy=RecencyProportionalResolution+target=4096,<function upgma at 0x7fcf41625160>
48,48,48,[47],2990.0,1.0,Inner86,2988,2993,2990.0,differentia=1+policy=RecencyProportionalResolution+target=4096,<function upgma at 0x7fcf41625160>
49,49,49,[48],2991.0,1.0,Inner77,2989,2994,2991.0,differentia=1+policy=RecencyProportionalResolution+target=4096,<function upgma at 0x7fcf41625160>
50,50,50,[49],3001.0,10.0,286024,3001,3002,3001.0,differentia=1+policy=RecencyProportionalResolution+target=4096,<function upgma at 0x7fcf41625160>
51,51,51,[49],2992.0,1.0,Inner59,2990,2995,2992.0,differentia=1+policy=RecencyProportionalResolution+target=4096,<function upgma at 0x7fcf41625160>
52,52,52,[51],2994.0,2.0,Inner30,2992,2997,2994.0,differentia=1+policy=RecencyProportionalResolution+target=4096,<function upgma at 0x7fcf41625160>
53,53,53,[52],3000.0,6.0,285980,3000,3001,3000.0,differentia=1+policy=RecencyProportionalResolution+target=4096,<function upgma at 0x7fcf41625160>
54,54,54,[52],3001.0,7.0,286026,3001,3002,3001.0,differentia=1+policy=RecencyProportionalResolution+target=4096,<function upgma at 0x7fcf41625160>
55,55,55,[51],2995.0,3.0,Inner20,2993,2998,2995.0,differentia=1+policy=RecencyProportionalResolution+target=4096,<function upgma at 0x7fcf41625160>
56,56,56,[55],2996.0,1.0,Inner10,2994,2999,2996.0,differentia=1+policy=RecencyProportionalResolution+target=4096,<function upgma at 0x7fcf41625160>
57,57,57,[56],3001.0,5.0,285985,3001,3002,3001.0,differentia=1+policy=RecencyProportionalResolution+target=4096,<function upgma at 0x7fcf41625160>
58,58,58,[56],3001.0,5.0,286000,3001,3002,3001.0,differentia=1+policy=RecencyProportionalResolution+target=4096,<function upgma at 0x7fcf41625160>
59,59,59,[55],3001.0,6.0,286051,3001,3002,3001.0,differentia=1+policy=RecencyProportionalResolution+target=4096,<function upgma at 0x7fcf41625160>
60,60,60,[48],2991.0,1.0,Inner73,2989,2994,2991.0,differentia=1+policy=RecencyProportionalResolution+target=4096,<function upgma at 0x7fcf41625160>
61,61,61,[60],2992.0,1.0,Inner53,2990,2995,2992.0,differentia=1+policy=RecencyProportionalResolution+target=4096,<function upgma at 0x7fcf41625160>
62,62,62,[61],2992.0,0.0,Inner51,2990,2995,2992.0,differentia=1+policy=RecencyProportionalResolution+target=4096,<function upgma at 0x7fcf41625160>
63,63,63,[62],2993.0,1.0,Inner16,2991,2996,2993.0,differentia=1+policy=RecencyProportionalResolution+target=4096,<function upgma at 0x7fcf41625160>
64,64,64,[63],2999.0,6.0,285804,2999,3000,2999.0,differentia=1+policy=RecencyProportionalResolution+target=4096,<function upgma at 0x7fcf41625160>
65,65,65,[63],2999.0,6.0,285850,2999,3000,2999.0,differentia=1+policy=RecencyProportionalResolution+target=4096,<function upgma at 0x7fcf41625160>
66,66,66,[62],3001.0,9.0,286038,3001,3002,3001.0,differentia=1+policy=RecencyProportionalResolution+target=4096,<function upgma at 0x7fcf41625160>
67,67,67,[61],3001.0,9.0,286059,3001,3002,3001.0,differentia=1+policy=RecencyProportionalResolution+target=4096,<function upgma at 0x7fcf41625160>
68,68,68,[60],2992.0,1.0,Inner54,2990,2995,2992.0,differentia=1+policy=RecencyProportionalResolution+target=4096,<function upgma at 0x7fcf41625160>
69,69,69,[68],2993.0,1.0,Inner38,2991,2996,2993.0,differentia=1+policy=RecencyProportionalResolution+target=4096,<function upgma at 0x7fcf41625160>
70,70,70,[69],3000.0,7.0,285950,3000,3001,3000.0,differentia=1+policy=RecencyProportionalResolution+target=4096,<function upgma at 0x7fcf41625160>
71,71,71,[69],2994.0,1.0,Inner32,2992,2997,2994.0,differentia=1+policy=RecencyProportionalResolution+target=4096,<function upgma at 0x7fcf41625160>
72,72,72,[71],3001.0,7.0,286010,3001,3002,3001.0,differentia=1+policy=RecencyProportionalResolution+target=4096,<function upgma at 0x7fcf41625160>
73,73,73,[71],2995.0,1.0,Inner13,2993,2998,2995.0,differentia=1+policy=RecencyProportionalResolution+target=4096,<function upgma at 0x7fcf41625160>
74,74,74,[73],3000.0,5.0,285972,3000,3001,3000.0,differentia=1+policy=RecencyProportionalResolution+target=4096,<function upgma at 0x7fcf41625160>
75,75,75,[73],3001.0,6.0,286062,3001,3002,3001.0,differentia=1+policy=RecencyProportionalResolution+target=4096,<function upgma at 0x7fcf41625160>
76,76,76,[68],2993.0,1.0,Inner41,2991,2996,2993.0,differentia=1+policy=RecencyProportionalResolution+target=4096,<function upgma at 0x7fcf41625160>
77,77,77,[76],3000.0,7.0,285907,3000,3001,3000.0,differentia=1+policy=RecencyProportionalResolution+target=4096,<function upgma at 0x7fcf41625160>
78,78,78,[76],2998.0,5.0,Inner3,2996,3001,2998.0,differentia=1+policy=RecencyProportionalResolution+target=4096,<function upgma at 0x7fcf41625160>
79,79,79,[78],3001.0,3.0,286055,3001,3002,3001.0,differentia=1+policy=RecencyProportionalResolution+target=4096,<function upgma at 0x7fcf41625160>
80,80,80,[78],3001.0,3.0,286063,3001,3002,3001.0,differentia=1+policy=RecencyProportionalResolution+target=4096,<function upgma at 0x7fcf41625160>
81,81,81,[47],2990.0,1.0,Inner89,2988,2993,2990.0,differentia=1+policy=RecencyProportionalResolution+target=4096,<function upgma at 0x7fcf41625160>
82,82,82,[81],2991.0,1.0,Inner78,2989,2994,2991.0,differentia=1+policy=RecencyProportionalResolution+target=4096,<function upgma at 0x7fcf41625160>
83,83,83,[82],2992.0,1.0,Inner70,2990,2995,2992.0,differentia=1+policy=RecencyProportionalResolution+target=4096,<function upgma at 0x7fcf41625160>
84,84,84,[83],3001.0,9.0,286032,3001,3002,3001.0,differentia=1+policy=RecencyProportionalResolution+target=4096,<function upgma at 0x7fcf41625160>
85,85,85,[83],3001.0,9.0,286039,3001,3002,3001.0,differentia=1+policy=RecencyProportionalResolution+target=4096,<function upgma at 0x7fcf41625160>
86,86,86,[82],2992.0,1.0,Inner60,2990,2995,2992.0,differentia=1+policy=RecencyProportionalResolution+target=4096,<function upgma at 0x7fcf41625160>
87,87,87,[86],3001.0,9.0,286045,3001,3002,3001.0,differentia=1+policy=RecencyProportionalResolution+target=4096,<function upgma at 0x7fcf41625160>
88,88,88,[86],2993.0,1.0,Inner43,2991,2996,2993.0,differentia=1+policy=RecencyProportionalResolution+target=4096,<function upgma at 0x7fcf41625160>
89,89,89,[88],2995.0,2.0,Inner23,2993,2998,2995.0,differentia=1+policy=RecencyProportionalResolution+target=4096,<function upgma at 0x7fcf41625160>
90,90,90,[89],3001.0,6.0,286036,3001,3002,3001.0,differentia=1+policy=RecencyProportionalResolution+target=4096,<function upgma at 0x7fcf41625160>
91,91,91,[89],3001.0,6.0,286060,3001,3002,3001.0,differentia=1+policy=RecencyProportionalResolution+target=4096,<function upgma at 0x7fcf41625160>
92,92,92,[88],2997.0,4.0,Inner4,2995,3000,2997.0,differentia=1+policy=RecencyProportionalResolution+target=4096,<function upgma at 0x7fcf41625160>
93,93,93,[92],3000.0,3.0,285936,3000,3001,3000.0,differentia=1+policy=RecencyProportionalResolution+target=4096,<function upgma at 0x7fcf41625160>
94,94,94,[92],3001.0,4.0,286064,3001,3002,3001.0,differentia=1+policy=RecencyProportionalResolution+target=4096,<function upgma at 0x7fcf41625160>
95,95,95,[81],2991.0,1.0,Inner79,2989,2994,2991.0,differentia=1+policy=RecencyProportionalResolution+target=4096,<function upgma at 0x7fcf41625160>
96,96,96,[95],2992.0,1.0,Inner68,2990,2995,2992.0,differentia=1+policy=RecencyProportionalResolution+target=4096,<function upgma at 0x7fcf41625160>
97,97,97,[96],3001.0,9.0,286017,3001,3002,3001.0,differentia=1+policy=RecencyProportionalResolution+target=4096,<function upgma at 0x7fcf41625160>
98,98,98,[96],2995.0,3.0,Inner22,2993,2998,2995.0,differentia=1+policy=RecencyProportionalResolution+target=4096,<function upgma at 0x7fcf41625160>
99,99,99,[98],3001.0,6.0,286029,3001,3002,3001.0,differentia=1+policy=RecencyProportionalResolution+target=4096,<function upgma at 0x7fcf41625160>
100,100,100,[98],3001.0,6.0,286042,3001,3002,3001.0,differentia=1+policy=RecencyProportionalResolution+target=4096,<function upgma at 0x7fcf41625160>
101,101,101,[95],2992.0,1.0,Inner61,2990,2995,2992.0,differentia=1+policy=RecencyProportionalResolution+target=4096,<function upgma at 0x7fcf41625160>
102,102,102,[101],2993.0,1.0,Inner44,2991,2996,2993.0,differentia=1+policy=RecencyProportionalResolution+target=4096,<function upgma at 0x7fcf41625160>
103,103,103,[102],2994.0,1.0,Inner29,2992,2997,2994.0,differentia=1+policy=RecencyProportionalResolution+target=4096,<function upgma at 0x7fcf41625160>
104,104,104,[103],3000.0,6.0,285919,3000,3001,3000.0,differentia=1+policy=RecencyProportionalResolution+target=4096,<function upgma at 0x7fcf41625160>
105,105,105,[103],3001.0,7.0,286058,3001,3002,3001.0,differentia=1+policy=RecencyProportionalResolution+target=4096,<function upgma at 0x7fcf41625160>
106,106,106,[102],3001.0,8.0,286080,3001,3002,3001.0,differentia=1+policy=RecencyProportionalResolution+target=4096,<function upgma at 0x7fcf41625160>
107,107,107,[101],2995.0,3.0,Inner24,2993,2998,2995.0,differentia=1+policy=RecencyProportionalResolution+target=4096,<function upgma at 0x7fcf41625160>
108,108,108,[107],2996.0,1.0,Inner12,2994,2999,2996.0,differentia=1+policy=RecencyProportionalResolution+target=4096,<function upgma at 0x7fcf41625160>
109,109,109,[108],3001.0,5.0,286003,3001,3002,3001.0,differentia=1+policy=RecencyProportionalResolution+target=4096,<function upgma at 0x7fcf41625160>
110,110,110,[108],3001.0,5.0,286053,3001,3002,3001.0,differentia=1+policy=RecencyProportionalResolution+target=4096,<function upgma at 0x7fcf41625160>
111,111,111,[107],3001.0,6.0,286082,3001,3002,3001.0,differentia=1+policy=RecencyProportionalResolution+target=4096,<function upgma at 0x7fcf41625160>
112,112,112,[4],2969.0,24.0,Inner134,2967,2972,2969.0,differentia=1+policy=RecencyProportionalResolution+target=4096,<function upgma at 0x7fcf41625160>
113,113,113,[112],2980.0,11.0,Inner129,2978,2983,2980.0,differentia=1+policy=RecencyProportionalResolution+target=4096,<function upgma at 0x7fcf41625160>
114,114,114,[113],2992.0,12.0,Inner58,2990,2995,2992.0,differentia=1+policy=RecencyProportionalResolution+target=4096,<function upgma at 0x7fcf41625160>
115,115,115,[114],3001.0,9.0,286069,3001,3002,3001.0,differentia=1+policy=RecencyProportionalResolution+target=4096,<function upgma at 0x7fcf41625160>
116,116,116,[114],2994.0,2.0,Inner28,2992,2997,2994.0,differentia=1+policy=RecencyProportionalResolution+target=4096,<function upgma at 0x7fcf41625160>
117,117,117,[116],3001.0,7.0,285992,3001,3002,3001.0,differentia=1+policy=RecencyProportionalResolution+target=4096,<function upgma at 0x7fcf41625160>
118,118,118,[116],2996.0,2.0,Inner6,2994,2999,2996.0,differentia=1+policy=RecencyProportionalResolution+target=4096,<function upgma at 0x7fcf41625160>
119,119,119,[118],2999.0,3.0,285860,2999,3000,2999.0,differentia=1+policy=RecencyProportionalResolution+target=4096,<function upgma at 0x7fcf41625160>
120,120,120,[118],2998.0,2.0,Inner2,2996,3001,2998.0,differentia=1+policy=RecencyProportionalResolution+target=4096,<function upgma at 0x7fcf41625160>
121,121,121,[120],3001.0,3.0,286006,3001,3002,3001.0,differentia=1+policy=RecencyProportionalResolution+target=4096,<function upgma at 0x7fcf41625160>
122,122,122,[120],3001.0,3.0,286074,3001,3002,3001.0,differentia=1+policy=RecencyProportionalResolution+target=4096,<function upgma at 0x7fcf41625160>
123,123,123,[113],2980.0,0.0,Inner127,2978,2983,2980.0,differentia=1+policy=RecencyProportionalResolution+target=4096,<function upgma at 0x7fcf41625160>
124,124,124,[123],2981.0,1.0,Inner125,2979,2984,2981.0,differentia=1+policy=RecencyProportionalResolution+target=4096,<function upgma at 0x7fcf41625160>
125,125,125,[124],2996.0,15.0,285553,2996,2997,2996.0,differentia=1+policy=RecencyProportionalResolution+target=4096,<function upgma at 0x7fcf41625160>
126,126,126,[124],3001.0,20.0,286066,3001,3002,3001.0,differentia=1+policy=RecencyProportionalResolution+target=4096,<function upgma at 0x7fcf41625160>
127,127,127,[123],2987.0,7.0,Inner119,2985,2990,2987.0,differentia=1+policy=RecencyProportionalResolution+target=4096,<function upgma at 0x7fcf41625160>
128,128,128,[127],2988.0,1.0,Inner108,2986,2991,2988.0,differentia=1+policy=RecencyProportionalResolution+target=4096,<function upgma at 0x7fcf41625160>
129,129,129,[128],3000.0,12.0,285937,3000,3001,3000.0,differentia=1+policy=RecencyProportionalResolution+target=4096,<function upgma at 0x7fcf41625160>
130,130,130,[128],2989.0,1.0,Inner88,2987,2992,2989.0,differentia=1+policy=RecencyProportionalResolution+target=4096,<function upgma at 0x7fcf41625160>
131,131,131,[130],3001.0,12.0,285997,3001,3002,3001.0,differentia=1+policy=RecencyProportionalResolution+target=4096,<function upgma at 0x7fcf41625160>
132,132,132,[130],2989.0,0.0,Inner72,2987,2992,2989.0,differentia=1+policy=RecencyProportionalResolution+target=4096,<function upgma at 0x7fcf41625160>
133,133,133,[132],2989.0,0.0,Inner55,2987,2992,2989.0,differentia=1+policy=RecencyProportionalResolution+target=4096,<function upgma at 0x7fcf41625160>
134,134,134,[133],2997.0,8.0,285695,2997,2998,2997.0,differentia=1+policy=RecencyProportionalResolution+target=4096,<function upgma at 0x7fcf41625160>
135,135,135,[133],2998.0,9.0,285752,2998,2999,2998.0,differentia=1+policy=RecencyProportionalResolution+target=4096,<function upgma at 0x7fcf41625160>
136,136,136,[132],2994.0,5.0,Inner37,2992,2997,2994.0,differentia=1+policy=RecencyProportionalResolution+target=4096,<function upgma at 0x7fcf41625160>
137,137,137,[136],3001.0,7.0,285987,3001,3002,3001.0,differentia=1+policy=RecencyProportionalResolution+target=4096,<function upgma at 0x7fcf41625160>
138,138,138,[136],3001.0,7.0,286067,3001,3002,3001.0,differentia=1+policy=RecencyProportionalResolution+target=4096,<function upgma at 0x7fcf41625160>
139,139,139,[127],2988.0,1.0,Inner116,2986,2991,2988.0,differentia=1+policy=RecencyProportionalResolution+target=4096,<function upgma at 0x7fcf41625160>
140,140,140,[139],3001.0,13.0,286052,3001,3002,3001.0,differentia=1+policy=RecencyProportionalResolution+target=4096,<function upgma at 0x7fcf41625160>
141,141,141,[139],2990.0,2.0,Inner87,2988,2993,2990.0,differentia=1+policy=RecencyProportionalResolution+target=4096,<function upgma at 0x7fcf41625160>
142,142,142,[141],2992.0,2.0,Inner57,2990,2995,2992.0,differentia=1+policy=RecencyProportionalResolution+target=4096,<function upgma at 0x7fcf41625160>
143,143,143,[142],2993.0,1.0,Inner31,2991,2996,2993.0,differentia=1+policy=RecencyProportionalResolution+target=4096,<function upgma at 0x7fcf41625160>
144,144,144,[143],2993.0,0.0,Inner27,2991,2996,2993.0,differentia=1+policy=RecencyProportionalResolution+target=4096,<function upgma at 0x7fcf41625160>
145,145,145,[144],2999.0,6.0,285815,2999,3000,2999.0,differentia=1+policy=RecencyProportionalResolution+target=4096,<function upgma at 0x7fcf41625160>
146,146,146,[144],3000.0,7.0,285899,3000,3001,3000.0,differentia=1+policy=RecencyProportionalResolution+target=4096,<function upgma at 0x7fcf41625160>
147,147,147,[143],3001.0,8.0,286022,3001,3002,3001.0,differentia=1+policy=RecencyProportionalResolution+target=4096,<function upgma at 0x7fcf41625160>
148,148,148,[142],3001.0,9.0,286061,3001,3002,3001.0,differentia=1+policy=RecencyProportionalResolution+target=4096,<function upgma at 0x7fcf41625160>
149,149,149,[141],2994.0,4.0,Inner36,2992,2997,2994.0,differentia=1+policy=RecencyProportionalResolution+target=4096,<function upgma at 0x7fcf41625160>
150,150,150,[149],3001.0,7.0,286028,3001,3002,3001.0,differentia=1+policy=RecencyProportionalResolution+target=4096,<function upgma at 0x7fcf41625160>
151,151,151,[149],2995.0,1.0,Inner14,2993,2998,2995.0,differentia=1+policy=RecencyProportionalResolution+target=4096,<function upgma at 0x7fcf41625160>
152,152,152,[151],2996.0,1.0,Inner9,2994,2999,2996.0,differentia=1+policy=RecencyProportionalResolution+target=4096,<function upgma at 0x7fcf41625160>
153,153,153,[152],2997.0,1.0,Inner5,2995,3000,2997.0,differentia=1+policy=RecencyProportionalResolution+target=4096,<function upgma at 0x7fcf41625160>
154,154,154,[153],2998.0,1.0,Inner1,2996,3001,2998.0,differentia=1+policy=RecencyProportionalResolution+target=4096,<function upgma at 0x7fcf41625160>
155,155,155,[154],3001.0,3.0,286019,3001,3002,3001.0,differentia=1+policy=RecencyProportionalResolution+target=4096,<function upgma at 0x7fcf41625160>
156,156,156,[154],3001.0,3.0,286068,3001,3002,3001.0,differentia=1+policy=RecencyProportionalResolution+target=4096,<function upgma at 0x7fcf41625160>
157,157,157,[153],3001.0,4.0,286070,3001,3002,3001.0,differentia=1+policy=RecencyProportionalResolution+target=4096,<function upgma at 0x7fcf41625160>
158,158,158,[152],3001.0,5.0,286071,3001,3002,3001.0,differentia=1+policy=RecencyProportionalResolution+target=4096,<function upgma at 0x7fcf41625160>
159,159,159,[151],3001.0,6.0,286079,3001,3002,3001.0,differentia=1+policy=RecencyProportionalResolution+target=4096,<function upgma at 0x7fcf41625160>
160,160,160,[112],2977.0,8.0,Inner133,2975,2980,2977.0,differentia=1+policy=RecencyProportionalResolution+target=4096,<function upgma at 0x7fcf41625160>
161,161,161,[160],2979.0,2.0,Inner131,2977,2982,2979.0,differentia=1+policy=RecencyProportionalResolution+target=4096,<function upgma at 0x7fcf41625160>
162,162,162,[161],3001.0,22.0,286014,3001,3002,3001.0,differentia=1+policy=RecencyProportionalResolution+target=4096,<function upgma at 0x7fcf41625160>
163,163,163,[161],2992.0,13.0,Inner56,2990,2995,2992.0,differentia=1+policy=RecencyProportionalResolution+target=4096,<function upgma at 0x7fcf41625160>
164,164,164,[163],2993.0,1.0,Inner40,2991,2996,2993.0,differentia=1+policy=RecencyProportionalResolution+target=4096,<function upgma at 0x7fcf41625160>
165,165,165,[164],3000.0,7.0,285963,3000,3001,3000.0,differentia=1+policy=RecencyProportionalResolution+target=4096,<function upgma at 0x7fcf41625160>
166,166,166,[164],3001.0,8.0,286020,3001,3002,3001.0,differentia=1+policy=RecencyProportionalResolution+target=4096,<function upgma at 0x7fcf41625160>
167,167,167,[163],2993.0,1.0,Inner42,2991,2996,2993.0,differentia=1+policy=RecencyProportionalResolution+target=4096,<function upgma at 0x7fcf41625160>
168,168,168,[167],2994.0,1.0,Inner26,2992,2997,2994.0,differentia=1+policy=RecencyProportionalResolution+target=4096,<function upgma at 0x7fcf41625160>
169,169,169,[168],3000.0,6.0,285968,3000,3001,3000.0,differentia=1+policy=RecencyProportionalResolution+target=4096,<function upgma at 0x7fcf41625160>
170,170,170,[168],3001.0,7.0,286048,3001,3002,3001.0,differentia=1+policy=RecencyProportionalResolution+target=4096,<function upgma at 0x7fcf41625160>
171,171,171,[167],3001.0,8.0,286075,3001,3002,3001.0,differentia=1+policy=RecencyProportionalResolution+target=4096,<function upgma at 0x7fcf41625160>
172,172,172,[160],2977.0,0.0,Inner132,2975,2980,2977.0,differentia=1+policy=RecencyProportionalResolution+target=4096,<function upgma at 0x7fcf41625160>
173,173,173,[172],2985.0,8.0,Inner124,2983,2988,2985.0,differentia=1+policy=RecencyProportionalResolution+target=4096,<function upgma at 0x7fcf41625160>
174,174,174,[173],2986.0,1.0,Inner123,2984,2989,2986.0,differentia=1+policy=RecencyProportionalResolution+target=4096,<function upgma at 0x7fcf41625160>
175,175,175,[174],2987.0,1.0,Inner121,2985,2990,2987.0,differentia=1+policy=RecencyProportionalResolution+target=4096,<function upgma at 0x7fcf41625160>
176,176,176,[175],2988.0,1.0,Inner112,2986,2991,2988.0,differentia=1+policy=RecencyProportionalResolution+target=4096,<function upgma at 0x7fcf41625160>
177,177,177,[176],2993.0,5.0,Inner34,2991,2996,2993.0,differentia=1+policy=RecencyProportionalResolution+target=4096,<function upgma at 0x7fcf41625160>
178,178,178,[177],3000.0,7.0,285909,3000,3001,3000.0,differentia=1+policy=RecencyProportionalResolution+target=4096,<function upgma at 0x7fcf41625160>
179,179,179,[177],3000.0,7.0,285946,3000,3001,3000.0,differentia=1+policy=RecencyProportionalResolution+target=4096,<function upgma at 0x7fcf41625160>
180,180,180,[176],2989.0,1.0,Inner105,2987,2992,2989.0,differentia=1+policy=RecencyProportionalResolution+target=4096,<function upgma at 0x7fcf41625160>
181,181,181,[180],3001.0,12.0,286011,3001,3002,3001.0,differentia=1+policy=RecencyProportionalResolution+target=4096,<function upgma at 0x7fcf41625160>
182,182,182,[180],3001.0,12.0,286018,3001,3002,3001.0,differentia=1+policy=RecencyProportionalResolution+target=4096,<function upgma at 0x7fcf41625160>
183,183,183,[175],2988.0,1.0,Inner114,2986,2991,2988.0,differentia=1+policy=RecencyProportionalResolution+target=4096,<function upgma at 0x7fcf41625160>
184,184,184,[183],2990.0,2.0,Inner92,2988,2993,2990.0,differentia=1+policy=RecencyProportionalResolution+target=4096,<function upgma at 0x7fcf41625160>
185,185,185,[184],3001.0,11.0,285986,3001,3002,3001.0,differentia=1+policy=RecencyProportionalResolution+target=4096,<function upgma at 0x7fcf41625160>
186,186,186,[184],3001.0,11.0,286049,3001,3002,3001.0,differentia=1+policy=RecencyProportionalResolution+target=4096,<function upgma at 0x7fcf41625160>
187,187,187,[183],2989.0,1.0,Inner102,2987,2992,2989.0,differentia=1+policy=RecencyProportionalResolution+target=4096,<function upgma at 0x7fcf41625160>
188,188,188,[187],3001.0,12.0,286004,3001,3002,3001.0,differentia=1+policy=RecencyProportionalResolution+target=4096,<function upgma at 0x7fcf41625160>
189,189,189,[187],2990.0,1.0,Inner84,2988,2993,2990.0,differentia=1+policy=RecencyProportionalResolution+target=4096,<function upgma at 0x7fcf41625160>
190,190,190,[189],3000.0,10.0,285970,3000,3001,3000.0,differentia=1+policy=RecencyProportionalResolution+target=4096,<function upgma at 0x7fcf41625160>
191,191,191,[189],3001.0,11.0,286072,3001,3002,3001.0,differentia=1+policy=RecencyProportionalResolution+target=4096,<function upgma at 0x7fcf41625160>
192,192,192,[174],2987.0,1.0,Inner120,2985,2990,2987.0,differentia=1+policy=RecencyProportionalResolution+target=4096,<function upgma at 0x7fcf41625160>
193,193,193,[192],3001.0,14.0,286034,3001,3002,3001.0,differentia=1+policy=RecencyProportionalResolution+target=4096,<function upgma at 0x7fcf41625160>
194,194,194,[192],2988.0,1.0,Inner109,2986,2991,2988.0,differentia=1+policy=RecencyProportionalResolution+target=4096,<function upgma at 0x7fcf41625160>
195,195,195,[194],2989.0,1.0,Inner98,2987,2992,2989.0,differentia=1+policy=RecencyProportionalResolution+target=4096,<function upgma at 0x7fcf41625160>
196,196,196,[195],3001.0,12.0,285981,3001,3002,3001.0,differentia=1+policy=RecencyProportionalResolution+target=4096,<function upgma at 0x7fcf41625160>
197,197,197,[195],2990.0,1.0,Inner76,2988,2993,2990.0,differentia=1+policy=RecencyProportionalResolution+target=4096,<function upgma at 0x7fcf41625160>
198,198,198,[197],3000.0,10.0,285935,3000,3001,3000.0,differentia=1+policy=RecencyProportionalResolution+target=4096,<function upgma at 0x7fcf41625160>
199,199,199,[197],2991.0,1.0,Inner47,2989,2994,2991.0,differentia=1+policy=RecencyProportionalResolution+target=4096,<function upgma at 0x7fcf41625160>
200,200,200,[199],2997.0,6.0,285634,2997,2998,2997.0,differentia=1+policy=RecencyProportionalResolution+target=4096,<function upgma at 0x7fcf41625160>
201,201,201,[199],3001.0,10.0,285988,3001,3002,3001.0,differentia=1+policy=RecencyProportionalResolution+target=4096,<function upgma at 0x7fcf41625160>
202,202,202,[194],2989.0,1.0,Inner96,2987,2992,2989.0,differentia=1+policy=RecencyProportionalResolution+target=4096,<function upgma at 0x7fcf41625160>
203,203,203,[202],3000.0,11.0,285912,3000,3001,3000.0,differentia=1+policy=RecencyProportionalResolution+target=4096,<function upgma at 0x7fcf41625160>
204,204,204,[202],2994.0,5.0,Inner25,2992,2997,2994.0,differentia=1+policy=RecencyProportionalResolution+target=4096,<function upgma at 0x7fcf41625160>
205,205,205,[204],3000.0,6.0,285892,3000,3001,3000.0,differentia=1+policy=RecencyProportionalResolution+target=4096,<function upgma at 0x7fcf41625160>
206,206,206,[204],3001.0,7.0,286073,3001,3002,3001.0,differentia=1+policy=RecencyProportionalResolution+target=4096,<function upgma at 0x7fcf41625160>
207,207,207,[173],2986.0,1.0,Inner122,2984,2989,2986.0,differentia=1+policy=RecencyProportionalResolution+target=4096,<function upgma at 0x7fcf41625160>
208,208,208,[207],2987.0,1.0,Inner117,2985,2990,2987.0,differentia=1+policy=RecencyProportionalResolution+target=4096,<function upgma at 0x7fcf41625160>
209,209,209,[208],2989.0,2.0,Inner97,2987,2992,2989.0,differentia=1+policy=RecencyProportionalResolution+target=4096,<function upgma at 0x7fcf41625160>
210,210,210,[209],2990.0,1.0,Inner75,2988,2993,2990.0,differentia=1+policy=RecencyProportionalResolution+target=4096,<function upgma at 0x7fcf41625160>
211,211,211,[210],2999.0,9.0,285879,2999,3000,2999.0,differentia=1+policy=RecencyProportionalResolution+target=4096,<function upgma at 0x7fcf41625160>
212,212,212,[210],3000.0,10.0,285959,3000,3001,3000.0,differentia=1+policy=RecencyProportionalResolution+target=4096,<function upgma at 0x7fcf41625160>
213,213,213,[209],2990.0,1.0,Inner91,2988,2993,2990.0,differentia=1+policy=RecencyProportionalResolution+target=4096,<function upgma at 0x7fcf41625160>
214,214,214,[213],2993.0,3.0,Inner45,2991,2996,2993.0,differentia=1+policy=RecencyProportionalResolution+target=4096,<function upgma at 0x7fcf41625160>
215,215,215,[214],3001.0,8.0,285994,3001,3002,3001.0,differentia=1+policy=RecencyProportionalResolution+target=4096,<function upgma at 0x7fcf41625160>
216,216,216,[214],3001.0,8.0,286009,3001,3002,3001.0,differentia=1+policy=RecencyProportionalResolution+target=4096,<function upgma at 0x7fcf41625160>
217,217,217,[213],3001.0,11.0,286015,3001,3002,3001.0,differentia=1+policy=RecencyProportionalResolution+target=4096,<function upgma at 0x7fcf41625160>
218,218,218,[208],2988.0,1.0,Inner111,2986,2991,2988.0,differentia=1+policy=RecencyProportionalResolution+target=4096,<function upgma at 0x7fcf41625160>
219,219,219,[218],2989.0,1.0,Inner99,2987,2992,2989.0,differentia=1+policy=RecencyProportionalResolution+target=4096,<function upgma at 0x7fcf41625160>
220,220,220,[219],2990.0,1.0,Inner74,2988,2993,2990.0,differentia=1+policy=RecencyProportionalResolution+target=4096,<function upgma at 0x7fcf41625160>
221,221,221,[220],2998.0,8.0,285722,2998,2999,2998.0,differentia=1+policy=RecencyProportionalResolution+target=4096,<function upgma at 0x7fcf41625160>
222,222,222,[220],3001.0,11.0,286005,3001,3002,3001.0,differentia=1+policy=RecencyProportionalResolution+target=4096,<function upgma at 0x7fcf41625160>
223,223,223,[219],3001.0,12.0,286007,3001,3002,3001.0,differentia=1+policy=RecencyProportionalResolution+target=4096,<function upgma at 0x7fcf41625160>
224,224,224,[218],2989.0,1.0,Inner100,2987,2992,2989.0,differentia=1+policy=RecencyProportionalResolution+target=4096,<function upgma at 0x7fcf41625160>
225,225,225,[224],3000.0,11.0,285964,3000,3001,3000.0,differentia=1+policy=RecencyProportionalResolution+target=4096,<function upgma at 0x7fcf41625160>
226,226,226,[224],2994.0,5.0,Inner33,2992,2997,2994.0,differentia=1+policy=RecencyProportionalResolution+target=4096,<function upgma at 0x7fcf41625160>
227,227,227,[226],3001.0,7.0,286037,3001,3002,3001.0,differentia=1+policy=RecencyProportionalResolution+target=4096,<function upgma at 0x7fcf41625160>
228,228,228,[226],3001.0,7.0,286041,3001,3002,3001.0,differentia=1+policy=RecencyProportionalResolution+target=4096,<function upgma at 0x7fcf41625160>
229,229,229,[207],2987.0,1.0,Inner118,2985,2990,2987.0,differentia=1+policy=RecencyProportionalResolution+target=4096,<function upgma at 0x7fcf41625160>
230,230,230,[229],2988.0,1.0,Inner113,2986,2991,2988.0,differentia=1+policy=RecencyProportionalResolution+target=4096,<function upgma at 0x7fcf41625160>
231,231,231,[230],2989.0,1.0,Inner103,2987,2992,2989.0,differentia=1+policy=RecencyProportionalResolution+target=4096,<function upgma at 0x7fcf41625160>
232,232,232,[231],2990.0,1.0,Inner85,2988,2993,2990.0,differentia=1+policy=RecencyProportionalResolution+target=4096,<function upgma at 0x7fcf41625160>
233,233,233,[232],3000.0,10.0,285925,3000,3001,3000.0,differentia=1+policy=RecencyProportionalResolution+target=4096,<function upgma at 0x7fcf41625160>
234,234,234,[232],3001.0,11.0,286023,3001,3002,3001.0,differentia=1+policy=RecencyProportionalResolution+target=4096,<function upgma at 0x7fcf41625160>
235,235,235,[231],2992.0,3.0,Inner62,2990,2995,2992.0,differentia=1+policy=RecencyProportionalResolution+target=4096,<function upgma at 0x7fcf41625160>
236,236,236,[235],3001.0,9.0,286043,3001,3002,3001.0,differentia=1+policy=RecencyProportionalResolution+target=4096,<function upgma at 0x7fcf41625160>
237,237,237,[235],3001.0,9.0,286050,3001,3002,3001.0,differentia=1+policy=RecencyProportionalResolution+target=4096,<function upgma at 0x7fcf41625160>
238,238,238,[230],2989.0,1.0,Inner101,2987,2992,2989.0,differentia=1+policy=RecencyProportionalResolution+target=4096,<function upgma at 0x7fcf41625160>
239,239,239,[238],3001.0,12.0,286047,3001,3002,3001.0,differentia=1+policy=RecencyProportionalResolution+target=4096,<function upgma at 0x7fcf41625160>
240,240,240,[238],2992.0,3.0,Inner46,2990,2995,2992.0,differentia=1+policy=RecencyProportionalResolution+target=4096,<function upgma at 0x7fcf41625160>
241,241,241,[240],2999.0,7.0,285874,2999,3000,2999.0,differentia=1+policy=RecencyProportionalResolution+target=4096,<function upgma at 0x7fcf41625160>
242,242,242,[240],3001.0,9.0,286057,3001,3002,3001.0,differentia=1+policy=RecencyProportionalResolution+target=4096,<function upgma at 0x7fcf41625160>
243,243,243,[229],2988.0,1.0,Inner110,2986,2991,2988.0,differentia=1+policy=RecencyProportionalResolution+target=4096,<function upgma at 0x7fcf41625160>
244,244,244,[243],2992.0,4.0,Inner39,2990,2995,2992.0,differentia=1+policy=RecencyProportionalResolution+target=4096,<function upgma at 0x7fcf41625160>
245,245,245,[244],2998.0,6.0,285725,2998,2999,2998.0,differentia=1+policy=RecencyProportionalResolution+target=4096,<function upgma at 0x7fcf41625160>
246,246,246,[244],3001.0,9.0,286013,3001,3002,3001.0,differentia=1+policy=RecencyProportionalResolution+target=4096,<function upgma at 0x7fcf41625160>
247,247,247,[243],2989.0,1.0,Inner106,2987,2992,2989.0,differentia=1+policy=RecencyProportionalResolution+target=4096,<function upgma at 0x7fcf41625160>
248,248,248,[247],3001.0,12.0,285983,3001,3002,3001.0,differentia=1+policy=RecencyProportionalResolution+target=4096,<function upgma at 0x7fcf41625160>
249,249,249,[247],2990.0,1.0,Inner90,2988,2993,2990.0,differentia=1+policy=RecencyProportionalResolution+target=4096,<function upgma at 0x7fcf41625160>
250,250,250,[249],3001.0,11.0,286031,3001,3002,3001.0,differentia=1+policy=RecencyProportionalResolution+target=4096,<function upgma at 0x7fcf41625160>
251,251,251,[249],2996.0,6.0,Inner8,2994,2999,2996.0,differentia=1+policy=RecencyProportionalResolution+target=4096,<function upgma at 0x7fcf41625160>
252,252,252,[251],3001.0,5.0,286054,3001,3002,3001.0,differentia=1+policy=RecencyProportionalResolution+target=4096,<function upgma at 0x7fcf41625160>
253,253,253,[251],3001.0,5.0,286078,3001,3002,3001.0,differentia=1+policy=RecencyProportionalResolution+target=4096,<function upgma at 0x7fcf41625160>
254,254,254,[172],2978.0,1.0,Inner130,2976,2981,2978.0,differentia=1+policy=RecencyProportionalResolution+target=4096,<function upgma at 0x7fcf41625160>
255,255,255,[254],2978.0,0.0,Inner126,2976,2981,2978.0,differentia=1+policy=RecencyProportionalResolution+target=4096,<function upgma at 0x7fcf41625160>
256,256,256,[255],2993.0,15.0,285310,2993,2994,2993.0,differentia=1+policy=RecencyProportionalResolution+target=4096,<function upgma at 0x7fcf41625160>
257,257,257,[255],2999.0,21.0,285803,2999,3000,2999.0,differentia=1+policy=RecencyProportionalResolution+target=4096,<function upgma at 0x7fcf41625160>
258,258,258,[254],2990.0,12.0,Inner93,2988,2993,2990.0,differentia=1+policy=RecencyProportionalResolution+target=4096,<function upgma at 0x7fcf41625160>
259,259,259,[258],3001.0,11.0,285993,3001,3002,3001.0,differentia=1+policy=RecencyProportionalResolution+target=4096,<function upgma at 0x7fcf41625160>
260,260,260,[258],2991.0,1.0,Inner80,2989,2994,2991.0,differentia=1+policy=RecencyProportionalResolution+target=4096,<function upgma at 0x7fcf41625160>
261,261,261,[260],2992.0,1.0,Inner63,2990,2995,2992.0,differentia=1+policy=RecencyProportionalResolution+target=4096,<function upgma at 0x7fcf41625160>
262,262,262,[261],2993.0,1.0,Inner48,2991,2996,2993.0,differentia=1+policy=RecencyProportionalResolution+target=4096,<function upgma at 0x7fcf41625160>
263,263,263,[262],3001.0,8.0,286021,3001,3002,3001.0,differentia=1+policy=RecencyProportionalResolution+target=4096,<function upgma at 0x7fcf41625160>
264,264,264,[262],3001.0,8.0,286040,3001,3002,3001.0,differentia=1+policy=RecencyProportionalResolution+target=4096,<function upgma at 0x7fcf41625160>
265,265,265,[261],2993.0,1.0,Inner49,2991,2996,2993.0,differentia=1+policy=RecencyProportionalResolution+target=4096,<function upgma at 0x7fcf41625160>
266,266,266,[265],3001.0,8.0,286001,3001,3002,3001.0,differentia=1+policy=RecencyProportionalResolution+target=4096,<function upgma at 0x7fcf41625160>
267,267,267,[265],3001.0,8.0,286046,3001,3002,3001.0,differentia=1+policy=RecencyProportionalResolution+target=4096,<function upgma at 0x7fcf41625160>
268,268,268,[260],2993.0,2.0,Inner50,2991,2996,2993.0,differentia=1+policy=RecencyProportionalResolution+target=4096,<function upgma at 0x7fcf41625160>
269,269,269,[268],2994.0,1.0,Inner35,2992,2997,2994.0,differentia=1+policy=RecencyProportionalResolution+target=4096,<function upgma at 0x7fcf41625160>
270,270,270,[269],3001.0,7.0,285995,3001,3002,3001.0,differentia=1+policy=RecencyProportionalResolution+target=4096,<function upgma at 0x7fcf41625160>
271,271,271,[269],3001.0,7.0,286044,3001,3002,3001.0,differentia=1+policy=RecencyProportionalResolution+target=4096,<function upgma at 0x7fcf41625160>
272,272,272,[268],3001.0,8.0,286083,3001,3002,3001.0,differentia=1+policy=RecencyProportionalResolution+target=4096,<function upgma at 0x7fcf41625160>
273,0,0,[None],2941.0,2941.0,Inner136,2939,2944,2941.0,differentia=1+policy=RecencyProportionalResolution+target=512,<function upgma at 0x7fcf41625160>
274,1,1,[0],2980.0,39.0,Inner131,2978,2983,2980.0,differentia=1+policy=RecencyProportionalResolution+target=512,<function upgma at 0x7fcf41625160>
275,2,2,[1],3000.0,20.0,285894,3000,3001,3000.0,differentia=1+policy=RecencyProportionalResolution+target=512,<function upgma at 0x7fcf41625160>
276,3,3,[1],3001.0,21.0,286033,3001,3002,3001.0,differentia=1+policy=RecencyProportionalResolution+target=512,<function upgma at 0x7fcf41625160>
277,4,4,[0],2942.0,1.0,Inner135,2940,2945,2942.0,differentia=1+policy=RecencyProportionalResolution+target=512,<function upgma at 0x7fcf41625160>
278,5,5,[4],2988.0,46.0,Inner116,2986,2991,2988.0,differentia=1+policy=RecencyProportionalResolution+target=512,<function upgma at 0x7fcf41625160>
279,6,6,[5],2989.0,1.0,Inner102,2987,2992,2989.0,differentia=1+policy=RecencyProportionalResolution+target=512,<function upgma at 0x7fcf41625160>
280,7,7,[6],2990.0,1.0,Inner91,2988,2993,2990.0,differentia=1+policy=RecencyProportionalResolution+target=512,<function upgma at 0x7fcf41625160>
281,8,8,[7],2991.0,1.0,Inner82,2989,2994,2991.0,differentia=1+policy=RecencyProportionalResolution+target=512,<function upgma at 0x7fcf41625160>
282,9,9,[8],2992.0,1.0,Inner61,2990,2995,2992.0,differentia=1+policy=RecencyProportionalResolution+target=512,<function upgma at 0x7fcf41625160>
283,10,10,[9],3001.0,9.0,285999,3001,3002,3001.0,differentia=1+policy=RecencyProportionalResolution+target=512,<function upgma at 0x7fcf41625160>
284,11,11,[9],2993.0,1.0,Inner42,2991,2996,2993.0,differentia=1+policy=RecencyProportionalResolution+target=512,<function upgma at 0x7fcf41625160>
285,12,12,[11],3001.0,8.0,285996,3001,3002,3001.0,differentia=1+policy=RecencyProportionalResolution+target=512,<function upgma at 0x7fcf41625160>
286,13,13,[11],3001.0,8.0,286030,3001,3002,3001.0,differentia=1+policy=RecencyProportionalResolution+target=512,<function upgma at 0x7fcf41625160>
287,14,14,[8],2992.0,1.0,Inner60,2990,2995,2992.0,differentia=1+policy=RecencyProportionalResolution+target=512,<function upgma at 0x7fcf41625160>
288,15,15,[14],3001.0,9.0,285984,3001,3002,3001.0,differentia=1+policy=RecencyProportionalResolution+target=512,<function upgma at 0x7fcf41625160>
289,16,16,[14],3001.0,9.0,286065,3001,3002,3001.0,differentia=1+policy=RecencyProportionalResolution+target=512,<function upgma at 0x7fcf41625160>
290,17,17,[7],2991.0,1.0,Inner75,2989,2994,2991.0,differentia=1+policy=RecencyProportionalResolution+target=512,<function upgma at 0x7fcf41625160>
291,18,18,[17],2992.0,1.0,Inner56,2990,2995,2992.0,differentia=1+policy=RecencyProportionalResolution+target=512,<function upgma at 0x7fcf41625160>
292,19,19,[18],2993.0,1.0,Inner33,2991,2996,2993.0,differentia=1+policy=RecencyProportionalResolution+target=512,<function upgma at 0x7fcf41625160>
293,20,20,[19],3000.0,7.0,285936,3000,3001,3000.0,differentia=1+policy=RecencyProportionalResolution+target=512,<function upgma at 0x7fcf41625160>
294,21,21,[19],3001.0,8.0,286059,3001,3002,3001.0,differentia=1+policy=RecencyProportionalResolution+target=512,<function upgma at 0x7fcf41625160>
295,22,22,[18],2993.0,1.0,Inner46,2991,2996,2993.0,differentia=1+policy=RecencyProportionalResolution+target=512,<function upgma at 0x7fcf41625160>
296,23,23,[22],2994.0,1.0,Inner27,2992,2997,2994.0,differentia=1+policy=RecencyProportionalResolution+target=512,<function upgma at 0x7fcf41625160>
297,24,24,[23],3001.0,7.0,285991,3001,3002,3001.0,differentia=1+policy=RecencyProportionalResolution+target=512,<function upgma at 0x7fcf41625160>
298,25,25,[23],3001.0,7.0,286056,3001,3002,3001.0,differentia=1+policy=RecencyProportionalResolution+target=512,<function upgma at 0x7fcf41625160>
299,26,26,[22],2994.0,1.0,Inner26,2992,2997,2994.0,differentia=1+policy=RecencyProportionalResolution+target=512,<function upgma at 0x7fcf41625160>
300,27,27,[26],3001.0,7.0,285990,3001,3002,3001.0,differentia=1+policy=RecencyProportionalResolution+target=512,<function upgma at 0x7fcf41625160>
301,28,28,[26],3001.0,7.0,286077,3001,3002,3001.0,differentia=1+policy=RecencyProportionalResolution+target=512,<function upgma at 0x7fcf41625160>
302,29,29,[17],2993.0,2.0,Inner45,2991,2996,2993.0,differentia=1+policy=RecencyProportionalResolution+target=512,<function upgma at 0x7fcf41625160>
303,30,30,[29],2994.0,1.0,Inner28,2992,2997,2994.0,differentia=1+policy=RecencyProportionalResolution+target=512,<function upgma at 0x7fcf41625160>
304,31,31,[30],3001.0,7.0,285998,3001,3002,3001.0,differentia=1+policy=RecencyProportionalResolution+target=512,<function upgma at 0x7fcf41625160>
305,32,32,[30],3001.0,7.0,286038,3001,3002,3001.0,differentia=1+policy=RecencyProportionalResolution+target=512,<function upgma at 0x7fcf41625160>
306,33,33,[29],3001.0,8.0,286080,3001,3002,3001.0,differentia=1+policy=RecencyProportionalResolution+target=512,<function upgma at 0x7fcf41625160>
307,34,34,[6],2990.0,1.0,Inner86,2988,2993,2990.0,differentia=1+policy=RecencyProportionalResolution+target=512,<function upgma at 0x7fcf41625160>
308,35,35,[34],2991.0,1.0,Inner70,2989,2994,2991.0,differentia=1+policy=RecencyProportionalResolution+target=512,<function upgma at 0x7fcf41625160>
309,36,36,[35],2992.0,1.0,Inner50,2990,2995,2992.0,differentia=1+policy=RecencyProportionalResolution+target=512,<function upgma at 0x7fcf41625160>
310,37,37,[36],3000.0,8.0,285919,3000,3001,3000.0,differentia=1+policy=RecencyProportionalResolution+target=512,<function upgma at 0x7fcf41625160>
311,38,38,[36],3001.0,9.0,286042,3001,3002,3001.0,differentia=1+policy=RecencyProportionalResolution+target=512,<function upgma at 0x7fcf41625160>
312,39,39,[35],2992.0,1.0,Inner53,2990,2995,2992.0,differentia=1+policy=RecencyProportionalResolution+target=512,<function upgma at 0x7fcf41625160>
313,40,40,[39],2994.0,2.0,Inner16,2992,2997,2994.0,differentia=1+policy=RecencyProportionalResolution+target=512,<function upgma at 0x7fcf41625160>
314,41,41,[40],3000.0,6.0,285950,3000,3001,3000.0,differentia=1+policy=RecencyProportionalResolution+target=512,<function upgma at 0x7fcf41625160>
315,42,42,[40],2995.0,1.0,Inner6,2993,2998,2995.0,differentia=1+policy=RecencyProportionalResolution+target=512,<function upgma at 0x7fcf41625160>
316,43,43,[42],3000.0,5.0,285907,3000,3001,3000.0,differentia=1+policy=RecencyProportionalResolution+target=512,<function upgma at 0x7fcf41625160>
317,44,44,[42],3001.0,6.0,285982,3001,3002,3001.0,differentia=1+policy=RecencyProportionalResolution+target=512,<function upgma at 0x7fcf41625160>
318,45,45,[39],2993.0,1.0,Inner40,2991,2996,2993.0,differentia=1+policy=RecencyProportionalResolution+target=512,<function upgma at 0x7fcf41625160>
319,46,46,[45],3001.0,8.0,286026,3001,3002,3001.0,differentia=1+policy=RecencyProportionalResolution+target=512,<function upgma at 0x7fcf41625160>
320,47,47,[45],3001.0,8.0,286062,3001,3002,3001.0,differentia=1+policy=RecencyProportionalResolution+target=512,<function upgma at 0x7fcf41625160>
321,48,48,[34],2991.0,1.0,Inner64,2989,2994,2991.0,differentia=1+policy=RecencyProportionalResolution+target=512,<function upgma at 0x7fcf41625160>
322,49,49,[48],2991.0,0.0,Inner59,2989,2994,2991.0,differentia=1+policy=RecencyProportionalResolution+target=512,<function upgma at 0x7fcf41625160>
323,50,50,[49],2999.0,8.0,285850,2999,3000,2999.0,differentia=1+policy=RecencyProportionalResolution+target=512,<function upgma at 0x7fcf41625160>
324,51,51,[49],2993.0,2.0,Inner39,2991,2996,2993.0,differentia=1+policy=RecencyProportionalResolution+target=512,<function upgma at 0x7fcf41625160>
325,52,52,[51],3001.0,8.0,286025,3001,3002,3001.0,differentia=1+policy=RecencyProportionalResolution+target=512,<function upgma at 0x7fcf41625160>
326,53,53,[51],3001.0,8.0,286055,3001,3002,3001.0,differentia=1+policy=RecencyProportionalResolution+target=512,<function upgma at 0x7fcf41625160>
327,54,54,[48],2995.0,4.0,Inner15,2993,2998,2995.0,differentia=1+policy=RecencyProportionalResolution+target=512,<function upgma at 0x7fcf41625160>
328,55,55,[54],2996.0,1.0,Inner4,2994,2999,2996.0,differentia=1+policy=RecencyProportionalResolution+target=512,<function upgma at 0x7fcf41625160>
329,56,56,[55],3001.0,5.0,286016,3001,3002,3001.0,differentia=1+policy=RecencyProportionalResolution+target=512,<function upgma at 0x7fcf41625160>
330,57,57,[55],3001.0,5.0,286053,3001,3002,3001.0,differentia=1+policy=RecencyProportionalResolution+target=512,<function upgma at 0x7fcf41625160>
331,58,58,[54],3001.0,6.0,286081,3001,3002,3001.0,differentia=1+policy=RecencyProportionalResolution+target=512,<function upgma at 0x7fcf41625160>
332,59,59,[5],2989.0,1.0,Inner105,2987,2992,2989.0,differentia=1+policy=RecencyProportionalResolution+target=512,<function upgma at 0x7fcf41625160>
333,60,60,[59],2990.0,1.0,Inner88,2988,2993,2990.0,differentia=1+policy=RecencyProportionalResolution+target=512,<function upgma at 0x7fcf41625160>
334,61,61,[60],2991.0,1.0,Inner72,2989,2994,2991.0,differentia=1+policy=RecencyProportionalResolution+target=512,<function upgma at 0x7fcf41625160>
335,62,62,[61],2992.0,1.0,Inner62,2990,2995,2992.0,differentia=1+policy=RecencyProportionalResolution+target=512,<function upgma at 0x7fcf41625160>
336,63,63,[62],2994.0,2.0,Inner29,2992,2997,2994.0,differentia=1+policy=RecencyProportionalResolution+target=512,<function upgma at 0x7fcf41625160>
337,64,64,[63],3001.0,7.0,286002,3001,3002,3001.0,differentia=1+policy=RecencyProportionalResolution+target=512,<function upgma at 0x7fcf41625160>
338,65,65,[63],3001.0,7.0,286012,3001,3002,3001.0,differentia=1+policy=RecencyProportionalResolution+target=512,<function upgma at 0x7fcf41625160>
339,66,66,[62],2993.0,1.0,Inner43,2991,2996,2993.0,differentia=1+policy=RecencyProportionalResolution+target=512,<function upgma at 0x7fcf41625160>
340,67,67,[66],3001.0,8.0,286010,3001,3002,3001.0,differentia=1+policy=RecencyProportionalResolution+target=512,<function upgma at 0x7fcf41625160>
341,68,68,[66],3001.0,8.0,286029,3001,3002,3001.0,differentia=1+policy=RecencyProportionalResolution+target=512,<function upgma at 0x7fcf41625160>
342,69,69,[61],2992.0,1.0,Inner52,2990,2995,2992.0,differentia=1+policy=RecencyProportionalResolution+target=512,<function upgma at 0x7fcf41625160>
343,70,70,[69],2993.0,1.0,Inner25,2991,2996,2993.0,differentia=1+policy=RecencyProportionalResolution+target=512,<function upgma at 0x7fcf41625160>
344,71,71,[70],2999.0,6.0,285804,2999,3000,2999.0,differentia=1+policy=RecencyProportionalResolution+target=512,<function upgma at 0x7fcf41625160>
345,72,72,[70],2996.0,3.0,Inner3,2994,2999,2996.0,differentia=1+policy=RecencyProportionalResolution+target=512,<function upgma at 0x7fcf41625160>
346,73,73,[72],3001.0,5.0,286008,3001,3002,3001.0,differentia=1+policy=RecencyProportionalResolution+target=512,<function upgma at 0x7fcf41625160>
347,74,74,[72],3001.0,5.0,286058,3001,3002,3001.0,differentia=1+policy=RecencyProportionalResolution+target=512,<function upgma at 0x7fcf41625160>
348,75,75,[69],2993.0,1.0,Inner44,2991,2996,2993.0,differentia=1+policy=RecencyProportionalResolution+target=512,<function upgma at 0x7fcf41625160>
349,76,76,[75],3001.0,8.0,286032,3001,3002,3001.0,differentia=1+policy=RecencyProportionalResolution+target=512,<function upgma at 0x7fcf41625160>
350,77,77,[75],2995.0,2.0,Inner11,2993,2998,2995.0,differentia=1+policy=RecencyProportionalResolution+target=512,<function upgma at 0x7fcf41625160>
351,78,78,[77],3001.0,6.0,286039,3001,3002,3001.0,differentia=1+policy=RecencyProportionalResolution+target=512,<function upgma at 0x7fcf41625160>
352,79,79,[77],3001.0,6.0,286063,3001,3002,3001.0,differentia=1+policy=RecencyProportionalResolution+target=512,<function upgma at 0x7fcf41625160>
353,80,80,[60],2991.0,1.0,Inner74,2989,2994,2991.0,differentia=1+policy=RecencyProportionalResolution+target=512,<function upgma at 0x7fcf41625160>
354,81,81,[80],2992.0,1.0,Inner55,2990,2995,2992.0,differentia=1+policy=RecencyProportionalResolution+target=512,<function upgma at 0x7fcf41625160>
355,82,82,[81],2994.0,2.0,Inner18,2992,2997,2994.0,differentia=1+policy=RecencyProportionalResolution+target=512,<function upgma at 0x7fcf41625160>
356,83,83,[82],3000.0,6.0,285972,3000,3001,3000.0,differentia=1+policy=RecencyProportionalResolution+target=512,<function upgma at 0x7fcf41625160>
357,84,84,[82],2995.0,1.0,Inner13,2993,2998,2995.0,differentia=1+policy=RecencyProportionalResolution+target=512,<function upgma at 0x7fcf41625160>
358,85,85,[84],3001.0,6.0,286000,3001,3002,3001.0,differentia=1+policy=RecencyProportionalResolution+target=512,<function upgma at 0x7fcf41625160>
359,86,86,[84],3001.0,6.0,286003,3001,3002,3001.0,differentia=1+policy=RecencyProportionalResolution+target=512,<function upgma at 0x7fcf41625160>
360,87,87,[81],3001.0,9.0,286017,3001,3002,3001.0,differentia=1+policy=RecencyProportionalResolution+target=512,<function upgma at 0x7fcf41625160>
361,88,88,[80],2992.0,1.0,Inner66,2990,2995,2992.0,differentia=1+policy=RecencyProportionalResolution+target=512,<function upgma at 0x7fcf41625160>
362,89,89,[88],3001.0,9.0,286060,3001,3002,3001.0,differentia=1+policy=RecencyProportionalResolution+target=512,<function upgma at 0x7fcf41625160>
363,90,90,[88],3001.0,9.0,286076,3001,3002,3001.0,differentia=1+policy=RecencyProportionalResolution+target=512,<function upgma at 0x7fcf41625160>
364,91,91,[59],2990.0,1.0,Inner90,2988,2993,2990.0,differentia=1+policy=RecencyProportionalResolution+target=512,<function upgma at 0x7fcf41625160>
365,92,92,[91],2991.0,1.0,Inner81,2989,2994,2991.0,differentia=1+policy=RecencyProportionalResolution+target=512,<function upgma at 0x7fcf41625160>
366,93,93,[92],2992.0,1.0,Inner65,2990,2995,2992.0,differentia=1+policy=RecencyProportionalResolution+target=512,<function upgma at 0x7fcf41625160>
367,94,94,[93],2995.0,3.0,Inner14,2993,2998,2995.0,differentia=1+policy=RecencyProportionalResolution+target=512,<function upgma at 0x7fcf41625160>
368,95,95,[94],3001.0,6.0,286027,3001,3002,3001.0,differentia=1+policy=RecencyProportionalResolution+target=512,<function upgma at 0x7fcf41625160>
369,96,96,[94],3001.0,6.0,286035,3001,3002,3001.0,differentia=1+policy=RecencyProportionalResolution+target=512,<function upgma at 0x7fcf41625160>
370,97,97,[93],2995.0,3.0,Inner12,2993,2998,2995.0,differentia=1+policy=RecencyProportionalResolution+target=512,<function upgma at 0x7fcf41625160>
371,98,98,[97],3001.0,6.0,285985,3001,3002,3001.0,differentia=1+policy=RecencyProportionalResolution+target=512,<function upgma at 0x7fcf41625160>
372,99,99,[97],3001.0,6.0,286036,3001,3002,3001.0,differentia=1+policy=RecencyProportionalResolution+target=512,<function upgma at 0x7fcf41625160>
373,100,100,[92],2993.0,2.0,Inner41,2991,2996,2993.0,differentia=1+policy=RecencyProportionalResolution+target=512,<function upgma at 0x7fcf41625160>
374,101,101,[100],3001.0,8.0,286045,3001,3002,3001.0,differentia=1+policy=RecencyProportionalResolution+target=512,<function upgma at 0x7fcf41625160>
375,102,102,[100],3001.0,8.0,286064,3001,3002,3001.0,differentia=1+policy=RecencyProportionalResolution+target=512,<function upgma at 0x7fcf41625160>
376,103,103,[91],2991.0,1.0,Inner73,2989,2994,2991.0,differentia=1+policy=RecencyProportionalResolution+target=512,<function upgma at 0x7fcf41625160>
377,104,104,[103],2992.0,1.0,Inner63,2990,2995,2992.0,differentia=1+policy=RecencyProportionalResolution+target=512,<function upgma at 0x7fcf41625160>
378,105,105,[104],3001.0,9.0,286024,3001,3002,3001.0,differentia=1+policy=RecencyProportionalResolution+target=512,<function upgma at 0x7fcf41625160>
379,106,106,[104],3001.0,9.0,286051,3001,3002,3001.0,differentia=1+policy=RecencyProportionalResolution+target=512,<function upgma at 0x7fcf41625160>
380,107,107,[103],2992.0,1.0,Inner51,2990,2995,2992.0,differentia=1+policy=RecencyProportionalResolution+target=512,<function upgma at 0x7fcf41625160>
381,108,108,[107],3000.0,8.0,285980,3000,3001,3000.0,differentia=1+policy=RecencyProportionalResolution+target=512,<function upgma at 0x7fcf41625160>
382,109,109,[107],2994.0,2.0,Inner24,2992,2997,2994.0,differentia=1+policy=RecencyProportionalResolution+target=512,<function upgma at 0x7fcf41625160>
383,110,110,[109],3001.0,7.0,285989,3001,3002,3001.0,differentia=1+policy=RecencyProportionalResolution+target=512,<function upgma at 0x7fcf41625160>
384,111,111,[109],3001.0,7.0,286082,3001,3002,3001.0,differentia=1+policy=RecencyProportionalResolution+target=512,<function upgma at 0x7fcf41625160>
385,112,112,[4],2970.0,28.0,Inner134,2968,2973,2970.0,differentia=1+policy=RecencyProportionalResolution+target=512,<function upgma at 0x7fcf41625160>
386,113,113,[112],2980.0,10.0,Inner130,2978,2983,2980.0,differentia=1+policy=RecencyProportionalResolution+target=512,<function upgma at 0x7fcf41625160>
387,114,114,[113],2983.0,3.0,Inner124,2981,2986,2983.0,differentia=1+policy=RecencyProportionalResolution+target=512,<function upgma at 0x7fcf41625160>
388,115,115,[114],2996.0,13.0,285553,2996,2997,2996.0,differentia=1+policy=RecencyProportionalResolution+target=512,<function upgma at 0x7fcf41625160>
389,116,116,[114],3001.0,18.0,286066,3001,3002,3001.0,differentia=1+policy=RecencyProportionalResolution+target=512,<function upgma at 0x7fcf41625160>
390,117,117,[113],2985.0,5.0,Inner125,2983,2988,2985.0,differentia=1+policy=RecencyProportionalResolution+target=512,<function upgma at 0x7fcf41625160>
391,118,118,[117],2992.0,7.0,Inner54,2990,2995,2992.0,differentia=1+policy=RecencyProportionalResolution+target=512,<function upgma at 0x7fcf41625160>
392,119,119,[118],2994.0,2.0,Inner23,2992,2997,2994.0,differentia=1+policy=RecencyProportionalResolution+target=512,<function upgma at 0x7fcf41625160>
393,120,120,[119],3001.0,7.0,285992,3001,3002,3001.0,differentia=1+policy=RecencyProportionalResolution+target=512,<function upgma at 0x7fcf41625160>
394,121,121,[119],3001.0,7.0,286069,3001,3002,3001.0,differentia=1+policy=RecencyProportionalResolution+target=512,<function upgma at 0x7fcf41625160>
395,122,122,[118],2993.0,1.0,Inner32,2991,2996,2993.0,differentia=1+policy=RecencyProportionalResolution+target=512,<function upgma at 0x7fcf41625160>
396,123,123,[122],3001.0,8.0,286006,3001,3002,3001.0,differentia=1+policy=RecencyProportionalResolution+target=512,<function upgma at 0x7fcf41625160>
397,124,124,[122],2994.0,1.0,Inner10,2992,2997,2994.0,differentia=1+policy=RecencyProportionalResolution+target=512,<function upgma at 0x7fcf41625160>
398,125,125,[124],2999.0,5.0,285860,2999,3000,2999.0,differentia=1+policy=RecencyProportionalResolution+target=512,<function upgma at 0x7fcf41625160>
399,126,126,[124],3001.0,7.0,286074,3001,3002,3001.0,differentia=1+policy=RecencyProportionalResolution+target=512,<function upgma at 0x7fcf41625160>
400,127,127,[117],2987.0,2.0,Inner117,2985,2990,2987.0,differentia=1+policy=RecencyProportionalResolution+target=512,<function upgma at 0x7fcf41625160>
401,128,128,[127],2988.0,1.0,Inner107,2986,2991,2988.0,differentia=1+policy=RecencyProportionalResolution+target=512,<function upgma at 0x7fcf41625160>
402,129,129,[128],3000.0,12.0,285899,3000,3001,3000.0,differentia=1+policy=RecencyProportionalResolution+target=512,<function upgma at 0x7fcf41625160>
403,130,130,[128],2991.0,3.0,Inner58,2989,2994,2991.0,differentia=1+policy=RecencyProportionalResolution+target=512,<function upgma at 0x7fcf41625160>
404,131,131,[130],2999.0,8.0,285815,2999,3000,2999.0,differentia=1+policy=RecencyProportionalResolution+target=512,<function upgma at 0x7fcf41625160>
405,132,132,[130],3001.0,10.0,286061,3001,3002,3001.0,differentia=1+policy=RecencyProportionalResolution+target=512,<function upgma at 0x7fcf41625160>
406,133,133,[127],2988.0,1.0,Inner112,2986,2991,2988.0,differentia=1+policy=RecencyProportionalResolution+target=512,<function upgma at 0x7fcf41625160>
407,134,134,[133],2990.0,2.0,Inner89,2988,2993,2990.0,differentia=1+policy=RecencyProportionalResolution+target=512,<function upgma at 0x7fcf41625160>
408,135,135,[134],3001.0,11.0,285987,3001,3002,3001.0,differentia=1+policy=RecencyProportionalResolution+target=512,<function upgma at 0x7fcf41625160>
409,136,136,[134],2991.0,1.0,Inner71,2989,2994,2991.0,differentia=1+policy=RecencyProportionalResolution+target=512,<function upgma at 0x7fcf41625160>
410,137,137,[136],2992.0,1.0,Inner49,2990,2995,2992.0,differentia=1+policy=RecencyProportionalResolution+target=512,<function upgma at 0x7fcf41625160>
411,138,138,[137],3000.0,8.0,285937,3000,3001,3000.0,differentia=1+policy=RecencyProportionalResolution+target=512,<function upgma at 0x7fcf41625160>
412,139,139,[137],3001.0,9.0,285997,3001,3002,3001.0,differentia=1+policy=RecencyProportionalResolution+target=512,<function upgma at 0x7fcf41625160>
413,140,140,[136],3001.0,10.0,286068,3001,3002,3001.0,differentia=1+policy=RecencyProportionalResolution+target=512,<function upgma at 0x7fcf41625160>
414,141,141,[133],2989.0,1.0,Inner99,2987,2992,2989.0,differentia=1+policy=RecencyProportionalResolution+target=512,<function upgma at 0x7fcf41625160>
415,142,142,[141],2990.0,1.0,Inner97,2988,2993,2990.0,differentia=1+policy=RecencyProportionalResolution+target=512,<function upgma at 0x7fcf41625160>
416,143,143,[142],3001.0,11.0,286022,3001,3002,3001.0,differentia=1+policy=RecencyProportionalResolution+target=512,<function upgma at 0x7fcf41625160>
417,144,144,[142],3001.0,11.0,286028,3001,3002,3001.0,differentia=1+policy=RecencyProportionalResolution+target=512,<function upgma at 0x7fcf41625160>
418,145,145,[141],2991.0,2.0,Inner47,2989,2994,2991.0,differentia=1+policy=RecencyProportionalResolution+target=512,<function upgma at 0x7fcf41625160>
419,146,146,[145],2991.0,0.0,Inner30,2989,2994,2991.0,differentia=1+policy=RecencyProportionalResolution+target=512,<function upgma at 0x7fcf41625160>
420,147,147,[146],2997.0,6.0,285695,2997,2998,2997.0,differentia=1+policy=RecencyProportionalResolution+target=512,<function upgma at 0x7fcf41625160>
421,148,148,[146],2994.0,3.0,Inner5,2992,2997,2994.0,differentia=1+policy=RecencyProportionalResolution+target=512,<function upgma at 0x7fcf41625160>
422,149,149,[148],2998.0,4.0,285752,2998,2999,2998.0,differentia=1+policy=RecencyProportionalResolution+target=512,<function upgma at 0x7fcf41625160>
423,150,150,[148],3001.0,7.0,286052,3001,3002,3001.0,differentia=1+policy=RecencyProportionalResolution+target=512,<function upgma at 0x7fcf41625160>
424,151,151,[145],2993.0,2.0,Inner38,2991,2996,2993.0,differentia=1+policy=RecencyProportionalResolution+target=512,<function upgma at 0x7fcf41625160>
425,152,152,[151],3001.0,8.0,286067,3001,3002,3001.0,differentia=1+policy=RecencyProportionalResolution+target=512,<function upgma at 0x7fcf41625160>
426,153,153,[151],2994.0,1.0,Inner22,2992,2997,2994.0,differentia=1+policy=RecencyProportionalResolution+target=512,<function upgma at 0x7fcf41625160>
427,154,154,[153],3001.0,7.0,286019,3001,3002,3001.0,differentia=1+policy=RecencyProportionalResolution+target=512,<function upgma at 0x7fcf41625160>
428,155,155,[153],2995.0,1.0,Inner9,2993,2998,2995.0,differentia=1+policy=RecencyProportionalResolution+target=512,<function upgma at 0x7fcf41625160>
429,156,156,[155],2997.0,2.0,Inner1,2995,3000,2997.0,differentia=1+policy=RecencyProportionalResolution+target=512,<function upgma at 0x7fcf41625160>
430,157,157,[156],3001.0,4.0,286070,3001,3002,3001.0,differentia=1+policy=RecencyProportionalResolution+target=512,<function upgma at 0x7fcf41625160>
431,158,158,[156],3001.0,4.0,286071,3001,3002,3001.0,differentia=1+policy=RecencyProportionalResolution+target=512,<function upgma at 0x7fcf41625160>
432,159,159,[155],3001.0,6.0,286079,3001,3002,3001.0,differentia=1+policy=RecencyProportionalResolution+target=512,<function upgma at 0x7fcf41625160>
433,160,160,[112],2977.0,7.0,Inner133,2975,2980,2977.0,differentia=1+policy=RecencyProportionalResolution+target=512,<function upgma at 0x7fcf41625160>
434,161,161,[160],2984.0,7.0,Inner127,2982,2987,2984.0,differentia=1+policy=RecencyProportionalResolution+target=512,<function upgma at 0x7fcf41625160>
435,162,162,[161],3001.0,17.0,286014,3001,3002,3001.0,differentia=1+policy=RecencyProportionalResolution+target=512,<function upgma at 0x7fcf41625160>
436,163,163,[161],2985.0,1.0,Inner126,2983,2988,2985.0,differentia=1+policy=RecencyProportionalResolution+target=512,<function upgma at 0x7fcf41625160>
437,164,164,[163],2986.0,1.0,Inner123,2984,2989,2986.0,differentia=1+policy=RecencyProportionalResolution+target=512,<function upgma at 0x7fcf41625160>
438,165,165,[164],2987.0,1.0,Inner118,2985,2990,2987.0,differentia=1+policy=RecencyProportionalResolution+target=512,<function upgma at 0x7fcf41625160>
439,166,166,[165],2988.0,1.0,Inner111,2986,2991,2988.0,differentia=1+policy=RecencyProportionalResolution+target=512,<function upgma at 0x7fcf41625160>
440,167,167,[166],2989.0,1.0,Inner98,2987,2992,2989.0,differentia=1+policy=RecencyProportionalResolution+target=512,<function upgma at 0x7fcf41625160>
441,168,168,[167],3000.0,11.0,285959,3000,3001,3000.0,differentia=1+policy=RecencyProportionalResolution+target=512,<function upgma at 0x7fcf41625160>
442,169,169,[167],2990.0,1.0,Inner84,2988,2993,2990.0,differentia=1+policy=RecencyProportionalResolution+target=512,<function upgma at 0x7fcf41625160>
443,170,170,[169],3000.0,10.0,285892,3000,3001,3000.0,differentia=1+policy=RecencyProportionalResolution+target=512,<function upgma at 0x7fcf41625160>
444,171,171,[169],2992.0,2.0,Inner48,2990,2995,2992.0,differentia=1+policy=RecencyProportionalResolution+target=512,<function upgma at 0x7fcf41625160>
445,172,172,[171],3000.0,8.0,285935,3000,3001,3000.0,differentia=1+policy=RecencyProportionalResolution+target=512,<function upgma at 0x7fcf41625160>
446,173,173,[171],3001.0,9.0,286004,3001,3002,3001.0,differentia=1+policy=RecencyProportionalResolution+target=512,<function upgma at 0x7fcf41625160>
447,174,174,[166],2990.0,2.0,Inner92,2988,2993,2990.0,differentia=1+policy=RecencyProportionalResolution+target=512,<function upgma at 0x7fcf41625160>
448,175,175,[174],3001.0,11.0,286013,3001,3002,3001.0,differentia=1+policy=RecencyProportionalResolution+target=512,<function upgma at 0x7fcf41625160>
449,176,176,[174],3001.0,11.0,286037,3001,3002,3001.0,differentia=1+policy=RecencyProportionalResolution+target=512,<function upgma at 0x7fcf41625160>
450,177,177,[165],2988.0,1.0,Inner110,2986,2991,2988.0,differentia=1+policy=RecencyProportionalResolution+target=512,<function upgma at 0x7fcf41625160>
451,178,178,[177],2990.0,2.0,Inner94,2988,2993,2990.0,differentia=1+policy=RecencyProportionalResolution+target=512,<function upgma at 0x7fcf41625160>
452,179,179,[178],3001.0,11.0,285981,3001,3002,3001.0,differentia=1+policy=RecencyProportionalResolution+target=512,<function upgma at 0x7fcf41625160>
453,180,180,[178],2991.0,1.0,Inner79,2989,2994,2991.0,differentia=1+policy=RecencyProportionalResolution+target=512,<function upgma at 0x7fcf41625160>
454,181,181,[180],3001.0,10.0,286007,3001,3002,3001.0,differentia=1+policy=RecencyProportionalResolution+target=512,<function upgma at 0x7fcf41625160>
455,182,182,[180],3001.0,10.0,286043,3001,3002,3001.0,differentia=1+policy=RecencyProportionalResolution+target=512,<function upgma at 0x7fcf41625160>
456,183,183,[177],2989.0,1.0,Inner93,2987,2992,2989.0,differentia=1+policy=RecencyProportionalResolution+target=512,<function upgma at 0x7fcf41625160>
457,184,184,[183],2993.0,4.0,Inner7,2991,2996,2993.0,differentia=1+policy=RecencyProportionalResolution+target=512,<function upgma at 0x7fcf41625160>
458,185,185,[184],2997.0,4.0,285634,2997,2998,2997.0,differentia=1+policy=RecencyProportionalResolution+target=512,<function upgma at 0x7fcf41625160>
459,186,186,[184],3001.0,8.0,286047,3001,3002,3001.0,differentia=1+policy=RecencyProportionalResolution+target=512,<function upgma at 0x7fcf41625160>
460,187,187,[183],3001.0,12.0,286057,3001,3002,3001.0,differentia=1+policy=RecencyProportionalResolution+target=512,<function upgma at 0x7fcf41625160>
461,188,188,[164],2987.0,1.0,Inner121,2985,2990,2987.0,differentia=1+policy=RecencyProportionalResolution+target=512,<function upgma at 0x7fcf41625160>
462,189,189,[188],2988.0,1.0,Inner115,2986,2991,2988.0,differentia=1+policy=RecencyProportionalResolution+target=512,<function upgma at 0x7fcf41625160>
463,190,190,[189],3001.0,13.0,285994,3001,3002,3001.0,differentia=1+policy=RecencyProportionalResolution+target=512,<function upgma at 0x7fcf41625160>
464,191,191,[189],2989.0,1.0,Inner100,2987,2992,2989.0,differentia=1+policy=RecencyProportionalResolution+target=512,<function upgma at 0x7fcf41625160>
465,192,192,[191],3000.0,11.0,285909,3000,3001,3000.0,differentia=1+policy=RecencyProportionalResolution+target=512,<function upgma at 0x7fcf41625160>
466,193,193,[191],3001.0,12.0,286005,3001,3002,3001.0,differentia=1+policy=RecencyProportionalResolution+target=512,<function upgma at 0x7fcf41625160>
467,194,194,[188],2988.0,1.0,Inner114,2986,2991,2988.0,differentia=1+policy=RecencyProportionalResolution+target=512,<function upgma at 0x7fcf41625160>
468,195,195,[194],2989.0,1.0,Inner104,2987,2992,2989.0,differentia=1+policy=RecencyProportionalResolution+target=512,<function upgma at 0x7fcf41625160>
469,196,196,[195],3001.0,12.0,286031,3001,3002,3001.0,differentia=1+policy=RecencyProportionalResolution+target=512,<function upgma at 0x7fcf41625160>
470,197,197,[195],2991.0,2.0,Inner68,2989,2994,2991.0,differentia=1+policy=RecencyProportionalResolution+target=512,<function upgma at 0x7fcf41625160>
471,198,198,[197],3000.0,9.0,285970,3000,3001,3000.0,differentia=1+policy=RecencyProportionalResolution+target=512,<function upgma at 0x7fcf41625160>
472,199,199,[197],3001.0,10.0,286049,3001,3002,3001.0,differentia=1+policy=RecencyProportionalResolution+target=512,<function upgma at 0x7fcf41625160>
473,200,200,[194],2989.0,1.0,Inner101,2987,2992,2989.0,differentia=1+policy=RecencyProportionalResolution+target=512,<function upgma at 0x7fcf41625160>
474,201,201,[200],2990.0,1.0,Inner76,2988,2993,2990.0,differentia=1+policy=RecencyProportionalResolution+target=512,<function upgma at 0x7fcf41625160>
475,202,202,[201],2999.0,9.0,285874,2999,3000,2999.0,differentia=1+policy=RecencyProportionalResolution+target=512,<function upgma at 0x7fcf41625160>
476,203,203,[201],3001.0,11.0,286018,3001,3002,3001.0,differentia=1+policy=RecencyProportionalResolution+target=512,<function upgma at 0x7fcf41625160>
477,204,204,[200],2991.0,2.0,Inner78,2989,2994,2991.0,differentia=1+policy=RecencyProportionalResolution+target=512,<function upgma at 0x7fcf41625160>
478,205,205,[204],3001.0,10.0,285983,3001,3002,3001.0,differentia=1+policy=RecencyProportionalResolution+target=512,<function upgma at 0x7fcf41625160>
479,206,206,[204],3001.0,10.0,286072,3001,3002,3001.0,differentia=1+policy=RecencyProportionalResolution+target=512,<function upgma at 0x7fcf41625160>
480,207,207,[163],2986.0,1.0,Inner122,2984,2989,2986.0,differentia=1+policy=RecencyProportionalResolution+target=512,<function upgma at 0x7fcf41625160>
481,208,208,[207],2987.0,1.0,Inner120,2985,2990,2987.0,differentia=1+policy=RecencyProportionalResolution+target=512,<function upgma at 0x7fcf41625160>
482,209,209,[208],3001.0,14.0,286015,3001,3002,3001.0,differentia=1+policy=RecencyProportionalResolution+target=512,<function upgma at 0x7fcf41625160>
483,210,210,[208],2988.0,1.0,Inner108,2986,2991,2988.0,differentia=1+policy=RecencyProportionalResolution+target=512,<function upgma at 0x7fcf41625160>
484,211,211,[210],2989.0,1.0,Inner103,2987,2992,2989.0,differentia=1+policy=RecencyProportionalResolution+target=512,<function upgma at 0x7fcf41625160>
485,212,212,[211],2990.0,1.0,Inner85,2988,2993,2990.0,differentia=1+policy=RecencyProportionalResolution+target=512,<function upgma at 0x7fcf41625160>
486,213,213,[212],2994.0,4.0,Inner8,2992,2997,2994.0,differentia=1+policy=RecencyProportionalResolution+target=512,<function upgma at 0x7fcf41625160>
487,214,214,[213],3000.0,6.0,285925,3000,3001,3000.0,differentia=1+policy=RecencyProportionalResolution+target=512,<function upgma at 0x7fcf41625160>
488,215,215,[213],3000.0,6.0,285964,3000,3001,3000.0,differentia=1+policy=RecencyProportionalResolution+target=512,<function upgma at 0x7fcf41625160>
489,216,216,[212],3001.0,11.0,286009,3001,3002,3001.0,differentia=1+policy=RecencyProportionalResolution+target=512,<function upgma at 0x7fcf41625160>
490,217,217,[211],3001.0,12.0,286023,3001,3002,3001.0,differentia=1+policy=RecencyProportionalResolution+target=512,<function upgma at 0x7fcf41625160>
491,218,218,[210],2989.0,1.0,Inner87,2987,2992,2989.0,differentia=1+policy=RecencyProportionalResolution+target=512,<function upgma at 0x7fcf41625160>
492,219,219,[218],2994.0,5.0,Inner2,2992,2997,2994.0,differentia=1+policy=RecencyProportionalResolution+target=512,<function upgma at 0x7fcf41625160>
493,220,220,[219],2998.0,4.0,285722,2998,2999,2998.0,differentia=1+policy=RecencyProportionalResolution+target=512,<function upgma at 0x7fcf41625160>
494,221,221,[219],3000.0,6.0,285912,3000,3001,3000.0,differentia=1+policy=RecencyProportionalResolution+target=512,<function upgma at 0x7fcf41625160>
495,222,222,[218],2991.0,2.0,Inner69,2989,2994,2991.0,differentia=1+policy=RecencyProportionalResolution+target=512,<function upgma at 0x7fcf41625160>
496,223,223,[222],3000.0,9.0,285946,3000,3001,3000.0,differentia=1+policy=RecencyProportionalResolution+target=512,<function upgma at 0x7fcf41625160>
497,224,224,[222],3001.0,10.0,286073,3001,3002,3001.0,differentia=1+policy=RecencyProportionalResolution+target=512,<function upgma at 0x7fcf41625160>
498,225,225,[207],2987.0,1.0,Inner119,2985,2990,2987.0,differentia=1+policy=RecencyProportionalResolution+target=512,<function upgma at 0x7fcf41625160>
499,226,226,[225],2988.0,1.0,Inner109,2986,2991,2988.0,differentia=1+policy=RecencyProportionalResolution+target=512,<function upgma at 0x7fcf41625160>
500,227,227,[226],2990.0,2.0,Inner77,2988,2993,2990.0,differentia=1+policy=RecencyProportionalResolution+target=512,<function upgma at 0x7fcf41625160>
501,228,228,[227],2999.0,9.0,285879,2999,3000,2999.0,differentia=1+policy=RecencyProportionalResolution+target=512,<function upgma at 0x7fcf41625160>
502,229,229,[227],3001.0,11.0,286034,3001,3002,3001.0,differentia=1+policy=RecencyProportionalResolution+target=512,<function upgma at 0x7fcf41625160>
503,230,230,[226],2990.0,2.0,Inner95,2988,2993,2990.0,differentia=1+policy=RecencyProportionalResolution+target=512,<function upgma at 0x7fcf41625160>
504,231,231,[230],3001.0,11.0,285986,3001,3002,3001.0,differentia=1+policy=RecencyProportionalResolution+target=512,<function upgma at 0x7fcf41625160>
505,232,232,[230],3001.0,11.0,286050,3001,3002,3001.0,differentia=1+policy=RecencyProportionalResolution+target=512,<function upgma at 0x7fcf41625160>
506,233,233,[225],2988.0,1.0,Inner113,2986,2991,2988.0,differentia=1+policy=RecencyProportionalResolution+target=512,<function upgma at 0x7fcf41625160>
507,234,234,[233],2989.0,1.0,Inner106,2987,2992,2989.0,differentia=1+policy=RecencyProportionalResolution+target=512,<function upgma at 0x7fcf41625160>
508,235,235,[234],3001.0,12.0,285988,3001,3002,3001.0,differentia=1+policy=RecencyProportionalResolution+target=512,<function upgma at 0x7fcf41625160>
509,236,236,[234],3001.0,12.0,286041,3001,3002,3001.0,differentia=1+policy=RecencyProportionalResolution+target=512,<function upgma at 0x7fcf41625160>
510,237,237,[233],2990.0,2.0,Inner83,2988,2993,2990.0,differentia=1+policy=RecencyProportionalResolution+target=512,<function upgma at 0x7fcf41625160>
511,238,238,[237],3001.0,11.0,286011,3001,3002,3001.0,differentia=1+policy=RecencyProportionalResolution+target=512,<function upgma at 0x7fcf41625160>
512,239,239,[237],2992.0,2.0,Inner31,2990,2995,2992.0,differentia=1+policy=RecencyProportionalResolution+target=512,<function upgma at 0x7fcf41625160>
513,240,240,[239],2998.0,6.0,285725,2998,2999,2998.0,differentia=1+policy=RecencyProportionalResolution+target=512,<function upgma at 0x7fcf41625160>
514,241,241,[239],2994.0,2.0,Inner19,2992,2997,2994.0,differentia=1+policy=RecencyProportionalResolution+target=512,<function upgma at 0x7fcf41625160>
515,242,242,[241],3001.0,7.0,286054,3001,3002,3001.0,differentia=1+policy=RecencyProportionalResolution+target=512,<function upgma at 0x7fcf41625160>
516,243,243,[241],3001.0,7.0,286078,3001,3002,3001.0,differentia=1+policy=RecencyProportionalResolution+target=512,<function upgma at 0x7fcf41625160>
517,244,244,[160],2977.0,0.0,Inner132,2975,2980,2977.0,differentia=1+policy=RecencyProportionalResolution+target=512,<function upgma at 0x7fcf41625160>
518,245,245,[244],2991.0,14.0,Inner67,2989,2994,2991.0,differentia=1+policy=RecencyProportionalResolution+target=512,<function upgma at 0x7fcf41625160>
519,246,246,[245],3000.0,9.0,285963,3000,3001,3000.0,differentia=1+policy=RecencyProportionalResolution+target=512,<function upgma at 0x7fcf41625160>
520,247,247,[245],2992.0,1.0,Inner57,2990,2995,2992.0,differentia=1+policy=RecencyProportionalResolution+target=512,<function upgma at 0x7fcf41625160>
521,248,248,[247],2993.0,1.0,Inner34,2991,2996,2993.0,differentia=1+policy=RecencyProportionalResolution+target=512,<function upgma at 0x7fcf41625160>
522,249,249,[248],3001.0,8.0,286020,3001,3002,3001.0,differentia=1+policy=RecencyProportionalResolution+target=512,<function upgma at 0x7fcf41625160>
523,250,250,[248],2994.0,1.0,Inner17,2992,2997,2994.0,differentia=1+policy=RecencyProportionalResolution+target=512,<function upgma at 0x7fcf41625160>
524,251,251,[250],3000.0,6.0,285968,3000,3001,3000.0,differentia=1+policy=RecencyProportionalResolution+target=512,<function upgma at 0x7fcf41625160>
525,252,252,[250],3001.0,7.0,286048,3001,3002,3001.0,differentia=1+policy=RecencyProportionalResolution+target=512,<function upgma at 0x7fcf41625160>
526,253,253,[247],3001.0,9.0,286075,3001,3002,3001.0,differentia=1+policy=RecencyProportionalResolution+target=512,<function upgma at 0x7fcf41625160>
527,254,254,[244],2978.0,1.0,Inner129,2976,2981,2978.0,differentia=1+policy=RecencyProportionalResolution+target=512,<function upgma at 0x7fcf41625160>
528,255,255,[254],2978.0,0.0,Inner128,2976,2981,2978.0,differentia=1+policy=RecencyProportionalResolution+target=512,<function upgma at 0x7fcf41625160>
529,256,256,[255],2993.0,15.0,285310,2993,2994,2993.0,differentia=1+policy=RecencyProportionalResolution+target=512,<function upgma at 0x7fcf41625160>
530,257,257,[255],2999.0,21.0,285803,2999,3000,2999.0,differentia=1+policy=RecencyProportionalResolution+target=512,<function upgma at 0x7fcf41625160>
531,258,258,[254],2990.0,12.0,Inner96,2988,2993,2990.0,differentia=1+policy=RecencyProportionalResolution+target=512,<function upgma at 0x7fcf41625160>
532,259,259,[258],2993.0,3.0,Inner37,2991,2996,2993.0,differentia=1+policy=RecencyProportionalResolution+target=512,<function upgma at 0x7fcf41625160>
533,260,260,[259],3001.0,8.0,285993,3001,3002,3001.0,differentia=1+policy=RecencyProportionalResolution+target=512,<function upgma at 0x7fcf41625160>
534,261,261,[259],3001.0,8.0,285995,3001,3002,3001.0,differentia=1+policy=RecencyProportionalResolution+target=512,<function upgma at 0x7fcf41625160>
535,262,262,[258],2991.0,1.0,Inner80,2989,2994,2991.0,differentia=1+policy=RecencyProportionalResolution+target=512,<function upgma at 0x7fcf41625160>
536,263,263,[262],2993.0,2.0,Inner36,2991,2996,2993.0,differentia=1+policy=RecencyProportionalResolution+target=512,<function upgma at 0x7fcf41625160>
537,264,264,[263],3001.0,8.0,286001,3001,3002,3001.0,differentia=1+policy=RecencyProportionalResolution+target=512,<function upgma at 0x7fcf41625160>
538,265,265,[263],2994.0,1.0,Inner21,2992,2997,2994.0,differentia=1+policy=RecencyProportionalResolution+target=512,<function upgma at 0x7fcf41625160>
539,266,266,[265],3001.0,7.0,286040,3001,3002,3001.0,differentia=1+policy=RecencyProportionalResolution+target=512,<function upgma at 0x7fcf41625160>
540,267,267,[265],3001.0,7.0,286046,3001,3002,3001.0,differentia=1+policy=RecencyProportionalResolution+target=512,<function upgma at 0x7fcf41625160>
541,268,268,[262],2993.0,2.0,Inner35,2991,2996,2993.0,differentia=1+policy=RecencyProportionalResolution+target=512,<function upgma at 0x7fcf41625160>
542,269,269,[268],2994.0,1.0,Inner20,2992,2997,2994.0,differentia=1+policy=RecencyProportionalResolution+target=512,<function upgma at 0x7fcf41625160>
543,270,270,[269],3001.0,7.0,286021,3001,3002,3001.0,differentia=1+policy=RecencyProportionalResolution+target=512,<function upgma at 0x7fcf41625160>
544,271,271,[269],3001.0,7.0,286044,3001,3002,3001.0,differentia=1+policy=RecencyProportionalResolution+target=512,<function upgma at 0x7fcf41625160>
545,272,272,[268],3001.0,8.0,286083,3001,3002,3001.0,differentia=1+policy=RecencyProportionalResolution+target=512,<function upgma at 0x7fcf41625160>
546,0,0,[None],2931.5,2931.5,Inner136,2912,2952,2931.5,differentia=1+policy=RecencyProportionalResolution+target=64,<function upgma at 0x7fcf41625160>
547,1,1,[0],2978.5,47.0,Inner130,2972,2986,2978.5,differentia=1+policy=RecencyProportionalResolution+target=64,<function upgma at 0x7fcf41625160>
548,2,2,[1],3000.0,21.5,285894,3000,3001,3000.0,differentia=1+policy=RecencyProportionalResolution+target=64,<function upgma at 0x7fcf41625160>
549,3,3,[1],3001.0,22.5,286033,3001,3002,3001.0,differentia=1+policy=RecencyProportionalResolution+target=64,<function upgma at 0x7fcf41625160>
550,4,4,[0],2943.5,12.0,Inner135,2928,2960,2943.5,differentia=1+policy=RecencyProportionalResolution+target=64,<function upgma at 0x7fcf41625160>
551,5,5,[4],2987.0,43.5,Inner120,2984,2991,2987.0,differentia=1+policy=RecencyProportionalResolution+target=64,<function upgma at 0x7fcf41625160>
552,6,6,[5],2987.5,0.5,Inner109,2984,2992,2987.5,differentia=1+policy=RecencyProportionalResolution+target=64,<function upgma at 0x7fcf41625160>
553,7,7,[6],2990.0,2.5,Inner90,2988,2993,2990.0,differentia=1+policy=RecencyProportionalResolution+target=64,<function upgma at 0x7fcf41625160>
554,8,8,[7],2990.5,0.5,Inner70,2988,2994,2990.5,differentia=1+policy=RecencyProportionalResolution+target=64,<function upgma at 0x7fcf41625160>
555,9,9,[8],3000.0,9.5,285919,3000,3001,3000.0,differentia=1+policy=RecencyProportionalResolution+target=64,<function upgma at 0x7fcf41625160>
556,10,10,[8],2992.0,1.5,Inner60,2990,2995,2992.0,differentia=1+policy=RecencyProportionalResolution+target=64,<function upgma at 0x7fcf41625160>
557,11,11,[10],3001.0,9.0,285982,3001,3002,3001.0,differentia=1+policy=RecencyProportionalResolution+target=64,<function upgma at 0x7fcf41625160>
558,12,12,[10],3001.0,9.0,286000,3001,3002,3001.0,differentia=1+policy=RecencyProportionalResolution+target=64,<function upgma at 0x7fcf41625160>
559,13,13,[7],2990.5,0.5,Inner73,2988,2994,2990.5,differentia=1+policy=RecencyProportionalResolution+target=64,<function upgma at 0x7fcf41625160>
560,14,14,[13],2992.0,1.5,Inner62,2990,2995,2992.0,differentia=1+policy=RecencyProportionalResolution+target=64,<function upgma at 0x7fcf41625160>
561,15,15,[14],3001.0,9.0,286003,3001,3002,3001.0,differentia=1+policy=RecencyProportionalResolution+target=64,<function upgma at 0x7fcf41625160>
562,16,16,[14],2993.0,1.0,Inner40,2991,2996,2993.0,differentia=1+policy=RecencyProportionalResolution+target=64,<function upgma at 0x7fcf41625160>
563,17,17,[16],3001.0,8.0,286002,3001,3002,3001.0,differentia=1+policy=RecencyProportionalResolution+target=64,<function upgma at 0x7fcf41625160>
564,18,18,[16],3001.0,8.0,286024,3001,3002,3001.0,differentia=1+policy=RecencyProportionalResolution+target=64,<function upgma at 0x7fcf41625160>
565,19,19,[13],2992.0,1.5,Inner45,2990,2995,2992.0,differentia=1+policy=RecencyProportionalResolution+target=64,<function upgma at 0x7fcf41625160>
566,20,20,[19],3000.0,8.0,285907,3000,3001,3000.0,differentia=1+policy=RecencyProportionalResolution+target=64,<function upgma at 0x7fcf41625160>
567,21,21,[19],3001.0,9.0,286042,3001,3002,3001.0,differentia=1+policy=RecencyProportionalResolution+target=64,<function upgma at 0x7fcf41625160>
568,22,22,[6],2989.0,1.5,Inner99,2986,2993,2989.0,differentia=1+policy=RecencyProportionalResolution+target=64,<function upgma at 0x7fcf41625160>
569,23,23,[22],2990.5,1.5,Inner84,2988,2994,2990.5,differentia=1+policy=RecencyProportionalResolution+target=64,<function upgma at 0x7fcf41625160>
570,24,24,[23],2993.0,2.5,Inner39,2991,2996,2993.0,differentia=1+policy=RecencyProportionalResolution+target=64,<function upgma at 0x7fcf41625160>
571,25,25,[24],3001.0,8.0,285984,3001,3002,3001.0,differentia=1+policy=RecencyProportionalResolution+target=64,<function upgma at 0x7fcf41625160>
572,26,26,[24],3001.0,8.0,285990,3001,3002,3001.0,differentia=1+policy=RecencyProportionalResolution+target=64,<function upgma at 0x7fcf41625160>
573,27,27,[23],2992.0,1.5,Inner63,2990,2995,2992.0,differentia=1+policy=RecencyProportionalResolution+target=64,<function upgma at 0x7fcf41625160>
574,28,28,[27],2994.0,2.0,Inner26,2992,2997,2994.0,differentia=1+policy=RecencyProportionalResolution+target=64,<function upgma at 0x7fcf41625160>
575,29,29,[28],2995.0,1.0,Inner14,2993,2998,2995.0,differentia=1+policy=RecencyProportionalResolution+target=64,<function upgma at 0x7fcf41625160>
576,30,30,[29],3001.0,6.0,286027,3001,3002,3001.0,differentia=1+policy=RecencyProportionalResolution+target=64,<function upgma at 0x7fcf41625160>
577,31,31,[29],3001.0,6.0,286032,3001,3002,3001.0,differentia=1+policy=RecencyProportionalResolution+target=64,<function upgma at 0x7fcf41625160>
578,32,32,[28],3001.0,7.0,286035,3001,3002,3001.0,differentia=1+policy=RecencyProportionalResolution+target=64,<function upgma at 0x7fcf41625160>
579,33,33,[27],3001.0,9.0,286060,3001,3002,3001.0,differentia=1+policy=RecencyProportionalResolution+target=64,<function upgma at 0x7fcf41625160>
580,34,34,[22],2990.5,1.5,Inner85,2988,2994,2990.5,differentia=1+policy=RecencyProportionalResolution+target=64,<function upgma at 0x7fcf41625160>
581,35,35,[34],2992.0,1.5,Inner61,2990,2995,2992.0,differentia=1+policy=RecencyProportionalResolution+target=64,<function upgma at 0x7fcf41625160>
582,36,36,[35],2994.0,2.0,Inner25,2992,2997,2994.0,differentia=1+policy=RecencyProportionalResolution+target=64,<function upgma at 0x7fcf41625160>
583,37,37,[36],3001.0,7.0,285991,3001,3002,3001.0,differentia=1+policy=RecencyProportionalResolution+target=64,<function upgma at 0x7fcf41625160>
584,38,38,[36],3001.0,7.0,286025,3001,3002,3001.0,differentia=1+policy=RecencyProportionalResolution+target=64,<function upgma at 0x7fcf41625160>
585,39,39,[35],2993.0,1.0,Inner38,2991,2996,2993.0,differentia=1+policy=RecencyProportionalResolution+target=64,<function upgma at 0x7fcf41625160>
586,40,40,[39],3001.0,8.0,285999,3001,3002,3001.0,differentia=1+policy=RecencyProportionalResolution+target=64,<function upgma at 0x7fcf41625160>
587,41,41,[39],3001.0,8.0,286055,3001,3002,3001.0,differentia=1+policy=RecencyProportionalResolution+target=64,<function upgma at 0x7fcf41625160>
588,42,42,[34],3001.0,10.5,286076,3001,3002,3001.0,differentia=1+policy=RecencyProportionalResolution+target=64,<function upgma at 0x7fcf41625160>
589,43,43,[5],2988.5,1.5,Inner105,2986,2992,2988.5,differentia=1+policy=RecencyProportionalResolution+target=64,<function upgma at 0x7fcf41625160>
590,44,44,[43],2990.0,1.5,Inner94,2988,2993,2990.0,differentia=1+policy=RecencyProportionalResolution+target=64,<function upgma at 0x7fcf41625160>
591,45,45,[44],2991.0,1.0,Inner72,2989,2994,2991.0,differentia=1+policy=RecencyProportionalResolution+target=64,<function upgma at 0x7fcf41625160>
592,46,46,[45],2992.0,1.0,Inner49,2990,2995,2992.0,differentia=1+policy=RecencyProportionalResolution+target=64,<function upgma at 0x7fcf41625160>
593,47,47,[46],2994.0,2.0,Inner17,2992,2997,2994.0,differentia=1+policy=RecencyProportionalResolution+target=64,<function upgma at 0x7fcf41625160>
594,48,48,[47],3000.0,6.0,285936,3000,3001,3000.0,differentia=1+policy=RecencyProportionalResolution+target=64,<function upgma at 0x7fcf41625160>
595,49,49,[47],3001.0,7.0,286026,3001,3002,3001.0,differentia=1+policy=RecencyProportionalResolution+target=64,<function upgma at 0x7fcf41625160>
596,50,50,[46],2994.0,2.0,Inner28,2992,2997,2994.0,differentia=1+policy=RecencyProportionalResolution+target=64,<function upgma at 0x7fcf41625160>
597,51,51,[50],3001.0,7.0,286012,3001,3002,3001.0,differentia=1+policy=RecencyProportionalResolution+target=64,<function upgma at 0x7fcf41625160>
598,52,52,[50],3001.0,7.0,286056,3001,3002,3001.0,differentia=1+policy=RecencyProportionalResolution+target=64,<function upgma at 0x7fcf41625160>
599,53,53,[45],2992.0,1.0,Inner47,2990,2995,2992.0,differentia=1+policy=RecencyProportionalResolution+target=64,<function upgma at 0x7fcf41625160>
600,54,54,[53],2994.0,2.0,Inner16,2992,2997,2994.0,differentia=1+policy=RecencyProportionalResolution+target=64,<function upgma at 0x7fcf41625160>
601,55,55,[54],3000.0,6.0,285972,3000,3001,3000.0,differentia=1+policy=RecencyProportionalResolution+target=64,<function upgma at 0x7fcf41625160>
602,56,56,[54],3001.0,7.0,286008,3001,3002,3001.0,differentia=1+policy=RecencyProportionalResolution+target=64,<function upgma at 0x7fcf41625160>
603,57,57,[53],3001.0,9.0,286063,3001,3002,3001.0,differentia=1+policy=RecencyProportionalResolution+target=64,<function upgma at 0x7fcf41625160>
604,58,58,[44],2990.5,0.5,Inner75,2988,2994,2990.5,differentia=1+policy=RecencyProportionalResolution+target=64,<function upgma at 0x7fcf41625160>
605,59,59,[58],2992.0,1.5,Inner64,2990,2995,2992.0,differentia=1+policy=RecencyProportionalResolution+target=64,<function upgma at 0x7fcf41625160>
606,60,60,[59],2993.0,1.0,Inner41,2991,2996,2993.0,differentia=1+policy=RecencyProportionalResolution+target=64,<function upgma at 0x7fcf41625160>
607,61,61,[60],3001.0,8.0,286045,3001,3002,3001.0,differentia=1+policy=RecencyProportionalResolution+target=64,<function upgma at 0x7fcf41625160>
608,62,62,[60],3001.0,8.0,286058,3001,3002,3001.0,differentia=1+policy=RecencyProportionalResolution+target=64,<function upgma at 0x7fcf41625160>
609,63,63,[59],2994.0,2.0,Inner30,2992,2997,2994.0,differentia=1+policy=RecencyProportionalResolution+target=64,<function upgma at 0x7fcf41625160>
610,64,64,[63],2998.0,4.0,Inner2,2996,3001,2998.0,differentia=1+policy=RecencyProportionalResolution+target=64,<function upgma at 0x7fcf41625160>
611,65,65,[64],3001.0,3.0,286016,3001,3002,3001.0,differentia=1+policy=RecencyProportionalResolution+target=64,<function upgma at 0x7fcf41625160>
612,66,66,[64],3001.0,3.0,286051,3001,3002,3001.0,differentia=1+policy=RecencyProportionalResolution+target=64,<function upgma at 0x7fcf41625160>
613,67,67,[63],3001.0,7.0,286080,3001,3002,3001.0,differentia=1+policy=RecencyProportionalResolution+target=64,<function upgma at 0x7fcf41625160>
614,68,68,[58],2992.0,1.5,Inner51,2990,2995,2992.0,differentia=1+policy=RecencyProportionalResolution+target=64,<function upgma at 0x7fcf41625160>
615,69,69,[68],2993.0,1.0,Inner32,2991,2996,2993.0,differentia=1+policy=RecencyProportionalResolution+target=64,<function upgma at 0x7fcf41625160>
616,70,70,[69],2994.0,1.0,Inner27,2992,2997,2994.0,differentia=1+policy=RecencyProportionalResolution+target=64,<function upgma at 0x7fcf41625160>
617,71,71,[70],3001.0,7.0,286010,3001,3002,3001.0,differentia=1+policy=RecencyProportionalResolution+target=64,<function upgma at 0x7fcf41625160>
618,72,72,[70],3001.0,7.0,286017,3001,3002,3001.0,differentia=1+policy=RecencyProportionalResolution+target=64,<function upgma at 0x7fcf41625160>
619,73,73,[69],2994.0,1.0,Inner12,2992,2997,2994.0,differentia=1+policy=RecencyProportionalResolution+target=64,<function upgma at 0x7fcf41625160>
620,74,74,[73],2999.0,5.0,285804,2999,3000,2999.0,differentia=1+policy=RecencyProportionalResolution+target=64,<function upgma at 0x7fcf41625160>
621,75,75,[73],3001.0,7.0,286065,3001,3002,3001.0,differentia=1+policy=RecencyProportionalResolution+target=64,<function upgma at 0x7fcf41625160>
622,76,76,[68],2993.0,1.0,Inner42,2991,2996,2993.0,differentia=1+policy=RecencyProportionalResolution+target=64,<function upgma at 0x7fcf41625160>
623,77,77,[76],2995.0,2.0,Inner13,2993,2998,2995.0,differentia=1+policy=RecencyProportionalResolution+target=64,<function upgma at 0x7fcf41625160>
624,78,78,[77],3001.0,6.0,285996,3001,3002,3001.0,differentia=1+policy=RecencyProportionalResolution+target=64,<function upgma at 0x7fcf41625160>
625,79,79,[77],3001.0,6.0,286036,3001,3002,3001.0,differentia=1+policy=RecencyProportionalResolution+target=64,<function upgma at 0x7fcf41625160>
626,80,80,[76],2994.0,1.0,Inner29,2992,2997,2994.0,differentia=1+policy=RecencyProportionalResolution+target=64,<function upgma at 0x7fcf41625160>
627,81,81,[80],3001.0,7.0,286039,3001,3002,3001.0,differentia=1+policy=RecencyProportionalResolution+target=64,<function upgma at 0x7fcf41625160>
628,82,82,[80],3001.0,7.0,286081,3001,3002,3001.0,differentia=1+policy=RecencyProportionalResolution+target=64,<function upgma at 0x7fcf41625160>
629,83,83,[43],2990.0,1.5,Inner92,2988,2993,2990.0,differentia=1+policy=RecencyProportionalResolution+target=64,<function upgma at 0x7fcf41625160>
630,84,84,[83],2990.5,0.5,Inner74,2988,2994,2990.5,differentia=1+policy=RecencyProportionalResolution+target=64,<function upgma at 0x7fcf41625160>
631,85,85,[84],2992.0,1.5,Inner48,2990,2995,2992.0,differentia=1+policy=RecencyProportionalResolution+target=64,<function upgma at 0x7fcf41625160>
632,86,86,[85],2993.0,1.0,Inner31,2991,2996,2993.0,differentia=1+policy=RecencyProportionalResolution+target=64,<function upgma at 0x7fcf41625160>
633,87,87,[86],3000.0,7.0,285950,3000,3001,3000.0,differentia=1+policy=RecencyProportionalResolution+target=64,<function upgma at 0x7fcf41625160>
634,88,88,[86],3001.0,8.0,285985,3001,3002,3001.0,differentia=1+policy=RecencyProportionalResolution+target=64,<function upgma at 0x7fcf41625160>
635,89,89,[85],3001.0,9.0,286059,3001,3002,3001.0,differentia=1+policy=RecencyProportionalResolution+target=64,<function upgma at 0x7fcf41625160>
636,90,90,[84],2992.0,1.5,Inner59,2990,2995,2992.0,differentia=1+policy=RecencyProportionalResolution+target=64,<function upgma at 0x7fcf41625160>
637,91,91,[90],2994.0,2.0,Inner24,2992,2997,2994.0,differentia=1+policy=RecencyProportionalResolution+target=64,<function upgma at 0x7fcf41625160>
638,92,92,[91],3001.0,7.0,286062,3001,3002,3001.0,differentia=1+policy=RecencyProportionalResolution+target=64,<function upgma at 0x7fcf41625160>
639,93,93,[91],3001.0,7.0,286064,3001,3002,3001.0,differentia=1+policy=RecencyProportionalResolution+target=64,<function upgma at 0x7fcf41625160>
640,94,94,[90],2998.0,6.0,Inner1,2996,3001,2998.0,differentia=1+policy=RecencyProportionalResolution+target=64,<function upgma at 0x7fcf41625160>
641,95,95,[94],3001.0,3.0,285989,3001,3002,3001.0,differentia=1+policy=RecencyProportionalResolution+target=64,<function upgma at 0x7fcf41625160>
642,96,96,[94],3001.0,3.0,286077,3001,3002,3001.0,differentia=1+policy=RecencyProportionalResolution+target=64,<function upgma at 0x7fcf41625160>
643,97,97,[83],2991.0,1.0,Inner71,2989,2994,2991.0,differentia=1+policy=RecencyProportionalResolution+target=64,<function upgma at 0x7fcf41625160>
644,98,98,[97],2992.0,1.0,Inner50,2990,2995,2992.0,differentia=1+policy=RecencyProportionalResolution+target=64,<function upgma at 0x7fcf41625160>
645,99,99,[98],2998.0,6.0,Inner3,2996,3001,2998.0,differentia=1+policy=RecencyProportionalResolution+target=64,<function upgma at 0x7fcf41625160>
646,100,100,[99],3001.0,3.0,286029,3001,3002,3001.0,differentia=1+policy=RecencyProportionalResolution+target=64,<function upgma at 0x7fcf41625160>
647,101,101,[99],3001.0,3.0,286030,3001,3002,3001.0,differentia=1+policy=RecencyProportionalResolution+target=64,<function upgma at 0x7fcf41625160>
648,102,102,[98],2994.0,2.0,Inner18,2992,2997,2994.0,differentia=1+policy=RecencyProportionalResolution+target=64,<function upgma at 0x7fcf41625160>
649,103,103,[102],2995.0,1.0,Inner6,2993,2998,2995.0,differentia=1+policy=RecencyProportionalResolution+target=64,<function upgma at 0x7fcf41625160>
650,104,104,[103],2999.0,4.0,285850,2999,3000,2999.0,differentia=1+policy=RecencyProportionalResolution+target=64,<function upgma at 0x7fcf41625160>
651,105,105,[103],3001.0,6.0,285998,3001,3002,3001.0,differentia=1+policy=RecencyProportionalResolution+target=64,<function upgma at 0x7fcf41625160>
652,106,106,[102],3001.0,7.0,286038,3001,3002,3001.0,differentia=1+policy=RecencyProportionalResolution+target=64,<function upgma at 0x7fcf41625160>
653,107,107,[97],2992.0,1.0,Inner46,2990,2995,2992.0,differentia=1+policy=RecencyProportionalResolution+target=64,<function upgma at 0x7fcf41625160>
654,108,108,[107],3000.0,8.0,285980,3000,3001,3000.0,differentia=1+policy=RecencyProportionalResolution+target=64,<function upgma at 0x7fcf41625160>
655,109,109,[107],2998.0,6.0,Inner4,2996,3001,2998.0,differentia=1+policy=RecencyProportionalResolution+target=64,<function upgma at 0x7fcf41625160>
656,110,110,[109],3001.0,3.0,286053,3001,3002,3001.0,differentia=1+policy=RecencyProportionalResolution+target=64,<function upgma at 0x7fcf41625160>
657,111,111,[109],3001.0,3.0,286082,3001,3002,3001.0,differentia=1+policy=RecencyProportionalResolution+target=64,<function upgma at 0x7fcf41625160>
658,112,112,[4],2961.5,18.0,Inner134,2952,2972,2961.5,differentia=1+policy=RecencyProportionalResolution+target=64,<function upgma at 0x7fcf41625160>
659,113,113,[112],2977.5,16.0,Inner131,2972,2984,2977.5,differentia=1+policy=RecencyProportionalResolution+target=64,<function upgma at 0x7fcf41625160>
660,114,114,[113],2980.5,3.0,Inner129,2976,2986,2980.5,differentia=1+policy=RecencyProportionalResolution+target=64,<function upgma at 0x7fcf41625160>
661,115,115,[114],2984.5,4.0,Inner114,2980,2990,2984.5,differentia=1+policy=RecencyProportionalResolution+target=64,<function upgma at 0x7fcf41625160>
662,116,116,[115],2996.0,11.5,285553,2996,2997,2996.0,differentia=1+policy=RecencyProportionalResolution+target=64,<function upgma at 0x7fcf41625160>
663,117,117,[115],3001.0,16.5,286066,3001,3002,3001.0,differentia=1+policy=RecencyProportionalResolution+target=64,<function upgma at 0x7fcf41625160>
664,118,118,[114],2992.0,11.5,Inner37,2990,2995,2992.0,differentia=1+policy=RecencyProportionalResolution+target=64,<function upgma at 0x7fcf41625160>
665,119,119,[118],2992.0,0.0,Inner36,2990,2995,2992.0,differentia=1+policy=RecencyProportionalResolution+target=64,<function upgma at 0x7fcf41625160>
666,120,120,[119],2999.0,7.0,285860,2999,3000,2999.0,differentia=1+policy=RecencyProportionalResolution+target=64,<function upgma at 0x7fcf41625160>
667,121,121,[119],2996.0,4.0,Inner5,2994,2999,2996.0,differentia=1+policy=RecencyProportionalResolution+target=64,<function upgma at 0x7fcf41625160>
668,122,122,[121],3001.0,5.0,285992,3001,3002,3001.0,differentia=1+policy=RecencyProportionalResolution+target=64,<function upgma at 0x7fcf41625160>
669,123,123,[121],3001.0,5.0,286069,3001,3002,3001.0,differentia=1+policy=RecencyProportionalResolution+target=64,<function upgma at 0x7fcf41625160>
670,124,124,[118],2994.0,2.0,Inner23,2992,2997,2994.0,differentia=1+policy=RecencyProportionalResolution+target=64,<function upgma at 0x7fcf41625160>
671,125,125,[124],3001.0,7.0,286006,3001,3002,3001.0,differentia=1+policy=RecencyProportionalResolution+target=64,<function upgma at 0x7fcf41625160>
672,126,126,[124],3001.0,7.0,286074,3001,3002,3001.0,differentia=1+policy=RecencyProportionalResolution+target=64,<function upgma at 0x7fcf41625160>
673,127,127,[113],2985.5,8.0,Inner125,2982,2990,2985.5,differentia=1+policy=RecencyProportionalResolution+target=64,<function upgma at 0x7fcf41625160>
674,128,128,[127],2986.0,0.5,Inner121,2982,2991,2986.0,differentia=1+policy=RecencyProportionalResolution+target=64,<function upgma at 0x7fcf41625160>
675,129,129,[128],2992.0,6.0,Inner58,2990,2995,2992.0,differentia=1+policy=RecencyProportionalResolution+target=64,<function upgma at 0x7fcf41625160>
676,130,130,[129],3001.0,9.0,286022,3001,3002,3001.0,differentia=1+policy=RecencyProportionalResolution+target=64,<function upgma at 0x7fcf41625160>
677,131,131,[129],3001.0,9.0,286052,3001,3002,3001.0,differentia=1+policy=RecencyProportionalResolution+target=64,<function upgma at 0x7fcf41625160>
678,132,132,[128],2987.5,1.5,Inner107,2984,2992,2987.5,differentia=1+policy=RecencyProportionalResolution+target=64,<function upgma at 0x7fcf41625160>
679,133,133,[132],2992.0,4.5,Inner43,2990,2995,2992.0,differentia=1+policy=RecencyProportionalResolution+target=64,<function upgma at 0x7fcf41625160>
680,134,134,[133],3000.0,8.0,285937,3000,3001,3000.0,differentia=1+policy=RecencyProportionalResolution+target=64,<function upgma at 0x7fcf41625160>
681,135,135,[133],3001.0,9.0,285997,3001,3002,3001.0,differentia=1+policy=RecencyProportionalResolution+target=64,<function upgma at 0x7fcf41625160>
682,136,136,[132],2990.5,3.0,Inner83,2988,2994,2990.5,differentia=1+policy=RecencyProportionalResolution+target=64,<function upgma at 0x7fcf41625160>
683,137,137,[136],3001.0,10.5,285987,3001,3002,3001.0,differentia=1+policy=RecencyProportionalResolution+target=64,<function upgma at 0x7fcf41625160>
684,138,138,[136],3001.0,10.5,286061,3001,3002,3001.0,differentia=1+policy=RecencyProportionalResolution+target=64,<function upgma at 0x7fcf41625160>
685,139,139,[127],2987.0,1.5,Inner115,2984,2991,2987.0,differentia=1+policy=RecencyProportionalResolution+target=64,<function upgma at 0x7fcf41625160>
686,140,140,[139],2987.5,0.5,Inner91,2984,2992,2987.5,differentia=1+policy=RecencyProportionalResolution+target=64,<function upgma at 0x7fcf41625160>
687,141,141,[140],3001.0,13.5,286067,3001,3002,3001.0,differentia=1+policy=RecencyProportionalResolution+target=64,<function upgma at 0x7fcf41625160>
688,142,142,[140],2989.0,1.5,Inner86,2987,2992,2989.0,differentia=1+policy=RecencyProportionalResolution+target=64,<function upgma at 0x7fcf41625160>
689,143,143,[142],2993.0,4.0,Inner7,2991,2996,2993.0,differentia=1+policy=RecencyProportionalResolution+target=64,<function upgma at 0x7fcf41625160>
690,144,144,[143],2998.0,5.0,285752,2998,2999,2998.0,differentia=1+policy=RecencyProportionalResolution+target=64,<function upgma at 0x7fcf41625160>
691,145,145,[143],2999.0,6.0,285815,2999,3000,2999.0,differentia=1+policy=RecencyProportionalResolution+target=64,<function upgma at 0x7fcf41625160>
692,146,146,[142],2990.5,1.5,Inner44,2988,2994,2990.5,differentia=1+policy=RecencyProportionalResolution+target=64,<function upgma at 0x7fcf41625160>
693,147,147,[146],2997.0,6.5,285695,2997,2998,2997.0,differentia=1+policy=RecencyProportionalResolution+target=64,<function upgma at 0x7fcf41625160>
694,148,148,[146],3001.0,10.5,286068,3001,3002,3001.0,differentia=1+policy=RecencyProportionalResolution+target=64,<function upgma at 0x7fcf41625160>
695,149,149,[139],2987.5,0.5,Inner108,2984,2992,2987.5,differentia=1+policy=RecencyProportionalResolution+target=64,<function upgma at 0x7fcf41625160>
696,150,150,[149],3001.0,13.5,286028,3001,3002,3001.0,differentia=1+policy=RecencyProportionalResolution+target=64,<function upgma at 0x7fcf41625160>
697,151,151,[149],2989.0,1.5,Inner89,2986,2993,2989.0,differentia=1+policy=RecencyProportionalResolution+target=64,<function upgma at 0x7fcf41625160>
698,152,152,[151],3000.0,11.0,285899,3000,3001,3000.0,differentia=1+policy=RecencyProportionalResolution+target=64,<function upgma at 0x7fcf41625160>
699,153,153,[151],2994.0,5.0,Inner22,2992,2997,2994.0,differentia=1+policy=RecencyProportionalResolution+target=64,<function upgma at 0x7fcf41625160>
700,154,154,[153],2995.0,1.0,Inner10,2993,2998,2995.0,differentia=1+policy=RecencyProportionalResolution+target=64,<function upgma at 0x7fcf41625160>
701,155,155,[154],3001.0,6.0,286019,3001,3002,3001.0,differentia=1+policy=RecencyProportionalResolution+target=64,<function upgma at 0x7fcf41625160>
702,156,156,[154],3001.0,6.0,286071,3001,3002,3001.0,differentia=1+policy=RecencyProportionalResolution+target=64,<function upgma at 0x7fcf41625160>
703,157,157,[153],2995.0,1.0,Inner11,2993,2998,2995.0,differentia=1+policy=RecencyProportionalResolution+target=64,<function upgma at 0x7fcf41625160>
704,158,158,[157],3001.0,6.0,286070,3001,3002,3001.0,differentia=1+policy=RecencyProportionalResolution+target=64,<function upgma at 0x7fcf41625160>
705,159,159,[157],3001.0,6.0,286079,3001,3002,3001.0,differentia=1+policy=RecencyProportionalResolution+target=64,<function upgma at 0x7fcf41625160>
706,160,160,[112],2969.5,8.0,Inner133,2960,2980,2969.5,differentia=1+policy=RecencyProportionalResolution+target=64,<function upgma at 0x7fcf41625160>
707,161,161,[160],2974.5,5.0,Inner132,2968,2982,2974.5,differentia=1+policy=RecencyProportionalResolution+target=64,<function upgma at 0x7fcf41625160>
708,162,162,[161],2977.5,3.0,Inner128,2972,2984,2977.5,differentia=1+policy=RecencyProportionalResolution+target=64,<function upgma at 0x7fcf41625160>
709,163,163,[162],2984.5,7.0,Inner122,2980,2990,2984.5,differentia=1+policy=RecencyProportionalResolution+target=64,<function upgma at 0x7fcf41625160>
710,164,164,[163],2999.0,14.5,285803,2999,3000,2999.0,differentia=1+policy=RecencyProportionalResolution+target=64,<function upgma at 0x7fcf41625160>
711,165,165,[163],3001.0,16.5,286014,3001,3002,3001.0,differentia=1+policy=RecencyProportionalResolution+target=64,<function upgma at 0x7fcf41625160>
712,166,166,[162],2977.5,0.0,Inner127,2972,2984,2977.5,differentia=1+policy=RecencyProportionalResolution+target=64,<function upgma at 0x7fcf41625160>
713,167,167,[166],2993.0,15.5,285310,2993,2994,2993.0,differentia=1+policy=RecencyProportionalResolution+target=64,<function upgma at 0x7fcf41625160>
714,168,168,[166],2991.0,13.5,Inner65,2989,2994,2991.0,differentia=1+policy=RecencyProportionalResolution+target=64,<function upgma at 0x7fcf41625160>
715,169,169,[168],3000.0,9.0,285968,3000,3001,3000.0,differentia=1+policy=RecencyProportionalResolution+target=64,<function upgma at 0x7fcf41625160>
716,170,170,[168],2993.0,2.0,Inner33,2991,2996,2993.0,differentia=1+policy=RecencyProportionalResolution+target=64,<function upgma at 0x7fcf41625160>
717,171,171,[170],2994.0,1.0,Inner21,2992,2997,2994.0,differentia=1+policy=RecencyProportionalResolution+target=64,<function upgma at 0x7fcf41625160>
718,172,172,[171],3001.0,7.0,286020,3001,3002,3001.0,differentia=1+policy=RecencyProportionalResolution+target=64,<function upgma at 0x7fcf41625160>
719,173,173,[171],3001.0,7.0,286048,3001,3002,3001.0,differentia=1+policy=RecencyProportionalResolution+target=64,<function upgma at 0x7fcf41625160>
720,174,174,[170],2994.0,1.0,Inner15,2992,2997,2994.0,differentia=1+policy=RecencyProportionalResolution+target=64,<function upgma at 0x7fcf41625160>
721,175,175,[174],3000.0,6.0,285963,3000,3001,3000.0,differentia=1+policy=RecencyProportionalResolution+target=64,<function upgma at 0x7fcf41625160>
722,176,176,[174],3001.0,7.0,286075,3001,3002,3001.0,differentia=1+policy=RecencyProportionalResolution+target=64,<function upgma at 0x7fcf41625160>
723,177,177,[161],2983.5,9.0,Inner126,2980,2988,2983.5,differentia=1+policy=RecencyProportionalResolution+target=64,<function upgma at 0x7fcf41625160>
724,178,178,[177],2985.0,1.5,Inner123,2982,2989,2985.0,differentia=1+policy=RecencyProportionalResolution+target=64,<function upgma at 0x7fcf41625160>
725,179,179,[178],2984.0,-1.0,Inner118,2980,2989,2984.0,differentia=1+policy=RecencyProportionalResolution+target=64,<function upgma at 0x7fcf41625160>
726,180,180,[179],2987.0,3.0,Inner110,2984,2991,2987.0,differentia=1+policy=RecencyProportionalResolution+target=64,<function upgma at 0x7fcf41625160>
727,181,181,[180],3000.0,13.0,285925,3000,3001,3000.0,differentia=1+policy=RecencyProportionalResolution+target=64,<function upgma at 0x7fcf41625160>
728,182,182,[180],2988.5,1.5,Inner101,2986,2992,2988.5,differentia=1+policy=RecencyProportionalResolution+target=64,<function upgma at 0x7fcf41625160>
729,183,183,[182],3000.0,11.5,285892,3000,3001,3000.0,differentia=1+policy=RecencyProportionalResolution+target=64,<function upgma at 0x7fcf41625160>
730,184,184,[182],2990.5,2.0,Inner69,2988,2994,2990.5,differentia=1+policy=RecencyProportionalResolution+target=64,<function upgma at 0x7fcf41625160>
731,185,185,[184],3001.0,10.5,286013,3001,3002,3001.0,differentia=1+policy=RecencyProportionalResolution+target=64,<function upgma at 0x7fcf41625160>
732,186,186,[184],2993.0,2.5,Inner20,2991,2996,2993.0,differentia=1+policy=RecencyProportionalResolution+target=64,<function upgma at 0x7fcf41625160>
733,187,187,[186],2999.0,6.0,285874,2999,3000,2999.0,differentia=1+policy=RecencyProportionalResolution+target=64,<function upgma at 0x7fcf41625160>
734,188,188,[186],3001.0,8.0,286031,3001,3002,3001.0,differentia=1+policy=RecencyProportionalResolution+target=64,<function upgma at 0x7fcf41625160>
735,189,189,[179],2987.0,3.0,Inner112,2984,2991,2987.0,differentia=1+policy=RecencyProportionalResolution+target=64,<function upgma at 0x7fcf41625160>
736,190,190,[189],2988.5,1.5,Inner100,2986,2992,2988.5,differentia=1+policy=RecencyProportionalResolution+target=64,<function upgma at 0x7fcf41625160>
737,191,191,[190],2990.0,1.5,Inner67,2988,2993,2990.0,differentia=1+policy=RecencyProportionalResolution+target=64,<function upgma at 0x7fcf41625160>
738,192,192,[191],3000.0,10.0,285970,3000,3001,3000.0,differentia=1+policy=RecencyProportionalResolution+target=64,<function upgma at 0x7fcf41625160>
739,193,193,[191],2992.0,2.0,Inner19,2990,2995,2992.0,differentia=1+policy=RecencyProportionalResolution+target=64,<function upgma at 0x7fcf41625160>
740,194,194,[193],2997.0,5.0,285634,2997,2998,2997.0,differentia=1+policy=RecencyProportionalResolution+target=64,<function upgma at 0x7fcf41625160>
741,195,195,[193],3001.0,9.0,285983,3001,3002,3001.0,differentia=1+policy=RecencyProportionalResolution+target=64,<function upgma at 0x7fcf41625160>
742,196,196,[190],2990.5,2.0,Inner66,2988,2994,2990.5,differentia=1+policy=RecencyProportionalResolution+target=64,<function upgma at 0x7fcf41625160>
743,197,197,[196],3000.0,9.5,285946,3000,3001,3000.0,differentia=1+policy=RecencyProportionalResolution+target=64,<function upgma at 0x7fcf41625160>
744,198,198,[196],3001.0,10.5,286009,3001,3002,3001.0,differentia=1+policy=RecencyProportionalResolution+target=64,<function upgma at 0x7fcf41625160>
745,199,199,[189],2987.5,0.5,Inner104,2984,2992,2987.5,differentia=1+policy=RecencyProportionalResolution+target=64,<function upgma at 0x7fcf41625160>
746,200,200,[199],3000.0,12.5,285912,3000,3001,3000.0,differentia=1+policy=RecencyProportionalResolution+target=64,<function upgma at 0x7fcf41625160>
747,201,201,[199],2990.5,3.0,Inner80,2988,2994,2990.5,differentia=1+policy=RecencyProportionalResolution+target=64,<function upgma at 0x7fcf41625160>
748,202,202,[201],3001.0,10.5,286005,3001,3002,3001.0,differentia=1+policy=RecencyProportionalResolution+target=64,<function upgma at 0x7fcf41625160>
749,203,203,[201],2992.0,1.5,Inner55,2990,2995,2992.0,differentia=1+policy=RecencyProportionalResolution+target=64,<function upgma at 0x7fcf41625160>
750,204,204,[203],3001.0,9.0,285981,3001,3002,3001.0,differentia=1+policy=RecencyProportionalResolution+target=64,<function upgma at 0x7fcf41625160>
751,205,205,[203],3001.0,9.0,286049,3001,3002,3001.0,differentia=1+policy=RecencyProportionalResolution+target=64,<function upgma at 0x7fcf41625160>
752,206,206,[178],2984.0,-1.0,Inner117,2980,2989,2984.0,differentia=1+policy=RecencyProportionalResolution+target=64,<function upgma at 0x7fcf41625160>
753,207,207,[206],2987.0,3.0,Inner103,2984,2991,2987.0,differentia=1+policy=RecencyProportionalResolution+target=64,<function upgma at 0x7fcf41625160>
754,208,208,[207],3000.0,13.0,285909,3000,3001,3000.0,differentia=1+policy=RecencyProportionalResolution+target=64,<function upgma at 0x7fcf41625160>
755,209,209,[207],3000.0,13.0,285959,3000,3001,3000.0,differentia=1+policy=RecencyProportionalResolution+target=64,<function upgma at 0x7fcf41625160>
756,210,210,[206],2987.0,3.0,Inner113,2984,2991,2987.0,differentia=1+policy=RecencyProportionalResolution+target=64,<function upgma at 0x7fcf41625160>
757,211,211,[210],2990.5,3.5,Inner53,2988,2994,2990.5,differentia=1+policy=RecencyProportionalResolution+target=64,<function upgma at 0x7fcf41625160>
758,212,212,[211],2998.0,7.5,285722,2998,2999,2998.0,differentia=1+policy=RecencyProportionalResolution+target=64,<function upgma at 0x7fcf41625160>
759,213,213,[211],3001.0,10.5,286047,3001,3002,3001.0,differentia=1+policy=RecencyProportionalResolution+target=64,<function upgma at 0x7fcf41625160>
760,214,214,[210],2989.0,2.0,Inner93,2986,2993,2989.0,differentia=1+policy=RecencyProportionalResolution+target=64,<function upgma at 0x7fcf41625160>
761,215,215,[214],2990.5,1.5,Inner68,2988,2994,2990.5,differentia=1+policy=RecencyProportionalResolution+target=64,<function upgma at 0x7fcf41625160>
762,216,216,[215],3000.0,9.5,285935,3000,3001,3000.0,differentia=1+policy=RecencyProportionalResolution+target=64,<function upgma at 0x7fcf41625160>
763,217,217,[215],3001.0,10.5,286043,3001,3002,3001.0,differentia=1+policy=RecencyProportionalResolution+target=64,<function upgma at 0x7fcf41625160>
764,218,218,[214],3001.0,12.0,286072,3001,3002,3001.0,differentia=1+policy=RecencyProportionalResolution+target=64,<function upgma at 0x7fcf41625160>
765,219,219,[177],2984.0,0.5,Inner124,2980,2989,2984.0,differentia=1+policy=RecencyProportionalResolution+target=64,<function upgma at 0x7fcf41625160>
766,220,220,[219],2986.0,2.0,Inner119,2982,2991,2986.0,differentia=1+policy=RecencyProportionalResolution+target=64,<function upgma at 0x7fcf41625160>
767,221,221,[220],2987.5,1.5,Inner111,2984,2992,2987.5,differentia=1+policy=RecencyProportionalResolution+target=64,<function upgma at 0x7fcf41625160>
768,222,222,[221],2989.0,1.5,Inner97,2986,2993,2989.0,differentia=1+policy=RecencyProportionalResolution+target=64,<function upgma at 0x7fcf41625160>
769,223,223,[222],3001.0,12.0,285986,3001,3002,3001.0,differentia=1+policy=RecencyProportionalResolution+target=64,<function upgma at 0x7fcf41625160>
770,224,224,[222],3001.0,12.0,285988,3001,3002,3001.0,differentia=1+policy=RecencyProportionalResolution+target=64,<function upgma at 0x7fcf41625160>
771,225,225,[221],3001.0,13.5,286023,3001,3002,3001.0,differentia=1+policy=RecencyProportionalResolution+target=64,<function upgma at 0x7fcf41625160>
772,226,226,[220],2987.5,1.5,Inner102,2984,2992,2987.5,differentia=1+policy=RecencyProportionalResolution+target=64,<function upgma at 0x7fcf41625160>
773,227,227,[226],2989.0,1.5,Inner78,2986,2993,2989.0,differentia=1+policy=RecencyProportionalResolution+target=64,<function upgma at 0x7fcf41625160>
774,228,228,[227],2998.0,9.0,285725,2998,2999,2998.0,differentia=1+policy=RecencyProportionalResolution+target=64,<function upgma at 0x7fcf41625160>
775,229,229,[227],3001.0,12.0,286034,3001,3002,3001.0,differentia=1+policy=RecencyProportionalResolution+target=64,<function upgma at 0x7fcf41625160>
776,230,230,[226],2989.0,1.5,Inner96,2986,2993,2989.0,differentia=1+policy=RecencyProportionalResolution+target=64,<function upgma at 0x7fcf41625160>
777,231,231,[230],2992.0,3.0,Inner54,2990,2995,2992.0,differentia=1+policy=RecencyProportionalResolution+target=64,<function upgma at 0x7fcf41625160>
778,232,232,[231],3001.0,9.0,285994,3001,3002,3001.0,differentia=1+policy=RecencyProportionalResolution+target=64,<function upgma at 0x7fcf41625160>
779,233,233,[231],3001.0,9.0,286015,3001,3002,3001.0,differentia=1+policy=RecencyProportionalResolution+target=64,<function upgma at 0x7fcf41625160>
780,234,234,[230],2990.5,1.5,Inner76,2988,2994,2990.5,differentia=1+policy=RecencyProportionalResolution+target=64,<function upgma at 0x7fcf41625160>
781,235,235,[234],3001.0,10.5,286011,3001,3002,3001.0,differentia=1+policy=RecencyProportionalResolution+target=64,<function upgma at 0x7fcf41625160>
782,236,236,[234],3001.0,10.5,286057,3001,3002,3001.0,differentia=1+policy=RecencyProportionalResolution+target=64,<function upgma at 0x7fcf41625160>
783,237,237,[219],2987.0,3.0,Inner116,2984,2991,2987.0,differentia=1+policy=RecencyProportionalResolution+target=64,<function upgma at 0x7fcf41625160>
784,238,238,[237],2989.0,2.0,Inner87,2986,2993,2989.0,differentia=1+policy=RecencyProportionalResolution+target=64,<function upgma at 0x7fcf41625160>
785,239,239,[238],2999.0,10.0,285879,2999,3000,2999.0,differentia=1+policy=RecencyProportionalResolution+target=64,<function upgma at 0x7fcf41625160>
786,240,240,[238],3001.0,12.0,286018,3001,3002,3001.0,differentia=1+policy=RecencyProportionalResolution+target=64,<function upgma at 0x7fcf41625160>
787,241,241,[237],2987.5,0.5,Inner106,2984,2992,2987.5,differentia=1+policy=RecencyProportionalResolution+target=64,<function upgma at 0x7fcf41625160>
788,242,242,[241],2989.0,1.5,Inner95,2986,2993,2989.0,differentia=1+policy=RecencyProportionalResolution+target=64,<function upgma at 0x7fcf41625160>
789,243,243,[242],3001.0,12.0,286037,3001,3002,3001.0,differentia=1+policy=RecencyProportionalResolution+target=64,<function upgma at 0x7fcf41625160>
790,244,244,[242],2990.5,1.5,Inner79,2988,2994,2990.5,differentia=1+policy=RecencyProportionalResolution+target=64,<function upgma at 0x7fcf41625160>
791,245,245,[244],2992.0,1.5,Inner52,2990,2995,2992.0,differentia=1+policy=RecencyProportionalResolution+target=64,<function upgma at 0x7fcf41625160>
792,246,246,[245],3001.0,9.0,286004,3001,3002,3001.0,differentia=1+policy=RecencyProportionalResolution+target=64,<function upgma at 0x7fcf41625160>
793,247,247,[245],3001.0,9.0,286041,3001,3002,3001.0,differentia=1+policy=RecencyProportionalResolution+target=64,<function upgma at 0x7fcf41625160>
794,248,248,[244],3001.0,10.5,286050,3001,3002,3001.0,differentia=1+policy=RecencyProportionalResolution+target=64,<function upgma at 0x7fcf41625160>
795,249,249,[241],2989.0,1.5,Inner88,2986,2993,2989.0,differentia=1+policy=RecencyProportionalResolution+target=64,<function upgma at 0x7fcf41625160>
796,250,250,[249],3000.0,11.0,285964,3000,3001,3000.0,differentia=1+policy=RecencyProportionalResolution+target=64,<function upgma at 0x7fcf41625160>
797,251,251,[249],2990.5,1.5,Inner77,2988,2994,2990.5,differentia=1+policy=RecencyProportionalResolution+target=64,<function upgma at 0x7fcf41625160>
798,252,252,[251],2995.0,4.5,Inner9,2993,2998,2995.0,differentia=1+policy=RecencyProportionalResolution+target=64,<function upgma at 0x7fcf41625160>
799,253,253,[252],3001.0,6.0,286007,3001,3002,3001.0,differentia=1+policy=RecencyProportionalResolution+target=64,<function upgma at 0x7fcf41625160>
800,254,254,[252],3001.0,6.0,286073,3001,3002,3001.0,differentia=1+policy=RecencyProportionalResolution+target=64,<function upgma at 0x7fcf41625160>
801,255,255,[251],2995.0,4.5,Inner8,2993,2998,2995.0,differentia=1+policy=RecencyProportionalResolution+target=64,<function upgma at 0x7fcf41625160>
802,256,256,[255],3001.0,6.0,286054,3001,3002,3001.0,differentia=1+policy=RecencyProportionalResolution+target=64,<function upgma at 0x7fcf41625160>
803,257,257,[255],3001.0,6.0,286078,3001,3002,3001.0,differentia=1+policy=RecencyProportionalResolution+target=64,<function upgma at 0x7fcf41625160>
804,258,258,[160],2989.0,19.5,Inner98,2986,2993,2989.0,differentia=1+policy=RecencyProportionalResolution+target=64,<function upgma at 0x7fcf41625160>
805,259,259,[258],2990.5,1.5,Inner82,2988,2994,2990.5,differentia=1+policy=RecencyProportionalResolution+target=64,<function upgma at 0x7fcf41625160>
806,260,260,[259],2992.0,1.5,Inner57,2990,2995,2992.0,differentia=1+policy=RecencyProportionalResolution+target=64,<function upgma at 0x7fcf41625160>
807,261,261,[260],3001.0,9.0,285993,3001,3002,3001.0,differentia=1+policy=RecencyProportionalResolution+target=64,<function upgma at 0x7fcf41625160>
808,262,262,[260],2993.0,1.0,Inner34,2991,2996,2993.0,differentia=1+policy=RecencyProportionalResolution+target=64,<function upgma at 0x7fcf41625160>
809,263,263,[262],3001.0,8.0,286001,3001,3002,3001.0,differentia=1+policy=RecencyProportionalResolution+target=64,<function upgma at 0x7fcf41625160>
810,264,264,[262],3001.0,8.0,286021,3001,3002,3001.0,differentia=1+policy=RecencyProportionalResolution+target=64,<function upgma at 0x7fcf41625160>
811,265,265,[259],2992.0,1.5,Inner56,2990,2995,2992.0,differentia=1+policy=RecencyProportionalResolution+target=64,<function upgma at 0x7fcf41625160>
812,266,266,[265],3001.0,9.0,286040,3001,3002,3001.0,differentia=1+policy=RecencyProportionalResolution+target=64,<function upgma at 0x7fcf41625160>
813,267,267,[265],3001.0,9.0,286046,3001,3002,3001.0,differentia=1+policy=RecencyProportionalResolution+target=64,<function upgma at 0x7fcf41625160>
814,268,268,[258],2990.5,1.5,Inner81,2988,2994,2990.5,differentia=1+policy=RecencyProportionalResolution+target=64,<function upgma at 0x7fcf41625160>
815,269,269,[268],2993.0,2.5,Inner35,2991,2996,2993.0,differentia=1+policy=RecencyProportionalResolution+target=64,<function upgma at 0x7fcf41625160>
816,270,270,[269],3001.0,8.0,285995,3001,3002,3001.0,differentia=1+policy=RecencyProportionalResolution+target=64,<function upgma at 0x7fcf41625160>
817,271,271,[269],3001.0,8.0,286044,3001,3002,3001.0,differentia=1+policy=RecencyProportionalResolution+target=64,<function upgma at 0x7fcf41625160>
818,272,272,[268],3001.0,10.5,286083,3001,3002,3001.0,differentia=1+policy=RecencyProportionalResolution+target=64,<function upgma at 0x7fcf41625160>
819,0,0,[None],2941.0,2941.0,Inner136,2939,2944,2941.0,differentia=1+policy=TaperedDepthProportionalResolution+target=4096,<function upgma at 0x7fcf41625160>
820,1,1,[0],2988.0,47.0,Inner114,2986,2991,2988.0,differentia=1+policy=TaperedDepthProportionalResolution+target=4096,<function upgma at 0x7fcf41625160>
821,2,2,[1],2989.0,1.0,Inner107,2987,2992,2989.0,differentia=1+policy=TaperedDepthProportionalResolution+target=4096,<function upgma at 0x7fcf41625160>
822,3,3,[2],2990.0,1.0,Inner96,2988,2993,2990.0,differentia=1+policy=TaperedDepthProportionalResolution+target=4096,<function upgma at 0x7fcf41625160>
823,4,4,[3],2991.0,1.0,Inner80,2989,2994,2991.0,differentia=1+policy=TaperedDepthProportionalResolution+target=4096,<function upgma at 0x7fcf41625160>
824,5,5,[4],3001.0,10.0,286030,3001,3002,3001.0,differentia=1+policy=TaperedDepthProportionalResolution+target=4096,<function upgma at 0x7fcf41625160>
825,6,6,[4],2992.0,1.0,Inner65,2990,2995,2992.0,differentia=1+policy=TaperedDepthProportionalResolution+target=4096,<function upgma at 0x7fcf41625160>
826,7,7,[6],3001.0,9.0,285996,3001,3002,3001.0,differentia=1+policy=TaperedDepthProportionalResolution+target=4096,<function upgma at 0x7fcf41625160>
827,8,8,[6],2996.0,4.0,Inner8,2994,2999,2996.0,differentia=1+policy=TaperedDepthProportionalResolution+target=4096,<function upgma at 0x7fcf41625160>
828,9,9,[8],3001.0,5.0,285989,3001,3002,3001.0,differentia=1+policy=TaperedDepthProportionalResolution+target=4096,<function upgma at 0x7fcf41625160>
829,10,10,[8],3001.0,5.0,286038,3001,3002,3001.0,differentia=1+policy=TaperedDepthProportionalResolution+target=4096,<function upgma at 0x7fcf41625160>
830,11,11,[3],2991.0,1.0,Inner79,2989,2994,2991.0,differentia=1+policy=TaperedDepthProportionalResolution+target=4096,<function upgma at 0x7fcf41625160>
831,12,12,[11],2993.0,2.0,Inner42,2991,2996,2993.0,differentia=1+policy=TaperedDepthProportionalResolution+target=4096,<function upgma at 0x7fcf41625160>
832,13,13,[12],3001.0,8.0,286045,3001,3002,3001.0,differentia=1+policy=TaperedDepthProportionalResolution+target=4096,<function upgma at 0x7fcf41625160>
833,14,14,[12],3001.0,8.0,286064,3001,3002,3001.0,differentia=1+policy=TaperedDepthProportionalResolution+target=4096,<function upgma at 0x7fcf41625160>
834,15,15,[11],2992.0,1.0,Inner66,2990,2995,2992.0,differentia=1+policy=TaperedDepthProportionalResolution+target=4096,<function upgma at 0x7fcf41625160>
835,16,16,[15],2995.0,3.0,Inner17,2993,2998,2995.0,differentia=1+policy=TaperedDepthProportionalResolution+target=4096,<function upgma at 0x7fcf41625160>
836,17,17,[16],3001.0,6.0,286025,3001,3002,3001.0,differentia=1+policy=TaperedDepthProportionalResolution+target=4096,<function upgma at 0x7fcf41625160>
837,18,18,[16],3001.0,6.0,286026,3001,3002,3001.0,differentia=1+policy=TaperedDepthProportionalResolution+target=4096,<function upgma at 0x7fcf41625160>
838,19,19,[15],2993.0,1.0,Inner46,2991,2996,2993.0,differentia=1+policy=TaperedDepthProportionalResolution+target=4096,<function upgma at 0x7fcf41625160>
839,20,20,[19],3001.0,8.0,286012,3001,3002,3001.0,differentia=1+policy=TaperedDepthProportionalResolution+target=4096,<function upgma at 0x7fcf41625160>
840,21,21,[19],2994.0,1.0,Inner26,2992,2997,2994.0,differentia=1+policy=TaperedDepthProportionalResolution+target=4096,<function upgma at 0x7fcf41625160>
841,22,22,[21],3001.0,7.0,285984,3001,3002,3001.0,differentia=1+policy=TaperedDepthProportionalResolution+target=4096,<function upgma at 0x7fcf41625160>
842,23,23,[21],3001.0,7.0,286065,3001,3002,3001.0,differentia=1+policy=TaperedDepthProportionalResolution+target=4096,<function upgma at 0x7fcf41625160>
843,24,24,[2],2990.0,1.0,Inner88,2988,2993,2990.0,differentia=1+policy=TaperedDepthProportionalResolution+target=4096,<function upgma at 0x7fcf41625160>
844,25,25,[24],2991.0,1.0,Inner71,2989,2994,2991.0,differentia=1+policy=TaperedDepthProportionalResolution+target=4096,<function upgma at 0x7fcf41625160>
845,26,26,[25],2992.0,1.0,Inner56,2990,2995,2992.0,differentia=1+policy=TaperedDepthProportionalResolution+target=4096,<function upgma at 0x7fcf41625160>
846,27,27,[26],2994.0,2.0,Inner27,2992,2997,2994.0,differentia=1+policy=TaperedDepthProportionalResolution+target=4096,<function upgma at 0x7fcf41625160>
847,28,28,[27],3001.0,7.0,286003,3001,3002,3001.0,differentia=1+policy=TaperedDepthProportionalResolution+target=4096,<function upgma at 0x7fcf41625160>
848,29,29,[27],2995.0,1.0,Inner16,2993,2998,2995.0,differentia=1+policy=TaperedDepthProportionalResolution+target=4096,<function upgma at 0x7fcf41625160>
849,30,30,[29],3001.0,6.0,286017,3001,3002,3001.0,differentia=1+policy=TaperedDepthProportionalResolution+target=4096,<function upgma at 0x7fcf41625160>
850,31,31,[29],3001.0,6.0,286027,3001,3002,3001.0,differentia=1+policy=TaperedDepthProportionalResolution+target=4096,<function upgma at 0x7fcf41625160>
851,32,32,[26],2994.0,2.0,Inner13,2992,2997,2994.0,differentia=1+policy=TaperedDepthProportionalResolution+target=4096,<function upgma at 0x7fcf41625160>
852,33,33,[32],2999.0,5.0,285850,2999,3000,2999.0,differentia=1+policy=TaperedDepthProportionalResolution+target=4096,<function upgma at 0x7fcf41625160>
853,34,34,[32],3001.0,7.0,286053,3001,3002,3001.0,differentia=1+policy=TaperedDepthProportionalResolution+target=4096,<function upgma at 0x7fcf41625160>
854,35,35,[25],2992.0,1.0,Inner54,2990,2995,2992.0,differentia=1+policy=TaperedDepthProportionalResolution+target=4096,<function upgma at 0x7fcf41625160>
855,36,36,[35],2993.0,1.0,Inner34,2991,2996,2993.0,differentia=1+policy=TaperedDepthProportionalResolution+target=4096,<function upgma at 0x7fcf41625160>
856,37,37,[36],3000.0,7.0,285907,3000,3001,3000.0,differentia=1+policy=TaperedDepthProportionalResolution+target=4096,<function upgma at 0x7fcf41625160>
857,38,38,[36],2995.0,2.0,Inner15,2993,2998,2995.0,differentia=1+policy=TaperedDepthProportionalResolution+target=4096,<function upgma at 0x7fcf41625160>
858,39,39,[38],3001.0,6.0,286016,3001,3002,3001.0,differentia=1+policy=TaperedDepthProportionalResolution+target=4096,<function upgma at 0x7fcf41625160>
859,40,40,[38],3001.0,6.0,286060,3001,3002,3001.0,differentia=1+policy=TaperedDepthProportionalResolution+target=4096,<function upgma at 0x7fcf41625160>
860,41,41,[35],2993.0,1.0,Inner33,2991,2996,2993.0,differentia=1+policy=TaperedDepthProportionalResolution+target=4096,<function upgma at 0x7fcf41625160>
861,42,42,[41],3000.0,7.0,285950,3000,3001,3000.0,differentia=1+policy=TaperedDepthProportionalResolution+target=4096,<function upgma at 0x7fcf41625160>
862,43,43,[41],3001.0,8.0,286063,3001,3002,3001.0,differentia=1+policy=TaperedDepthProportionalResolution+target=4096,<function upgma at 0x7fcf41625160>
863,44,44,[24],2991.0,1.0,Inner81,2989,2994,2991.0,differentia=1+policy=TaperedDepthProportionalResolution+target=4096,<function upgma at 0x7fcf41625160>
864,45,45,[44],2992.0,1.0,Inner67,2990,2995,2992.0,differentia=1+policy=TaperedDepthProportionalResolution+target=4096,<function upgma at 0x7fcf41625160>
865,46,46,[45],3001.0,9.0,286056,3001,3002,3001.0,differentia=1+policy=TaperedDepthProportionalResolution+target=4096,<function upgma at 0x7fcf41625160>
866,47,47,[45],2993.0,1.0,Inner40,2991,2996,2993.0,differentia=1+policy=TaperedDepthProportionalResolution+target=4096,<function upgma at 0x7fcf41625160>
867,48,48,[47],3001.0,8.0,286008,3001,3002,3001.0,differentia=1+policy=TaperedDepthProportionalResolution+target=4096,<function upgma at 0x7fcf41625160>
868,49,49,[47],3001.0,8.0,286077,3001,3002,3001.0,differentia=1+policy=TaperedDepthProportionalResolution+target=4096,<function upgma at 0x7fcf41625160>
869,50,50,[44],2992.0,1.0,Inner62,2990,2995,2992.0,differentia=1+policy=TaperedDepthProportionalResolution+target=4096,<function upgma at 0x7fcf41625160>
870,51,51,[50],3001.0,9.0,286055,3001,3002,3001.0,differentia=1+policy=TaperedDepthProportionalResolution+target=4096,<function upgma at 0x7fcf41625160>
871,52,52,[50],2993.0,1.0,Inner48,2991,2996,2993.0,differentia=1+policy=TaperedDepthProportionalResolution+target=4096,<function upgma at 0x7fcf41625160>
872,53,53,[52],2994.0,1.0,Inner28,2992,2997,2994.0,differentia=1+policy=TaperedDepthProportionalResolution+target=4096,<function upgma at 0x7fcf41625160>
873,54,54,[53],3001.0,7.0,286042,3001,3002,3001.0,differentia=1+policy=TaperedDepthProportionalResolution+target=4096,<function upgma at 0x7fcf41625160>
874,55,55,[53],2995.0,1.0,Inner14,2993,2998,2995.0,differentia=1+policy=TaperedDepthProportionalResolution+target=4096,<function upgma at 0x7fcf41625160>
875,56,56,[55],3001.0,6.0,286000,3001,3002,3001.0,differentia=1+policy=TaperedDepthProportionalResolution+target=4096,<function upgma at 0x7fcf41625160>
876,57,57,[55],3001.0,6.0,286059,3001,3002,3001.0,differentia=1+policy=TaperedDepthProportionalResolution+target=4096,<function upgma at 0x7fcf41625160>
877,58,58,[52],3001.0,8.0,286080,3001,3002,3001.0,differentia=1+policy=TaperedDepthProportionalResolution+target=4096,<function upgma at 0x7fcf41625160>
878,59,59,[1],2989.0,1.0,Inner103,2987,2992,2989.0,differentia=1+policy=TaperedDepthProportionalResolution+target=4096,<function upgma at 0x7fcf41625160>
879,60,60,[59],2990.0,1.0,Inner89,2988,2993,2990.0,differentia=1+policy=TaperedDepthProportionalResolution+target=4096,<function upgma at 0x7fcf41625160>
880,61,61,[60],2991.0,1.0,Inner75,2989,2994,2991.0,differentia=1+policy=TaperedDepthProportionalResolution+target=4096,<function upgma at 0x7fcf41625160>
881,62,62,[61],2994.0,3.0,Inner20,2992,2997,2994.0,differentia=1+policy=TaperedDepthProportionalResolution+target=4096,<function upgma at 0x7fcf41625160>
882,63,63,[62],3001.0,7.0,285998,3001,3002,3001.0,differentia=1+policy=TaperedDepthProportionalResolution+target=4096,<function upgma at 0x7fcf41625160>
883,64,64,[62],2995.0,1.0,Inner10,2993,2998,2995.0,differentia=1+policy=TaperedDepthProportionalResolution+target=4096,<function upgma at 0x7fcf41625160>
884,65,65,[64],3000.0,5.0,285972,3000,3001,3000.0,differentia=1+policy=TaperedDepthProportionalResolution+target=4096,<function upgma at 0x7fcf41625160>
885,66,66,[64],3001.0,6.0,286036,3001,3002,3001.0,differentia=1+policy=TaperedDepthProportionalResolution+target=4096,<function upgma at 0x7fcf41625160>
886,67,67,[61],2993.0,2.0,Inner41,2991,2996,2993.0,differentia=1+policy=TaperedDepthProportionalResolution+target=4096,<function upgma at 0x7fcf41625160>
887,68,68,[67],3001.0,8.0,285985,3001,3002,3001.0,differentia=1+policy=TaperedDepthProportionalResolution+target=4096,<function upgma at 0x7fcf41625160>
888,69,69,[67],3001.0,8.0,286051,3001,3002,3001.0,differentia=1+policy=TaperedDepthProportionalResolution+target=4096,<function upgma at 0x7fcf41625160>
889,70,70,[60],2991.0,1.0,Inner73,2989,2994,2991.0,differentia=1+policy=TaperedDepthProportionalResolution+target=4096,<function upgma at 0x7fcf41625160>
890,71,71,[70],2992.0,1.0,Inner64,2990,2995,2992.0,differentia=1+policy=TaperedDepthProportionalResolution+target=4096,<function upgma at 0x7fcf41625160>
891,72,72,[71],3001.0,9.0,285991,3001,3002,3001.0,differentia=1+policy=TaperedDepthProportionalResolution+target=4096,<function upgma at 0x7fcf41625160>
892,73,73,[71],2993.0,1.0,Inner45,2991,2996,2993.0,differentia=1+policy=TaperedDepthProportionalResolution+target=4096,<function upgma at 0x7fcf41625160>
893,74,74,[73],3001.0,8.0,286035,3001,3002,3001.0,differentia=1+policy=TaperedDepthProportionalResolution+target=4096,<function upgma at 0x7fcf41625160>
894,75,75,[73],2997.0,4.0,Inner4,2995,3000,2997.0,differentia=1+policy=TaperedDepthProportionalResolution+target=4096,<function upgma at 0x7fcf41625160>
895,76,76,[75],3001.0,4.0,286002,3001,3002,3001.0,differentia=1+policy=TaperedDepthProportionalResolution+target=4096,<function upgma at 0x7fcf41625160>
896,77,77,[75],3001.0,4.0,286039,3001,3002,3001.0,differentia=1+policy=TaperedDepthProportionalResolution+target=4096,<function upgma at 0x7fcf41625160>
897,78,78,[70],2992.0,1.0,Inner55,2990,2995,2992.0,differentia=1+policy=TaperedDepthProportionalResolution+target=4096,<function upgma at 0x7fcf41625160>
898,79,79,[78],3000.0,8.0,285936,3000,3001,3000.0,differentia=1+policy=TaperedDepthProportionalResolution+target=4096,<function upgma at 0x7fcf41625160>
899,80,80,[78],2993.0,1.0,Inner47,2991,2996,2993.0,differentia=1+policy=TaperedDepthProportionalResolution+target=4096,<function upgma at 0x7fcf41625160>
900,81,81,[80],3001.0,8.0,286032,3001,3002,3001.0,differentia=1+policy=TaperedDepthProportionalResolution+target=4096,<function upgma at 0x7fcf41625160>
901,82,82,[80],3001.0,8.0,286081,3001,3002,3001.0,differentia=1+policy=TaperedDepthProportionalResolution+target=4096,<function upgma at 0x7fcf41625160>
902,83,83,[59],2990.0,1.0,Inner86,2988,2993,2990.0,differentia=1+policy=TaperedDepthProportionalResolution+target=4096,<function upgma at 0x7fcf41625160>
903,84,84,[83],2991.0,1.0,Inner70,2989,2994,2991.0,differentia=1+policy=TaperedDepthProportionalResolution+target=4096,<function upgma at 0x7fcf41625160>
904,85,85,[84],2995.0,4.0,Inner9,2993,2998,2995.0,differentia=1+policy=TaperedDepthProportionalResolution+target=4096,<function upgma at 0x7fcf41625160>
905,86,86,[85],2999.0,4.0,285804,2999,3000,2999.0,differentia=1+policy=TaperedDepthProportionalResolution+target=4096,<function upgma at 0x7fcf41625160>
906,87,87,[85],3001.0,6.0,286029,3001,3002,3001.0,differentia=1+policy=TaperedDepthProportionalResolution+target=4096,<function upgma at 0x7fcf41625160>
907,88,88,[84],2993.0,2.0,Inner43,2991,2996,2993.0,differentia=1+policy=TaperedDepthProportionalResolution+target=4096,<function upgma at 0x7fcf41625160>
908,89,89,[88],3001.0,8.0,285982,3001,3002,3001.0,differentia=1+policy=TaperedDepthProportionalResolution+target=4096,<function upgma at 0x7fcf41625160>
909,90,90,[88],2998.0,5.0,Inner2,2996,3001,2998.0,differentia=1+policy=TaperedDepthProportionalResolution+target=4096,<function upgma at 0x7fcf41625160>
910,91,91,[90],3001.0,3.0,286058,3001,3002,3001.0,differentia=1+policy=TaperedDepthProportionalResolution+target=4096,<function upgma at 0x7fcf41625160>
911,92,92,[90],3001.0,3.0,286062,3001,3002,3001.0,differentia=1+policy=TaperedDepthProportionalResolution+target=4096,<function upgma at 0x7fcf41625160>
912,93,93,[83],2991.0,1.0,Inner72,2989,2994,2991.0,differentia=1+policy=TaperedDepthProportionalResolution+target=4096,<function upgma at 0x7fcf41625160>
913,94,94,[93],2994.0,3.0,Inner19,2992,2997,2994.0,differentia=1+policy=TaperedDepthProportionalResolution+target=4096,<function upgma at 0x7fcf41625160>
914,95,95,[94],3000.0,6.0,285919,3000,3001,3000.0,differentia=1+policy=TaperedDepthProportionalResolution+target=4096,<function upgma at 0x7fcf41625160>
915,96,96,[94],2997.0,3.0,Inner3,2995,3000,2997.0,differentia=1+policy=TaperedDepthProportionalResolution+target=4096,<function upgma at 0x7fcf41625160>
916,97,97,[96],3000.0,3.0,285980,3000,3001,3000.0,differentia=1+policy=TaperedDepthProportionalResolution+target=4096,<function upgma at 0x7fcf41625160>
917,98,98,[96],3001.0,4.0,286024,3001,3002,3001.0,differentia=1+policy=TaperedDepthProportionalResolution+target=4096,<function upgma at 0x7fcf41625160>
918,99,99,[93],2992.0,1.0,Inner63,2990,2995,2992.0,differentia=1+policy=TaperedDepthProportionalResolution+target=4096,<function upgma at 0x7fcf41625160>
919,100,100,[99],3001.0,9.0,285990,3001,3002,3001.0,differentia=1+policy=TaperedDepthProportionalResolution+target=4096,<function upgma at 0x7fcf41625160>
920,101,101,[99],2993.0,1.0,Inner44,2991,2996,2993.0,differentia=1+policy=TaperedDepthProportionalResolution+target=4096,<function upgma at 0x7fcf41625160>
921,102,102,[101],3001.0,8.0,285999,3001,3002,3001.0,differentia=1+policy=TaperedDepthProportionalResolution+target=4096,<function upgma at 0x7fcf41625160>
922,103,103,[101],2995.0,2.0,Inner18,2993,2998,2995.0,differentia=1+policy=TaperedDepthProportionalResolution+target=4096,<function upgma at 0x7fcf41625160>
923,104,104,[103],2997.0,2.0,Inner5,2995,3000,2997.0,differentia=1+policy=TaperedDepthProportionalResolution+target=4096,<function upgma at 0x7fcf41625160>
924,105,105,[104],3001.0,4.0,286010,3001,3002,3001.0,differentia=1+policy=TaperedDepthProportionalResolution+target=4096,<function upgma at 0x7fcf41625160>
925,106,106,[104],3001.0,4.0,286076,3001,3002,3001.0,differentia=1+policy=TaperedDepthProportionalResolution+target=4096,<function upgma at 0x7fcf41625160>
926,107,107,[103],3001.0,6.0,286082,3001,3002,3001.0,differentia=1+policy=TaperedDepthProportionalResolution+target=4096,<function upgma at 0x7fcf41625160>
927,108,108,[0],2942.0,1.0,Inner135,2940,2945,2942.0,differentia=1+policy=TaperedDepthProportionalResolution+target=4096,<function upgma at 0x7fcf41625160>
928,109,109,[108],2980.0,38.0,Inner130,2978,2983,2980.0,differentia=1+policy=TaperedDepthProportionalResolution+target=4096,<function upgma at 0x7fcf41625160>
929,110,110,[109],3000.0,20.0,285894,3000,3001,3000.0,differentia=1+policy=TaperedDepthProportionalResolution+target=4096,<function upgma at 0x7fcf41625160>
930,111,111,[109],3001.0,21.0,286033,3001,3002,3001.0,differentia=1+policy=TaperedDepthProportionalResolution+target=4096,<function upgma at 0x7fcf41625160>
931,112,112,[108],2969.0,27.0,Inner134,2967,2972,2969.0,differentia=1+policy=TaperedDepthProportionalResolution+target=4096,<function upgma at 0x7fcf41625160>
932,113,113,[112],2980.0,11.0,Inner128,2978,2983,2980.0,differentia=1+policy=TaperedDepthProportionalResolution+target=4096,<function upgma at 0x7fcf41625160>
933,114,114,[113],2985.0,5.0,Inner120,2983,2988,2985.0,differentia=1+policy=TaperedDepthProportionalResolution+target=4096,<function upgma at 0x7fcf41625160>
934,115,115,[114],2996.0,11.0,285553,2996,2997,2996.0,differentia=1+policy=TaperedDepthProportionalResolution+target=4096,<function upgma at 0x7fcf41625160>
935,116,116,[114],3001.0,16.0,286066,3001,3002,3001.0,differentia=1+policy=TaperedDepthProportionalResolution+target=4096,<function upgma at 0x7fcf41625160>
936,117,117,[113],2981.0,1.0,Inner127,2979,2984,2981.0,differentia=1+policy=TaperedDepthProportionalResolution+target=4096,<function upgma at 0x7fcf41625160>
937,118,118,[117],2992.0,11.0,Inner39,2990,2995,2992.0,differentia=1+policy=TaperedDepthProportionalResolution+target=4096,<function upgma at 0x7fcf41625160>
938,119,119,[118],2992.0,0.0,Inner38,2990,2995,2992.0,differentia=1+policy=TaperedDepthProportionalResolution+target=4096,<function upgma at 0x7fcf41625160>
939,120,120,[119],2999.0,7.0,285860,2999,3000,2999.0,differentia=1+policy=TaperedDepthProportionalResolution+target=4096,<function upgma at 0x7fcf41625160>
940,121,121,[119],3001.0,9.0,286069,3001,3002,3001.0,differentia=1+policy=TaperedDepthProportionalResolution+target=4096,<function upgma at 0x7fcf41625160>
941,122,122,[118],2994.0,2.0,Inner25,2992,2997,2994.0,differentia=1+policy=TaperedDepthProportionalResolution+target=4096,<function upgma at 0x7fcf41625160>
942,123,123,[122],3001.0,7.0,286006,3001,3002,3001.0,differentia=1+policy=TaperedDepthProportionalResolution+target=4096,<function upgma at 0x7fcf41625160>
943,124,124,[122],2995.0,1.0,Inner12,2993,2998,2995.0,differentia=1+policy=TaperedDepthProportionalResolution+target=4096,<function upgma at 0x7fcf41625160>
944,125,125,[124],3001.0,6.0,285992,3001,3002,3001.0,differentia=1+policy=TaperedDepthProportionalResolution+target=4096,<function upgma at 0x7fcf41625160>
945,126,126,[124],3001.0,6.0,286074,3001,3002,3001.0,differentia=1+policy=TaperedDepthProportionalResolution+target=4096,<function upgma at 0x7fcf41625160>
946,127,127,[117],2987.0,6.0,Inner118,2985,2990,2987.0,differentia=1+policy=TaperedDepthProportionalResolution+target=4096,<function upgma at 0x7fcf41625160>
947,128,128,[127],2988.0,1.0,Inner113,2986,2991,2988.0,differentia=1+policy=TaperedDepthProportionalResolution+target=4096,<function upgma at 0x7fcf41625160>
948,129,129,[128],2990.0,2.0,Inner95,2988,2993,2990.0,differentia=1+policy=TaperedDepthProportionalResolution+target=4096,<function upgma at 0x7fcf41625160>
949,130,130,[129],3001.0,11.0,286028,3001,3002,3001.0,differentia=1+policy=TaperedDepthProportionalResolution+target=4096,<function upgma at 0x7fcf41625160>
950,131,131,[129],3001.0,11.0,286061,3001,3002,3001.0,differentia=1+policy=TaperedDepthProportionalResolution+target=4096,<function upgma at 0x7fcf41625160>
951,132,132,[128],2989.0,1.0,Inner100,2987,2992,2989.0,differentia=1+policy=TaperedDepthProportionalResolution+target=4096,<function upgma at 0x7fcf41625160>
952,133,133,[132],3001.0,12.0,285987,3001,3002,3001.0,differentia=1+policy=TaperedDepthProportionalResolution+target=4096,<function upgma at 0x7fcf41625160>
953,134,134,[132],2991.0,2.0,Inner50,2989,2994,2991.0,differentia=1+policy=TaperedDepthProportionalResolution+target=4096,<function upgma at 0x7fcf41625160>
954,135,135,[134],2991.0,0.0,Inner32,2989,2994,2991.0,differentia=1+policy=TaperedDepthProportionalResolution+target=4096,<function upgma at 0x7fcf41625160>
955,136,136,[135],2998.0,7.0,285752,2998,2999,2998.0,differentia=1+policy=TaperedDepthProportionalResolution+target=4096,<function upgma at 0x7fcf41625160>
956,137,137,[135],2999.0,8.0,285815,2999,3000,2999.0,differentia=1+policy=TaperedDepthProportionalResolution+target=4096,<function upgma at 0x7fcf41625160>
957,138,138,[134],3001.0,10.0,286067,3001,3002,3001.0,differentia=1+policy=TaperedDepthProportionalResolution+target=4096,<function upgma at 0x7fcf41625160>
958,139,139,[127],2988.0,1.0,Inner101,2986,2991,2988.0,differentia=1+policy=TaperedDepthProportionalResolution+target=4096,<function upgma at 0x7fcf41625160>
959,140,140,[139],2989.0,1.0,Inner78,2987,2992,2989.0,differentia=1+policy=TaperedDepthProportionalResolution+target=4096,<function upgma at 0x7fcf41625160>
960,141,141,[140],2997.0,8.0,285695,2997,2998,2997.0,differentia=1+policy=TaperedDepthProportionalResolution+target=4096,<function upgma at 0x7fcf41625160>
961,142,142,[140],3001.0,12.0,286068,3001,3002,3001.0,differentia=1+policy=TaperedDepthProportionalResolution+target=4096,<function upgma at 0x7fcf41625160>
962,143,143,[139],2989.0,1.0,Inner98,2987,2992,2989.0,differentia=1+policy=TaperedDepthProportionalResolution+target=4096,<function upgma at 0x7fcf41625160>
963,144,144,[143],3000.0,11.0,285937,3000,3001,3000.0,differentia=1+policy=TaperedDepthProportionalResolution+target=4096,<function upgma at 0x7fcf41625160>
964,145,145,[143],2990.0,1.0,Inner85,2988,2993,2990.0,differentia=1+policy=TaperedDepthProportionalResolution+target=4096,<function upgma at 0x7fcf41625160>
965,146,146,[145],3000.0,10.0,285899,3000,3001,3000.0,differentia=1+policy=TaperedDepthProportionalResolution+target=4096,<function upgma at 0x7fcf41625160>
966,147,147,[145],2992.0,2.0,Inner61,2990,2995,2992.0,differentia=1+policy=TaperedDepthProportionalResolution+target=4096,<function upgma at 0x7fcf41625160>
967,148,148,[147],2993.0,1.0,Inner37,2991,2996,2993.0,differentia=1+policy=TaperedDepthProportionalResolution+target=4096,<function upgma at 0x7fcf41625160>
968,149,149,[148],2994.0,1.0,Inner23,2992,2997,2994.0,differentia=1+policy=TaperedDepthProportionalResolution+target=4096,<function upgma at 0x7fcf41625160>
969,150,150,[149],3001.0,7.0,285997,3001,3002,3001.0,differentia=1+policy=TaperedDepthProportionalResolution+target=4096,<function upgma at 0x7fcf41625160>
970,151,151,[149],3001.0,7.0,286022,3001,3002,3001.0,differentia=1+policy=TaperedDepthProportionalResolution+target=4096,<function upgma at 0x7fcf41625160>
971,152,152,[148],3001.0,8.0,286052,3001,3002,3001.0,differentia=1+policy=TaperedDepthProportionalResolution+target=4096,<function upgma at 0x7fcf41625160>
972,153,153,[147],2994.0,2.0,Inner24,2992,2997,2994.0,differentia=1+policy=TaperedDepthProportionalResolution+target=4096,<function upgma at 0x7fcf41625160>
973,154,154,[153],2996.0,2.0,Inner7,2994,2999,2996.0,differentia=1+policy=TaperedDepthProportionalResolution+target=4096,<function upgma at 0x7fcf41625160>
974,155,155,[154],3001.0,5.0,286070,3001,3002,3001.0,differentia=1+policy=TaperedDepthProportionalResolution+target=4096,<function upgma at 0x7fcf41625160>
975,156,156,[154],3001.0,5.0,286071,3001,3002,3001.0,differentia=1+policy=TaperedDepthProportionalResolution+target=4096,<function upgma at 0x7fcf41625160>
976,157,157,[153],2995.0,1.0,Inner11,2993,2998,2995.0,differentia=1+policy=TaperedDepthProportionalResolution+target=4096,<function upgma at 0x7fcf41625160>
977,158,158,[157],3001.0,6.0,286019,3001,3002,3001.0,differentia=1+policy=TaperedDepthProportionalResolution+target=4096,<function upgma at 0x7fcf41625160>
978,159,159,[157],3001.0,6.0,286079,3001,3002,3001.0,differentia=1+policy=TaperedDepthProportionalResolution+target=4096,<function upgma at 0x7fcf41625160>
979,160,160,[112],2977.0,8.0,Inner133,2975,2980,2977.0,differentia=1+policy=TaperedDepthProportionalResolution+target=4096,<function upgma at 0x7fcf41625160>
980,161,161,[160],2979.0,2.0,Inner132,2977,2982,2979.0,differentia=1+policy=TaperedDepthProportionalResolution+target=4096,<function upgma at 0x7fcf41625160>
981,162,162,[161],3001.0,22.0,286014,3001,3002,3001.0,differentia=1+policy=TaperedDepthProportionalResolution+target=4096,<function upgma at 0x7fcf41625160>
982,163,163,[161],2991.0,12.0,Inner74,2989,2994,2991.0,differentia=1+policy=TaperedDepthProportionalResolution+target=4096,<function upgma at 0x7fcf41625160>
983,164,164,[163],3001.0,10.0,286020,3001,3002,3001.0,differentia=1+policy=TaperedDepthProportionalResolution+target=4096,<function upgma at 0x7fcf41625160>
984,165,165,[163],2992.0,1.0,Inner57,2990,2995,2992.0,differentia=1+policy=TaperedDepthProportionalResolution+target=4096,<function upgma at 0x7fcf41625160>
985,166,166,[165],2993.0,1.0,Inner29,2991,2996,2993.0,differentia=1+policy=TaperedDepthProportionalResolution+target=4096,<function upgma at 0x7fcf41625160>
986,167,167,[166],3000.0,7.0,285963,3000,3001,3000.0,differentia=1+policy=TaperedDepthProportionalResolution+target=4096,<function upgma at 0x7fcf41625160>
987,168,168,[166],2996.0,3.0,Inner6,2994,2999,2996.0,differentia=1+policy=TaperedDepthProportionalResolution+target=4096,<function upgma at 0x7fcf41625160>
988,169,169,[168],3000.0,4.0,285968,3000,3001,3000.0,differentia=1+policy=TaperedDepthProportionalResolution+target=4096,<function upgma at 0x7fcf41625160>
989,170,170,[168],3001.0,5.0,286048,3001,3002,3001.0,differentia=1+policy=TaperedDepthProportionalResolution+target=4096,<function upgma at 0x7fcf41625160>
990,171,171,[165],3001.0,9.0,286075,3001,3002,3001.0,differentia=1+policy=TaperedDepthProportionalResolution+target=4096,<function upgma at 0x7fcf41625160>
991,172,172,[160],2977.0,0.0,Inner131,2975,2980,2977.0,differentia=1+policy=TaperedDepthProportionalResolution+target=4096,<function upgma at 0x7fcf41625160>
992,173,173,[172],2978.0,1.0,Inner126,2976,2981,2978.0,differentia=1+policy=TaperedDepthProportionalResolution+target=4096,<function upgma at 0x7fcf41625160>
993,174,174,[173],2993.0,15.0,285310,2993,2994,2993.0,differentia=1+policy=TaperedDepthProportionalResolution+target=4096,<function upgma at 0x7fcf41625160>
994,175,175,[173],2985.0,7.0,Inner125,2983,2988,2985.0,differentia=1+policy=TaperedDepthProportionalResolution+target=4096,<function upgma at 0x7fcf41625160>
995,176,176,[175],2986.0,1.0,Inner123,2984,2989,2986.0,differentia=1+policy=TaperedDepthProportionalResolution+target=4096,<function upgma at 0x7fcf41625160>
996,177,177,[176],2987.0,1.0,Inner117,2985,2990,2987.0,differentia=1+policy=TaperedDepthProportionalResolution+target=4096,<function upgma at 0x7fcf41625160>
997,178,178,[177],2987.0,0.0,Inner116,2985,2990,2987.0,differentia=1+policy=TaperedDepthProportionalResolution+target=4096,<function upgma at 0x7fcf41625160>
998,179,179,[178],2988.0,1.0,Inner90,2986,2991,2988.0,differentia=1+policy=TaperedDepthProportionalResolution+target=4096,<function upgma at 0x7fcf41625160>
999,180,180,[179],2998.0,10.0,285725,2998,2999,2998.0,differentia=1+policy=TaperedDepthProportionalResolution+target=4096,<function upgma at 0x7fcf41625160>
1000,181,181,[179],3000.0,12.0,285964,3000,3001,3000.0,differentia=1+policy=TaperedDepthProportionalResolution+target=4096,<function upgma at 0x7fcf41625160>
1001,182,182,[178],3001.0,14.0,286041,3001,3002,3001.0,differentia=1+policy=TaperedDepthProportionalResolution+target=4096,<function upgma at 0x7fcf41625160>
1002,183,183,[177],2989.0,2.0,Inner108,2987,2992,2989.0,differentia=1+policy=TaperedDepthProportionalResolution+target=4096,<function upgma at 0x7fcf41625160>
1003,184,184,[183],3001.0,12.0,286007,3001,3002,3001.0,differentia=1+policy=TaperedDepthProportionalResolution+target=4096,<function upgma at 0x7fcf41625160>
1004,185,185,[183],2990.0,1.0,Inner92,2988,2993,2990.0,differentia=1+policy=TaperedDepthProportionalResolution+target=4096,<function upgma at 0x7fcf41625160>
1005,186,186,[185],3001.0,11.0,286005,3001,3002,3001.0,differentia=1+policy=TaperedDepthProportionalResolution+target=4096,<function upgma at 0x7fcf41625160>
1006,187,187,[185],3001.0,11.0,286047,3001,3002,3001.0,differentia=1+policy=TaperedDepthProportionalResolution+target=4096,<function upgma at 0x7fcf41625160>
1007,188,188,[176],2987.0,1.0,Inner119,2985,2990,2987.0,differentia=1+policy=TaperedDepthProportionalResolution+target=4096,<function upgma at 0x7fcf41625160>
1008,189,189,[188],2988.0,1.0,Inner102,2986,2991,2988.0,differentia=1+policy=TaperedDepthProportionalResolution+target=4096,<function upgma at 0x7fcf41625160>
1009,190,190,[189],3001.0,13.0,285981,3001,3002,3001.0,differentia=1+policy=TaperedDepthProportionalResolution+target=4096,<function upgma at 0x7fcf41625160>
1010,191,191,[189],2988.0,0.0,Inner99,2986,2991,2988.0,differentia=1+policy=TaperedDepthProportionalResolution+target=4096,<function upgma at 0x7fcf41625160>
1011,192,192,[191],2989.0,1.0,Inner68,2987,2992,2989.0,differentia=1+policy=TaperedDepthProportionalResolution+target=4096,<function upgma at 0x7fcf41625160>
1012,193,193,[192],2997.0,8.0,285634,2997,2998,2997.0,differentia=1+policy=TaperedDepthProportionalResolution+target=4096,<function upgma at 0x7fcf41625160>
1013,194,194,[192],2993.0,4.0,Inner22,2991,2996,2993.0,differentia=1+policy=TaperedDepthProportionalResolution+target=4096,<function upgma at 0x7fcf41625160>
1014,195,195,[194],2999.0,6.0,285879,2999,3000,2999.0,differentia=1+policy=TaperedDepthProportionalResolution+target=4096,<function upgma at 0x7fcf41625160>
1015,196,196,[194],2998.0,5.0,Inner1,2996,3001,2998.0,differentia=1+policy=TaperedDepthProportionalResolution+target=4096,<function upgma at 0x7fcf41625160>
1016,197,197,[196],3001.0,3.0,285983,3001,3002,3001.0,differentia=1+policy=TaperedDepthProportionalResolution+target=4096,<function upgma at 0x7fcf41625160>
1017,198,198,[196],3001.0,3.0,286004,3001,3002,3001.0,differentia=1+policy=TaperedDepthProportionalResolution+target=4096,<function upgma at 0x7fcf41625160>
1018,199,199,[191],2990.0,2.0,Inner82,2988,2993,2990.0,differentia=1+policy=TaperedDepthProportionalResolution+target=4096,<function upgma at 0x7fcf41625160>
1019,200,200,[199],3001.0,11.0,285988,3001,3002,3001.0,differentia=1+policy=TaperedDepthProportionalResolution+target=4096,<function upgma at 0x7fcf41625160>
1020,201,201,[199],2991.0,1.0,Inner49,2989,2994,2991.0,differentia=1+policy=TaperedDepthProportionalResolution+target=4096,<function upgma at 0x7fcf41625160>
1021,202,202,[201],2998.0,7.0,285722,2998,2999,2998.0,differentia=1+policy=TaperedDepthProportionalResolution+target=4096,<function upgma at 0x7fcf41625160>
1022,203,203,[201],2993.0,2.0,Inner31,2991,2996,2993.0,differentia=1+policy=TaperedDepthProportionalResolution+target=4096,<function upgma at 0x7fcf41625160>
1023,204,204,[203],3000.0,7.0,285970,3000,3001,3000.0,differentia=1+policy=TaperedDepthProportionalResolution+target=4096,<function upgma at 0x7fcf41625160>
1024,205,205,[203],3001.0,8.0,286043,3001,3002,3001.0,differentia=1+policy=TaperedDepthProportionalResolution+target=4096,<function upgma at 0x7fcf41625160>
1025,206,206,[188],2988.0,1.0,Inner111,2986,2991,2988.0,differentia=1+policy=TaperedDepthProportionalResolution+target=4096,<function upgma at 0x7fcf41625160>
1026,207,207,[206],2989.0,1.0,Inner97,2987,2992,2989.0,differentia=1+policy=TaperedDepthProportionalResolution+target=4096,<function upgma at 0x7fcf41625160>
1027,208,208,[207],3000.0,11.0,285935,3000,3001,3000.0,differentia=1+policy=TaperedDepthProportionalResolution+target=4096,<function upgma at 0x7fcf41625160>
1028,209,209,[207],2992.0,3.0,Inner51,2990,2995,2992.0,differentia=1+policy=TaperedDepthProportionalResolution+target=4096,<function upgma at 0x7fcf41625160>
1029,210,210,[209],3000.0,8.0,285909,3000,3001,3000.0,differentia=1+policy=TaperedDepthProportionalResolution+target=4096,<function upgma at 0x7fcf41625160>
1030,211,211,[209],3001.0,9.0,286009,3001,3002,3001.0,differentia=1+policy=TaperedDepthProportionalResolution+target=4096,<function upgma at 0x7fcf41625160>
1031,212,212,[206],2990.0,2.0,Inner93,2988,2993,2990.0,differentia=1+policy=TaperedDepthProportionalResolution+target=4096,<function upgma at 0x7fcf41625160>
1032,213,213,[212],3001.0,11.0,286018,3001,3002,3001.0,differentia=1+policy=TaperedDepthProportionalResolution+target=4096,<function upgma at 0x7fcf41625160>
1033,214,214,[212],3001.0,11.0,286050,3001,3002,3001.0,differentia=1+policy=TaperedDepthProportionalResolution+target=4096,<function upgma at 0x7fcf41625160>
1034,215,215,[175],2986.0,1.0,Inner124,2984,2989,2986.0,differentia=1+policy=TaperedDepthProportionalResolution+target=4096,<function upgma at 0x7fcf41625160>
1035,216,216,[215],2987.0,1.0,Inner121,2985,2990,2987.0,differentia=1+policy=TaperedDepthProportionalResolution+target=4096,<function upgma at 0x7fcf41625160>
1036,217,217,[216],2988.0,1.0,Inner110,2986,2991,2988.0,differentia=1+policy=TaperedDepthProportionalResolution+target=4096,<function upgma at 0x7fcf41625160>
1037,218,218,[217],2990.0,2.0,Inner91,2988,2993,2990.0,differentia=1+policy=TaperedDepthProportionalResolution+target=4096,<function upgma at 0x7fcf41625160>
1038,219,219,[218],3001.0,11.0,285986,3001,3002,3001.0,differentia=1+policy=TaperedDepthProportionalResolution+target=4096,<function upgma at 0x7fcf41625160>
1039,220,220,[218],3001.0,11.0,286011,3001,3002,3001.0,differentia=1+policy=TaperedDepthProportionalResolution+target=4096,<function upgma at 0x7fcf41625160>
1040,221,221,[217],2990.0,2.0,Inner83,2988,2993,2990.0,differentia=1+policy=TaperedDepthProportionalResolution+target=4096,<function upgma at 0x7fcf41625160>
1041,222,222,[221],2992.0,2.0,Inner30,2990,2995,2992.0,differentia=1+policy=TaperedDepthProportionalResolution+target=4096,<function upgma at 0x7fcf41625160>
1042,223,223,[222],2999.0,7.0,285874,2999,3000,2999.0,differentia=1+policy=TaperedDepthProportionalResolution+target=4096,<function upgma at 0x7fcf41625160>
1043,224,224,[222],3000.0,8.0,285925,3000,3001,3000.0,differentia=1+policy=TaperedDepthProportionalResolution+target=4096,<function upgma at 0x7fcf41625160>
1044,225,225,[221],3001.0,11.0,286057,3001,3002,3001.0,differentia=1+policy=TaperedDepthProportionalResolution+target=4096,<function upgma at 0x7fcf41625160>
1045,226,226,[216],2989.0,2.0,Inner105,2987,2992,2989.0,differentia=1+policy=TaperedDepthProportionalResolution+target=4096,<function upgma at 0x7fcf41625160>
1046,227,227,[226],2992.0,3.0,Inner53,2990,2995,2992.0,differentia=1+policy=TaperedDepthProportionalResolution+target=4096,<function upgma at 0x7fcf41625160>
1047,228,228,[227],3000.0,8.0,285959,3000,3001,3000.0,differentia=1+policy=TaperedDepthProportionalResolution+target=4096,<function upgma at 0x7fcf41625160>
1048,229,229,[227],3001.0,9.0,286049,3001,3002,3001.0,differentia=1+policy=TaperedDepthProportionalResolution+target=4096,<function upgma at 0x7fcf41625160>
1049,230,230,[226],3001.0,12.0,286072,3001,3002,3001.0,differentia=1+policy=TaperedDepthProportionalResolution+target=4096,<function upgma at 0x7fcf41625160>
1050,231,231,[215],2987.0,1.0,Inner122,2985,2990,2987.0,differentia=1+policy=TaperedDepthProportionalResolution+target=4096,<function upgma at 0x7fcf41625160>
1051,232,232,[231],2988.0,1.0,Inner115,2986,2991,2988.0,differentia=1+policy=TaperedDepthProportionalResolution+target=4096,<function upgma at 0x7fcf41625160>
1052,233,233,[232],2989.0,1.0,Inner109,2987,2992,2989.0,differentia=1+policy=TaperedDepthProportionalResolution+target=4096,<function upgma at 0x7fcf41625160>
1053,234,234,[233],3001.0,12.0,286023,3001,3002,3001.0,differentia=1+policy=TaperedDepthProportionalResolution+target=4096,<function upgma at 0x7fcf41625160>
1054,235,235,[233],2992.0,3.0,Inner58,2990,2995,2992.0,differentia=1+policy=TaperedDepthProportionalResolution+target=4096,<function upgma at 0x7fcf41625160>
1055,236,236,[235],3001.0,9.0,286034,3001,3002,3001.0,differentia=1+policy=TaperedDepthProportionalResolution+target=4096,<function upgma at 0x7fcf41625160>
1056,237,237,[235],3001.0,9.0,286037,3001,3002,3001.0,differentia=1+policy=TaperedDepthProportionalResolution+target=4096,<function upgma at 0x7fcf41625160>
1057,238,238,[232],2989.0,1.0,Inner106,2987,2992,2989.0,differentia=1+policy=TaperedDepthProportionalResolution+target=4096,<function upgma at 0x7fcf41625160>
1058,239,239,[238],3001.0,12.0,286015,3001,3002,3001.0,differentia=1+policy=TaperedDepthProportionalResolution+target=4096,<function upgma at 0x7fcf41625160>
1059,240,240,[238],2990.0,1.0,Inner87,2988,2993,2990.0,differentia=1+policy=TaperedDepthProportionalResolution+target=4096,<function upgma at 0x7fcf41625160>
1060,241,241,[240],2992.0,2.0,Inner52,2990,2995,2992.0,differentia=1+policy=TaperedDepthProportionalResolution+target=4096,<function upgma at 0x7fcf41625160>
1061,242,242,[241],3000.0,8.0,285946,3000,3001,3000.0,differentia=1+policy=TaperedDepthProportionalResolution+target=4096,<function upgma at 0x7fcf41625160>
1062,243,243,[241],3001.0,9.0,286031,3001,3002,3001.0,differentia=1+policy=TaperedDepthProportionalResolution+target=4096,<function upgma at 0x7fcf41625160>
1063,244,244,[240],3001.0,11.0,286073,3001,3002,3001.0,differentia=1+policy=TaperedDepthProportionalResolution+target=4096,<function upgma at 0x7fcf41625160>
1064,245,245,[231],2988.0,1.0,Inner112,2986,2991,2988.0,differentia=1+policy=TaperedDepthProportionalResolution+target=4096,<function upgma at 0x7fcf41625160>
1065,246,246,[245],2991.0,3.0,Inner69,2989,2994,2991.0,differentia=1+policy=TaperedDepthProportionalResolution+target=4096,<function upgma at 0x7fcf41625160>
1066,247,247,[246],3000.0,9.0,285912,3000,3001,3000.0,differentia=1+policy=TaperedDepthProportionalResolution+target=4096,<function upgma at 0x7fcf41625160>
1067,248,248,[246],3001.0,10.0,286013,3001,3002,3001.0,differentia=1+policy=TaperedDepthProportionalResolution+target=4096,<function upgma at 0x7fcf41625160>
1068,249,249,[245],2989.0,1.0,Inner104,2987,2992,2989.0,differentia=1+policy=TaperedDepthProportionalResolution+target=4096,<function upgma at 0x7fcf41625160>
1069,250,250,[249],2990.0,1.0,Inner84,2988,2993,2990.0,differentia=1+policy=TaperedDepthProportionalResolution+target=4096,<function upgma at 0x7fcf41625160>
1070,251,251,[250],3000.0,10.0,285892,3000,3001,3000.0,differentia=1+policy=TaperedDepthProportionalResolution+target=4096,<function upgma at 0x7fcf41625160>
1071,252,252,[250],3001.0,11.0,285994,3001,3002,3001.0,differentia=1+policy=TaperedDepthProportionalResolution+target=4096,<function upgma at 0x7fcf41625160>
1072,253,253,[249],2994.0,5.0,Inner21,2992,2997,2994.0,differentia=1+policy=TaperedDepthProportionalResolution+target=4096,<function upgma at 0x7fcf41625160>
1073,254,254,[253],3001.0,7.0,286054,3001,3002,3001.0,differentia=1+policy=TaperedDepthProportionalResolution+target=4096,<function upgma at 0x7fcf41625160>
1074,255,255,[253],3001.0,7.0,286078,3001,3002,3001.0,differentia=1+policy=TaperedDepthProportionalResolution+target=4096,<function upgma at 0x7fcf41625160>
1075,256,256,[172],2980.0,3.0,Inner129,2978,2983,2980.0,differentia=1+policy=TaperedDepthProportionalResolution+target=4096,<function upgma at 0x7fcf41625160>
1076,257,257,[256],2999.0,19.0,285803,2999,3000,2999.0,differentia=1+policy=TaperedDepthProportionalResolution+target=4096,<function upgma at 0x7fcf41625160>
1077,258,258,[256],2990.0,10.0,Inner94,2988,2993,2990.0,differentia=1+policy=TaperedDepthProportionalResolution+target=4096,<function upgma at 0x7fcf41625160>
1078,259,259,[258],2991.0,1.0,Inner77,2989,2994,2991.0,differentia=1+policy=TaperedDepthProportionalResolution+target=4096,<function upgma at 0x7fcf41625160>
1079,260,260,[259],2992.0,1.0,Inner59,2990,2995,2992.0,differentia=1+policy=TaperedDepthProportionalResolution+target=4096,<function upgma at 0x7fcf41625160>
1080,261,261,[260],3001.0,9.0,285995,3001,3002,3001.0,differentia=1+policy=TaperedDepthProportionalResolution+target=4096,<function upgma at 0x7fcf41625160>
1081,262,262,[260],3001.0,9.0,286021,3001,3002,3001.0,differentia=1+policy=TaperedDepthProportionalResolution+target=4096,<function upgma at 0x7fcf41625160>
1082,263,263,[259],3001.0,10.0,286040,3001,3002,3001.0,differentia=1+policy=TaperedDepthProportionalResolution+target=4096,<function upgma at 0x7fcf41625160>
1083,264,264,[258],2991.0,1.0,Inner76,2989,2994,2991.0,differentia=1+policy=TaperedDepthProportionalResolution+target=4096,<function upgma at 0x7fcf41625160>
1084,265,265,[264],2992.0,1.0,Inner60,2990,2995,2992.0,differentia=1+policy=TaperedDepthProportionalResolution+target=4096,<function upgma at 0x7fcf41625160>
1085,266,266,[265],2993.0,1.0,Inner36,2991,2996,2993.0,differentia=1+policy=TaperedDepthProportionalResolution+target=4096,<function upgma at 0x7fcf41625160>
1086,267,267,[266],3001.0,8.0,286001,3001,3002,3001.0,differentia=1+policy=TaperedDepthProportionalResolution+target=4096,<function upgma at 0x7fcf41625160>
1087,268,268,[266],3001.0,8.0,286044,3001,3002,3001.0,differentia=1+policy=TaperedDepthProportionalResolution+target=4096,<function upgma at 0x7fcf41625160>
1088,269,269,[265],3001.0,9.0,286046,3001,3002,3001.0,differentia=1+policy=TaperedDepthProportionalResolution+target=4096,<function upgma at 0x7fcf41625160>
1089,270,270,[264],2993.0,2.0,Inner35,2991,2996,2993.0,differentia=1+policy=TaperedDepthProportionalResolution+target=4096,<function upgma at 0x7fcf41625160>
1090,271,271,[270],3001.0,8.0,285993,3001,3002,3001.0,differentia=1+policy=TaperedDepthProportionalResolution+target=4096,<function upgma at 0x7fcf41625160>
1091,272,272,[270],3001.0,8.0,286083,3001,3002,3001.0,differentia=1+policy=TaperedDepthProportionalResolution+target=4096,<function upgma at 0x7fcf41625160>
1092,0,0,[None],2937.5,2937.5,Inner136,2928,2948,2937.5,differentia=1+policy=TaperedDepthProportionalResolution+target=512,<function upgma at 0x7fcf41625160>
1093,1,1,[0],2941.5,4.0,Inner135,2932,2952,2941.5,differentia=1+policy=TaperedDepthProportionalResolution+target=512,<function upgma at 0x7fcf41625160>
1094,2,2,[1],2977.5,36.0,Inner129,2968,2988,2977.5,differentia=1+policy=TaperedDepthProportionalResolution+target=512,<function upgma at 0x7fcf41625160>
1095,3,3,[2],3000.0,22.5,285894,3000,3001,3000.0,differentia=1+policy=TaperedDepthProportionalResolution+target=512,<function upgma at 0x7fcf41625160>
1096,4,4,[2],3001.0,23.5,286033,3001,3002,3001.0,differentia=1+policy=TaperedDepthProportionalResolution+target=512,<function upgma at 0x7fcf41625160>
1097,5,5,[1],2981.5,40.0,Inner127,2972,2992,2981.5,differentia=1+policy=TaperedDepthProportionalResolution+target=512,<function upgma at 0x7fcf41625160>
1098,6,6,[5],2985.5,4.0,Inner119,2976,2996,2985.5,differentia=1+policy=TaperedDepthProportionalResolution+target=512,<function upgma at 0x7fcf41625160>
1099,7,7,[6],2989.0,3.5,Inner103,2980,2999,2989.0,differentia=1+policy=TaperedDepthProportionalResolution+target=512,<function upgma at 0x7fcf41625160>
1100,8,8,[7],2989.0,0.0,Inner93,2980,2999,2989.0,differentia=1+policy=TaperedDepthProportionalResolution+target=512,<function upgma at 0x7fcf41625160>
1101,9,9,[8],2989.0,0.0,Inner76,2980,2999,2989.0,differentia=1+policy=TaperedDepthProportionalResolution+target=512,<function upgma at 0x7fcf41625160>
1102,10,10,[9],2999.0,10.0,285850,2999,3000,2999.0,differentia=1+policy=TaperedDepthProportionalResolution+target=512,<function upgma at 0x7fcf41625160>
1103,11,11,[9],2991.5,2.5,Inner4,2984,3000,2991.5,differentia=1+policy=TaperedDepthProportionalResolution+target=512,<function upgma at 0x7fcf41625160>
1104,12,12,[11],3000.0,8.5,285907,3000,3001,3000.0,differentia=1+policy=TaperedDepthProportionalResolution+target=512,<function upgma at 0x7fcf41625160>
1105,13,13,[11],3000.0,8.5,285936,3000,3001,3000.0,differentia=1+policy=TaperedDepthProportionalResolution+target=512,<function upgma at 0x7fcf41625160>
1106,14,14,[8],2992.0,3.0,Inner40,2984,3001,2992.0,differentia=1+policy=TaperedDepthProportionalResolution+target=512,<function upgma at 0x7fcf41625160>
1107,15,15,[14],2992.0,0.0,Inner36,2984,3001,2992.0,differentia=1+policy=TaperedDepthProportionalResolution+target=512,<function upgma at 0x7fcf41625160>
1108,16,16,[15],3001.0,9.0,285985,3001,3002,3001.0,differentia=1+policy=TaperedDepthProportionalResolution+target=512,<function upgma at 0x7fcf41625160>
1109,17,17,[15],3001.0,9.0,285990,3001,3002,3001.0,differentia=1+policy=TaperedDepthProportionalResolution+target=512,<function upgma at 0x7fcf41625160>
1110,18,18,[14],3001.0,9.0,286036,3001,3002,3001.0,differentia=1+policy=TaperedDepthProportionalResolution+target=512,<function upgma at 0x7fcf41625160>
1111,19,19,[7],2992.0,3.0,Inner59,2984,3001,2992.0,differentia=1+policy=TaperedDepthProportionalResolution+target=512,<function upgma at 0x7fcf41625160>
1112,20,20,[19],2992.0,0.0,Inner53,2984,3001,2992.0,differentia=1+policy=TaperedDepthProportionalResolution+target=512,<function upgma at 0x7fcf41625160>
1113,21,21,[20],3001.0,9.0,286032,3001,3002,3001.0,differentia=1+policy=TaperedDepthProportionalResolution+target=512,<function upgma at 0x7fcf41625160>
1114,22,22,[20],2992.0,0.0,Inner48,2984,3001,2992.0,differentia=1+policy=TaperedDepthProportionalResolution+target=512,<function upgma at 0x7fcf41625160>
1115,23,23,[22],3001.0,9.0,286024,3001,3002,3001.0,differentia=1+policy=TaperedDepthProportionalResolution+target=512,<function upgma at 0x7fcf41625160>
1116,24,24,[22],2992.0,0.0,Inner33,2984,3001,2992.0,differentia=1+policy=TaperedDepthProportionalResolution+target=512,<function upgma at 0x7fcf41625160>
1117,25,25,[24],3001.0,9.0,286003,3001,3002,3001.0,differentia=1+policy=TaperedDepthProportionalResolution+target=512,<function upgma at 0x7fcf41625160>
1118,26,26,[24],3001.0,9.0,286055,3001,3002,3001.0,differentia=1+policy=TaperedDepthProportionalResolution+target=512,<function upgma at 0x7fcf41625160>
1119,27,27,[19],3001.0,9.0,286065,3001,3002,3001.0,differentia=1+policy=TaperedDepthProportionalResolution+target=512,<function upgma at 0x7fcf41625160>
1120,28,28,[6],2989.5,4.0,Inner102,2980,3000,2989.5,differentia=1+policy=TaperedDepthProportionalResolution+target=512,<function upgma at 0x7fcf41625160>
1121,29,29,[28],2989.5,0.0,Inner94,2980,3000,2989.5,differentia=1+policy=TaperedDepthProportionalResolution+target=512,<function upgma at 0x7fcf41625160>
1122,30,30,[29],2991.5,2.0,Inner5,2984,3000,2991.5,differentia=1+policy=TaperedDepthProportionalResolution+target=512,<function upgma at 0x7fcf41625160>
1123,31,31,[30],3000.0,8.5,285972,3000,3001,3000.0,differentia=1+policy=TaperedDepthProportionalResolution+target=512,<function upgma at 0x7fcf41625160>
1124,32,32,[30],3000.0,8.5,285980,3000,3001,3000.0,differentia=1+policy=TaperedDepthProportionalResolution+target=512,<function upgma at 0x7fcf41625160>
1125,33,33,[29],2992.0,2.5,Inner52,2984,3001,2992.0,differentia=1+policy=TaperedDepthProportionalResolution+target=512,<function upgma at 0x7fcf41625160>
1126,34,34,[33],2992.0,0.0,Inner49,2984,3001,2992.0,differentia=1+policy=TaperedDepthProportionalResolution+target=512,<function upgma at 0x7fcf41625160>
1127,35,35,[34],2992.0,0.0,Inner46,2984,3001,2992.0,differentia=1+policy=TaperedDepthProportionalResolution+target=512,<function upgma at 0x7fcf41625160>
1128,36,36,[35],2992.0,0.0,Inner44,2984,3001,2992.0,differentia=1+policy=TaperedDepthProportionalResolution+target=512,<function upgma at 0x7fcf41625160>
1129,37,37,[36],2992.0,0.0,Inner41,2984,3001,2992.0,differentia=1+policy=TaperedDepthProportionalResolution+target=512,<function upgma at 0x7fcf41625160>
1130,38,38,[37],3001.0,9.0,285991,3001,3002,3001.0,differentia=1+policy=TaperedDepthProportionalResolution+target=512,<function upgma at 0x7fcf41625160>
1131,39,39,[37],3001.0,9.0,285999,3001,3002,3001.0,differentia=1+policy=TaperedDepthProportionalResolution+target=512,<function upgma at 0x7fcf41625160>
1132,40,40,[36],3001.0,9.0,286002,3001,3002,3001.0,differentia=1+policy=TaperedDepthProportionalResolution+target=512,<function upgma at 0x7fcf41625160>
1133,41,41,[35],3001.0,9.0,286010,3001,3002,3001.0,differentia=1+policy=TaperedDepthProportionalResolution+target=512,<function upgma at 0x7fcf41625160>
1134,42,42,[34],3001.0,9.0,286017,3001,3002,3001.0,differentia=1+policy=TaperedDepthProportionalResolution+target=512,<function upgma at 0x7fcf41625160>
1135,43,43,[33],3001.0,9.0,286029,3001,3002,3001.0,differentia=1+policy=TaperedDepthProportionalResolution+target=512,<function upgma at 0x7fcf41625160>
1136,44,44,[28],2992.0,2.5,Inner69,2984,3001,2992.0,differentia=1+policy=TaperedDepthProportionalResolution+target=512,<function upgma at 0x7fcf41625160>
1137,45,45,[44],2992.0,0.0,Inner64,2984,3001,2992.0,differentia=1+policy=TaperedDepthProportionalResolution+target=512,<function upgma at 0x7fcf41625160>
1138,46,46,[45],2992.0,0.0,Inner62,2984,3001,2992.0,differentia=1+policy=TaperedDepthProportionalResolution+target=512,<function upgma at 0x7fcf41625160>
1139,47,47,[46],3001.0,9.0,286051,3001,3002,3001.0,differentia=1+policy=TaperedDepthProportionalResolution+target=512,<function upgma at 0x7fcf41625160>
1140,48,48,[46],2992.0,0.0,Inner54,2984,3001,2992.0,differentia=1+policy=TaperedDepthProportionalResolution+target=512,<function upgma at 0x7fcf41625160>
1141,49,49,[48],3001.0,9.0,286042,3001,3002,3001.0,differentia=1+policy=TaperedDepthProportionalResolution+target=512,<function upgma at 0x7fcf41625160>
1142,50,50,[48],2992.0,0.0,Inner50,2984,3001,2992.0,differentia=1+policy=TaperedDepthProportionalResolution+target=512,<function upgma at 0x7fcf41625160>
1143,51,51,[50],3001.0,9.0,286025,3001,3002,3001.0,differentia=1+policy=TaperedDepthProportionalResolution+target=512,<function upgma at 0x7fcf41625160>
1144,52,52,[50],2992.0,0.0,Inner35,2984,3001,2992.0,differentia=1+policy=TaperedDepthProportionalResolution+target=512,<function upgma at 0x7fcf41625160>
1145,53,53,[52],3001.0,9.0,286012,3001,3002,3001.0,differentia=1+policy=TaperedDepthProportionalResolution+target=512,<function upgma at 0x7fcf41625160>
1146,54,54,[52],3001.0,9.0,286062,3001,3002,3001.0,differentia=1+policy=TaperedDepthProportionalResolution+target=512,<function upgma at 0x7fcf41625160>
1147,55,55,[45],3001.0,9.0,286076,3001,3002,3001.0,differentia=1+policy=TaperedDepthProportionalResolution+target=512,<function upgma at 0x7fcf41625160>
1148,56,56,[44],3001.0,9.0,286081,3001,3002,3001.0,differentia=1+policy=TaperedDepthProportionalResolution+target=512,<function upgma at 0x7fcf41625160>
1149,57,57,[5],2985.5,4.0,Inner118,2976,2996,2985.5,differentia=1+policy=TaperedDepthProportionalResolution+target=512,<function upgma at 0x7fcf41625160>
1150,58,58,[57],2989.0,3.5,Inner101,2980,2999,2989.0,differentia=1+policy=TaperedDepthProportionalResolution+target=512,<function upgma at 0x7fcf41625160>
1151,59,59,[58],2989.0,0.0,Inner91,2980,2999,2989.0,differentia=1+policy=TaperedDepthProportionalResolution+target=512,<function upgma at 0x7fcf41625160>
1152,60,60,[59],2999.0,10.0,285804,2999,3000,2999.0,differentia=1+policy=TaperedDepthProportionalResolution+target=512,<function upgma at 0x7fcf41625160>
1153,61,61,[59],2992.0,3.0,Inner32,2984,3001,2992.0,differentia=1+policy=TaperedDepthProportionalResolution+target=512,<function upgma at 0x7fcf41625160>
1154,62,62,[61],3001.0,9.0,285989,3001,3002,3001.0,differentia=1+policy=TaperedDepthProportionalResolution+target=512,<function upgma at 0x7fcf41625160>
1155,63,63,[61],3001.0,9.0,286063,3001,3002,3001.0,differentia=1+policy=TaperedDepthProportionalResolution+target=512,<function upgma at 0x7fcf41625160>
1156,64,64,[58],2992.0,3.0,Inner66,2984,3001,2992.0,differentia=1+policy=TaperedDepthProportionalResolution+target=512,<function upgma at 0x7fcf41625160>
1157,65,65,[64],2992.0,0.0,Inner61,2984,3001,2992.0,differentia=1+policy=TaperedDepthProportionalResolution+target=512,<function upgma at 0x7fcf41625160>
1158,66,66,[65],2992.0,0.0,Inner58,2984,3001,2992.0,differentia=1+policy=TaperedDepthProportionalResolution+target=512,<function upgma at 0x7fcf41625160>
1159,67,67,[66],2992.0,0.0,Inner56,2984,3001,2992.0,differentia=1+policy=TaperedDepthProportionalResolution+target=512,<function upgma at 0x7fcf41625160>
1160,68,68,[67],3001.0,9.0,286030,3001,3002,3001.0,differentia=1+policy=TaperedDepthProportionalResolution+target=512,<function upgma at 0x7fcf41625160>
1161,69,69,[67],2992.0,0.0,Inner47,2984,3001,2992.0,differentia=1+policy=TaperedDepthProportionalResolution+target=512,<function upgma at 0x7fcf41625160>
1162,70,70,[69],3001.0,9.0,286026,3001,3002,3001.0,differentia=1+policy=TaperedDepthProportionalResolution+target=512,<function upgma at 0x7fcf41625160>
1163,71,71,[69],2992.0,0.0,Inner45,2984,3001,2992.0,differentia=1+policy=TaperedDepthProportionalResolution+target=512,<function upgma at 0x7fcf41625160>
1164,72,72,[71],2992.0,0.0,Inner42,2984,3001,2992.0,differentia=1+policy=TaperedDepthProportionalResolution+target=512,<function upgma at 0x7fcf41625160>
1165,73,73,[72],3001.0,9.0,286000,3001,3002,3001.0,differentia=1+policy=TaperedDepthProportionalResolution+target=512,<function upgma at 0x7fcf41625160>
1166,74,74,[72],2992.0,0.0,Inner39,2984,3001,2992.0,differentia=1+policy=TaperedDepthProportionalResolution+target=512,<function upgma at 0x7fcf41625160>
1167,75,75,[74],3001.0,9.0,285996,3001,3002,3001.0,differentia=1+policy=TaperedDepthProportionalResolution+target=512,<function upgma at 0x7fcf41625160>
1168,76,76,[74],2992.0,0.0,Inner34,2984,3001,2992.0,differentia=1+policy=TaperedDepthProportionalResolution+target=512,<function upgma at 0x7fcf41625160>
1169,77,77,[76],3001.0,9.0,285984,3001,3002,3001.0,differentia=1+policy=TaperedDepthProportionalResolution+target=512,<function upgma at 0x7fcf41625160>
1170,78,78,[76],3001.0,9.0,286008,3001,3002,3001.0,differentia=1+policy=TaperedDepthProportionalResolution+target=512,<function upgma at 0x7fcf41625160>
1171,79,79,[71],3001.0,9.0,286035,3001,3002,3001.0,differentia=1+policy=TaperedDepthProportionalResolution+target=512,<function upgma at 0x7fcf41625160>
1172,80,80,[66],3001.0,9.0,286039,3001,3002,3001.0,differentia=1+policy=TaperedDepthProportionalResolution+target=512,<function upgma at 0x7fcf41625160>
1173,81,81,[65],3001.0,9.0,286056,3001,3002,3001.0,differentia=1+policy=TaperedDepthProportionalResolution+target=512,<function upgma at 0x7fcf41625160>
1174,82,82,[64],3001.0,9.0,286080,3001,3002,3001.0,differentia=1+policy=TaperedDepthProportionalResolution+target=512,<function upgma at 0x7fcf41625160>
1175,83,83,[57],2989.5,4.0,Inner104,2980,3000,2989.5,differentia=1+policy=TaperedDepthProportionalResolution+target=512,<function upgma at 0x7fcf41625160>
1176,84,84,[83],2989.5,0.0,Inner92,2980,3000,2989.5,differentia=1+policy=TaperedDepthProportionalResolution+target=512,<function upgma at 0x7fcf41625160>
1177,85,85,[84],2991.5,2.0,Inner3,2984,3000,2991.5,differentia=1+policy=TaperedDepthProportionalResolution+target=512,<function upgma at 0x7fcf41625160>
1178,86,86,[85],3000.0,8.5,285919,3000,3001,3000.0,differentia=1+policy=TaperedDepthProportionalResolution+target=512,<function upgma at 0x7fcf41625160>
1179,87,87,[85],3000.0,8.5,285950,3000,3001,3000.0,differentia=1+policy=TaperedDepthProportionalResolution+target=512,<function upgma at 0x7fcf41625160>
1180,88,88,[84],2992.0,2.5,Inner60,2984,3001,2992.0,differentia=1+policy=TaperedDepthProportionalResolution+target=512,<function upgma at 0x7fcf41625160>
1181,89,89,[88],3001.0,9.0,286058,3001,3002,3001.0,differentia=1+policy=TaperedDepthProportionalResolution+target=512,<function upgma at 0x7fcf41625160>
1182,90,90,[88],2992.0,0.0,Inner43,2984,3001,2992.0,differentia=1+policy=TaperedDepthProportionalResolution+target=512,<function upgma at 0x7fcf41625160>
1183,91,91,[90],3001.0,9.0,286038,3001,3002,3001.0,differentia=1+policy=TaperedDepthProportionalResolution+target=512,<function upgma at 0x7fcf41625160>
1184,92,92,[90],2992.0,0.0,Inner37,2984,3001,2992.0,differentia=1+policy=TaperedDepthProportionalResolution+target=512,<function upgma at 0x7fcf41625160>
1185,93,93,[92],3001.0,9.0,285998,3001,3002,3001.0,differentia=1+policy=TaperedDepthProportionalResolution+target=512,<function upgma at 0x7fcf41625160>
1186,94,94,[92],3001.0,9.0,286064,3001,3002,3001.0,differentia=1+policy=TaperedDepthProportionalResolution+target=512,<function upgma at 0x7fcf41625160>
1187,95,95,[83],2992.0,2.5,Inner68,2984,3001,2992.0,differentia=1+policy=TaperedDepthProportionalResolution+target=512,<function upgma at 0x7fcf41625160>
1188,96,96,[95],2992.0,0.0,Inner67,2984,3001,2992.0,differentia=1+policy=TaperedDepthProportionalResolution+target=512,<function upgma at 0x7fcf41625160>
1189,97,97,[96],3001.0,9.0,286060,3001,3002,3001.0,differentia=1+policy=TaperedDepthProportionalResolution+target=512,<function upgma at 0x7fcf41625160>
1190,98,98,[96],2992.0,0.0,Inner65,2984,3001,2992.0,differentia=1+policy=TaperedDepthProportionalResolution+target=512,<function upgma at 0x7fcf41625160>
1191,99,99,[98],3001.0,9.0,286059,3001,3002,3001.0,differentia=1+policy=TaperedDepthProportionalResolution+target=512,<function upgma at 0x7fcf41625160>
1192,100,100,[98],2992.0,0.0,Inner63,2984,3001,2992.0,differentia=1+policy=TaperedDepthProportionalResolution+target=512,<function upgma at 0x7fcf41625160>
1193,101,101,[100],3001.0,9.0,286053,3001,3002,3001.0,differentia=1+policy=TaperedDepthProportionalResolution+target=512,<function upgma at 0x7fcf41625160>
1194,102,102,[100],2992.0,0.0,Inner57,2984,3001,2992.0,differentia=1+policy=TaperedDepthProportionalResolution+target=512,<function upgma at 0x7fcf41625160>
1195,103,103,[102],2992.0,0.0,Inner55,2984,3001,2992.0,differentia=1+policy=TaperedDepthProportionalResolution+target=512,<function upgma at 0x7fcf41625160>
1196,104,104,[103],3001.0,9.0,286027,3001,3002,3001.0,differentia=1+policy=TaperedDepthProportionalResolution+target=512,<function upgma at 0x7fcf41625160>
1197,105,105,[103],2992.0,0.0,Inner51,2984,3001,2992.0,differentia=1+policy=TaperedDepthProportionalResolution+target=512,<function upgma at 0x7fcf41625160>
1198,106,106,[105],2992.0,0.0,Inner38,2984,3001,2992.0,differentia=1+policy=TaperedDepthProportionalResolution+target=512,<function upgma at 0x7fcf41625160>
1199,107,107,[106],3001.0,9.0,285982,3001,3002,3001.0,differentia=1+policy=TaperedDepthProportionalResolution+target=512,<function upgma at 0x7fcf41625160>
1200,108,108,[106],3001.0,9.0,286016,3001,3002,3001.0,differentia=1+policy=TaperedDepthProportionalResolution+target=512,<function upgma at 0x7fcf41625160>
1201,109,109,[105],3001.0,9.0,286045,3001,3002,3001.0,differentia=1+policy=TaperedDepthProportionalResolution+target=512,<function upgma at 0x7fcf41625160>
1202,110,110,[102],3001.0,9.0,286077,3001,3002,3001.0,differentia=1+policy=TaperedDepthProportionalResolution+target=512,<function upgma at 0x7fcf41625160>
1203,111,111,[95],3001.0,9.0,286082,3001,3002,3001.0,differentia=1+policy=TaperedDepthProportionalResolution+target=512,<function upgma at 0x7fcf41625160>
1204,112,112,[0],2961.5,24.0,Inner134,2952,2972,2961.5,differentia=1+policy=TaperedDepthProportionalResolution+target=512,<function upgma at 0x7fcf41625160>
1205,113,113,[112],2973.5,12.0,Inner130,2964,2984,2973.5,differentia=1+policy=TaperedDepthProportionalResolution+target=512,<function upgma at 0x7fcf41625160>
1206,114,114,[113],2981.5,8.0,Inner122,2972,2992,2981.5,differentia=1+policy=TaperedDepthProportionalResolution+target=512,<function upgma at 0x7fcf41625160>
1207,115,115,[114],2996.0,14.5,285553,2996,2997,2996.0,differentia=1+policy=TaperedDepthProportionalResolution+target=512,<function upgma at 0x7fcf41625160>
1208,116,116,[114],2985.5,4.0,Inner116,2976,2996,2985.5,differentia=1+policy=TaperedDepthProportionalResolution+target=512,<function upgma at 0x7fcf41625160>
1209,117,117,[116],2989.0,3.5,Inner90,2980,2999,2989.0,differentia=1+policy=TaperedDepthProportionalResolution+target=512,<function upgma at 0x7fcf41625160>
1210,118,118,[117],2999.0,10.0,285860,2999,3000,2999.0,differentia=1+policy=TaperedDepthProportionalResolution+target=512,<function upgma at 0x7fcf41625160>
1211,119,119,[117],3001.0,12.0,286069,3001,3002,3001.0,differentia=1+policy=TaperedDepthProportionalResolution+target=512,<function upgma at 0x7fcf41625160>
1212,120,120,[116],2989.5,4.0,Inner109,2980,3000,2989.5,differentia=1+policy=TaperedDepthProportionalResolution+target=512,<function upgma at 0x7fcf41625160>
1213,121,121,[120],2992.0,2.5,Inner30,2984,3001,2992.0,differentia=1+policy=TaperedDepthProportionalResolution+target=512,<function upgma at 0x7fcf41625160>
1214,122,122,[121],3001.0,9.0,285992,3001,3002,3001.0,differentia=1+policy=TaperedDepthProportionalResolution+target=512,<function upgma at 0x7fcf41625160>
1215,123,123,[121],3001.0,9.0,286006,3001,3002,3001.0,differentia=1+policy=TaperedDepthProportionalResolution+target=512,<function upgma at 0x7fcf41625160>
1216,124,124,[120],2992.0,2.5,Inner31,2984,3001,2992.0,differentia=1+policy=TaperedDepthProportionalResolution+target=512,<function upgma at 0x7fcf41625160>
1217,125,125,[124],3001.0,9.0,286066,3001,3002,3001.0,differentia=1+policy=TaperedDepthProportionalResolution+target=512,<function upgma at 0x7fcf41625160>
1218,126,126,[124],3001.0,9.0,286074,3001,3002,3001.0,differentia=1+policy=TaperedDepthProportionalResolution+target=512,<function upgma at 0x7fcf41625160>
1219,127,127,[113],2981.5,8.0,Inner126,2972,2992,2981.5,differentia=1+policy=TaperedDepthProportionalResolution+target=512,<function upgma at 0x7fcf41625160>
1220,128,128,[127],2985.5,4.0,Inner115,2976,2996,2985.5,differentia=1+policy=TaperedDepthProportionalResolution+target=512,<function upgma at 0x7fcf41625160>
1221,129,129,[128],2988.5,3.0,Inner89,2980,2998,2988.5,differentia=1+policy=TaperedDepthProportionalResolution+target=512,<function upgma at 0x7fcf41625160>
1222,130,130,[129],2988.5,0.0,Inner74,2980,2998,2988.5,differentia=1+policy=TaperedDepthProportionalResolution+target=512,<function upgma at 0x7fcf41625160>
1223,131,131,[130],2998.0,9.5,285752,2998,2999,2998.0,differentia=1+policy=TaperedDepthProportionalResolution+target=512,<function upgma at 0x7fcf41625160>
1224,132,132,[130],3000.0,11.5,285937,3000,3001,3000.0,differentia=1+policy=TaperedDepthProportionalResolution+target=512,<function upgma at 0x7fcf41625160>
1225,133,133,[129],3001.0,12.5,285987,3001,3002,3001.0,differentia=1+policy=TaperedDepthProportionalResolution+target=512,<function upgma at 0x7fcf41625160>
1226,134,134,[128],2989.5,4.0,Inner108,2980,3000,2989.5,differentia=1+policy=TaperedDepthProportionalResolution+target=512,<function upgma at 0x7fcf41625160>
1227,135,135,[134],3001.0,11.5,286022,3001,3002,3001.0,differentia=1+policy=TaperedDepthProportionalResolution+target=512,<function upgma at 0x7fcf41625160>
1228,136,136,[134],3001.0,11.5,286052,3001,3002,3001.0,differentia=1+policy=TaperedDepthProportionalResolution+target=512,<function upgma at 0x7fcf41625160>
1229,137,137,[127],2985.5,4.0,Inner113,2976,2996,2985.5,differentia=1+policy=TaperedDepthProportionalResolution+target=512,<function upgma at 0x7fcf41625160>
1230,138,138,[137],2989.0,3.5,Inner100,2980,2999,2989.0,differentia=1+policy=TaperedDepthProportionalResolution+target=512,<function upgma at 0x7fcf41625160>
1231,139,139,[138],2989.0,0.0,Inner87,2980,2999,2989.0,differentia=1+policy=TaperedDepthProportionalResolution+target=512,<function upgma at 0x7fcf41625160>
1232,140,140,[139],2989.0,0.0,Inner75,2980,2999,2989.0,differentia=1+policy=TaperedDepthProportionalResolution+target=512,<function upgma at 0x7fcf41625160>
1233,141,141,[140],2999.0,10.0,285815,2999,3000,2999.0,differentia=1+policy=TaperedDepthProportionalResolution+target=512,<function upgma at 0x7fcf41625160>
1234,142,142,[140],3000.0,11.0,285899,3000,3001,3000.0,differentia=1+policy=TaperedDepthProportionalResolution+target=512,<function upgma at 0x7fcf41625160>
1235,143,143,[139],3001.0,12.0,285997,3001,3002,3001.0,differentia=1+policy=TaperedDepthProportionalResolution+target=512,<function upgma at 0x7fcf41625160>
1236,144,144,[138],3001.0,12.0,286028,3001,3002,3001.0,differentia=1+policy=TaperedDepthProportionalResolution+target=512,<function upgma at 0x7fcf41625160>
1237,145,145,[137],2988.0,2.5,Inner99,2980,2997,2988.0,differentia=1+policy=TaperedDepthProportionalResolution+target=512,<function upgma at 0x7fcf41625160>
1238,146,146,[145],2988.0,0.0,Inner88,2980,2997,2988.0,differentia=1+policy=TaperedDepthProportionalResolution+target=512,<function upgma at 0x7fcf41625160>
1239,147,147,[146],2997.0,9.0,285695,2997,2998,2997.0,differentia=1+policy=TaperedDepthProportionalResolution+target=512,<function upgma at 0x7fcf41625160>
1240,148,148,[146],2992.0,4.0,Inner26,2984,3001,2992.0,differentia=1+policy=TaperedDepthProportionalResolution+target=512,<function upgma at 0x7fcf41625160>
1241,149,149,[148],2992.0,0.0,Inner25,2984,3001,2992.0,differentia=1+policy=TaperedDepthProportionalResolution+target=512,<function upgma at 0x7fcf41625160>
1242,150,150,[149],3001.0,9.0,286061,3001,3002,3001.0,differentia=1+policy=TaperedDepthProportionalResolution+target=512,<function upgma at 0x7fcf41625160>
1243,151,151,[149],3001.0,9.0,286068,3001,3002,3001.0,differentia=1+policy=TaperedDepthProportionalResolution+target=512,<function upgma at 0x7fcf41625160>
1244,152,152,[148],3001.0,9.0,286070,3001,3002,3001.0,differentia=1+policy=TaperedDepthProportionalResolution+target=512,<function upgma at 0x7fcf41625160>
1245,153,153,[145],2992.0,4.0,Inner29,2984,3001,2992.0,differentia=1+policy=TaperedDepthProportionalResolution+target=512,<function upgma at 0x7fcf41625160>
1246,154,154,[153],3001.0,9.0,286067,3001,3002,3001.0,differentia=1+policy=TaperedDepthProportionalResolution+target=512,<function upgma at 0x7fcf41625160>
1247,155,155,[153],2992.0,0.0,Inner28,2984,3001,2992.0,differentia=1+policy=TaperedDepthProportionalResolution+target=512,<function upgma at 0x7fcf41625160>
1248,156,156,[155],2992.0,0.0,Inner27,2984,3001,2992.0,differentia=1+policy=TaperedDepthProportionalResolution+target=512,<function upgma at 0x7fcf41625160>
1249,157,157,[156],3001.0,9.0,286019,3001,3002,3001.0,differentia=1+policy=TaperedDepthProportionalResolution+target=512,<function upgma at 0x7fcf41625160>
1250,158,158,[156],3001.0,9.0,286071,3001,3002,3001.0,differentia=1+policy=TaperedDepthProportionalResolution+target=512,<function upgma at 0x7fcf41625160>
1251,159,159,[155],3001.0,9.0,286079,3001,3002,3001.0,differentia=1+policy=TaperedDepthProportionalResolution+target=512,<function upgma at 0x7fcf41625160>
1252,160,160,[112],2969.5,8.0,Inner133,2960,2980,2969.5,differentia=1+policy=TaperedDepthProportionalResolution+target=512,<function upgma at 0x7fcf41625160>
1253,161,161,[160],2973.5,4.0,Inner132,2964,2984,2973.5,differentia=1+policy=TaperedDepthProportionalResolution+target=512,<function upgma at 0x7fcf41625160>
1254,162,162,[161],3001.0,27.5,286014,3001,3002,3001.0,differentia=1+policy=TaperedDepthProportionalResolution+target=512,<function upgma at 0x7fcf41625160>
1255,163,163,[161],2977.5,4.0,Inner128,2968,2988,2977.5,differentia=1+policy=TaperedDepthProportionalResolution+target=512,<function upgma at 0x7fcf41625160>
1256,164,164,[163],2981.5,4.0,Inner123,2972,2992,2981.5,differentia=1+policy=TaperedDepthProportionalResolution+target=512,<function upgma at 0x7fcf41625160>
1257,165,165,[164],2984.0,2.5,Inner111,2976,2993,2984.0,differentia=1+policy=TaperedDepthProportionalResolution+target=512,<function upgma at 0x7fcf41625160>
1258,166,166,[165],2984.0,0.0,Inner110,2976,2993,2984.0,differentia=1+policy=TaperedDepthProportionalResolution+target=512,<function upgma at 0x7fcf41625160>
1259,167,167,[166],2993.0,9.0,285310,2993,2994,2993.0,differentia=1+policy=TaperedDepthProportionalResolution+target=512,<function upgma at 0x7fcf41625160>
1260,168,168,[166],2989.5,5.5,Inner82,2980,3000,2989.5,differentia=1+policy=TaperedDepthProportionalResolution+target=512,<function upgma at 0x7fcf41625160>
1261,169,169,[168],3000.0,10.5,285946,3000,3001,3000.0,differentia=1+policy=TaperedDepthProportionalResolution+target=512,<function upgma at 0x7fcf41625160>
1262,170,170,[168],2992.0,2.5,Inner15,2984,3001,2992.0,differentia=1+policy=TaperedDepthProportionalResolution+target=512,<function upgma at 0x7fcf41625160>
1263,171,171,[170],3001.0,9.0,285986,3001,3002,3001.0,differentia=1+policy=TaperedDepthProportionalResolution+target=512,<function upgma at 0x7fcf41625160>
1264,172,172,[170],3001.0,9.0,286007,3001,3002,3001.0,differentia=1+policy=TaperedDepthProportionalResolution+target=512,<function upgma at 0x7fcf41625160>
1265,173,173,[165],2989.0,5.0,Inner95,2980,2999,2989.0,differentia=1+policy=TaperedDepthProportionalResolution+target=512,<function upgma at 0x7fcf41625160>
1266,174,174,[173],2989.0,0.0,Inner78,2980,2999,2989.0,differentia=1+policy=TaperedDepthProportionalResolution+target=512,<function upgma at 0x7fcf41625160>
1267,175,175,[174],2989.0,0.0,Inner72,2980,2999,2989.0,differentia=1+policy=TaperedDepthProportionalResolution+target=512,<function upgma at 0x7fcf41625160>
1268,176,176,[175],2999.0,10.0,285874,2999,3000,2999.0,differentia=1+policy=TaperedDepthProportionalResolution+target=512,<function upgma at 0x7fcf41625160>
1269,177,177,[175],3000.0,11.0,285909,3000,3001,3000.0,differentia=1+policy=TaperedDepthProportionalResolution+target=512,<function upgma at 0x7fcf41625160>
1270,178,178,[174],2992.0,3.0,Inner8,2984,3001,2992.0,differentia=1+policy=TaperedDepthProportionalResolution+target=512,<function upgma at 0x7fcf41625160>
1271,179,179,[178],3001.0,9.0,286004,3001,3002,3001.0,differentia=1+policy=TaperedDepthProportionalResolution+target=512,<function upgma at 0x7fcf41625160>
1272,180,180,[178],3001.0,9.0,286037,3001,3002,3001.0,differentia=1+policy=TaperedDepthProportionalResolution+target=512,<function upgma at 0x7fcf41625160>
1273,181,181,[173],3001.0,12.0,286050,3001,3002,3001.0,differentia=1+policy=TaperedDepthProportionalResolution+target=512,<function upgma at 0x7fcf41625160>
1274,182,182,[164],2985.5,4.0,Inner117,2976,2996,2985.5,differentia=1+policy=TaperedDepthProportionalResolution+target=512,<function upgma at 0x7fcf41625160>
1275,183,183,[182],2989.5,4.0,Inner98,2980,3000,2989.5,differentia=1+policy=TaperedDepthProportionalResolution+target=512,<function upgma at 0x7fcf41625160>
1276,184,184,[183],2989.5,0.0,Inner84,2980,3000,2989.5,differentia=1+policy=TaperedDepthProportionalResolution+target=512,<function upgma at 0x7fcf41625160>
1277,185,185,[184],2989.0,-0.5,Inner80,2980,2999,2989.0,differentia=1+policy=TaperedDepthProportionalResolution+target=512,<function upgma at 0x7fcf41625160>
1278,186,186,[185],3000.0,11.0,285912,3000,3001,3000.0,differentia=1+policy=TaperedDepthProportionalResolution+target=512,<function upgma at 0x7fcf41625160>
1279,187,187,[185],2991.5,2.5,Inner2,2984,3000,2991.5,differentia=1+policy=TaperedDepthProportionalResolution+target=512,<function upgma at 0x7fcf41625160>
1280,188,188,[187],3000.0,8.5,285925,3000,3001,3000.0,differentia=1+policy=TaperedDepthProportionalResolution+target=512,<function upgma at 0x7fcf41625160>
1281,189,189,[187],3000.0,8.5,285964,3000,3001,3000.0,differentia=1+policy=TaperedDepthProportionalResolution+target=512,<function upgma at 0x7fcf41625160>
1282,190,190,[184],3001.0,11.5,286034,3001,3002,3001.0,differentia=1+policy=TaperedDepthProportionalResolution+target=512,<function upgma at 0x7fcf41625160>
1283,191,191,[183],2992.0,2.5,Inner14,2984,3001,2992.0,differentia=1+policy=TaperedDepthProportionalResolution+target=512,<function upgma at 0x7fcf41625160>
1284,192,192,[191],3001.0,9.0,285983,3001,3002,3001.0,differentia=1+policy=TaperedDepthProportionalResolution+target=512,<function upgma at 0x7fcf41625160>
1285,193,193,[191],3001.0,9.0,286049,3001,3002,3001.0,differentia=1+policy=TaperedDepthProportionalResolution+target=512,<function upgma at 0x7fcf41625160>
1286,194,194,[182],2988.5,3.0,Inner96,2980,2998,2988.5,differentia=1+policy=TaperedDepthProportionalResolution+target=512,<function upgma at 0x7fcf41625160>
1287,195,195,[194],2988.5,0.0,Inner79,2980,2998,2988.5,differentia=1+policy=TaperedDepthProportionalResolution+target=512,<function upgma at 0x7fcf41625160>
1288,196,196,[195],2988.5,0.0,Inner71,2980,2998,2988.5,differentia=1+policy=TaperedDepthProportionalResolution+target=512,<function upgma at 0x7fcf41625160>
1289,197,197,[196],2998.0,9.5,285722,2998,2999,2998.0,differentia=1+policy=TaperedDepthProportionalResolution+target=512,<function upgma at 0x7fcf41625160>
1290,198,198,[196],3000.0,11.5,285970,3000,3001,3000.0,differentia=1+policy=TaperedDepthProportionalResolution+target=512,<function upgma at 0x7fcf41625160>
1291,199,199,[195],3001.0,12.5,286005,3001,3002,3001.0,differentia=1+policy=TaperedDepthProportionalResolution+target=512,<function upgma at 0x7fcf41625160>
1292,200,200,[194],2992.0,3.5,Inner13,2984,3001,2992.0,differentia=1+policy=TaperedDepthProportionalResolution+target=512,<function upgma at 0x7fcf41625160>
1293,201,201,[200],2992.0,0.0,Inner12,2984,3001,2992.0,differentia=1+policy=TaperedDepthProportionalResolution+target=512,<function upgma at 0x7fcf41625160>
1294,202,202,[201],3001.0,9.0,286011,3001,3002,3001.0,differentia=1+policy=TaperedDepthProportionalResolution+target=512,<function upgma at 0x7fcf41625160>
1295,203,203,[201],3001.0,9.0,286015,3001,3002,3001.0,differentia=1+policy=TaperedDepthProportionalResolution+target=512,<function upgma at 0x7fcf41625160>
1296,204,204,[200],3001.0,9.0,286073,3001,3002,3001.0,differentia=1+policy=TaperedDepthProportionalResolution+target=512,<function upgma at 0x7fcf41625160>
1297,205,205,[163],2981.5,4.0,Inner125,2972,2992,2981.5,differentia=1+policy=TaperedDepthProportionalResolution+target=512,<function upgma at 0x7fcf41625160>
1298,206,206,[205],2985.5,4.0,Inner114,2976,2996,2985.5,differentia=1+policy=TaperedDepthProportionalResolution+target=512,<function upgma at 0x7fcf41625160>
1299,207,207,[206],2988.0,2.5,Inner81,2980,2997,2988.0,differentia=1+policy=TaperedDepthProportionalResolution+target=512,<function upgma at 0x7fcf41625160>
1300,208,208,[207],2988.0,0.0,Inner73,2980,2997,2988.0,differentia=1+policy=TaperedDepthProportionalResolution+target=512,<function upgma at 0x7fcf41625160>
1301,209,209,[208],2988.0,0.0,Inner70,2980,2997,2988.0,differentia=1+policy=TaperedDepthProportionalResolution+target=512,<function upgma at 0x7fcf41625160>
1302,210,210,[209],2997.0,9.0,285634,2997,2998,2997.0,differentia=1+policy=TaperedDepthProportionalResolution+target=512,<function upgma at 0x7fcf41625160>
1303,211,211,[209],2999.0,11.0,285879,2999,3000,2999.0,differentia=1+policy=TaperedDepthProportionalResolution+target=512,<function upgma at 0x7fcf41625160>
1304,212,212,[208],3000.0,12.0,285935,3000,3001,3000.0,differentia=1+policy=TaperedDepthProportionalResolution+target=512,<function upgma at 0x7fcf41625160>
1305,213,213,[207],2992.0,4.0,Inner16,2984,3001,2992.0,differentia=1+policy=TaperedDepthProportionalResolution+target=512,<function upgma at 0x7fcf41625160>
1306,214,214,[213],3001.0,9.0,286023,3001,3002,3001.0,differentia=1+policy=TaperedDepthProportionalResolution+target=512,<function upgma at 0x7fcf41625160>
1307,215,215,[213],2992.0,0.0,Inner6,2984,3001,2992.0,differentia=1+policy=TaperedDepthProportionalResolution+target=512,<function upgma at 0x7fcf41625160>
1308,216,216,[215],3001.0,9.0,285988,3001,3002,3001.0,differentia=1+policy=TaperedDepthProportionalResolution+target=512,<function upgma at 0x7fcf41625160>
1309,217,217,[215],3001.0,9.0,286041,3001,3002,3001.0,differentia=1+policy=TaperedDepthProportionalResolution+target=512,<function upgma at 0x7fcf41625160>
1310,218,218,[206],2989.5,4.0,Inner97,2980,3000,2989.5,differentia=1+policy=TaperedDepthProportionalResolution+target=512,<function upgma at 0x7fcf41625160>
1311,219,219,[218],2989.5,0.0,Inner83,2980,3000,2989.5,differentia=1+policy=TaperedDepthProportionalResolution+target=512,<function upgma at 0x7fcf41625160>
1312,220,220,[219],2991.5,2.0,Inner1,2984,3000,2991.5,differentia=1+policy=TaperedDepthProportionalResolution+target=512,<function upgma at 0x7fcf41625160>
1313,221,221,[220],3000.0,8.5,285892,3000,3001,3000.0,differentia=1+policy=TaperedDepthProportionalResolution+target=512,<function upgma at 0x7fcf41625160>
1314,222,222,[220],3000.0,8.5,285959,3000,3001,3000.0,differentia=1+policy=TaperedDepthProportionalResolution+target=512,<function upgma at 0x7fcf41625160>
1315,223,223,[219],2992.0,2.5,Inner7,2984,3001,2992.0,differentia=1+policy=TaperedDepthProportionalResolution+target=512,<function upgma at 0x7fcf41625160>
1316,224,224,[223],3001.0,9.0,286009,3001,3002,3001.0,differentia=1+policy=TaperedDepthProportionalResolution+target=512,<function upgma at 0x7fcf41625160>
1317,225,225,[223],3001.0,9.0,286018,3001,3002,3001.0,differentia=1+policy=TaperedDepthProportionalResolution+target=512,<function upgma at 0x7fcf41625160>
1318,226,226,[218],2992.0,2.5,Inner18,2984,3001,2992.0,differentia=1+policy=TaperedDepthProportionalResolution+target=512,<function upgma at 0x7fcf41625160>
1319,227,227,[226],2992.0,0.0,Inner9,2984,3001,2992.0,differentia=1+policy=TaperedDepthProportionalResolution+target=512,<function upgma at 0x7fcf41625160>
1320,228,228,[227],3001.0,9.0,286031,3001,3002,3001.0,differentia=1+policy=TaperedDepthProportionalResolution+target=512,<function upgma at 0x7fcf41625160>
1321,229,229,[227],3001.0,9.0,286057,3001,3002,3001.0,differentia=1+policy=TaperedDepthProportionalResolution+target=512,<function upgma at 0x7fcf41625160>
1322,230,230,[226],3001.0,9.0,286072,3001,3002,3001.0,differentia=1+policy=TaperedDepthProportionalResolution+target=512,<function upgma at 0x7fcf41625160>
1323,231,231,[205],2985.5,4.0,Inner112,2976,2996,2985.5,differentia=1+policy=TaperedDepthProportionalResolution+target=512,<function upgma at 0x7fcf41625160>
1324,232,232,[231],2988.5,3.0,Inner77,2980,2998,2988.5,differentia=1+policy=TaperedDepthProportionalResolution+target=512,<function upgma at 0x7fcf41625160>
1325,233,233,[232],2998.0,9.5,285725,2998,2999,2998.0,differentia=1+policy=TaperedDepthProportionalResolution+target=512,<function upgma at 0x7fcf41625160>
1326,234,234,[232],3001.0,12.5,285981,3001,3002,3001.0,differentia=1+policy=TaperedDepthProportionalResolution+target=512,<function upgma at 0x7fcf41625160>
1327,235,235,[231],2989.5,4.0,Inner105,2980,3000,2989.5,differentia=1+policy=TaperedDepthProportionalResolution+target=512,<function upgma at 0x7fcf41625160>
1328,236,236,[235],2992.0,2.5,Inner19,2984,3001,2992.0,differentia=1+policy=TaperedDepthProportionalResolution+target=512,<function upgma at 0x7fcf41625160>
1329,237,237,[236],3001.0,9.0,286047,3001,3002,3001.0,differentia=1+policy=TaperedDepthProportionalResolution+target=512,<function upgma at 0x7fcf41625160>
1330,238,238,[236],2992.0,0.0,Inner17,2984,3001,2992.0,differentia=1+policy=TaperedDepthProportionalResolution+target=512,<function upgma at 0x7fcf41625160>
1331,239,239,[238],3001.0,9.0,286043,3001,3002,3001.0,differentia=1+policy=TaperedDepthProportionalResolution+target=512,<function upgma at 0x7fcf41625160>
1332,240,240,[238],2992.0,0.0,Inner10,2984,3001,2992.0,differentia=1+policy=TaperedDepthProportionalResolution+target=512,<function upgma at 0x7fcf41625160>
1333,241,241,[240],3001.0,9.0,285994,3001,3002,3001.0,differentia=1+policy=TaperedDepthProportionalResolution+target=512,<function upgma at 0x7fcf41625160>
1334,242,242,[240],3001.0,9.0,286054,3001,3002,3001.0,differentia=1+policy=TaperedDepthProportionalResolution+target=512,<function upgma at 0x7fcf41625160>
1335,243,243,[235],2992.0,2.5,Inner11,2984,3001,2992.0,differentia=1+policy=TaperedDepthProportionalResolution+target=512,<function upgma at 0x7fcf41625160>
1336,244,244,[243],3001.0,9.0,286013,3001,3002,3001.0,differentia=1+policy=TaperedDepthProportionalResolution+target=512,<function upgma at 0x7fcf41625160>
1337,245,245,[243],3001.0,9.0,286078,3001,3002,3001.0,differentia=1+policy=TaperedDepthProportionalResolution+target=512,<function upgma at 0x7fcf41625160>
1338,246,246,[160],2973.5,4.0,Inner131,2964,2984,2973.5,differentia=1+policy=TaperedDepthProportionalResolution+target=512,<function upgma at 0x7fcf41625160>
1339,247,247,[246],2985.5,12.0,Inner120,2976,2996,2985.5,differentia=1+policy=TaperedDepthProportionalResolution+target=512,<function upgma at 0x7fcf41625160>
1340,248,248,[247],3001.0,15.5,286048,3001,3002,3001.0,differentia=1+policy=TaperedDepthProportionalResolution+target=512,<function upgma at 0x7fcf41625160>
1341,249,249,[247],2989.5,4.0,Inner86,2980,3000,2989.5,differentia=1+policy=TaperedDepthProportionalResolution+target=512,<function upgma at 0x7fcf41625160>
1342,250,250,[249],2989.0,-0.5,Inner85,2980,2999,2989.0,differentia=1+policy=TaperedDepthProportionalResolution+target=512,<function upgma at 0x7fcf41625160>
1343,251,251,[250],3000.0,11.0,285963,3000,3001,3000.0,differentia=1+policy=TaperedDepthProportionalResolution+target=512,<function upgma at 0x7fcf41625160>
1344,252,252,[250],3000.0,11.0,285968,3000,3001,3000.0,differentia=1+policy=TaperedDepthProportionalResolution+target=512,<function upgma at 0x7fcf41625160>
1345,253,253,[249],2992.0,2.5,Inner24,2984,3001,2992.0,differentia=1+policy=TaperedDepthProportionalResolution+target=512,<function upgma at 0x7fcf41625160>
1346,254,254,[253],3001.0,9.0,286020,3001,3002,3001.0,differentia=1+policy=TaperedDepthProportionalResolution+target=512,<function upgma at 0x7fcf41625160>
1347,255,255,[253],3001.0,9.0,286075,3001,3002,3001.0,differentia=1+policy=TaperedDepthProportionalResolution+target=512,<function upgma at 0x7fcf41625160>
1348,256,256,[246],2981.5,8.0,Inner124,2972,2992,2981.5,differentia=1+policy=TaperedDepthProportionalResolution+target=512,<function upgma at 0x7fcf41625160>
1349,257,257,[256],2999.0,17.5,285803,2999,3000,2999.0,differentia=1+policy=TaperedDepthProportionalResolution+target=512,<function upgma at 0x7fcf41625160>
1350,258,258,[256],2985.5,4.0,Inner121,2976,2996,2985.5,differentia=1+policy=TaperedDepthProportionalResolution+target=512,<function upgma at 0x7fcf41625160>
1351,259,259,[258],2989.5,4.0,Inner106,2980,3000,2989.5,differentia=1+policy=TaperedDepthProportionalResolution+target=512,<function upgma at 0x7fcf41625160>
1352,260,260,[259],3001.0,11.5,286001,3001,3002,3001.0,differentia=1+policy=TaperedDepthProportionalResolution+target=512,<function upgma at 0x7fcf41625160>
1353,261,261,[259],3001.0,11.5,286040,3001,3002,3001.0,differentia=1+policy=TaperedDepthProportionalResolution+target=512,<function upgma at 0x7fcf41625160>
1354,262,262,[258],2989.5,4.0,Inner107,2980,3000,2989.5,differentia=1+policy=TaperedDepthProportionalResolution+target=512,<function upgma at 0x7fcf41625160>
1355,263,263,[262],2992.0,2.5,Inner23,2984,3001,2992.0,differentia=1+policy=TaperedDepthProportionalResolution+target=512,<function upgma at 0x7fcf41625160>
1356,264,264,[263],3001.0,9.0,285995,3001,3002,3001.0,differentia=1+policy=TaperedDepthProportionalResolution+target=512,<function upgma at 0x7fcf41625160>
1357,265,265,[263],2992.0,0.0,Inner21,2984,3001,2992.0,differentia=1+policy=TaperedDepthProportionalResolution+target=512,<function upgma at 0x7fcf41625160>
1358,266,266,[265],3001.0,9.0,285993,3001,3002,3001.0,differentia=1+policy=TaperedDepthProportionalResolution+target=512,<function upgma at 0x7fcf41625160>
1359,267,267,[265],2992.0,0.0,Inner20,2984,3001,2992.0,differentia=1+policy=TaperedDepthProportionalResolution+target=512,<function upgma at 0x7fcf41625160>
1360,268,268,[267],3001.0,9.0,286021,3001,3002,3001.0,differentia=1+policy=TaperedDepthProportionalResolution+target=512,<function upgma at 0x7fcf41625160>
1361,269,269,[267],3001.0,9.0,286046,3001,3002,3001.0,differentia=1+policy=TaperedDepthProportionalResolution+target=512,<function upgma at 0x7fcf41625160>
1362,270,270,[262],2992.0,2.5,Inner22,2984,3001,2992.0,differentia=1+policy=TaperedDepthProportionalResolution+target=512,<function upgma at 0x7fcf41625160>
1363,271,271,[270],3001.0,9.0,286044,3001,3002,3001.0,differentia=1+policy=TaperedDepthProportionalResolution+target=512,<function upgma at 0x7fcf41625160>
1364,272,272,[270],3001.0,9.0,286083,3001,3002,3001.0,differentia=1+policy=TaperedDepthProportionalResolution+target=512,<function upgma at 0x7fcf41625160>
1365,0,0,[None],2863.5,2863.5,Inner136,2784,2944,2863.5,differentia=1+policy=TaperedDepthProportionalResolution+target=64,<function upgma at 0x7fcf41625160>
1366,1,1,[0],2895.5,32.0,Inner134,2816,2976,2895.5,differentia=1+policy=TaperedDepthProportionalResolution+target=64,<function upgma at 0x7fcf41625160>
1367,2,2,[1],2923.5,28.0,Inner127,2848,3000,2923.5,differentia=1+policy=TaperedDepthProportionalResolution+target=64,<function upgma at 0x7fcf41625160>
1368,3,3,[2],3000.0,76.5,285894,3000,3001,3000.0,differentia=1+policy=TaperedDepthProportionalResolution+target=64,<function upgma at 0x7fcf41625160>
1369,4,4,[2],3001.0,77.5,286033,3001,3002,3001.0,differentia=1+policy=TaperedDepthProportionalResolution+target=64,<function upgma at 0x7fcf41625160>
1370,5,5,[1],2923.0,27.5,Inner133,2848,2999,2923.0,differentia=1+policy=TaperedDepthProportionalResolution+target=64,<function upgma at 0x7fcf41625160>
1371,6,6,[5],2923.0,0.0,Inner130,2848,2999,2923.0,differentia=1+policy=TaperedDepthProportionalResolution+target=64,<function upgma at 0x7fcf41625160>
1372,7,7,[6],2923.0,0.0,Inner126,2848,2999,2923.0,differentia=1+policy=TaperedDepthProportionalResolution+target=64,<function upgma at 0x7fcf41625160>
1373,8,8,[7],2923.0,0.0,Inner124,2848,2999,2923.0,differentia=1+policy=TaperedDepthProportionalResolution+target=64,<function upgma at 0x7fcf41625160>
1374,9,9,[8],2939.0,16.0,Inner3,2880,2999,2939.0,differentia=1+policy=TaperedDepthProportionalResolution+target=64,<function upgma at 0x7fcf41625160>
1375,10,10,[9],2999.0,60.0,285804,2999,3000,2999.0,differentia=1+policy=TaperedDepthProportionalResolution+target=64,<function upgma at 0x7fcf41625160>
1376,11,11,[9],2999.0,60.0,285850,2999,3000,2999.0,differentia=1+policy=TaperedDepthProportionalResolution+target=64,<function upgma at 0x7fcf41625160>
1377,12,12,[8],3000.0,77.0,285972,3000,3001,3000.0,differentia=1+policy=TaperedDepthProportionalResolution+target=64,<function upgma at 0x7fcf41625160>
1378,13,13,[7],2939.5,16.5,Inner17,2880,3000,2939.5,differentia=1+policy=TaperedDepthProportionalResolution+target=64,<function upgma at 0x7fcf41625160>
1379,14,14,[13],2939.5,0.0,Inner16,2880,3000,2939.5,differentia=1+policy=TaperedDepthProportionalResolution+target=64,<function upgma at 0x7fcf41625160>
1380,15,15,[14],3000.0,60.5,285936,3000,3001,3000.0,differentia=1+policy=TaperedDepthProportionalResolution+target=64,<function upgma at 0x7fcf41625160>
1381,16,16,[14],2939.5,0.0,Inner15,2880,3000,2939.5,differentia=1+policy=TaperedDepthProportionalResolution+target=64,<function upgma at 0x7fcf41625160>
1382,17,17,[16],3000.0,60.5,285919,3000,3001,3000.0,differentia=1+policy=TaperedDepthProportionalResolution+target=64,<function upgma at 0x7fcf41625160>
1383,18,18,[16],2939.5,0.0,Inner14,2880,3000,2939.5,differentia=1+policy=TaperedDepthProportionalResolution+target=64,<function upgma at 0x7fcf41625160>
1384,19,19,[18],3000.0,60.5,285907,3000,3001,3000.0,differentia=1+policy=TaperedDepthProportionalResolution+target=64,<function upgma at 0x7fcf41625160>
1385,20,20,[18],3000.0,60.5,285950,3000,3001,3000.0,differentia=1+policy=TaperedDepthProportionalResolution+target=64,<function upgma at 0x7fcf41625160>
1386,21,21,[13],3000.0,60.5,285980,3000,3001,3000.0,differentia=1+policy=TaperedDepthProportionalResolution+target=64,<function upgma at 0x7fcf41625160>
1387,22,22,[6],2940.0,17.0,Inner110,2880,3001,2940.0,differentia=1+policy=TaperedDepthProportionalResolution+target=64,<function upgma at 0x7fcf41625160>
1388,23,23,[22],3001.0,61.0,286076,3001,3002,3001.0,differentia=1+policy=TaperedDepthProportionalResolution+target=64,<function upgma at 0x7fcf41625160>
1389,24,24,[22],2940.0,0.0,Inner109,2880,3001,2940.0,differentia=1+policy=TaperedDepthProportionalResolution+target=64,<function upgma at 0x7fcf41625160>
1390,25,25,[24],3001.0,61.0,286060,3001,3002,3001.0,differentia=1+policy=TaperedDepthProportionalResolution+target=64,<function upgma at 0x7fcf41625160>
1391,26,26,[24],2940.0,0.0,Inner106,2880,3001,2940.0,differentia=1+policy=TaperedDepthProportionalResolution+target=64,<function upgma at 0x7fcf41625160>
1392,27,27,[26],3001.0,61.0,286059,3001,3002,3001.0,differentia=1+policy=TaperedDepthProportionalResolution+target=64,<function upgma at 0x7fcf41625160>
1393,28,28,[26],2940.0,0.0,Inner105,2880,3001,2940.0,differentia=1+policy=TaperedDepthProportionalResolution+target=64,<function upgma at 0x7fcf41625160>
1394,29,29,[28],3001.0,61.0,286053,3001,3002,3001.0,differentia=1+policy=TaperedDepthProportionalResolution+target=64,<function upgma at 0x7fcf41625160>
1395,30,30,[28],2940.0,0.0,Inner104,2880,3001,2940.0,differentia=1+policy=TaperedDepthProportionalResolution+target=64,<function upgma at 0x7fcf41625160>
1396,31,31,[30],3001.0,61.0,286051,3001,3002,3001.0,differentia=1+policy=TaperedDepthProportionalResolution+target=64,<function upgma at 0x7fcf41625160>
1397,32,32,[30],2940.0,0.0,Inner100,2880,3001,2940.0,differentia=1+policy=TaperedDepthProportionalResolution+target=64,<function upgma at 0x7fcf41625160>
1398,33,33,[32],2940.0,0.0,Inner99,2880,3001,2940.0,differentia=1+policy=TaperedDepthProportionalResolution+target=64,<function upgma at 0x7fcf41625160>
1399,34,34,[33],3001.0,61.0,286036,3001,3002,3001.0,differentia=1+policy=TaperedDepthProportionalResolution+target=64,<function upgma at 0x7fcf41625160>
1400,35,35,[33],2940.0,0.0,Inner98,2880,3001,2940.0,differentia=1+policy=TaperedDepthProportionalResolution+target=64,<function upgma at 0x7fcf41625160>
1401,36,36,[35],3001.0,61.0,286032,3001,3002,3001.0,differentia=1+policy=TaperedDepthProportionalResolution+target=64,<function upgma at 0x7fcf41625160>
1402,37,37,[35],2940.0,0.0,Inner97,2880,3001,2940.0,differentia=1+policy=TaperedDepthProportionalResolution+target=64,<function upgma at 0x7fcf41625160>
1403,38,38,[37],3001.0,61.0,286030,3001,3002,3001.0,differentia=1+policy=TaperedDepthProportionalResolution+target=64,<function upgma at 0x7fcf41625160>
1404,39,39,[37],2940.0,0.0,Inner95,2880,3001,2940.0,differentia=1+policy=TaperedDepthProportionalResolution+target=64,<function upgma at 0x7fcf41625160>
1405,40,40,[39],3001.0,61.0,286029,3001,3002,3001.0,differentia=1+policy=TaperedDepthProportionalResolution+target=64,<function upgma at 0x7fcf41625160>
1406,41,41,[39],2940.0,0.0,Inner93,2880,3001,2940.0,differentia=1+policy=TaperedDepthProportionalResolution+target=64,<function upgma at 0x7fcf41625160>
1407,42,42,[41],3001.0,61.0,286026,3001,3002,3001.0,differentia=1+policy=TaperedDepthProportionalResolution+target=64,<function upgma at 0x7fcf41625160>
1408,43,43,[41],2940.0,0.0,Inner92,2880,3001,2940.0,differentia=1+policy=TaperedDepthProportionalResolution+target=64,<function upgma at 0x7fcf41625160>
1409,44,44,[43],3001.0,61.0,286025,3001,3002,3001.0,differentia=1+policy=TaperedDepthProportionalResolution+target=64,<function upgma at 0x7fcf41625160>
1410,45,45,[43],2940.0,0.0,Inner89,2880,3001,2940.0,differentia=1+policy=TaperedDepthProportionalResolution+target=64,<function upgma at 0x7fcf41625160>
1411,46,46,[45],3001.0,61.0,286024,3001,3002,3001.0,differentia=1+policy=TaperedDepthProportionalResolution+target=64,<function upgma at 0x7fcf41625160>
1412,47,47,[45],2940.0,0.0,Inner87,2880,3001,2940.0,differentia=1+policy=TaperedDepthProportionalResolution+target=64,<function upgma at 0x7fcf41625160>
1413,48,48,[47],3001.0,61.0,286012,3001,3002,3001.0,differentia=1+policy=TaperedDepthProportionalResolution+target=64,<function upgma at 0x7fcf41625160>
1414,49,49,[47],2940.0,0.0,Inner85,2880,3001,2940.0,differentia=1+policy=TaperedDepthProportionalResolution+target=64,<function upgma at 0x7fcf41625160>
1415,50,50,[49],3001.0,61.0,286003,3001,3002,3001.0,differentia=1+policy=TaperedDepthProportionalResolution+target=64,<function upgma at 0x7fcf41625160>
1416,51,51,[49],2940.0,0.0,Inner84,2880,3001,2940.0,differentia=1+policy=TaperedDepthProportionalResolution+target=64,<function upgma at 0x7fcf41625160>
1417,52,52,[51],3001.0,61.0,286002,3001,3002,3001.0,differentia=1+policy=TaperedDepthProportionalResolution+target=64,<function upgma at 0x7fcf41625160>
1418,53,53,[51],2940.0,0.0,Inner80,2880,3001,2940.0,differentia=1+policy=TaperedDepthProportionalResolution+target=64,<function upgma at 0x7fcf41625160>
1419,54,54,[53],3001.0,61.0,286000,3001,3002,3001.0,differentia=1+policy=TaperedDepthProportionalResolution+target=64,<function upgma at 0x7fcf41625160>
1420,55,55,[53],2940.0,0.0,Inner79,2880,3001,2940.0,differentia=1+policy=TaperedDepthProportionalResolution+target=64,<function upgma at 0x7fcf41625160>
1421,56,56,[55],3001.0,61.0,285991,3001,3002,3001.0,differentia=1+policy=TaperedDepthProportionalResolution+target=64,<function upgma at 0x7fcf41625160>
1422,57,57,[55],2940.0,0.0,Inner77,2880,3001,2940.0,differentia=1+policy=TaperedDepthProportionalResolution+target=64,<function upgma at 0x7fcf41625160>
1423,58,58,[57],3001.0,61.0,285990,3001,3002,3001.0,differentia=1+policy=TaperedDepthProportionalResolution+target=64,<function upgma at 0x7fcf41625160>
1424,59,59,[57],2940.0,0.0,Inner76,2880,3001,2940.0,differentia=1+policy=TaperedDepthProportionalResolution+target=64,<function upgma at 0x7fcf41625160>
1425,60,60,[59],3001.0,61.0,285982,3001,3002,3001.0,differentia=1+policy=TaperedDepthProportionalResolution+target=64,<function upgma at 0x7fcf41625160>
1426,61,61,[59],2940.0,0.0,Inner73,2880,3001,2940.0,differentia=1+policy=TaperedDepthProportionalResolution+target=64,<function upgma at 0x7fcf41625160>
1427,62,62,[61],2940.0,0.0,Inner72,2880,3001,2940.0,differentia=1+policy=TaperedDepthProportionalResolution+target=64,<function upgma at 0x7fcf41625160>
1428,63,63,[62],3001.0,61.0,286008,3001,3002,3001.0,differentia=1+policy=TaperedDepthProportionalResolution+target=64,<function upgma at 0x7fcf41625160>
1429,64,64,[62],2940.0,0.0,Inner70,2880,3001,2940.0,differentia=1+policy=TaperedDepthProportionalResolution+target=64,<function upgma at 0x7fcf41625160>
1430,65,65,[64],3001.0,61.0,285989,3001,3002,3001.0,differentia=1+policy=TaperedDepthProportionalResolution+target=64,<function upgma at 0x7fcf41625160>
1431,66,66,[64],3001.0,61.0,286055,3001,3002,3001.0,differentia=1+policy=TaperedDepthProportionalResolution+target=64,<function upgma at 0x7fcf41625160>
1432,67,67,[61],3001.0,61.0,286064,3001,3002,3001.0,differentia=1+policy=TaperedDepthProportionalResolution+target=64,<function upgma at 0x7fcf41625160>
1433,68,68,[32],3001.0,61.0,286077,3001,3002,3001.0,differentia=1+policy=TaperedDepthProportionalResolution+target=64,<function upgma at 0x7fcf41625160>
1434,69,69,[5],2940.0,17.0,Inner113,2880,3001,2940.0,differentia=1+policy=TaperedDepthProportionalResolution+target=64,<function upgma at 0x7fcf41625160>
1435,70,70,[69],2940.0,0.0,Inner112,2880,3001,2940.0,differentia=1+policy=TaperedDepthProportionalResolution+target=64,<function upgma at 0x7fcf41625160>
1436,71,71,[70],2940.0,0.0,Inner111,2880,3001,2940.0,differentia=1+policy=TaperedDepthProportionalResolution+target=64,<function upgma at 0x7fcf41625160>
1437,72,72,[71],2940.0,0.0,Inner108,2880,3001,2940.0,differentia=1+policy=TaperedDepthProportionalResolution+target=64,<function upgma at 0x7fcf41625160>
1438,73,73,[72],2940.0,0.0,Inner107,2880,3001,2940.0,differentia=1+policy=TaperedDepthProportionalResolution+target=64,<function upgma at 0x7fcf41625160>
1439,74,74,[73],3001.0,61.0,286058,3001,3002,3001.0,differentia=1+policy=TaperedDepthProportionalResolution+target=64,<function upgma at 0x7fcf41625160>
1440,75,75,[73],2940.0,0.0,Inner103,2880,3001,2940.0,differentia=1+policy=TaperedDepthProportionalResolution+target=64,<function upgma at 0x7fcf41625160>
1441,76,76,[75],3001.0,61.0,286056,3001,3002,3001.0,differentia=1+policy=TaperedDepthProportionalResolution+target=64,<function upgma at 0x7fcf41625160>
1442,77,77,[75],2940.0,0.0,Inner102,2880,3001,2940.0,differentia=1+policy=TaperedDepthProportionalResolution+target=64,<function upgma at 0x7fcf41625160>
1443,78,78,[77],3001.0,61.0,286042,3001,3002,3001.0,differentia=1+policy=TaperedDepthProportionalResolution+target=64,<function upgma at 0x7fcf41625160>
1444,79,79,[77],2940.0,0.0,Inner101,2880,3001,2940.0,differentia=1+policy=TaperedDepthProportionalResolution+target=64,<function upgma at 0x7fcf41625160>
1445,80,80,[79],3001.0,61.0,286039,3001,3002,3001.0,differentia=1+policy=TaperedDepthProportionalResolution+target=64,<function upgma at 0x7fcf41625160>
1446,81,81,[79],2940.0,0.0,Inner96,2880,3001,2940.0,differentia=1+policy=TaperedDepthProportionalResolution+target=64,<function upgma at 0x7fcf41625160>
1447,82,82,[81],3001.0,61.0,286038,3001,3002,3001.0,differentia=1+policy=TaperedDepthProportionalResolution+target=64,<function upgma at 0x7fcf41625160>
1448,83,83,[81],2940.0,0.0,Inner94,2880,3001,2940.0,differentia=1+policy=TaperedDepthProportionalResolution+target=64,<function upgma at 0x7fcf41625160>
1449,84,84,[83],3001.0,61.0,286027,3001,3002,3001.0,differentia=1+policy=TaperedDepthProportionalResolution+target=64,<function upgma at 0x7fcf41625160>
1450,85,85,[83],2940.0,0.0,Inner91,2880,3001,2940.0,differentia=1+policy=TaperedDepthProportionalResolution+target=64,<function upgma at 0x7fcf41625160>
1451,86,86,[85],3001.0,61.0,286045,3001,3002,3001.0,differentia=1+policy=TaperedDepthProportionalResolution+target=64,<function upgma at 0x7fcf41625160>
1452,87,87,[85],2940.0,0.0,Inner90,2880,3001,2940.0,differentia=1+policy=TaperedDepthProportionalResolution+target=64,<function upgma at 0x7fcf41625160>
1453,88,88,[87],3001.0,61.0,286017,3001,3002,3001.0,differentia=1+policy=TaperedDepthProportionalResolution+target=64,<function upgma at 0x7fcf41625160>
1454,89,89,[87],2940.0,0.0,Inner88,2880,3001,2940.0,differentia=1+policy=TaperedDepthProportionalResolution+target=64,<function upgma at 0x7fcf41625160>
1455,90,90,[89],3001.0,61.0,286016,3001,3002,3001.0,differentia=1+policy=TaperedDepthProportionalResolution+target=64,<function upgma at 0x7fcf41625160>
1456,91,91,[89],2940.0,0.0,Inner86,2880,3001,2940.0,differentia=1+policy=TaperedDepthProportionalResolution+target=64,<function upgma at 0x7fcf41625160>
1457,92,92,[91],3001.0,61.0,286010,3001,3002,3001.0,differentia=1+policy=TaperedDepthProportionalResolution+target=64,<function upgma at 0x7fcf41625160>
1458,93,93,[91],2940.0,0.0,Inner83,2880,3001,2940.0,differentia=1+policy=TaperedDepthProportionalResolution+target=64,<function upgma at 0x7fcf41625160>
1459,94,94,[93],3001.0,61.0,286035,3001,3002,3001.0,differentia=1+policy=TaperedDepthProportionalResolution+target=64,<function upgma at 0x7fcf41625160>
1460,95,95,[93],2940.0,0.0,Inner82,2880,3001,2940.0,differentia=1+policy=TaperedDepthProportionalResolution+target=64,<function upgma at 0x7fcf41625160>
1461,96,96,[95],3001.0,61.0,285999,3001,3002,3001.0,differentia=1+policy=TaperedDepthProportionalResolution+target=64,<function upgma at 0x7fcf41625160>
1462,97,97,[95],2940.0,0.0,Inner81,2880,3001,2940.0,differentia=1+policy=TaperedDepthProportionalResolution+target=64,<function upgma at 0x7fcf41625160>
1463,98,98,[97],3001.0,61.0,285998,3001,3002,3001.0,differentia=1+policy=TaperedDepthProportionalResolution+target=64,<function upgma at 0x7fcf41625160>
1464,99,99,[97],2940.0,0.0,Inner78,2880,3001,2940.0,differentia=1+policy=TaperedDepthProportionalResolution+target=64,<function upgma at 0x7fcf41625160>
1465,100,100,[99],3001.0,61.0,285996,3001,3002,3001.0,differentia=1+policy=TaperedDepthProportionalResolution+target=64,<function upgma at 0x7fcf41625160>
1466,101,101,[99],2940.0,0.0,Inner75,2880,3001,2940.0,differentia=1+policy=TaperedDepthProportionalResolution+target=64,<function upgma at 0x7fcf41625160>
1467,102,102,[101],3001.0,61.0,285984,3001,3002,3001.0,differentia=1+policy=TaperedDepthProportionalResolution+target=64,<function upgma at 0x7fcf41625160>
1468,103,103,[101],2940.0,0.0,Inner74,2880,3001,2940.0,differentia=1+policy=TaperedDepthProportionalResolution+target=64,<function upgma at 0x7fcf41625160>
1469,104,104,[103],3001.0,61.0,285985,3001,3002,3001.0,differentia=1+policy=TaperedDepthProportionalResolution+target=64,<function upgma at 0x7fcf41625160>
1470,105,105,[103],2940.0,0.0,Inner71,2880,3001,2940.0,differentia=1+policy=TaperedDepthProportionalResolution+target=64,<function upgma at 0x7fcf41625160>
1471,106,106,[105],3001.0,61.0,286062,3001,3002,3001.0,differentia=1+policy=TaperedDepthProportionalResolution+target=64,<function upgma at 0x7fcf41625160>
1472,107,107,[105],3001.0,61.0,286063,3001,3002,3001.0,differentia=1+policy=TaperedDepthProportionalResolution+target=64,<function upgma at 0x7fcf41625160>
1473,108,108,[72],3001.0,61.0,286065,3001,3002,3001.0,differentia=1+policy=TaperedDepthProportionalResolution+target=64,<function upgma at 0x7fcf41625160>
1474,109,109,[71],3001.0,61.0,286080,3001,3002,3001.0,differentia=1+policy=TaperedDepthProportionalResolution+target=64,<function upgma at 0x7fcf41625160>
1475,110,110,[70],3001.0,61.0,286081,3001,3002,3001.0,differentia=1+policy=TaperedDepthProportionalResolution+target=64,<function upgma at 0x7fcf41625160>
1476,111,111,[69],3001.0,61.0,286082,3001,3002,3001.0,differentia=1+policy=TaperedDepthProportionalResolution+target=64,<function upgma at 0x7fcf41625160>
1477,112,112,[0],2895.5,32.0,Inner135,2816,2976,2895.5,differentia=1+policy=TaperedDepthProportionalResolution+target=64,<function upgma at 0x7fcf41625160>
1478,113,113,[112],2921.5,26.0,Inner132,2848,2996,2921.5,differentia=1+policy=TaperedDepthProportionalResolution+target=64,<function upgma at 0x7fcf41625160>
1479,114,114,[113],2940.0,18.5,Inner69,2880,3001,2940.0,differentia=1+policy=TaperedDepthProportionalResolution+target=64,<function upgma at 0x7fcf41625160>
1480,115,115,[114],3001.0,61.0,286066,3001,3002,3001.0,differentia=1+policy=TaperedDepthProportionalResolution+target=64,<function upgma at 0x7fcf41625160>
1481,116,116,[114],2940.0,0.0,Inner67,2880,3001,2940.0,differentia=1+policy=TaperedDepthProportionalResolution+target=64,<function upgma at 0x7fcf41625160>
1482,117,117,[116],2940.0,0.0,Inner66,2880,3001,2940.0,differentia=1+policy=TaperedDepthProportionalResolution+target=64,<function upgma at 0x7fcf41625160>
1483,118,118,[117],3001.0,61.0,285992,3001,3002,3001.0,differentia=1+policy=TaperedDepthProportionalResolution+target=64,<function upgma at 0x7fcf41625160>
1484,119,119,[117],2940.0,0.0,Inner64,2880,3001,2940.0,differentia=1+policy=TaperedDepthProportionalResolution+target=64,<function upgma at 0x7fcf41625160>
1485,120,120,[119],3001.0,61.0,286067,3001,3002,3001.0,differentia=1+policy=TaperedDepthProportionalResolution+target=64,<function upgma at 0x7fcf41625160>
1486,121,121,[119],2940.0,0.0,Inner63,2880,3001,2940.0,differentia=1+policy=TaperedDepthProportionalResolution+target=64,<function upgma at 0x7fcf41625160>
1487,122,122,[121],3001.0,61.0,286028,3001,3002,3001.0,differentia=1+policy=TaperedDepthProportionalResolution+target=64,<function upgma at 0x7fcf41625160>
1488,123,123,[121],2940.0,0.0,Inner59,2880,3001,2940.0,differentia=1+policy=TaperedDepthProportionalResolution+target=64,<function upgma at 0x7fcf41625160>
1489,124,124,[123],3001.0,61.0,286022,3001,3002,3001.0,differentia=1+policy=TaperedDepthProportionalResolution+target=64,<function upgma at 0x7fcf41625160>
1490,125,125,[123],2940.0,0.0,Inner58,2880,3001,2940.0,differentia=1+policy=TaperedDepthProportionalResolution+target=64,<function upgma at 0x7fcf41625160>
1491,126,126,[125],2940.0,0.0,Inner57,2880,3001,2940.0,differentia=1+policy=TaperedDepthProportionalResolution+target=64,<function upgma at 0x7fcf41625160>
1492,127,127,[126],3001.0,61.0,286019,3001,3002,3001.0,differentia=1+policy=TaperedDepthProportionalResolution+target=64,<function upgma at 0x7fcf41625160>
1493,128,128,[126],2940.0,0.0,Inner56,2880,3001,2940.0,differentia=1+policy=TaperedDepthProportionalResolution+target=64,<function upgma at 0x7fcf41625160>
1494,129,129,[128],3001.0,61.0,285997,3001,3002,3001.0,differentia=1+policy=TaperedDepthProportionalResolution+target=64,<function upgma at 0x7fcf41625160>
1495,130,130,[128],3001.0,61.0,286068,3001,3002,3001.0,differentia=1+policy=TaperedDepthProportionalResolution+target=64,<function upgma at 0x7fcf41625160>
1496,131,131,[125],3001.0,61.0,286070,3001,3002,3001.0,differentia=1+policy=TaperedDepthProportionalResolution+target=64,<function upgma at 0x7fcf41625160>
1497,132,132,[116],3001.0,61.0,286074,3001,3002,3001.0,differentia=1+policy=TaperedDepthProportionalResolution+target=64,<function upgma at 0x7fcf41625160>
1498,133,133,[113],2921.5,0.0,Inner129,2848,2996,2921.5,differentia=1+policy=TaperedDepthProportionalResolution+target=64,<function upgma at 0x7fcf41625160>
1499,134,134,[133],2921.5,0.0,Inner123,2848,2996,2921.5,differentia=1+policy=TaperedDepthProportionalResolution+target=64,<function upgma at 0x7fcf41625160>
1500,135,135,[134],2921.5,0.0,Inner121,2848,2996,2921.5,differentia=1+policy=TaperedDepthProportionalResolution+target=64,<function upgma at 0x7fcf41625160>
1501,136,136,[135],2921.5,0.0,Inner119,2848,2996,2921.5,differentia=1+policy=TaperedDepthProportionalResolution+target=64,<function upgma at 0x7fcf41625160>
1502,137,137,[136],2921.5,0.0,Inner117,2848,2996,2921.5,differentia=1+policy=TaperedDepthProportionalResolution+target=64,<function upgma at 0x7fcf41625160>
1503,138,138,[137],2921.5,0.0,Inner115,2848,2996,2921.5,differentia=1+policy=TaperedDepthProportionalResolution+target=64,<function upgma at 0x7fcf41625160>
1504,139,139,[138],2996.0,74.5,285553,2996,2997,2996.0,differentia=1+policy=TaperedDepthProportionalResolution+target=64,<function upgma at 0x7fcf41625160>
1505,140,140,[138],2997.0,75.5,285695,2997,2998,2997.0,differentia=1+policy=TaperedDepthProportionalResolution+target=64,<function upgma at 0x7fcf41625160>
1506,141,141,[137],2998.0,76.5,285752,2998,2999,2998.0,differentia=1+policy=TaperedDepthProportionalResolution+target=64,<function upgma at 0x7fcf41625160>
1507,142,142,[136],2999.0,77.5,285815,2999,3000,2999.0,differentia=1+policy=TaperedDepthProportionalResolution+target=64,<function upgma at 0x7fcf41625160>
1508,143,143,[135],2999.0,77.5,285860,2999,3000,2999.0,differentia=1+policy=TaperedDepthProportionalResolution+target=64,<function upgma at 0x7fcf41625160>
1509,144,144,[134],2939.5,18.0,Inner13,2880,3000,2939.5,differentia=1+policy=TaperedDepthProportionalResolution+target=64,<function upgma at 0x7fcf41625160>
1510,145,145,[144],3000.0,60.5,285899,3000,3001,3000.0,differentia=1+policy=TaperedDepthProportionalResolution+target=64,<function upgma at 0x7fcf41625160>
1511,146,146,[144],3000.0,60.5,285937,3000,3001,3000.0,differentia=1+policy=TaperedDepthProportionalResolution+target=64,<function upgma at 0x7fcf41625160>
1512,147,147,[133],2940.0,18.5,Inner68,2880,3001,2940.0,differentia=1+policy=TaperedDepthProportionalResolution+target=64,<function upgma at 0x7fcf41625160>
1513,148,148,[147],3001.0,61.0,286006,3001,3002,3001.0,differentia=1+policy=TaperedDepthProportionalResolution+target=64,<function upgma at 0x7fcf41625160>
1514,149,149,[147],2940.0,0.0,Inner65,2880,3001,2940.0,differentia=1+policy=TaperedDepthProportionalResolution+target=64,<function upgma at 0x7fcf41625160>
1515,150,150,[149],3001.0,61.0,286069,3001,3002,3001.0,differentia=1+policy=TaperedDepthProportionalResolution+target=64,<function upgma at 0x7fcf41625160>
1516,151,151,[149],2940.0,0.0,Inner62,2880,3001,2940.0,differentia=1+policy=TaperedDepthProportionalResolution+target=64,<function upgma at 0x7fcf41625160>
1517,152,152,[151],3001.0,61.0,286052,3001,3002,3001.0,differentia=1+policy=TaperedDepthProportionalResolution+target=64,<function upgma at 0x7fcf41625160>
1518,153,153,[151],2940.0,0.0,Inner61,2880,3001,2940.0,differentia=1+policy=TaperedDepthProportionalResolution+target=64,<function upgma at 0x7fcf41625160>
1519,154,154,[153],3001.0,61.0,285987,3001,3002,3001.0,differentia=1+policy=TaperedDepthProportionalResolution+target=64,<function upgma at 0x7fcf41625160>
1520,155,155,[153],2940.0,0.0,Inner60,2880,3001,2940.0,differentia=1+policy=TaperedDepthProportionalResolution+target=64,<function upgma at 0x7fcf41625160>
1521,156,156,[155],2940.0,0.0,Inner55,2880,3001,2940.0,differentia=1+policy=TaperedDepthProportionalResolution+target=64,<function upgma at 0x7fcf41625160>
1522,157,157,[156],3001.0,61.0,286061,3001,3002,3001.0,differentia=1+policy=TaperedDepthProportionalResolution+target=64,<function upgma at 0x7fcf41625160>
1523,158,158,[156],3001.0,61.0,286071,3001,3002,3001.0,differentia=1+policy=TaperedDepthProportionalResolution+target=64,<function upgma at 0x7fcf41625160>
1524,159,159,[155],3001.0,61.0,286079,3001,3002,3001.0,differentia=1+policy=TaperedDepthProportionalResolution+target=64,<function upgma at 0x7fcf41625160>
1525,160,160,[112],2920.0,24.5,Inner131,2848,2993,2920.0,differentia=1+policy=TaperedDepthProportionalResolution+target=64,<function upgma at 0x7fcf41625160>
1526,161,161,[160],2920.0,0.0,Inner128,2848,2993,2920.0,differentia=1+policy=TaperedDepthProportionalResolution+target=64,<function upgma at 0x7fcf41625160>
1527,162,162,[161],2920.0,0.0,Inner125,2848,2993,2920.0,differentia=1+policy=TaperedDepthProportionalResolution+target=64,<function upgma at 0x7fcf41625160>
1528,163,163,[162],2920.0,0.0,Inner122,2848,2993,2920.0,differentia=1+policy=TaperedDepthProportionalResolution+target=64,<function upgma at 0x7fcf41625160>
1529,164,164,[163],2920.0,0.0,Inner120,2848,2993,2920.0,differentia=1+policy=TaperedDepthProportionalResolution+target=64,<function upgma at 0x7fcf41625160>
1530,165,165,[164],2920.0,0.0,Inner118,2848,2993,2920.0,differentia=1+policy=TaperedDepthProportionalResolution+target=64,<function upgma at 0x7fcf41625160>
1531,166,166,[165],2920.0,0.0,Inner116,2848,2993,2920.0,differentia=1+policy=TaperedDepthProportionalResolution+target=64,<function upgma at 0x7fcf41625160>
1532,167,167,[166],2920.0,0.0,Inner114,2848,2993,2920.0,differentia=1+policy=TaperedDepthProportionalResolution+target=64,<function upgma at 0x7fcf41625160>
1533,168,168,[167],2993.0,73.0,285310,2993,2994,2993.0,differentia=1+policy=TaperedDepthProportionalResolution+target=64,<function upgma at 0x7fcf41625160>
1534,169,169,[167],2997.0,77.0,285634,2997,2998,2997.0,differentia=1+policy=TaperedDepthProportionalResolution+target=64,<function upgma at 0x7fcf41625160>
1535,170,170,[166],2938.5,18.5,Inner1,2880,2998,2938.5,differentia=1+policy=TaperedDepthProportionalResolution+target=64,<function upgma at 0x7fcf41625160>
1536,171,171,[170],2998.0,59.5,285722,2998,2999,2998.0,differentia=1+policy=TaperedDepthProportionalResolution+target=64,<function upgma at 0x7fcf41625160>
1537,172,172,[170],2998.0,59.5,285725,2998,2999,2998.0,differentia=1+policy=TaperedDepthProportionalResolution+target=64,<function upgma at 0x7fcf41625160>
1538,173,173,[165],2939.0,19.0,Inner2,2880,2999,2939.0,differentia=1+policy=TaperedDepthProportionalResolution+target=64,<function upgma at 0x7fcf41625160>
1539,174,174,[173],2999.0,60.0,285803,2999,3000,2999.0,differentia=1+policy=TaperedDepthProportionalResolution+target=64,<function upgma at 0x7fcf41625160>
1540,175,175,[173],2999.0,60.0,285874,2999,3000,2999.0,differentia=1+policy=TaperedDepthProportionalResolution+target=64,<function upgma at 0x7fcf41625160>
1541,176,176,[164],2999.0,79.0,285879,2999,3000,2999.0,differentia=1+policy=TaperedDepthProportionalResolution+target=64,<function upgma at 0x7fcf41625160>
1542,177,177,[163],2939.5,19.5,Inner9,2880,3000,2939.5,differentia=1+policy=TaperedDepthProportionalResolution+target=64,<function upgma at 0x7fcf41625160>
1543,178,178,[177],2939.5,0.0,Inner8,2880,3000,2939.5,differentia=1+policy=TaperedDepthProportionalResolution+target=64,<function upgma at 0x7fcf41625160>
1544,179,179,[178],2939.5,0.0,Inner6,2880,3000,2939.5,differentia=1+policy=TaperedDepthProportionalResolution+target=64,<function upgma at 0x7fcf41625160>
1545,180,180,[179],3000.0,60.5,285909,3000,3001,3000.0,differentia=1+policy=TaperedDepthProportionalResolution+target=64,<function upgma at 0x7fcf41625160>
1546,181,181,[179],3000.0,60.5,285925,3000,3001,3000.0,differentia=1+policy=TaperedDepthProportionalResolution+target=64,<function upgma at 0x7fcf41625160>
1547,182,182,[178],3000.0,60.5,285935,3000,3001,3000.0,differentia=1+policy=TaperedDepthProportionalResolution+target=64,<function upgma at 0x7fcf41625160>
1548,183,183,[177],3000.0,60.5,285959,3000,3001,3000.0,differentia=1+policy=TaperedDepthProportionalResolution+target=64,<function upgma at 0x7fcf41625160>
1549,184,184,[162],2939.5,19.5,Inner12,2880,3000,2939.5,differentia=1+policy=TaperedDepthProportionalResolution+target=64,<function upgma at 0x7fcf41625160>
1550,185,185,[184],3000.0,60.5,285968,3000,3001,3000.0,differentia=1+policy=TaperedDepthProportionalResolution+target=64,<function upgma at 0x7fcf41625160>
1551,186,186,[184],2939.5,0.0,Inner11,2880,3000,2939.5,differentia=1+policy=TaperedDepthProportionalResolution+target=64,<function upgma at 0x7fcf41625160>
1552,187,187,[186],3000.0,60.5,285963,3000,3001,3000.0,differentia=1+policy=TaperedDepthProportionalResolution+target=64,<function upgma at 0x7fcf41625160>
1553,188,188,[186],2939.5,0.0,Inner10,2880,3000,2939.5,differentia=1+policy=TaperedDepthProportionalResolution+target=64,<function upgma at 0x7fcf41625160>
1554,189,189,[188],3000.0,60.5,285964,3000,3001,3000.0,differentia=1+policy=TaperedDepthProportionalResolution+target=64,<function upgma at 0x7fcf41625160>
1555,190,190,[188],2939.5,0.0,Inner7,2880,3000,2939.5,differentia=1+policy=TaperedDepthProportionalResolution+target=64,<function upgma at 0x7fcf41625160>
1556,191,191,[190],3000.0,60.5,285946,3000,3001,3000.0,differentia=1+policy=TaperedDepthProportionalResolution+target=64,<function upgma at 0x7fcf41625160>
1557,192,192,[190],2939.5,0.0,Inner5,2880,3000,2939.5,differentia=1+policy=TaperedDepthProportionalResolution+target=64,<function upgma at 0x7fcf41625160>
1558,193,193,[192],3000.0,60.5,285912,3000,3001,3000.0,differentia=1+policy=TaperedDepthProportionalResolution+target=64,<function upgma at 0x7fcf41625160>
1559,194,194,[192],2939.5,0.0,Inner4,2880,3000,2939.5,differentia=1+policy=TaperedDepthProportionalResolution+target=64,<function upgma at 0x7fcf41625160>
1560,195,195,[194],3000.0,60.5,285892,3000,3001,3000.0,differentia=1+policy=TaperedDepthProportionalResolution+target=64,<function upgma at 0x7fcf41625160>
1561,196,196,[194],3000.0,60.5,285970,3000,3001,3000.0,differentia=1+policy=TaperedDepthProportionalResolution+target=64,<function upgma at 0x7fcf41625160>
1562,197,197,[161],2940.0,20.0,Inner51,2880,3001,2940.0,differentia=1+policy=TaperedDepthProportionalResolution+target=64,<function upgma at 0x7fcf41625160>
1563,198,198,[197],3001.0,61.0,286048,3001,3002,3001.0,differentia=1+policy=TaperedDepthProportionalResolution+target=64,<function upgma at 0x7fcf41625160>
1564,199,199,[197],2940.0,0.0,Inner50,2880,3001,2940.0,differentia=1+policy=TaperedDepthProportionalResolution+target=64,<function upgma at 0x7fcf41625160>
1565,200,200,[199],3001.0,61.0,286044,3001,3002,3001.0,differentia=1+policy=TaperedDepthProportionalResolution+target=64,<function upgma at 0x7fcf41625160>
1566,201,201,[199],2940.0,0.0,Inner49,2880,3001,2940.0,differentia=1+policy=TaperedDepthProportionalResolution+target=64,<function upgma at 0x7fcf41625160>
1567,202,202,[201],3001.0,61.0,285995,3001,3002,3001.0,differentia=1+policy=TaperedDepthProportionalResolution+target=64,<function upgma at 0x7fcf41625160>
1568,203,203,[201],2940.0,0.0,Inner46,2880,3001,2940.0,differentia=1+policy=TaperedDepthProportionalResolution+target=64,<function upgma at 0x7fcf41625160>
1569,204,204,[203],3001.0,61.0,285993,3001,3002,3001.0,differentia=1+policy=TaperedDepthProportionalResolution+target=64,<function upgma at 0x7fcf41625160>
1570,205,205,[203],2940.0,0.0,Inner43,2880,3001,2940.0,differentia=1+policy=TaperedDepthProportionalResolution+target=64,<function upgma at 0x7fcf41625160>
1571,206,206,[205],3001.0,61.0,286046,3001,3002,3001.0,differentia=1+policy=TaperedDepthProportionalResolution+target=64,<function upgma at 0x7fcf41625160>
1572,207,207,[205],2940.0,0.0,Inner42,2880,3001,2940.0,differentia=1+policy=TaperedDepthProportionalResolution+target=64,<function upgma at 0x7fcf41625160>
1573,208,208,[207],3001.0,61.0,286072,3001,3002,3001.0,differentia=1+policy=TaperedDepthProportionalResolution+target=64,<function upgma at 0x7fcf41625160>
1574,209,209,[207],2940.0,0.0,Inner40,2880,3001,2940.0,differentia=1+policy=TaperedDepthProportionalResolution+target=64,<function upgma at 0x7fcf41625160>
1575,210,210,[209],3001.0,61.0,286050,3001,3002,3001.0,differentia=1+policy=TaperedDepthProportionalResolution+target=64,<function upgma at 0x7fcf41625160>
1576,211,211,[209],2940.0,0.0,Inner39,2880,3001,2940.0,differentia=1+policy=TaperedDepthProportionalResolution+target=64,<function upgma at 0x7fcf41625160>
1577,212,212,[211],3001.0,61.0,286047,3001,3002,3001.0,differentia=1+policy=TaperedDepthProportionalResolution+target=64,<function upgma at 0x7fcf41625160>
1578,213,213,[211],2940.0,0.0,Inner38,2880,3001,2940.0,differentia=1+policy=TaperedDepthProportionalResolution+target=64,<function upgma at 0x7fcf41625160>
1579,214,214,[213],3001.0,61.0,286043,3001,3002,3001.0,differentia=1+policy=TaperedDepthProportionalResolution+target=64,<function upgma at 0x7fcf41625160>
1580,215,215,[213],2940.0,0.0,Inner37,2880,3001,2940.0,differentia=1+policy=TaperedDepthProportionalResolution+target=64,<function upgma at 0x7fcf41625160>
1581,216,216,[215],3001.0,61.0,286034,3001,3002,3001.0,differentia=1+policy=TaperedDepthProportionalResolution+target=64,<function upgma at 0x7fcf41625160>
1582,217,217,[215],2940.0,0.0,Inner35,2880,3001,2940.0,differentia=1+policy=TaperedDepthProportionalResolution+target=64,<function upgma at 0x7fcf41625160>
1583,218,218,[217],3001.0,61.0,286031,3001,3002,3001.0,differentia=1+policy=TaperedDepthProportionalResolution+target=64,<function upgma at 0x7fcf41625160>
1584,219,219,[217],2940.0,0.0,Inner33,2880,3001,2940.0,differentia=1+policy=TaperedDepthProportionalResolution+target=64,<function upgma at 0x7fcf41625160>
1585,220,220,[219],3001.0,61.0,286018,3001,3002,3001.0,differentia=1+policy=TaperedDepthProportionalResolution+target=64,<function upgma at 0x7fcf41625160>
1586,221,221,[219],2940.0,0.0,Inner32,2880,3001,2940.0,differentia=1+policy=TaperedDepthProportionalResolution+target=64,<function upgma at 0x7fcf41625160>
1587,222,222,[221],3001.0,61.0,286007,3001,3002,3001.0,differentia=1+policy=TaperedDepthProportionalResolution+target=64,<function upgma at 0x7fcf41625160>
1588,223,223,[221],2940.0,0.0,Inner30,2880,3001,2940.0,differentia=1+policy=TaperedDepthProportionalResolution+target=64,<function upgma at 0x7fcf41625160>
1589,224,224,[223],3001.0,61.0,286005,3001,3002,3001.0,differentia=1+policy=TaperedDepthProportionalResolution+target=64,<function upgma at 0x7fcf41625160>
1590,225,225,[223],2940.0,0.0,Inner29,2880,3001,2940.0,differentia=1+policy=TaperedDepthProportionalResolution+target=64,<function upgma at 0x7fcf41625160>
1591,226,226,[225],3001.0,61.0,285988,3001,3002,3001.0,differentia=1+policy=TaperedDepthProportionalResolution+target=64,<function upgma at 0x7fcf41625160>
1592,227,227,[225],2940.0,0.0,Inner28,2880,3001,2940.0,differentia=1+policy=TaperedDepthProportionalResolution+target=64,<function upgma at 0x7fcf41625160>
1593,228,228,[227],3001.0,61.0,285986,3001,3002,3001.0,differentia=1+policy=TaperedDepthProportionalResolution+target=64,<function upgma at 0x7fcf41625160>
1594,229,229,[227],2940.0,0.0,Inner24,2880,3001,2940.0,differentia=1+policy=TaperedDepthProportionalResolution+target=64,<function upgma at 0x7fcf41625160>
1595,230,230,[229],3001.0,61.0,285983,3001,3002,3001.0,differentia=1+policy=TaperedDepthProportionalResolution+target=64,<function upgma at 0x7fcf41625160>
1596,231,231,[229],2940.0,0.0,Inner23,2880,3001,2940.0,differentia=1+policy=TaperedDepthProportionalResolution+target=64,<function upgma at 0x7fcf41625160>
1597,232,232,[231],3001.0,61.0,286015,3001,3002,3001.0,differentia=1+policy=TaperedDepthProportionalResolution+target=64,<function upgma at 0x7fcf41625160>
1598,233,233,[231],2940.0,0.0,Inner21,2880,3001,2940.0,differentia=1+policy=TaperedDepthProportionalResolution+target=64,<function upgma at 0x7fcf41625160>
1599,234,234,[233],2940.0,0.0,Inner19,2880,3001,2940.0,differentia=1+policy=TaperedDepthProportionalResolution+target=64,<function upgma at 0x7fcf41625160>
1600,235,235,[234],2940.0,0.0,Inner18,2880,3001,2940.0,differentia=1+policy=TaperedDepthProportionalResolution+target=64,<function upgma at 0x7fcf41625160>
1601,236,236,[235],3001.0,61.0,286009,3001,3002,3001.0,differentia=1+policy=TaperedDepthProportionalResolution+target=64,<function upgma at 0x7fcf41625160>
1602,237,237,[235],3001.0,61.0,286041,3001,3002,3001.0,differentia=1+policy=TaperedDepthProportionalResolution+target=64,<function upgma at 0x7fcf41625160>
1603,238,238,[234],3001.0,61.0,286057,3001,3002,3001.0,differentia=1+policy=TaperedDepthProportionalResolution+target=64,<function upgma at 0x7fcf41625160>
1604,239,239,[233],3001.0,61.0,286078,3001,3002,3001.0,differentia=1+policy=TaperedDepthProportionalResolution+target=64,<function upgma at 0x7fcf41625160>
1605,240,240,[160],2940.0,20.0,Inner54,2880,3001,2940.0,differentia=1+policy=TaperedDepthProportionalResolution+target=64,<function upgma at 0x7fcf41625160>
1606,241,241,[240],3001.0,61.0,286014,3001,3002,3001.0,differentia=1+policy=TaperedDepthProportionalResolution+target=64,<function upgma at 0x7fcf41625160>
1607,242,242,[240],2940.0,0.0,Inner53,2880,3001,2940.0,differentia=1+policy=TaperedDepthProportionalResolution+target=64,<function upgma at 0x7fcf41625160>
1608,243,243,[242],3001.0,61.0,286075,3001,3002,3001.0,differentia=1+policy=TaperedDepthProportionalResolution+target=64,<function upgma at 0x7fcf41625160>
1609,244,244,[242],2940.0,0.0,Inner52,2880,3001,2940.0,differentia=1+policy=TaperedDepthProportionalResolution+target=64,<function upgma at 0x7fcf41625160>
1610,245,245,[244],3001.0,61.0,286020,3001,3002,3001.0,differentia=1+policy=TaperedDepthProportionalResolution+target=64,<function upgma at 0x7fcf41625160>
1611,246,246,[244],2940.0,0.0,Inner48,2880,3001,2940.0,differentia=1+policy=TaperedDepthProportionalResolution+target=64,<function upgma at 0x7fcf41625160>
1612,247,247,[246],3001.0,61.0,286040,3001,3002,3001.0,differentia=1+policy=TaperedDepthProportionalResolution+target=64,<function upgma at 0x7fcf41625160>
1613,248,248,[246],2940.0,0.0,Inner47,2880,3001,2940.0,differentia=1+policy=TaperedDepthProportionalResolution+target=64,<function upgma at 0x7fcf41625160>
1614,249,249,[248],3001.0,61.0,286001,3001,3002,3001.0,differentia=1+policy=TaperedDepthProportionalResolution+target=64,<function upgma at 0x7fcf41625160>
1615,250,250,[248],2940.0,0.0,Inner45,2880,3001,2940.0,differentia=1+policy=TaperedDepthProportionalResolution+target=64,<function upgma at 0x7fcf41625160>
1616,251,251,[250],2940.0,0.0,Inner44,2880,3001,2940.0,differentia=1+policy=TaperedDepthProportionalResolution+target=64,<function upgma at 0x7fcf41625160>
1617,252,252,[251],3001.0,61.0,286021,3001,3002,3001.0,differentia=1+policy=TaperedDepthProportionalResolution+target=64,<function upgma at 0x7fcf41625160>
1618,253,253,[251],2940.0,0.0,Inner41,2880,3001,2940.0,differentia=1+policy=TaperedDepthProportionalResolution+target=64,<function upgma at 0x7fcf41625160>
1619,254,254,[253],2940.0,0.0,Inner36,2880,3001,2940.0,differentia=1+policy=TaperedDepthProportionalResolution+target=64,<function upgma at 0x7fcf41625160>
1620,255,255,[254],3001.0,61.0,286049,3001,3002,3001.0,differentia=1+policy=TaperedDepthProportionalResolution+target=64,<function upgma at 0x7fcf41625160>
1621,256,256,[254],2940.0,0.0,Inner34,2880,3001,2940.0,differentia=1+policy=TaperedDepthProportionalResolution+target=64,<function upgma at 0x7fcf41625160>
1622,257,257,[256],3001.0,61.0,286023,3001,3002,3001.0,differentia=1+policy=TaperedDepthProportionalResolution+target=64,<function upgma at 0x7fcf41625160>
1623,258,258,[256],2940.0,0.0,Inner31,2880,3001,2940.0,differentia=1+policy=TaperedDepthProportionalResolution+target=64,<function upgma at 0x7fcf41625160>
1624,259,259,[258],3001.0,61.0,286013,3001,3002,3001.0,differentia=1+policy=TaperedDepthProportionalResolution+target=64,<function upgma at 0x7fcf41625160>
1625,260,260,[258],2940.0,0.0,Inner27,2880,3001,2940.0,differentia=1+policy=TaperedDepthProportionalResolution+target=64,<function upgma at 0x7fcf41625160>
1626,261,261,[260],3001.0,61.0,285994,3001,3002,3001.0,differentia=1+policy=TaperedDepthProportionalResolution+target=64,<function upgma at 0x7fcf41625160>
1627,262,262,[260],2940.0,0.0,Inner26,2880,3001,2940.0,differentia=1+policy=TaperedDepthProportionalResolution+target=64,<function upgma at 0x7fcf41625160>
1628,263,263,[262],3001.0,61.0,285981,3001,3002,3001.0,differentia=1+policy=TaperedDepthProportionalResolution+target=64,<function upgma at 0x7fcf41625160>
1629,264,264,[262],2940.0,0.0,Inner25,2880,3001,2940.0,differentia=1+policy=TaperedDepthProportionalResolution+target=64,<function upgma at 0x7fcf41625160>
1630,265,265,[264],3001.0,61.0,286011,3001,3002,3001.0,differentia=1+policy=TaperedDepthProportionalResolution+target=64,<function upgma at 0x7fcf41625160>
1631,266,266,[264],2940.0,0.0,Inner22,2880,3001,2940.0,differentia=1+policy=TaperedDepthProportionalResolution+target=64,<function upgma at 0x7fcf41625160>
1632,267,267,[266],3001.0,61.0,286004,3001,3002,3001.0,differentia=1+policy=TaperedDepthProportionalResolution+target=64,<function upgma at 0x7fcf41625160>
1633,268,268,[266],2940.0,0.0,Inner20,2880,3001,2940.0,differentia=1+policy=TaperedDepthProportionalResolution+target=64,<function upgma at 0x7fcf41625160>
1634,269,269,[268],3001.0,61.0,286037,3001,3002,3001.0,differentia=1+policy=TaperedDepthProportionalResolution+target=64,<function upgma at 0x7fcf41625160>
1635,270,270,[268],3001.0,61.0,286054,3001,3002,3001.0,differentia=1+policy=TaperedDepthProportionalResolution+target=64,<function upgma at 0x7fcf41625160>
1636,271,271,[253],3001.0,61.0,286073,3001,3002,3001.0,differentia=1+policy=TaperedDepthProportionalResolution+target=64,<function upgma at 0x7fcf41625160>
1637,272,272,[250],3001.0,61.0,286083,3001,3002,3001.0,differentia=1+policy=TaperedDepthProportionalResolution+target=64,<function upgma at 0x7fcf41625160>
1638,0,0,[None],2939.5,2939.5,Inner136,2936,2944,2939.5,differentia=64+policy=RecencyProportionalResolution+target=4096,<function upgma at 0x7fcf41625160>
1639,1,1,[0],2990.0,50.5,Inner78,2990,2991,2990.0,differentia=64+policy=RecencyProportionalResolution+target=4096,<function upgma at 0x7fcf41625160>
1640,2,2,[1],2990.0,0.0,Inner77,2990,2991,2990.0,differentia=64+policy=RecencyProportionalResolution+target=4096,<function upgma at 0x7fcf41625160>
1641,3,3,[2],2990.0,0.0,Inner76,2990,2991,2990.0,differentia=64+policy=RecencyProportionalResolution+target=4096,<function upgma at 0x7fcf41625160>
1642,4,4,[3],2990.0,0.0,Inner75,2990,2991,2990.0,differentia=64+policy=RecencyProportionalResolution+target=4096,<function upgma at 0x7fcf41625160>
1643,5,5,[4],3001.0,11.0,286076,3001,3002,3001.0,differentia=64+policy=RecencyProportionalResolution+target=4096,<function upgma at 0x7fcf41625160>
1644,6,6,[4],2990.0,0.0,Inner74,2990,2991,2990.0,differentia=64+policy=RecencyProportionalResolution+target=4096,<function upgma at 0x7fcf41625160>
1645,7,7,[6],3001.0,11.0,286065,3001,3002,3001.0,differentia=64+policy=RecencyProportionalResolution+target=4096,<function upgma at 0x7fcf41625160>
1646,8,8,[6],2990.0,0.0,Inner73,2990,2991,2990.0,differentia=64+policy=RecencyProportionalResolution+target=4096,<function upgma at 0x7fcf41625160>
1647,9,9,[8],3001.0,11.0,286060,3001,3002,3001.0,differentia=64+policy=RecencyProportionalResolution+target=4096,<function upgma at 0x7fcf41625160>
1648,10,10,[8],2990.0,0.0,Inner72,2990,2991,2990.0,differentia=64+policy=RecencyProportionalResolution+target=4096,<function upgma at 0x7fcf41625160>
1649,11,11,[10],3001.0,11.0,286059,3001,3002,3001.0,differentia=64+policy=RecencyProportionalResolution+target=4096,<function upgma at 0x7fcf41625160>
1650,12,12,[10],2990.0,0.0,Inner71,2990,2991,2990.0,differentia=64+policy=RecencyProportionalResolution+target=4096,<function upgma at 0x7fcf41625160>
1651,13,13,[12],3001.0,11.0,286058,3001,3002,3001.0,differentia=64+policy=RecencyProportionalResolution+target=4096,<function upgma at 0x7fcf41625160>
1652,14,14,[12],2990.0,0.0,Inner70,2990,2991,2990.0,differentia=64+policy=RecencyProportionalResolution+target=4096,<function upgma at 0x7fcf41625160>
1653,15,15,[14],3001.0,11.0,286056,3001,3002,3001.0,differentia=64+policy=RecencyProportionalResolution+target=4096,<function upgma at 0x7fcf41625160>
1654,16,16,[14],2990.0,0.0,Inner69,2990,2991,2990.0,differentia=64+policy=RecencyProportionalResolution+target=4096,<function upgma at 0x7fcf41625160>
1655,17,17,[16],3001.0,11.0,286053,3001,3002,3001.0,differentia=64+policy=RecencyProportionalResolution+target=4096,<function upgma at 0x7fcf41625160>
1656,18,18,[16],2990.0,0.0,Inner68,2990,2991,2990.0,differentia=64+policy=RecencyProportionalResolution+target=4096,<function upgma at 0x7fcf41625160>
1657,19,19,[18],3001.0,11.0,286051,3001,3002,3001.0,differentia=64+policy=RecencyProportionalResolution+target=4096,<function upgma at 0x7fcf41625160>
1658,20,20,[18],2990.0,0.0,Inner67,2990,2991,2990.0,differentia=64+policy=RecencyProportionalResolution+target=4096,<function upgma at 0x7fcf41625160>
1659,21,21,[20],2990.0,0.0,Inner66,2990,2991,2990.0,differentia=64+policy=RecencyProportionalResolution+target=4096,<function upgma at 0x7fcf41625160>
1660,22,22,[21],3001.0,11.0,286042,3001,3002,3001.0,differentia=64+policy=RecencyProportionalResolution+target=4096,<function upgma at 0x7fcf41625160>
1661,23,23,[21],2990.0,0.0,Inner65,2990,2991,2990.0,differentia=64+policy=RecencyProportionalResolution+target=4096,<function upgma at 0x7fcf41625160>
1662,24,24,[23],3001.0,11.0,286039,3001,3002,3001.0,differentia=64+policy=RecencyProportionalResolution+target=4096,<function upgma at 0x7fcf41625160>
1663,25,25,[23],2990.0,0.0,Inner64,2990,2991,2990.0,differentia=64+policy=RecencyProportionalResolution+target=4096,<function upgma at 0x7fcf41625160>
1664,26,26,[25],3001.0,11.0,286038,3001,3002,3001.0,differentia=64+policy=RecencyProportionalResolution+target=4096,<function upgma at 0x7fcf41625160>
1665,27,27,[25],2990.0,0.0,Inner63,2990,2991,2990.0,differentia=64+policy=RecencyProportionalResolution+target=4096,<function upgma at 0x7fcf41625160>
1666,28,28,[27],3001.0,11.0,286036,3001,3002,3001.0,differentia=64+policy=RecencyProportionalResolution+target=4096,<function upgma at 0x7fcf41625160>
1667,29,29,[27],2990.0,0.0,Inner62,2990,2991,2990.0,differentia=64+policy=RecencyProportionalResolution+target=4096,<function upgma at 0x7fcf41625160>
1668,30,30,[29],3001.0,11.0,286032,3001,3002,3001.0,differentia=64+policy=RecencyProportionalResolution+target=4096,<function upgma at 0x7fcf41625160>
1669,31,31,[29],2990.0,0.0,Inner61,2990,2991,2990.0,differentia=64+policy=RecencyProportionalResolution+target=4096,<function upgma at 0x7fcf41625160>
1670,32,32,[31],3001.0,11.0,286030,3001,3002,3001.0,differentia=64+policy=RecencyProportionalResolution+target=4096,<function upgma at 0x7fcf41625160>
1671,33,33,[31],2990.0,0.0,Inner60,2990,2991,2990.0,differentia=64+policy=RecencyProportionalResolution+target=4096,<function upgma at 0x7fcf41625160>
1672,34,34,[33],3001.0,11.0,286029,3001,3002,3001.0,differentia=64+policy=RecencyProportionalResolution+target=4096,<function upgma at 0x7fcf41625160>
1673,35,35,[33],2990.0,0.0,Inner59,2990,2991,2990.0,differentia=64+policy=RecencyProportionalResolution+target=4096,<function upgma at 0x7fcf41625160>
1674,36,36,[35],3001.0,11.0,286027,3001,3002,3001.0,differentia=64+policy=RecencyProportionalResolution+target=4096,<function upgma at 0x7fcf41625160>
1675,37,37,[35],2990.0,0.0,Inner58,2990,2991,2990.0,differentia=64+policy=RecencyProportionalResolution+target=4096,<function upgma at 0x7fcf41625160>
1676,38,38,[37],3001.0,11.0,286026,3001,3002,3001.0,differentia=64+policy=RecencyProportionalResolution+target=4096,<function upgma at 0x7fcf41625160>
1677,39,39,[37],2990.0,0.0,Inner57,2990,2991,2990.0,differentia=64+policy=RecencyProportionalResolution+target=4096,<function upgma at 0x7fcf41625160>
1678,40,40,[39],3001.0,11.0,286045,3001,3002,3001.0,differentia=64+policy=RecencyProportionalResolution+target=4096,<function upgma at 0x7fcf41625160>
1679,41,41,[39],2990.0,0.0,Inner56,2990,2991,2990.0,differentia=64+policy=RecencyProportionalResolution+target=4096,<function upgma at 0x7fcf41625160>
1680,42,42,[41],3001.0,11.0,286025,3001,3002,3001.0,differentia=64+policy=RecencyProportionalResolution+target=4096,<function upgma at 0x7fcf41625160>
1681,43,43,[41],2990.0,0.0,Inner55,2990,2991,2990.0,differentia=64+policy=RecencyProportionalResolution+target=4096,<function upgma at 0x7fcf41625160>
1682,44,44,[43],3001.0,11.0,286024,3001,3002,3001.0,differentia=64+policy=RecencyProportionalResolution+target=4096,<function upgma at 0x7fcf41625160>
1683,45,45,[43],2990.0,0.0,Inner54,2990,2991,2990.0,differentia=64+policy=RecencyProportionalResolution+target=4096,<function upgma at 0x7fcf41625160>
1684,46,46,[45],3001.0,11.0,286017,3001,3002,3001.0,differentia=64+policy=RecencyProportionalResolution+target=4096,<function upgma at 0x7fcf41625160>
1685,47,47,[45],2990.0,0.0,Inner53,2990,2991,2990.0,differentia=64+policy=RecencyProportionalResolution+target=4096,<function upgma at 0x7fcf41625160>
1686,48,48,[47],3001.0,11.0,286016,3001,3002,3001.0,differentia=64+policy=RecencyProportionalResolution+target=4096,<function upgma at 0x7fcf41625160>
1687,49,49,[47],2990.0,0.0,Inner52,2990,2991,2990.0,differentia=64+policy=RecencyProportionalResolution+target=4096,<function upgma at 0x7fcf41625160>
1688,50,50,[49],3001.0,11.0,286012,3001,3002,3001.0,differentia=64+policy=RecencyProportionalResolution+target=4096,<function upgma at 0x7fcf41625160>
1689,51,51,[49],2990.0,0.0,Inner51,2990,2991,2990.0,differentia=64+policy=RecencyProportionalResolution+target=4096,<function upgma at 0x7fcf41625160>
1690,52,52,[51],3001.0,11.0,286010,3001,3002,3001.0,differentia=64+policy=RecencyProportionalResolution+target=4096,<function upgma at 0x7fcf41625160>
1691,53,53,[51],2990.0,0.0,Inner50,2990,2991,2990.0,differentia=64+policy=RecencyProportionalResolution+target=4096,<function upgma at 0x7fcf41625160>
1692,54,54,[53],3001.0,11.0,286003,3001,3002,3001.0,differentia=64+policy=RecencyProportionalResolution+target=4096,<function upgma at 0x7fcf41625160>
1693,55,55,[53],2990.0,0.0,Inner49,2990,2991,2990.0,differentia=64+policy=RecencyProportionalResolution+target=4096,<function upgma at 0x7fcf41625160>
1694,56,56,[55],3001.0,11.0,286035,3001,3002,3001.0,differentia=64+policy=RecencyProportionalResolution+target=4096,<function upgma at 0x7fcf41625160>
1695,57,57,[55],2990.0,0.0,Inner48,2990,2991,2990.0,differentia=64+policy=RecencyProportionalResolution+target=4096,<function upgma at 0x7fcf41625160>
1696,58,58,[57],3001.0,11.0,286002,3001,3002,3001.0,differentia=64+policy=RecencyProportionalResolution+target=4096,<function upgma at 0x7fcf41625160>
1697,59,59,[57],2990.0,0.0,Inner47,2990,2991,2990.0,differentia=64+policy=RecencyProportionalResolution+target=4096,<function upgma at 0x7fcf41625160>
1698,60,60,[59],3001.0,11.0,286000,3001,3002,3001.0,differentia=64+policy=RecencyProportionalResolution+target=4096,<function upgma at 0x7fcf41625160>
1699,61,61,[59],2990.0,0.0,Inner46,2990,2991,2990.0,differentia=64+policy=RecencyProportionalResolution+target=4096,<function upgma at 0x7fcf41625160>
1700,62,62,[61],3001.0,11.0,285999,3001,3002,3001.0,differentia=64+policy=RecencyProportionalResolution+target=4096,<function upgma at 0x7fcf41625160>
1701,63,63,[61],2990.0,0.0,Inner45,2990,2991,2990.0,differentia=64+policy=RecencyProportionalResolution+target=4096,<function upgma at 0x7fcf41625160>
1702,64,64,[63],3001.0,11.0,285998,3001,3002,3001.0,differentia=64+policy=RecencyProportionalResolution+target=4096,<function upgma at 0x7fcf41625160>
1703,65,65,[63],2990.0,0.0,Inner44,2990,2991,2990.0,differentia=64+policy=RecencyProportionalResolution+target=4096,<function upgma at 0x7fcf41625160>
1704,66,66,[65],3001.0,11.0,285996,3001,3002,3001.0,differentia=64+policy=RecencyProportionalResolution+target=4096,<function upgma at 0x7fcf41625160>
1705,67,67,[65],2990.0,0.0,Inner43,2990,2991,2990.0,differentia=64+policy=RecencyProportionalResolution+target=4096,<function upgma at 0x7fcf41625160>
1706,68,68,[67],3001.0,11.0,285991,3001,3002,3001.0,differentia=64+policy=RecencyProportionalResolution+target=4096,<function upgma at 0x7fcf41625160>
1707,69,69,[67],2990.0,0.0,Inner42,2990,2991,2990.0,differentia=64+policy=RecencyProportionalResolution+target=4096,<function upgma at 0x7fcf41625160>
1708,70,70,[69],3001.0,11.0,285990,3001,3002,3001.0,differentia=64+policy=RecencyProportionalResolution+target=4096,<function upgma at 0x7fcf41625160>
1709,71,71,[69],2990.0,0.0,Inner41,2990,2991,2990.0,differentia=64+policy=RecencyProportionalResolution+target=4096,<function upgma at 0x7fcf41625160>
1710,72,72,[71],3001.0,11.0,285984,3001,3002,3001.0,differentia=64+policy=RecencyProportionalResolution+target=4096,<function upgma at 0x7fcf41625160>
1711,73,73,[71],2990.0,0.0,Inner40,2990,2991,2990.0,differentia=64+policy=RecencyProportionalResolution+target=4096,<function upgma at 0x7fcf41625160>
1712,74,74,[73],3001.0,11.0,285982,3001,3002,3001.0,differentia=64+policy=RecencyProportionalResolution+target=4096,<function upgma at 0x7fcf41625160>
1713,75,75,[73],2990.0,0.0,Inner39,2990,2991,2990.0,differentia=64+policy=RecencyProportionalResolution+target=4096,<function upgma at 0x7fcf41625160>
1714,76,76,[75],2990.0,0.0,Inner38,2990,2991,2990.0,differentia=64+policy=RecencyProportionalResolution+target=4096,<function upgma at 0x7fcf41625160>
1715,77,77,[76],3001.0,11.0,285985,3001,3002,3001.0,differentia=64+policy=RecencyProportionalResolution+target=4096,<function upgma at 0x7fcf41625160>
1716,78,78,[76],2990.0,0.0,Inner37,2990,2991,2990.0,differentia=64+policy=RecencyProportionalResolution+target=4096,<function upgma at 0x7fcf41625160>
1717,79,79,[78],3001.0,11.0,286062,3001,3002,3001.0,differentia=64+policy=RecencyProportionalResolution+target=4096,<function upgma at 0x7fcf41625160>
1718,80,80,[78],2990.0,0.0,Inner36,2990,2991,2990.0,differentia=64+policy=RecencyProportionalResolution+target=4096,<function upgma at 0x7fcf41625160>
1719,81,81,[80],3001.0,11.0,286008,3001,3002,3001.0,differentia=64+policy=RecencyProportionalResolution+target=4096,<function upgma at 0x7fcf41625160>
1720,82,82,[80],2990.0,0.0,Inner35,2990,2991,2990.0,differentia=64+policy=RecencyProportionalResolution+target=4096,<function upgma at 0x7fcf41625160>
1721,83,83,[82],3001.0,11.0,286055,3001,3002,3001.0,differentia=64+policy=RecencyProportionalResolution+target=4096,<function upgma at 0x7fcf41625160>
1722,84,84,[82],2990.0,0.0,Inner33,2990,2991,2990.0,differentia=64+policy=RecencyProportionalResolution+target=4096,<function upgma at 0x7fcf41625160>
1723,85,85,[84],2990.0,0.0,Inner30,2990,2991,2990.0,differentia=64+policy=RecencyProportionalResolution+target=4096,<function upgma at 0x7fcf41625160>
1724,86,86,[85],2990.0,0.0,Inner28,2990,2991,2990.0,differentia=64+policy=RecencyProportionalResolution+target=4096,<function upgma at 0x7fcf41625160>
1725,87,87,[86],2990.0,0.0,Inner27,2990,2991,2990.0,differentia=64+policy=RecencyProportionalResolution+target=4096,<function upgma at 0x7fcf41625160>
1726,88,88,[87],2990.0,0.0,Inner26,2990,2991,2990.0,differentia=64+policy=RecencyProportionalResolution+target=4096,<function upgma at 0x7fcf41625160>
1727,89,89,[88],3000.0,10.0,285936,3000,3001,3000.0,differentia=64+policy=RecencyProportionalResolution+target=4096,<function upgma at 0x7fcf41625160>
1728,90,90,[88],2990.0,0.0,Inner25,2990,2991,2990.0,differentia=64+policy=RecencyProportionalResolution+target=4096,<function upgma at 0x7fcf41625160>
1729,91,91,[90],3000.0,10.0,285919,3000,3001,3000.0,differentia=64+policy=RecencyProportionalResolution+target=4096,<function upgma at 0x7fcf41625160>
1730,92,92,[90],2990.0,0.0,Inner24,2990,2991,2990.0,differentia=64+policy=RecencyProportionalResolution+target=4096,<function upgma at 0x7fcf41625160>
1731,93,93,[92],3000.0,10.0,285907,3000,3001,3000.0,differentia=64+policy=RecencyProportionalResolution+target=4096,<function upgma at 0x7fcf41625160>
1732,94,94,[92],2990.0,0.0,Inner23,2990,2991,2990.0,differentia=64+policy=RecencyProportionalResolution+target=4096,<function upgma at 0x7fcf41625160>
1733,95,95,[94],2990.0,0.0,Inner21,2990,2991,2990.0,differentia=64+policy=RecencyProportionalResolution+target=4096,<function upgma at 0x7fcf41625160>
1734,96,96,[95],2999.0,9.0,285804,2999,3000,2999.0,differentia=64+policy=RecencyProportionalResolution+target=4096,<function upgma at 0x7fcf41625160>
1735,97,97,[95],2999.0,9.0,285850,2999,3000,2999.0,differentia=64+policy=RecencyProportionalResolution+target=4096,<function upgma at 0x7fcf41625160>
1736,98,98,[94],3000.0,10.0,285950,3000,3001,3000.0,differentia=64+policy=RecencyProportionalResolution+target=4096,<function upgma at 0x7fcf41625160>
1737,99,99,[87],3000.0,10.0,285972,3000,3001,3000.0,differentia=64+policy=RecencyProportionalResolution+target=4096,<function upgma at 0x7fcf41625160>
1738,100,100,[86],3000.0,10.0,285980,3000,3001,3000.0,differentia=64+policy=RecencyProportionalResolution+target=4096,<function upgma at 0x7fcf41625160>
1739,101,101,[85],3001.0,11.0,285989,3001,3002,3001.0,differentia=64+policy=RecencyProportionalResolution+target=4096,<function upgma at 0x7fcf41625160>
1740,102,102,[84],3001.0,11.0,286063,3001,3002,3001.0,differentia=64+policy=RecencyProportionalResolution+target=4096,<function upgma at 0x7fcf41625160>
1741,103,103,[75],3001.0,11.0,286064,3001,3002,3001.0,differentia=64+policy=RecencyProportionalResolution+target=4096,<function upgma at 0x7fcf41625160>
1742,104,104,[20],3001.0,11.0,286077,3001,3002,3001.0,differentia=64+policy=RecencyProportionalResolution+target=4096,<function upgma at 0x7fcf41625160>
1743,105,105,[3],3001.0,11.0,286080,3001,3002,3001.0,differentia=64+policy=RecencyProportionalResolution+target=4096,<function upgma at 0x7fcf41625160>
1744,106,106,[2],3001.0,11.0,286081,3001,3002,3001.0,differentia=64+policy=RecencyProportionalResolution+target=4096,<function upgma at 0x7fcf41625160>
1745,107,107,[1],3001.0,11.0,286082,3001,3002,3001.0,differentia=64+policy=RecencyProportionalResolution+target=4096,<function upgma at 0x7fcf41625160>
1746,108,108,[0],2939.5,0.0,Inner135,2936,2944,2939.5,differentia=64+policy=RecencyProportionalResolution+target=4096,<function upgma at 0x7fcf41625160>
1747,109,109,[108],2980.5,41.0,Inner129,2980,2982,2980.5,differentia=64+policy=RecencyProportionalResolution+target=4096,<function upgma at 0x7fcf41625160>
1748,110,110,[109],3000.0,19.5,285894,3000,3001,3000.0,differentia=64+policy=RecencyProportionalResolution+target=4096,<function upgma at 0x7fcf41625160>
1749,111,111,[109],3001.0,20.5,286033,3001,3002,3001.0,differentia=64+policy=RecencyProportionalResolution+target=4096,<function upgma at 0x7fcf41625160>
1750,112,112,[108],2969.5,30.0,Inner134,2968,2972,2969.5,differentia=64+policy=RecencyProportionalResolution+target=4096,<function upgma at 0x7fcf41625160>
1751,113,113,[112],2982.5,13.0,Inner128,2982,2984,2982.5,differentia=64+policy=RecencyProportionalResolution+target=4096,<function upgma at 0x7fcf41625160>
1752,114,114,[113],3001.0,18.5,286066,3001,3002,3001.0,differentia=64+policy=RecencyProportionalResolution+target=4096,<function upgma at 0x7fcf41625160>
1753,115,115,[113],2982.5,0.0,Inner126,2982,2984,2982.5,differentia=64+policy=RecencyProportionalResolution+target=4096,<function upgma at 0x7fcf41625160>
1754,116,116,[115],2982.5,0.0,Inner125,2982,2984,2982.5,differentia=64+policy=RecencyProportionalResolution+target=4096,<function upgma at 0x7fcf41625160>
1755,117,117,[116],2996.0,13.5,285553,2996,2997,2996.0,differentia=64+policy=RecencyProportionalResolution+target=4096,<function upgma at 0x7fcf41625160>
1756,118,118,[116],2994.0,11.5,Inner8,2994,2995,2994.0,differentia=64+policy=RecencyProportionalResolution+target=4096,<function upgma at 0x7fcf41625160>
1757,119,119,[118],2994.0,0.0,Inner7,2994,2995,2994.0,differentia=64+policy=RecencyProportionalResolution+target=4096,<function upgma at 0x7fcf41625160>
1758,120,120,[119],3001.0,7.0,286006,3001,3002,3001.0,differentia=64+policy=RecencyProportionalResolution+target=4096,<function upgma at 0x7fcf41625160>
1759,121,121,[119],2994.0,0.0,Inner6,2994,2995,2994.0,differentia=64+policy=RecencyProportionalResolution+target=4096,<function upgma at 0x7fcf41625160>
1760,122,122,[121],2994.0,0.0,Inner5,2994,2995,2994.0,differentia=64+policy=RecencyProportionalResolution+target=4096,<function upgma at 0x7fcf41625160>
1761,123,123,[122],2999.0,5.0,285860,2999,3000,2999.0,differentia=64+policy=RecencyProportionalResolution+target=4096,<function upgma at 0x7fcf41625160>
1762,124,124,[122],3001.0,7.0,285992,3001,3002,3001.0,differentia=64+policy=RecencyProportionalResolution+target=4096,<function upgma at 0x7fcf41625160>
1763,125,125,[121],3001.0,7.0,286069,3001,3002,3001.0,differentia=64+policy=RecencyProportionalResolution+target=4096,<function upgma at 0x7fcf41625160>
1764,126,126,[118],3001.0,7.0,286074,3001,3002,3001.0,differentia=64+policy=RecencyProportionalResolution+target=4096,<function upgma at 0x7fcf41625160>
1765,127,127,[115],2988.5,6.0,Inner89,2988,2990,2988.5,differentia=64+policy=RecencyProportionalResolution+target=4096,<function upgma at 0x7fcf41625160>
1766,128,128,[127],3001.0,12.5,286067,3001,3002,3001.0,differentia=64+policy=RecencyProportionalResolution+target=4096,<function upgma at 0x7fcf41625160>
1767,129,129,[127],2988.5,0.0,Inner88,2988,2990,2988.5,differentia=64+policy=RecencyProportionalResolution+target=4096,<function upgma at 0x7fcf41625160>
1768,130,130,[129],3001.0,12.5,286052,3001,3002,3001.0,differentia=64+policy=RecencyProportionalResolution+target=4096,<function upgma at 0x7fcf41625160>
1769,131,131,[129],2988.5,0.0,Inner87,2988,2990,2988.5,differentia=64+policy=RecencyProportionalResolution+target=4096,<function upgma at 0x7fcf41625160>
1770,132,132,[131],3001.0,12.5,286028,3001,3002,3001.0,differentia=64+policy=RecencyProportionalResolution+target=4096,<function upgma at 0x7fcf41625160>
1771,133,133,[131],2988.5,0.0,Inner86,2988,2990,2988.5,differentia=64+policy=RecencyProportionalResolution+target=4096,<function upgma at 0x7fcf41625160>
1772,134,134,[133],3001.0,12.5,286022,3001,3002,3001.0,differentia=64+policy=RecencyProportionalResolution+target=4096,<function upgma at 0x7fcf41625160>
1773,135,135,[133],2988.5,0.0,Inner85,2988,2990,2988.5,differentia=64+policy=RecencyProportionalResolution+target=4096,<function upgma at 0x7fcf41625160>
1774,136,136,[135],3001.0,12.5,285987,3001,3002,3001.0,differentia=64+policy=RecencyProportionalResolution+target=4096,<function upgma at 0x7fcf41625160>
1775,137,137,[135],2988.5,0.0,Inner84,2988,2990,2988.5,differentia=64+policy=RecencyProportionalResolution+target=4096,<function upgma at 0x7fcf41625160>
1776,138,138,[137],2988.5,0.0,Inner83,2988,2990,2988.5,differentia=64+policy=RecencyProportionalResolution+target=4096,<function upgma at 0x7fcf41625160>
1777,139,139,[138],2988.5,0.0,Inner81,2988,2990,2988.5,differentia=64+policy=RecencyProportionalResolution+target=4096,<function upgma at 0x7fcf41625160>
1778,140,140,[139],3001.0,12.5,285997,3001,3002,3001.0,differentia=64+policy=RecencyProportionalResolution+target=4096,<function upgma at 0x7fcf41625160>
1779,141,141,[139],2988.5,0.0,Inner79,2988,2990,2988.5,differentia=64+policy=RecencyProportionalResolution+target=4096,<function upgma at 0x7fcf41625160>
1780,142,142,[141],2989.0,0.5,Inner32,2989,2990,2989.0,differentia=64+policy=RecencyProportionalResolution+target=4096,<function upgma at 0x7fcf41625160>
1781,143,143,[142],3000.0,11.0,285899,3000,3001,3000.0,differentia=64+policy=RecencyProportionalResolution+target=4096,<function upgma at 0x7fcf41625160>
1782,144,144,[142],2989.0,0.0,Inner29,2989,2990,2989.0,differentia=64+policy=RecencyProportionalResolution+target=4096,<function upgma at 0x7fcf41625160>
1783,145,145,[144],2989.0,0.0,Inner22,2989,2990,2989.0,differentia=64+policy=RecencyProportionalResolution+target=4096,<function upgma at 0x7fcf41625160>
1784,146,146,[145],2989.0,0.0,Inner13,2989,2990,2989.0,differentia=64+policy=RecencyProportionalResolution+target=4096,<function upgma at 0x7fcf41625160>
1785,147,147,[146],2997.0,8.0,285695,2997,2998,2997.0,differentia=64+policy=RecencyProportionalResolution+target=4096,<function upgma at 0x7fcf41625160>
1786,148,148,[146],2998.0,9.0,285752,2998,2999,2998.0,differentia=64+policy=RecencyProportionalResolution+target=4096,<function upgma at 0x7fcf41625160>
1787,149,149,[145],2999.0,10.0,285815,2999,3000,2999.0,differentia=64+policy=RecencyProportionalResolution+target=4096,<function upgma at 0x7fcf41625160>
1788,150,150,[144],3000.0,11.0,285937,3000,3001,3000.0,differentia=64+policy=RecencyProportionalResolution+target=4096,<function upgma at 0x7fcf41625160>
1789,151,151,[141],3001.0,12.5,286061,3001,3002,3001.0,differentia=64+policy=RecencyProportionalResolution+target=4096,<function upgma at 0x7fcf41625160>
1790,152,152,[138],3001.0,12.5,286068,3001,3002,3001.0,differentia=64+policy=RecencyProportionalResolution+target=4096,<function upgma at 0x7fcf41625160>
1791,153,153,[137],2996.0,7.5,Inner4,2996,2997,2996.0,differentia=64+policy=RecencyProportionalResolution+target=4096,<function upgma at 0x7fcf41625160>
1792,154,154,[153],2996.0,0.0,Inner3,2996,2997,2996.0,differentia=64+policy=RecencyProportionalResolution+target=4096,<function upgma at 0x7fcf41625160>
1793,155,155,[154],2996.0,0.0,Inner2,2996,2997,2996.0,differentia=64+policy=RecencyProportionalResolution+target=4096,<function upgma at 0x7fcf41625160>
1794,156,156,[155],3001.0,5.0,286019,3001,3002,3001.0,differentia=64+policy=RecencyProportionalResolution+target=4096,<function upgma at 0x7fcf41625160>
1795,157,157,[155],3001.0,5.0,286070,3001,3002,3001.0,differentia=64+policy=RecencyProportionalResolution+target=4096,<function upgma at 0x7fcf41625160>
1796,158,158,[154],3001.0,5.0,286071,3001,3002,3001.0,differentia=64+policy=RecencyProportionalResolution+target=4096,<function upgma at 0x7fcf41625160>
1797,159,159,[153],3001.0,5.0,286079,3001,3002,3001.0,differentia=64+policy=RecencyProportionalResolution+target=4096,<function upgma at 0x7fcf41625160>
1798,160,160,[112],2977.5,8.0,Inner133,2976,2980,2977.5,differentia=64+policy=RecencyProportionalResolution+target=4096,<function upgma at 0x7fcf41625160>
1799,161,161,[160],3001.0,23.5,286014,3001,3002,3001.0,differentia=64+policy=RecencyProportionalResolution+target=4096,<function upgma at 0x7fcf41625160>
1800,162,162,[160],2977.5,0.0,Inner132,2976,2980,2977.5,differentia=64+policy=RecencyProportionalResolution+target=4096,<function upgma at 0x7fcf41625160>
1801,163,163,[162],2978.5,1.0,Inner131,2978,2980,2978.5,differentia=64+policy=RecencyProportionalResolution+target=4096,<function upgma at 0x7fcf41625160>
1802,164,164,[163],2978.5,0.0,Inner130,2978,2980,2978.5,differentia=64+policy=RecencyProportionalResolution+target=4096,<function upgma at 0x7fcf41625160>
1803,165,165,[164],2978.5,0.0,Inner127,2978,2980,2978.5,differentia=64+policy=RecencyProportionalResolution+target=4096,<function upgma at 0x7fcf41625160>
1804,166,166,[165],2993.0,14.5,285310,2993,2994,2993.0,differentia=64+policy=RecencyProportionalResolution+target=4096,<function upgma at 0x7fcf41625160>
1805,167,167,[165],2999.0,20.5,285803,2999,3000,2999.0,differentia=64+policy=RecencyProportionalResolution+target=4096,<function upgma at 0x7fcf41625160>
1806,168,168,[164],2993.0,14.5,Inner12,2993,2994,2993.0,differentia=64+policy=RecencyProportionalResolution+target=4096,<function upgma at 0x7fcf41625160>
1807,169,169,[168],2993.0,0.0,Inner11,2993,2994,2993.0,differentia=64+policy=RecencyProportionalResolution+target=4096,<function upgma at 0x7fcf41625160>
1808,170,170,[169],2993.0,0.0,Inner10,2993,2994,2993.0,differentia=64+policy=RecencyProportionalResolution+target=4096,<function upgma at 0x7fcf41625160>
1809,171,171,[170],2993.0,0.0,Inner9,2993,2994,2993.0,differentia=64+policy=RecencyProportionalResolution+target=4096,<function upgma at 0x7fcf41625160>
1810,172,172,[171],3000.0,7.0,285963,3000,3001,3000.0,differentia=64+policy=RecencyProportionalResolution+target=4096,<function upgma at 0x7fcf41625160>
1811,173,173,[171],3000.0,7.0,285968,3000,3001,3000.0,differentia=64+policy=RecencyProportionalResolution+target=4096,<function upgma at 0x7fcf41625160>
1812,174,174,[170],3001.0,8.0,286020,3001,3002,3001.0,differentia=64+policy=RecencyProportionalResolution+target=4096,<function upgma at 0x7fcf41625160>
1813,175,175,[169],3001.0,8.0,286048,3001,3002,3001.0,differentia=64+policy=RecencyProportionalResolution+target=4096,<function upgma at 0x7fcf41625160>
1814,176,176,[168],3001.0,8.0,286075,3001,3002,3001.0,differentia=64+policy=RecencyProportionalResolution+target=4096,<function upgma at 0x7fcf41625160>
1815,177,177,[163],2986.5,8.0,Inner124,2986,2988,2986.5,differentia=64+policy=RecencyProportionalResolution+target=4096,<function upgma at 0x7fcf41625160>
1816,178,178,[177],3001.0,14.5,286073,3001,3002,3001.0,differentia=64+policy=RecencyProportionalResolution+target=4096,<function upgma at 0x7fcf41625160>
1817,179,179,[177],2986.5,0.0,Inner123,2986,2988,2986.5,differentia=64+policy=RecencyProportionalResolution+target=4096,<function upgma at 0x7fcf41625160>
1818,180,180,[179],3001.0,14.5,286072,3001,3002,3001.0,differentia=64+policy=RecencyProportionalResolution+target=4096,<function upgma at 0x7fcf41625160>
1819,181,181,[179],2986.5,0.0,Inner122,2986,2988,2986.5,differentia=64+policy=RecencyProportionalResolution+target=4096,<function upgma at 0x7fcf41625160>
1820,182,182,[181],3001.0,14.5,286050,3001,3002,3001.0,differentia=64+policy=RecencyProportionalResolution+target=4096,<function upgma at 0x7fcf41625160>
1821,183,183,[181],2986.5,0.0,Inner121,2986,2988,2986.5,differentia=64+policy=RecencyProportionalResolution+target=4096,<function upgma at 0x7fcf41625160>
1822,184,184,[183],3001.0,14.5,286049,3001,3002,3001.0,differentia=64+policy=RecencyProportionalResolution+target=4096,<function upgma at 0x7fcf41625160>
1823,185,185,[183],2986.5,0.0,Inner120,2986,2988,2986.5,differentia=64+policy=RecencyProportionalResolution+target=4096,<function upgma at 0x7fcf41625160>
1824,186,186,[185],3001.0,14.5,286047,3001,3002,3001.0,differentia=64+policy=RecencyProportionalResolution+target=4096,<function upgma at 0x7fcf41625160>
1825,187,187,[185],2986.5,0.0,Inner119,2986,2988,2986.5,differentia=64+policy=RecencyProportionalResolution+target=4096,<function upgma at 0x7fcf41625160>
1826,188,188,[187],3001.0,14.5,286043,3001,3002,3001.0,differentia=64+policy=RecencyProportionalResolution+target=4096,<function upgma at 0x7fcf41625160>
1827,189,189,[187],2986.5,0.0,Inner118,2986,2988,2986.5,differentia=64+policy=RecencyProportionalResolution+target=4096,<function upgma at 0x7fcf41625160>
1828,190,190,[189],3001.0,14.5,286034,3001,3002,3001.0,differentia=64+policy=RecencyProportionalResolution+target=4096,<function upgma at 0x7fcf41625160>
1829,191,191,[189],2986.5,0.0,Inner117,2986,2988,2986.5,differentia=64+policy=RecencyProportionalResolution+target=4096,<function upgma at 0x7fcf41625160>
1830,192,192,[191],3001.0,14.5,286031,3001,3002,3001.0,differentia=64+policy=RecencyProportionalResolution+target=4096,<function upgma at 0x7fcf41625160>
1831,193,193,[191],2986.5,0.0,Inner116,2986,2988,2986.5,differentia=64+policy=RecencyProportionalResolution+target=4096,<function upgma at 0x7fcf41625160>
1832,194,194,[193],3001.0,14.5,286023,3001,3002,3001.0,differentia=64+policy=RecencyProportionalResolution+target=4096,<function upgma at 0x7fcf41625160>
1833,195,195,[193],2986.5,0.0,Inner115,2986,2988,2986.5,differentia=64+policy=RecencyProportionalResolution+target=4096,<function upgma at 0x7fcf41625160>
1834,196,196,[195],3001.0,14.5,286018,3001,3002,3001.0,differentia=64+policy=RecencyProportionalResolution+target=4096,<function upgma at 0x7fcf41625160>
1835,197,197,[195],2986.5,0.0,Inner114,2986,2988,2986.5,differentia=64+policy=RecencyProportionalResolution+target=4096,<function upgma at 0x7fcf41625160>
1836,198,198,[197],3001.0,14.5,286013,3001,3002,3001.0,differentia=64+policy=RecencyProportionalResolution+target=4096,<function upgma at 0x7fcf41625160>
1837,199,199,[197],2986.5,0.0,Inner113,2986,2988,2986.5,differentia=64+policy=RecencyProportionalResolution+target=4096,<function upgma at 0x7fcf41625160>
1838,200,200,[199],3001.0,14.5,286007,3001,3002,3001.0,differentia=64+policy=RecencyProportionalResolution+target=4096,<function upgma at 0x7fcf41625160>
1839,201,201,[199],2986.5,0.0,Inner112,2986,2988,2986.5,differentia=64+policy=RecencyProportionalResolution+target=4096,<function upgma at 0x7fcf41625160>
1840,202,202,[201],3001.0,14.5,286005,3001,3002,3001.0,differentia=64+policy=RecencyProportionalResolution+target=4096,<function upgma at 0x7fcf41625160>
1841,203,203,[201],2986.5,0.0,Inner111,2986,2988,2986.5,differentia=64+policy=RecencyProportionalResolution+target=4096,<function upgma at 0x7fcf41625160>
1842,204,204,[203],3001.0,14.5,285994,3001,3002,3001.0,differentia=64+policy=RecencyProportionalResolution+target=4096,<function upgma at 0x7fcf41625160>
1843,205,205,[203],2986.5,0.0,Inner110,2986,2988,2986.5,differentia=64+policy=RecencyProportionalResolution+target=4096,<function upgma at 0x7fcf41625160>
1844,206,206,[205],3001.0,14.5,285988,3001,3002,3001.0,differentia=64+policy=RecencyProportionalResolution+target=4096,<function upgma at 0x7fcf41625160>
1845,207,207,[205],2986.5,0.0,Inner109,2986,2988,2986.5,differentia=64+policy=RecencyProportionalResolution+target=4096,<function upgma at 0x7fcf41625160>
1846,208,208,[207],3001.0,14.5,285986,3001,3002,3001.0,differentia=64+policy=RecencyProportionalResolution+target=4096,<function upgma at 0x7fcf41625160>
1847,209,209,[207],2986.5,0.0,Inner108,2986,2988,2986.5,differentia=64+policy=RecencyProportionalResolution+target=4096,<function upgma at 0x7fcf41625160>
1848,210,210,[209],3001.0,14.5,285983,3001,3002,3001.0,differentia=64+policy=RecencyProportionalResolution+target=4096,<function upgma at 0x7fcf41625160>
1849,211,211,[209],2986.5,0.0,Inner107,2986,2988,2986.5,differentia=64+policy=RecencyProportionalResolution+target=4096,<function upgma at 0x7fcf41625160>
1850,212,212,[211],3001.0,14.5,285981,3001,3002,3001.0,differentia=64+policy=RecencyProportionalResolution+target=4096,<function upgma at 0x7fcf41625160>
1851,213,213,[211],2986.5,0.0,Inner106,2986,2988,2986.5,differentia=64+policy=RecencyProportionalResolution+target=4096,<function upgma at 0x7fcf41625160>
1852,214,214,[213],3001.0,14.5,286011,3001,3002,3001.0,differentia=64+policy=RecencyProportionalResolution+target=4096,<function upgma at 0x7fcf41625160>
1853,215,215,[213],2986.5,0.0,Inner105,2986,2988,2986.5,differentia=64+policy=RecencyProportionalResolution+target=4096,<function upgma at 0x7fcf41625160>
1854,216,216,[215],3001.0,14.5,286004,3001,3002,3001.0,differentia=64+policy=RecencyProportionalResolution+target=4096,<function upgma at 0x7fcf41625160>
1855,217,217,[215],2986.5,0.0,Inner104,2986,2988,2986.5,differentia=64+policy=RecencyProportionalResolution+target=4096,<function upgma at 0x7fcf41625160>
1856,218,218,[217],3001.0,14.5,286015,3001,3002,3001.0,differentia=64+policy=RecencyProportionalResolution+target=4096,<function upgma at 0x7fcf41625160>
1857,219,219,[217],2986.5,0.0,Inner103,2986,2988,2986.5,differentia=64+policy=RecencyProportionalResolution+target=4096,<function upgma at 0x7fcf41625160>
1858,220,220,[219],2986.5,0.0,Inner102,2986,2988,2986.5,differentia=64+policy=RecencyProportionalResolution+target=4096,<function upgma at 0x7fcf41625160>
1859,221,221,[220],2986.5,0.0,Inner101,2986,2988,2986.5,differentia=64+policy=RecencyProportionalResolution+target=4096,<function upgma at 0x7fcf41625160>
1860,222,222,[221],3001.0,14.5,286037,3001,3002,3001.0,differentia=64+policy=RecencyProportionalResolution+target=4096,<function upgma at 0x7fcf41625160>
1861,223,223,[221],2986.5,0.0,Inner100,2986,2988,2986.5,differentia=64+policy=RecencyProportionalResolution+target=4096,<function upgma at 0x7fcf41625160>
1862,224,224,[223],3001.0,14.5,286009,3001,3002,3001.0,differentia=64+policy=RecencyProportionalResolution+target=4096,<function upgma at 0x7fcf41625160>
1863,225,225,[223],2986.5,0.0,Inner99,2986,2988,2986.5,differentia=64+policy=RecencyProportionalResolution+target=4096,<function upgma at 0x7fcf41625160>
1864,226,226,[225],2986.5,0.0,Inner98,2986,2988,2986.5,differentia=64+policy=RecencyProportionalResolution+target=4096,<function upgma at 0x7fcf41625160>
1865,227,227,[226],3000.0,13.5,285964,3000,3001,3000.0,differentia=64+policy=RecencyProportionalResolution+target=4096,<function upgma at 0x7fcf41625160>
1866,228,228,[226],2986.5,0.0,Inner97,2986,2988,2986.5,differentia=64+policy=RecencyProportionalResolution+target=4096,<function upgma at 0x7fcf41625160>
1867,229,229,[228],3000.0,13.5,285959,3000,3001,3000.0,differentia=64+policy=RecencyProportionalResolution+target=4096,<function upgma at 0x7fcf41625160>
1868,230,230,[228],2986.5,0.0,Inner96,2986,2988,2986.5,differentia=64+policy=RecencyProportionalResolution+target=4096,<function upgma at 0x7fcf41625160>
1869,231,231,[230],3000.0,13.5,285946,3000,3001,3000.0,differentia=64+policy=RecencyProportionalResolution+target=4096,<function upgma at 0x7fcf41625160>
1870,232,232,[230],2986.5,0.0,Inner95,2986,2988,2986.5,differentia=64+policy=RecencyProportionalResolution+target=4096,<function upgma at 0x7fcf41625160>
1871,233,233,[232],3000.0,13.5,285935,3000,3001,3000.0,differentia=64+policy=RecencyProportionalResolution+target=4096,<function upgma at 0x7fcf41625160>
1872,234,234,[232],2986.5,0.0,Inner94,2986,2988,2986.5,differentia=64+policy=RecencyProportionalResolution+target=4096,<function upgma at 0x7fcf41625160>
1873,235,235,[234],3000.0,13.5,285925,3000,3001,3000.0,differentia=64+policy=RecencyProportionalResolution+target=4096,<function upgma at 0x7fcf41625160>
1874,236,236,[234],2986.5,0.0,Inner93,2986,2988,2986.5,differentia=64+policy=RecencyProportionalResolution+target=4096,<function upgma at 0x7fcf41625160>
1875,237,237,[236],3000.0,13.5,285912,3000,3001,3000.0,differentia=64+policy=RecencyProportionalResolution+target=4096,<function upgma at 0x7fcf41625160>
1876,238,238,[236],2986.5,0.0,Inner92,2986,2988,2986.5,differentia=64+policy=RecencyProportionalResolution+target=4096,<function upgma at 0x7fcf41625160>
1877,239,239,[238],3000.0,13.5,285909,3000,3001,3000.0,differentia=64+policy=RecencyProportionalResolution+target=4096,<function upgma at 0x7fcf41625160>
1878,240,240,[238],2986.5,0.0,Inner91,2986,2988,2986.5,differentia=64+policy=RecencyProportionalResolution+target=4096,<function upgma at 0x7fcf41625160>
1879,241,241,[240],3000.0,13.5,285892,3000,3001,3000.0,differentia=64+policy=RecencyProportionalResolution+target=4096,<function upgma at 0x7fcf41625160>
1880,242,242,[240],2986.5,0.0,Inner90,2986,2988,2986.5,differentia=64+policy=RecencyProportionalResolution+target=4096,<function upgma at 0x7fcf41625160>
1881,243,243,[242],2986.5,0.0,Inner82,2986,2988,2986.5,differentia=64+policy=RecencyProportionalResolution+target=4096,<function upgma at 0x7fcf41625160>
1882,244,244,[243],2986.5,0.0,Inner80,2986,2988,2986.5,differentia=64+policy=RecencyProportionalResolution+target=4096,<function upgma at 0x7fcf41625160>
1883,245,245,[244],2987.0,0.5,Inner34,2987,2988,2987.0,differentia=64+policy=RecencyProportionalResolution+target=4096,<function upgma at 0x7fcf41625160>
1884,246,246,[245],2987.0,0.0,Inner31,2987,2988,2987.0,differentia=64+policy=RecencyProportionalResolution+target=4096,<function upgma at 0x7fcf41625160>
1885,247,247,[246],2997.0,10.0,285634,2997,2998,2997.0,differentia=64+policy=RecencyProportionalResolution+target=4096,<function upgma at 0x7fcf41625160>
1886,248,248,[246],2998.0,11.0,285722,2998,2999,2998.0,differentia=64+policy=RecencyProportionalResolution+target=4096,<function upgma at 0x7fcf41625160>
1887,249,249,[245],2998.0,11.0,285725,2998,2999,2998.0,differentia=64+policy=RecencyProportionalResolution+target=4096,<function upgma at 0x7fcf41625160>
1888,250,250,[244],2999.0,12.5,285874,2999,3000,2999.0,differentia=64+policy=RecencyProportionalResolution+target=4096,<function upgma at 0x7fcf41625160>
1889,251,251,[243],2999.0,12.5,285879,2999,3000,2999.0,differentia=64+policy=RecencyProportionalResolution+target=4096,<function upgma at 0x7fcf41625160>
1890,252,252,[242],3000.0,13.5,285970,3000,3001,3000.0,differentia=64+policy=RecencyProportionalResolution+target=4096,<function upgma at 0x7fcf41625160>
1891,253,253,[225],3001.0,14.5,286041,3001,3002,3001.0,differentia=64+policy=RecencyProportionalResolution+target=4096,<function upgma at 0x7fcf41625160>
1892,254,254,[220],3001.0,14.5,286057,3001,3002,3001.0,differentia=64+policy=RecencyProportionalResolution+target=4096,<function upgma at 0x7fcf41625160>
1893,255,255,[219],2996.0,9.5,Inner1,2996,2997,2996.0,differentia=64+policy=RecencyProportionalResolution+target=4096,<function upgma at 0x7fcf41625160>
1894,256,256,[255],3001.0,5.0,286054,3001,3002,3001.0,differentia=64+policy=RecencyProportionalResolution+target=4096,<function upgma at 0x7fcf41625160>
1895,257,257,[255],3001.0,5.0,286078,3001,3002,3001.0,differentia=64+policy=RecencyProportionalResolution+target=4096,<function upgma at 0x7fcf41625160>
1896,258,258,[162],2992.0,14.5,Inner20,2992,2993,2992.0,differentia=64+policy=RecencyProportionalResolution+target=4096,<function upgma at 0x7fcf41625160>
1897,259,259,[258],3001.0,9.0,286040,3001,3002,3001.0,differentia=64+policy=RecencyProportionalResolution+target=4096,<function upgma at 0x7fcf41625160>
1898,260,260,[258],2992.0,0.0,Inner19,2992,2993,2992.0,differentia=64+policy=RecencyProportionalResolution+target=4096,<function upgma at 0x7fcf41625160>
1899,261,261,[260],3001.0,9.0,286044,3001,3002,3001.0,differentia=64+policy=RecencyProportionalResolution+target=4096,<function upgma at 0x7fcf41625160>
1900,262,262,[260],2992.0,0.0,Inner18,2992,2993,2992.0,differentia=64+policy=RecencyProportionalResolution+target=4096,<function upgma at 0x7fcf41625160>
1901,263,263,[262],3001.0,9.0,285995,3001,3002,3001.0,differentia=64+policy=RecencyProportionalResolution+target=4096,<function upgma at 0x7fcf41625160>
1902,264,264,[262],2992.0,0.0,Inner17,2992,2993,2992.0,differentia=64+policy=RecencyProportionalResolution+target=4096,<function upgma at 0x7fcf41625160>
1903,265,265,[264],3001.0,9.0,285993,3001,3002,3001.0,differentia=64+policy=RecencyProportionalResolution+target=4096,<function upgma at 0x7fcf41625160>
1904,266,266,[264],2992.0,0.0,Inner16,2992,2993,2992.0,differentia=64+policy=RecencyProportionalResolution+target=4096,<function upgma at 0x7fcf41625160>
1905,267,267,[266],3001.0,9.0,286001,3001,3002,3001.0,differentia=64+policy=RecencyProportionalResolution+target=4096,<function upgma at 0x7fcf41625160>
1906,268,268,[266],2992.0,0.0,Inner15,2992,2993,2992.0,differentia=64+policy=RecencyProportionalResolution+target=4096,<function upgma at 0x7fcf41625160>
1907,269,269,[268],2992.0,0.0,Inner14,2992,2993,2992.0,differentia=64+policy=RecencyProportionalResolution+target=4096,<function upgma at 0x7fcf41625160>
1908,270,270,[269],3001.0,9.0,286021,3001,3002,3001.0,differentia=64+policy=RecencyProportionalResolution+target=4096,<function upgma at 0x7fcf41625160>
1909,271,271,[269],3001.0,9.0,286046,3001,3002,3001.0,differentia=64+policy=RecencyProportionalResolution+target=4096,<function upgma at 0x7fcf41625160>
1910,272,272,[268],3001.0,9.0,286083,3001,3002,3001.0,differentia=64+policy=RecencyProportionalResolution+target=4096,<function upgma at 0x7fcf41625160>
1911,0,0,[None],2879.5,2879.5,Inner136,2816,2944,2879.5,differentia=64+policy=RecencyProportionalResolution+target=512,<function upgma at 0x7fcf41625160>
1912,1,1,[0],2983.5,104.0,Inner133,2976,2992,2983.5,differentia=64+policy=RecencyProportionalResolution+target=512,<function upgma at 0x7fcf41625160>
1913,2,2,[1],2983.5,0.0,Inner132,2976,2992,2983.5,differentia=64+policy=RecencyProportionalResolution+target=512,<function upgma at 0x7fcf41625160>
1914,3,3,[2],2983.5,0.0,Inner131,2976,2992,2983.5,differentia=64+policy=RecencyProportionalResolution+target=512,<function upgma at 0x7fcf41625160>
1915,4,4,[3],2983.5,0.0,Inner130,2976,2992,2983.5,differentia=64+policy=RecencyProportionalResolution+target=512,<function upgma at 0x7fcf41625160>
1916,5,5,[4],3001.0,17.5,286076,3001,3002,3001.0,differentia=64+policy=RecencyProportionalResolution+target=512,<function upgma at 0x7fcf41625160>
1917,6,6,[4],2983.5,0.0,Inner129,2976,2992,2983.5,differentia=64+policy=RecencyProportionalResolution+target=512,<function upgma at 0x7fcf41625160>
1918,7,7,[6],3001.0,17.5,286065,3001,3002,3001.0,differentia=64+policy=RecencyProportionalResolution+target=512,<function upgma at 0x7fcf41625160>
1919,8,8,[6],2983.5,0.0,Inner128,2976,2992,2983.5,differentia=64+policy=RecencyProportionalResolution+target=512,<function upgma at 0x7fcf41625160>
1920,9,9,[8],3001.0,17.5,286060,3001,3002,3001.0,differentia=64+policy=RecencyProportionalResolution+target=512,<function upgma at 0x7fcf41625160>
1921,10,10,[8],2983.5,0.0,Inner127,2976,2992,2983.5,differentia=64+policy=RecencyProportionalResolution+target=512,<function upgma at 0x7fcf41625160>
1922,11,11,[10],3001.0,17.5,286059,3001,3002,3001.0,differentia=64+policy=RecencyProportionalResolution+target=512,<function upgma at 0x7fcf41625160>
1923,12,12,[10],2983.5,0.0,Inner126,2976,2992,2983.5,differentia=64+policy=RecencyProportionalResolution+target=512,<function upgma at 0x7fcf41625160>
1924,13,13,[12],3001.0,17.5,286058,3001,3002,3001.0,differentia=64+policy=RecencyProportionalResolution+target=512,<function upgma at 0x7fcf41625160>
1925,14,14,[12],2983.5,0.0,Inner125,2976,2992,2983.5,differentia=64+policy=RecencyProportionalResolution+target=512,<function upgma at 0x7fcf41625160>
1926,15,15,[14],3001.0,17.5,286056,3001,3002,3001.0,differentia=64+policy=RecencyProportionalResolution+target=512,<function upgma at 0x7fcf41625160>
1927,16,16,[14],2983.5,0.0,Inner124,2976,2992,2983.5,differentia=64+policy=RecencyProportionalResolution+target=512,<function upgma at 0x7fcf41625160>
1928,17,17,[16],3001.0,17.5,286053,3001,3002,3001.0,differentia=64+policy=RecencyProportionalResolution+target=512,<function upgma at 0x7fcf41625160>
1929,18,18,[16],2983.5,0.0,Inner123,2976,2992,2983.5,differentia=64+policy=RecencyProportionalResolution+target=512,<function upgma at 0x7fcf41625160>
1930,19,19,[18],3001.0,17.5,286051,3001,3002,3001.0,differentia=64+policy=RecencyProportionalResolution+target=512,<function upgma at 0x7fcf41625160>
1931,20,20,[18],2983.5,0.0,Inner122,2976,2992,2983.5,differentia=64+policy=RecencyProportionalResolution+target=512,<function upgma at 0x7fcf41625160>
1932,21,21,[20],2983.5,0.0,Inner121,2976,2992,2983.5,differentia=64+policy=RecencyProportionalResolution+target=512,<function upgma at 0x7fcf41625160>
1933,22,22,[21],3001.0,17.5,286042,3001,3002,3001.0,differentia=64+policy=RecencyProportionalResolution+target=512,<function upgma at 0x7fcf41625160>
1934,23,23,[21],2983.5,0.0,Inner120,2976,2992,2983.5,differentia=64+policy=RecencyProportionalResolution+target=512,<function upgma at 0x7fcf41625160>
1935,24,24,[23],3001.0,17.5,286039,3001,3002,3001.0,differentia=64+policy=RecencyProportionalResolution+target=512,<function upgma at 0x7fcf41625160>
1936,25,25,[23],2983.5,0.0,Inner119,2976,2992,2983.5,differentia=64+policy=RecencyProportionalResolution+target=512,<function upgma at 0x7fcf41625160>
1937,26,26,[25],3001.0,17.5,286038,3001,3002,3001.0,differentia=64+policy=RecencyProportionalResolution+target=512,<function upgma at 0x7fcf41625160>
1938,27,27,[25],2983.5,0.0,Inner118,2976,2992,2983.5,differentia=64+policy=RecencyProportionalResolution+target=512,<function upgma at 0x7fcf41625160>
1939,28,28,[27],3001.0,17.5,286036,3001,3002,3001.0,differentia=64+policy=RecencyProportionalResolution+target=512,<function upgma at 0x7fcf41625160>
1940,29,29,[27],2983.5,0.0,Inner117,2976,2992,2983.5,differentia=64+policy=RecencyProportionalResolution+target=512,<function upgma at 0x7fcf41625160>
1941,30,30,[29],3001.0,17.5,286032,3001,3002,3001.0,differentia=64+policy=RecencyProportionalResolution+target=512,<function upgma at 0x7fcf41625160>
1942,31,31,[29],2983.5,0.0,Inner116,2976,2992,2983.5,differentia=64+policy=RecencyProportionalResolution+target=512,<function upgma at 0x7fcf41625160>
1943,32,32,[31],3001.0,17.5,286030,3001,3002,3001.0,differentia=64+policy=RecencyProportionalResolution+target=512,<function upgma at 0x7fcf41625160>
1944,33,33,[31],2983.5,0.0,Inner114,2976,2992,2983.5,differentia=64+policy=RecencyProportionalResolution+target=512,<function upgma at 0x7fcf41625160>
1945,34,34,[33],3001.0,17.5,286029,3001,3002,3001.0,differentia=64+policy=RecencyProportionalResolution+target=512,<function upgma at 0x7fcf41625160>
1946,35,35,[33],2983.5,0.0,Inner112,2976,2992,2983.5,differentia=64+policy=RecencyProportionalResolution+target=512,<function upgma at 0x7fcf41625160>
1947,36,36,[35],3001.0,17.5,286027,3001,3002,3001.0,differentia=64+policy=RecencyProportionalResolution+target=512,<function upgma at 0x7fcf41625160>
1948,37,37,[35],2983.5,0.0,Inner110,2976,2992,2983.5,differentia=64+policy=RecencyProportionalResolution+target=512,<function upgma at 0x7fcf41625160>
1949,38,38,[37],3001.0,17.5,286026,3001,3002,3001.0,differentia=64+policy=RecencyProportionalResolution+target=512,<function upgma at 0x7fcf41625160>
1950,39,39,[37],2983.5,0.0,Inner108,2976,2992,2983.5,differentia=64+policy=RecencyProportionalResolution+target=512,<function upgma at 0x7fcf41625160>
1951,40,40,[39],3001.0,17.5,286045,3001,3002,3001.0,differentia=64+policy=RecencyProportionalResolution+target=512,<function upgma at 0x7fcf41625160>
1952,41,41,[39],2983.5,0.0,Inner106,2976,2992,2983.5,differentia=64+policy=RecencyProportionalResolution+target=512,<function upgma at 0x7fcf41625160>
1953,42,42,[41],3001.0,17.5,286025,3001,3002,3001.0,differentia=64+policy=RecencyProportionalResolution+target=512,<function upgma at 0x7fcf41625160>
1954,43,43,[41],2983.5,0.0,Inner104,2976,2992,2983.5,differentia=64+policy=RecencyProportionalResolution+target=512,<function upgma at 0x7fcf41625160>
1955,44,44,[43],3001.0,17.5,286024,3001,3002,3001.0,differentia=64+policy=RecencyProportionalResolution+target=512,<function upgma at 0x7fcf41625160>
1956,45,45,[43],2983.5,0.0,Inner102,2976,2992,2983.5,differentia=64+policy=RecencyProportionalResolution+target=512,<function upgma at 0x7fcf41625160>
1957,46,46,[45],3001.0,17.5,286017,3001,3002,3001.0,differentia=64+policy=RecencyProportionalResolution+target=512,<function upgma at 0x7fcf41625160>
1958,47,47,[45],2983.5,0.0,Inner100,2976,2992,2983.5,differentia=64+policy=RecencyProportionalResolution+target=512,<function upgma at 0x7fcf41625160>
1959,48,48,[47],3001.0,17.5,286016,3001,3002,3001.0,differentia=64+policy=RecencyProportionalResolution+target=512,<function upgma at 0x7fcf41625160>
1960,49,49,[47],2983.5,0.0,Inner98,2976,2992,2983.5,differentia=64+policy=RecencyProportionalResolution+target=512,<function upgma at 0x7fcf41625160>
1961,50,50,[49],3001.0,17.5,286012,3001,3002,3001.0,differentia=64+policy=RecencyProportionalResolution+target=512,<function upgma at 0x7fcf41625160>
1962,51,51,[49],2983.5,0.0,Inner96,2976,2992,2983.5,differentia=64+policy=RecencyProportionalResolution+target=512,<function upgma at 0x7fcf41625160>
1963,52,52,[51],3001.0,17.5,286010,3001,3002,3001.0,differentia=64+policy=RecencyProportionalResolution+target=512,<function upgma at 0x7fcf41625160>
1964,53,53,[51],2983.5,0.0,Inner94,2976,2992,2983.5,differentia=64+policy=RecencyProportionalResolution+target=512,<function upgma at 0x7fcf41625160>
1965,54,54,[53],3001.0,17.5,286003,3001,3002,3001.0,differentia=64+policy=RecencyProportionalResolution+target=512,<function upgma at 0x7fcf41625160>
1966,55,55,[53],2983.5,0.0,Inner92,2976,2992,2983.5,differentia=64+policy=RecencyProportionalResolution+target=512,<function upgma at 0x7fcf41625160>
1967,56,56,[55],3001.0,17.5,286035,3001,3002,3001.0,differentia=64+policy=RecencyProportionalResolution+target=512,<function upgma at 0x7fcf41625160>
1968,57,57,[55],2983.5,0.0,Inner90,2976,2992,2983.5,differentia=64+policy=RecencyProportionalResolution+target=512,<function upgma at 0x7fcf41625160>
1969,58,58,[57],3001.0,17.5,286002,3001,3002,3001.0,differentia=64+policy=RecencyProportionalResolution+target=512,<function upgma at 0x7fcf41625160>
1970,59,59,[57],2983.5,0.0,Inner88,2976,2992,2983.5,differentia=64+policy=RecencyProportionalResolution+target=512,<function upgma at 0x7fcf41625160>
1971,60,60,[59],3001.0,17.5,286000,3001,3002,3001.0,differentia=64+policy=RecencyProportionalResolution+target=512,<function upgma at 0x7fcf41625160>
1972,61,61,[59],2983.5,0.0,Inner86,2976,2992,2983.5,differentia=64+policy=RecencyProportionalResolution+target=512,<function upgma at 0x7fcf41625160>
1973,62,62,[61],3001.0,17.5,285999,3001,3002,3001.0,differentia=64+policy=RecencyProportionalResolution+target=512,<function upgma at 0x7fcf41625160>
1974,63,63,[61],2983.5,0.0,Inner84,2976,2992,2983.5,differentia=64+policy=RecencyProportionalResolution+target=512,<function upgma at 0x7fcf41625160>
1975,64,64,[63],3001.0,17.5,285998,3001,3002,3001.0,differentia=64+policy=RecencyProportionalResolution+target=512,<function upgma at 0x7fcf41625160>
1976,65,65,[63],2983.5,0.0,Inner82,2976,2992,2983.5,differentia=64+policy=RecencyProportionalResolution+target=512,<function upgma at 0x7fcf41625160>
1977,66,66,[65],3001.0,17.5,285996,3001,3002,3001.0,differentia=64+policy=RecencyProportionalResolution+target=512,<function upgma at 0x7fcf41625160>
1978,67,67,[65],2983.5,0.0,Inner80,2976,2992,2983.5,differentia=64+policy=RecencyProportionalResolution+target=512,<function upgma at 0x7fcf41625160>
1979,68,68,[67],3001.0,17.5,285991,3001,3002,3001.0,differentia=64+policy=RecencyProportionalResolution+target=512,<function upgma at 0x7fcf41625160>
1980,69,69,[67],2983.5,0.0,Inner77,2976,2992,2983.5,differentia=64+policy=RecencyProportionalResolution+target=512,<function upgma at 0x7fcf41625160>
1981,70,70,[69],3001.0,17.5,285990,3001,3002,3001.0,differentia=64+policy=RecencyProportionalResolution+target=512,<function upgma at 0x7fcf41625160>
1982,71,71,[69],2983.5,0.0,Inner74,2976,2992,2983.5,differentia=64+policy=RecencyProportionalResolution+target=512,<function upgma at 0x7fcf41625160>
1983,72,72,[71],3001.0,17.5,285984,3001,3002,3001.0,differentia=64+policy=RecencyProportionalResolution+target=512,<function upgma at 0x7fcf41625160>
1984,73,73,[71],2983.5,0.0,Inner71,2976,2992,2983.5,differentia=64+policy=RecencyProportionalResolution+target=512,<function upgma at 0x7fcf41625160>
1985,74,74,[73],3001.0,17.5,285982,3001,3002,3001.0,differentia=64+policy=RecencyProportionalResolution+target=512,<function upgma at 0x7fcf41625160>
1986,75,75,[73],2983.5,0.0,Inner68,2976,2992,2983.5,differentia=64+policy=RecencyProportionalResolution+target=512,<function upgma at 0x7fcf41625160>
1987,76,76,[75],2983.5,0.0,Inner65,2976,2992,2983.5,differentia=64+policy=RecencyProportionalResolution+target=512,<function upgma at 0x7fcf41625160>
1988,77,77,[76],3001.0,17.5,285985,3001,3002,3001.0,differentia=64+policy=RecencyProportionalResolution+target=512,<function upgma at 0x7fcf41625160>
1989,78,78,[76],2983.5,0.0,Inner62,2976,2992,2983.5,differentia=64+policy=RecencyProportionalResolution+target=512,<function upgma at 0x7fcf41625160>
1990,79,79,[78],3001.0,17.5,286062,3001,3002,3001.0,differentia=64+policy=RecencyProportionalResolution+target=512,<function upgma at 0x7fcf41625160>
1991,80,80,[78],2983.5,0.0,Inner59,2976,2992,2983.5,differentia=64+policy=RecencyProportionalResolution+target=512,<function upgma at 0x7fcf41625160>
1992,81,81,[80],3001.0,17.5,286008,3001,3002,3001.0,differentia=64+policy=RecencyProportionalResolution+target=512,<function upgma at 0x7fcf41625160>
1993,82,82,[80],2983.5,0.0,Inner56,2976,2992,2983.5,differentia=64+policy=RecencyProportionalResolution+target=512,<function upgma at 0x7fcf41625160>
1994,83,83,[82],3001.0,17.5,286055,3001,3002,3001.0,differentia=64+policy=RecencyProportionalResolution+target=512,<function upgma at 0x7fcf41625160>
1995,84,84,[82],2983.5,0.0,Inner53,2976,2992,2983.5,differentia=64+policy=RecencyProportionalResolution+target=512,<function upgma at 0x7fcf41625160>
1996,85,85,[84],2983.5,0.0,Inner49,2976,2992,2983.5,differentia=64+policy=RecencyProportionalResolution+target=512,<function upgma at 0x7fcf41625160>
1997,86,86,[85],2983.5,0.0,Inner43,2976,2992,2983.5,differentia=64+policy=RecencyProportionalResolution+target=512,<function upgma at 0x7fcf41625160>
1998,87,87,[86],2983.5,0.0,Inner41,2976,2992,2983.5,differentia=64+policy=RecencyProportionalResolution+target=512,<function upgma at 0x7fcf41625160>
1999,88,88,[87],2983.5,0.0,Inner39,2976,2992,2983.5,differentia=64+policy=RecencyProportionalResolution+target=512,<function upgma at 0x7fcf41625160>
2000,89,89,[88],3000.0,16.5,285936,3000,3001,3000.0,differentia=64+policy=RecencyProportionalResolution+target=512,<function upgma at 0x7fcf41625160>
2001,90,90,[88],2983.5,0.0,Inner37,2976,2992,2983.5,differentia=64+policy=RecencyProportionalResolution+target=512,<function upgma at 0x7fcf41625160>
2002,91,91,[90],3000.0,16.5,285919,3000,3001,3000.0,differentia=64+policy=RecencyProportionalResolution+target=512,<function upgma at 0x7fcf41625160>
2003,92,92,[90],2983.5,0.0,Inner35,2976,2992,2983.5,differentia=64+policy=RecencyProportionalResolution+target=512,<function upgma at 0x7fcf41625160>
2004,93,93,[92],3000.0,16.5,285907,3000,3001,3000.0,differentia=64+policy=RecencyProportionalResolution+target=512,<function upgma at 0x7fcf41625160>
2005,94,94,[92],2983.5,0.0,Inner32,2976,2992,2983.5,differentia=64+policy=RecencyProportionalResolution+target=512,<function upgma at 0x7fcf41625160>
2006,95,95,[94],2983.5,0.0,Inner29,2976,2992,2983.5,differentia=64+policy=RecencyProportionalResolution+target=512,<function upgma at 0x7fcf41625160>
2007,96,96,[95],2999.0,15.5,285804,2999,3000,2999.0,differentia=64+policy=RecencyProportionalResolution+target=512,<function upgma at 0x7fcf41625160>
2008,97,97,[95],2999.0,15.5,285850,2999,3000,2999.0,differentia=64+policy=RecencyProportionalResolution+target=512,<function upgma at 0x7fcf41625160>
2009,98,98,[94],3000.0,16.5,285950,3000,3001,3000.0,differentia=64+policy=RecencyProportionalResolution+target=512,<function upgma at 0x7fcf41625160>
2010,99,99,[87],3000.0,16.5,285972,3000,3001,3000.0,differentia=64+policy=RecencyProportionalResolution+target=512,<function upgma at 0x7fcf41625160>
2011,100,100,[86],3000.0,16.5,285980,3000,3001,3000.0,differentia=64+policy=RecencyProportionalResolution+target=512,<function upgma at 0x7fcf41625160>
2012,101,101,[85],3001.0,17.5,285989,3001,3002,3001.0,differentia=64+policy=RecencyProportionalResolution+target=512,<function upgma at 0x7fcf41625160>
2013,102,102,[84],3001.0,17.5,286063,3001,3002,3001.0,differentia=64+policy=RecencyProportionalResolution+target=512,<function upgma at 0x7fcf41625160>
2014,103,103,[75],3001.0,17.5,286064,3001,3002,3001.0,differentia=64+policy=RecencyProportionalResolution+target=512,<function upgma at 0x7fcf41625160>
2015,104,104,[20],3001.0,17.5,286077,3001,3002,3001.0,differentia=64+policy=RecencyProportionalResolution+target=512,<function upgma at 0x7fcf41625160>
2016,105,105,[3],3001.0,17.5,286080,3001,3002,3001.0,differentia=64+policy=RecencyProportionalResolution+target=512,<function upgma at 0x7fcf41625160>
2017,106,106,[2],3001.0,17.5,286081,3001,3002,3001.0,differentia=64+policy=RecencyProportionalResolution+target=512,<function upgma at 0x7fcf41625160>
2018,107,107,[1],3001.0,17.5,286082,3001,3002,3001.0,differentia=64+policy=RecencyProportionalResolution+target=512,<function upgma at 0x7fcf41625160>
2019,108,108,[0],2879.5,0.0,Inner135,2816,2944,2879.5,differentia=64+policy=RecencyProportionalResolution+target=512,<function upgma at 0x7fcf41625160>
2020,109,109,[108],2983.5,104.0,Inner50,2976,2992,2983.5,differentia=64+policy=RecencyProportionalResolution+target=512,<function upgma at 0x7fcf41625160>
2021,110,110,[109],3000.0,16.5,285894,3000,3001,3000.0,differentia=64+policy=RecencyProportionalResolution+target=512,<function upgma at 0x7fcf41625160>
2022,111,111,[109],3001.0,17.5,286033,3001,3002,3001.0,differentia=64+policy=RecencyProportionalResolution+target=512,<function upgma at 0x7fcf41625160>
2023,112,112,[108],2959.5,80.0,Inner134,2944,2976,2959.5,differentia=64+policy=RecencyProportionalResolution+target=512,<function upgma at 0x7fcf41625160>
2024,113,113,[112],2983.5,24.0,Inner78,2976,2992,2983.5,differentia=64+policy=RecencyProportionalResolution+target=512,<function upgma at 0x7fcf41625160>
2025,114,114,[113],3001.0,17.5,286066,3001,3002,3001.0,differentia=64+policy=RecencyProportionalResolution+target=512,<function upgma at 0x7fcf41625160>
2026,115,115,[113],2983.5,0.0,Inner75,2976,2992,2983.5,differentia=64+policy=RecencyProportionalResolution+target=512,<function upgma at 0x7fcf41625160>
2027,116,116,[115],3001.0,17.5,286067,3001,3002,3001.0,differentia=64+policy=RecencyProportionalResolution+target=512,<function upgma at 0x7fcf41625160>
2028,117,117,[115],2983.5,0.0,Inner72,2976,2992,2983.5,differentia=64+policy=RecencyProportionalResolution+target=512,<function upgma at 0x7fcf41625160>
2029,118,118,[117],3001.0,17.5,286052,3001,3002,3001.0,differentia=64+policy=RecencyProportionalResolution+target=512,<function upgma at 0x7fcf41625160>
2030,119,119,[117],2983.5,0.0,Inner69,2976,2992,2983.5,differentia=64+policy=RecencyProportionalResolution+target=512,<function upgma at 0x7fcf41625160>
2031,120,120,[119],3001.0,17.5,286028,3001,3002,3001.0,differentia=64+policy=RecencyProportionalResolution+target=512,<function upgma at 0x7fcf41625160>
2032,121,121,[119],2983.5,0.0,Inner66,2976,2992,2983.5,differentia=64+policy=RecencyProportionalResolution+target=512,<function upgma at 0x7fcf41625160>
2033,122,122,[121],3001.0,17.5,286022,3001,3002,3001.0,differentia=64+policy=RecencyProportionalResolution+target=512,<function upgma at 0x7fcf41625160>
2034,123,123,[121],2983.5,0.0,Inner63,2976,2992,2983.5,differentia=64+policy=RecencyProportionalResolution+target=512,<function upgma at 0x7fcf41625160>
2035,124,124,[123],3001.0,17.5,285987,3001,3002,3001.0,differentia=64+policy=RecencyProportionalResolution+target=512,<function upgma at 0x7fcf41625160>
2036,125,125,[123],2983.5,0.0,Inner60,2976,2992,2983.5,differentia=64+policy=RecencyProportionalResolution+target=512,<function upgma at 0x7fcf41625160>
2037,126,126,[125],2983.5,0.0,Inner57,2976,2992,2983.5,differentia=64+policy=RecencyProportionalResolution+target=512,<function upgma at 0x7fcf41625160>
2038,127,127,[126],3001.0,17.5,286068,3001,3002,3001.0,differentia=64+policy=RecencyProportionalResolution+target=512,<function upgma at 0x7fcf41625160>
2039,128,128,[126],2983.5,0.0,Inner54,2976,2992,2983.5,differentia=64+policy=RecencyProportionalResolution+target=512,<function upgma at 0x7fcf41625160>
2040,129,129,[128],3001.0,17.5,285997,3001,3002,3001.0,differentia=64+policy=RecencyProportionalResolution+target=512,<function upgma at 0x7fcf41625160>
2041,130,130,[128],2983.5,0.0,Inner51,2976,2992,2983.5,differentia=64+policy=RecencyProportionalResolution+target=512,<function upgma at 0x7fcf41625160>
2042,131,131,[130],3001.0,17.5,286061,3001,3002,3001.0,differentia=64+policy=RecencyProportionalResolution+target=512,<function upgma at 0x7fcf41625160>
2043,132,132,[130],2983.5,0.0,Inner47,2976,2992,2983.5,differentia=64+policy=RecencyProportionalResolution+target=512,<function upgma at 0x7fcf41625160>
2044,133,133,[132],2983.5,0.0,Inner33,2976,2992,2983.5,differentia=64+policy=RecencyProportionalResolution+target=512,<function upgma at 0x7fcf41625160>
2045,134,134,[133],3000.0,16.5,285899,3000,3001,3000.0,differentia=64+policy=RecencyProportionalResolution+target=512,<function upgma at 0x7fcf41625160>
2046,135,135,[133],2983.5,0.0,Inner30,2976,2992,2983.5,differentia=64+policy=RecencyProportionalResolution+target=512,<function upgma at 0x7fcf41625160>
2047,136,136,[135],2983.5,0.0,Inner26,2976,2992,2983.5,differentia=64+policy=RecencyProportionalResolution+target=512,<function upgma at 0x7fcf41625160>
2048,137,137,[136],2983.5,0.0,Inner24,2976,2992,2983.5,differentia=64+policy=RecencyProportionalResolution+target=512,<function upgma at 0x7fcf41625160>
2049,138,138,[137],2983.5,0.0,Inner22,2976,2992,2983.5,differentia=64+policy=RecencyProportionalResolution+target=512,<function upgma at 0x7fcf41625160>
2050,139,139,[138],2996.0,12.5,285553,2996,2997,2996.0,differentia=64+policy=RecencyProportionalResolution+target=512,<function upgma at 0x7fcf41625160>
2051,140,140,[138],2997.0,13.5,285695,2997,2998,2997.0,differentia=64+policy=RecencyProportionalResolution+target=512,<function upgma at 0x7fcf41625160>
2052,141,141,[137],2998.0,14.5,285752,2998,2999,2998.0,differentia=64+policy=RecencyProportionalResolution+target=512,<function upgma at 0x7fcf41625160>
2053,142,142,[136],2999.0,15.5,285815,2999,3000,2999.0,differentia=64+policy=RecencyProportionalResolution+target=512,<function upgma at 0x7fcf41625160>
2054,143,143,[135],3000.0,16.5,285937,3000,3001,3000.0,differentia=64+policy=RecencyProportionalResolution+target=512,<function upgma at 0x7fcf41625160>
2055,144,144,[132],2995.0,11.5,Inner8,2992,2999,2995.0,differentia=64+policy=RecencyProportionalResolution+target=512,<function upgma at 0x7fcf41625160>
2056,145,145,[144],2995.0,0.0,Inner7,2992,2999,2995.0,differentia=64+policy=RecencyProportionalResolution+target=512,<function upgma at 0x7fcf41625160>
2057,146,146,[145],3001.0,6.0,286006,3001,3002,3001.0,differentia=64+policy=RecencyProportionalResolution+target=512,<function upgma at 0x7fcf41625160>
2058,147,147,[145],2995.0,0.0,Inner5,2992,2999,2995.0,differentia=64+policy=RecencyProportionalResolution+target=512,<function upgma at 0x7fcf41625160>
2059,148,148,[147],2995.0,0.0,Inner3,2992,2999,2995.0,differentia=64+policy=RecencyProportionalResolution+target=512,<function upgma at 0x7fcf41625160>
2060,149,149,[148],2999.0,4.0,285860,2999,3000,2999.0,differentia=64+policy=RecencyProportionalResolution+target=512,<function upgma at 0x7fcf41625160>
2061,150,150,[148],3001.0,6.0,285992,3001,3002,3001.0,differentia=64+policy=RecencyProportionalResolution+target=512,<function upgma at 0x7fcf41625160>
2062,151,151,[147],3001.0,6.0,286069,3001,3002,3001.0,differentia=64+policy=RecencyProportionalResolution+target=512,<function upgma at 0x7fcf41625160>
2063,152,152,[144],3001.0,6.0,286074,3001,3002,3001.0,differentia=64+policy=RecencyProportionalResolution+target=512,<function upgma at 0x7fcf41625160>
2064,153,153,[125],2995.5,12.0,Inner19,2992,3000,2995.5,differentia=64+policy=RecencyProportionalResolution+target=512,<function upgma at 0x7fcf41625160>
2065,154,154,[153],2995.5,0.0,Inner18,2992,3000,2995.5,differentia=64+policy=RecencyProportionalResolution+target=512,<function upgma at 0x7fcf41625160>
2066,155,155,[154],2995.5,0.0,Inner17,2992,3000,2995.5,differentia=64+policy=RecencyProportionalResolution+target=512,<function upgma at 0x7fcf41625160>
2067,156,156,[155],3001.0,5.5,286019,3001,3002,3001.0,differentia=64+policy=RecencyProportionalResolution+target=512,<function upgma at 0x7fcf41625160>
2068,157,157,[155],3001.0,5.5,286070,3001,3002,3001.0,differentia=64+policy=RecencyProportionalResolution+target=512,<function upgma at 0x7fcf41625160>
2069,158,158,[154],3001.0,5.5,286071,3001,3002,3001.0,differentia=64+policy=RecencyProportionalResolution+target=512,<function upgma at 0x7fcf41625160>
2070,159,159,[153],3001.0,5.5,286079,3001,3002,3001.0,differentia=64+policy=RecencyProportionalResolution+target=512,<function upgma at 0x7fcf41625160>
2071,160,160,[112],2983.5,24.0,Inner115,2976,2992,2983.5,differentia=64+policy=RecencyProportionalResolution+target=512,<function upgma at 0x7fcf41625160>
2072,161,161,[160],3001.0,17.5,286014,3001,3002,3001.0,differentia=64+policy=RecencyProportionalResolution+target=512,<function upgma at 0x7fcf41625160>
2073,162,162,[160],2983.5,0.0,Inner113,2976,2992,2983.5,differentia=64+policy=RecencyProportionalResolution+target=512,<function upgma at 0x7fcf41625160>
2074,163,163,[162],2983.5,0.0,Inner111,2976,2992,2983.5,differentia=64+policy=RecencyProportionalResolution+target=512,<function upgma at 0x7fcf41625160>
2075,164,164,[163],3001.0,17.5,286073,3001,3002,3001.0,differentia=64+policy=RecencyProportionalResolution+target=512,<function upgma at 0x7fcf41625160>
2076,165,165,[163],2983.5,0.0,Inner109,2976,2992,2983.5,differentia=64+policy=RecencyProportionalResolution+target=512,<function upgma at 0x7fcf41625160>
2077,166,166,[165],3001.0,17.5,286072,3001,3002,3001.0,differentia=64+policy=RecencyProportionalResolution+target=512,<function upgma at 0x7fcf41625160>
2078,167,167,[165],2983.5,0.0,Inner107,2976,2992,2983.5,differentia=64+policy=RecencyProportionalResolution+target=512,<function upgma at 0x7fcf41625160>
2079,168,168,[167],3001.0,17.5,286050,3001,3002,3001.0,differentia=64+policy=RecencyProportionalResolution+target=512,<function upgma at 0x7fcf41625160>
2080,169,169,[167],2983.5,0.0,Inner105,2976,2992,2983.5,differentia=64+policy=RecencyProportionalResolution+target=512,<function upgma at 0x7fcf41625160>
2081,170,170,[169],3001.0,17.5,286049,3001,3002,3001.0,differentia=64+policy=RecencyProportionalResolution+target=512,<function upgma at 0x7fcf41625160>
2082,171,171,[169],2983.5,0.0,Inner103,2976,2992,2983.5,differentia=64+policy=RecencyProportionalResolution+target=512,<function upgma at 0x7fcf41625160>
2083,172,172,[171],3001.0,17.5,286047,3001,3002,3001.0,differentia=64+policy=RecencyProportionalResolution+target=512,<function upgma at 0x7fcf41625160>
2084,173,173,[171],2983.5,0.0,Inner101,2976,2992,2983.5,differentia=64+policy=RecencyProportionalResolution+target=512,<function upgma at 0x7fcf41625160>
2085,174,174,[173],3001.0,17.5,286043,3001,3002,3001.0,differentia=64+policy=RecencyProportionalResolution+target=512,<function upgma at 0x7fcf41625160>
2086,175,175,[173],2983.5,0.0,Inner99,2976,2992,2983.5,differentia=64+policy=RecencyProportionalResolution+target=512,<function upgma at 0x7fcf41625160>
2087,176,176,[175],3001.0,17.5,286034,3001,3002,3001.0,differentia=64+policy=RecencyProportionalResolution+target=512,<function upgma at 0x7fcf41625160>
2088,177,177,[175],2983.5,0.0,Inner97,2976,2992,2983.5,differentia=64+policy=RecencyProportionalResolution+target=512,<function upgma at 0x7fcf41625160>
2089,178,178,[177],3001.0,17.5,286031,3001,3002,3001.0,differentia=64+policy=RecencyProportionalResolution+target=512,<function upgma at 0x7fcf41625160>
2090,179,179,[177],2983.5,0.0,Inner95,2976,2992,2983.5,differentia=64+policy=RecencyProportionalResolution+target=512,<function upgma at 0x7fcf41625160>
2091,180,180,[179],3001.0,17.5,286023,3001,3002,3001.0,differentia=64+policy=RecencyProportionalResolution+target=512,<function upgma at 0x7fcf41625160>
2092,181,181,[179],2983.5,0.0,Inner93,2976,2992,2983.5,differentia=64+policy=RecencyProportionalResolution+target=512,<function upgma at 0x7fcf41625160>
2093,182,182,[181],3001.0,17.5,286018,3001,3002,3001.0,differentia=64+policy=RecencyProportionalResolution+target=512,<function upgma at 0x7fcf41625160>
2094,183,183,[181],2983.5,0.0,Inner91,2976,2992,2983.5,differentia=64+policy=RecencyProportionalResolution+target=512,<function upgma at 0x7fcf41625160>
2095,184,184,[183],3001.0,17.5,286013,3001,3002,3001.0,differentia=64+policy=RecencyProportionalResolution+target=512,<function upgma at 0x7fcf41625160>
2096,185,185,[183],2983.5,0.0,Inner89,2976,2992,2983.5,differentia=64+policy=RecencyProportionalResolution+target=512,<function upgma at 0x7fcf41625160>
2097,186,186,[185],3001.0,17.5,286007,3001,3002,3001.0,differentia=64+policy=RecencyProportionalResolution+target=512,<function upgma at 0x7fcf41625160>
2098,187,187,[185],2983.5,0.0,Inner87,2976,2992,2983.5,differentia=64+policy=RecencyProportionalResolution+target=512,<function upgma at 0x7fcf41625160>
2099,188,188,[187],3001.0,17.5,286005,3001,3002,3001.0,differentia=64+policy=RecencyProportionalResolution+target=512,<function upgma at 0x7fcf41625160>
2100,189,189,[187],2983.5,0.0,Inner85,2976,2992,2983.5,differentia=64+policy=RecencyProportionalResolution+target=512,<function upgma at 0x7fcf41625160>
2101,190,190,[189],3001.0,17.5,285994,3001,3002,3001.0,differentia=64+policy=RecencyProportionalResolution+target=512,<function upgma at 0x7fcf41625160>
2102,191,191,[189],2983.5,0.0,Inner83,2976,2992,2983.5,differentia=64+policy=RecencyProportionalResolution+target=512,<function upgma at 0x7fcf41625160>
2103,192,192,[191],3001.0,17.5,285988,3001,3002,3001.0,differentia=64+policy=RecencyProportionalResolution+target=512,<function upgma at 0x7fcf41625160>
2104,193,193,[191],2983.5,0.0,Inner81,2976,2992,2983.5,differentia=64+policy=RecencyProportionalResolution+target=512,<function upgma at 0x7fcf41625160>
2105,194,194,[193],3001.0,17.5,285986,3001,3002,3001.0,differentia=64+policy=RecencyProportionalResolution+target=512,<function upgma at 0x7fcf41625160>
2106,195,195,[193],2983.5,0.0,Inner79,2976,2992,2983.5,differentia=64+policy=RecencyProportionalResolution+target=512,<function upgma at 0x7fcf41625160>
2107,196,196,[195],3001.0,17.5,285983,3001,3002,3001.0,differentia=64+policy=RecencyProportionalResolution+target=512,<function upgma at 0x7fcf41625160>
2108,197,197,[195],2983.5,0.0,Inner76,2976,2992,2983.5,differentia=64+policy=RecencyProportionalResolution+target=512,<function upgma at 0x7fcf41625160>
2109,198,198,[197],3001.0,17.5,285981,3001,3002,3001.0,differentia=64+policy=RecencyProportionalResolution+target=512,<function upgma at 0x7fcf41625160>
2110,199,199,[197],2983.5,0.0,Inner73,2976,2992,2983.5,differentia=64+policy=RecencyProportionalResolution+target=512,<function upgma at 0x7fcf41625160>
2111,200,200,[199],3001.0,17.5,286011,3001,3002,3001.0,differentia=64+policy=RecencyProportionalResolution+target=512,<function upgma at 0x7fcf41625160>
2112,201,201,[199],2983.5,0.0,Inner70,2976,2992,2983.5,differentia=64+policy=RecencyProportionalResolution+target=512,<function upgma at 0x7fcf41625160>
2113,202,202,[201],3001.0,17.5,286004,3001,3002,3001.0,differentia=64+policy=RecencyProportionalResolution+target=512,<function upgma at 0x7fcf41625160>
2114,203,203,[201],2983.5,0.0,Inner67,2976,2992,2983.5,differentia=64+policy=RecencyProportionalResolution+target=512,<function upgma at 0x7fcf41625160>
2115,204,204,[203],3001.0,17.5,286015,3001,3002,3001.0,differentia=64+policy=RecencyProportionalResolution+target=512,<function upgma at 0x7fcf41625160>
2116,205,205,[203],2983.5,0.0,Inner64,2976,2992,2983.5,differentia=64+policy=RecencyProportionalResolution+target=512,<function upgma at 0x7fcf41625160>
2117,206,206,[205],2983.5,0.0,Inner61,2976,2992,2983.5,differentia=64+policy=RecencyProportionalResolution+target=512,<function upgma at 0x7fcf41625160>
2118,207,207,[206],3001.0,17.5,286057,3001,3002,3001.0,differentia=64+policy=RecencyProportionalResolution+target=512,<function upgma at 0x7fcf41625160>
2119,208,208,[206],2983.5,0.0,Inner58,2976,2992,2983.5,differentia=64+policy=RecencyProportionalResolution+target=512,<function upgma at 0x7fcf41625160>
2120,209,209,[208],3001.0,17.5,286037,3001,3002,3001.0,differentia=64+policy=RecencyProportionalResolution+target=512,<function upgma at 0x7fcf41625160>
2121,210,210,[208],2983.5,0.0,Inner55,2976,2992,2983.5,differentia=64+policy=RecencyProportionalResolution+target=512,<function upgma at 0x7fcf41625160>
2122,211,211,[210],3001.0,17.5,286009,3001,3002,3001.0,differentia=64+policy=RecencyProportionalResolution+target=512,<function upgma at 0x7fcf41625160>
2123,212,212,[210],2983.5,0.0,Inner52,2976,2992,2983.5,differentia=64+policy=RecencyProportionalResolution+target=512,<function upgma at 0x7fcf41625160>
2124,213,213,[212],3001.0,17.5,286041,3001,3002,3001.0,differentia=64+policy=RecencyProportionalResolution+target=512,<function upgma at 0x7fcf41625160>
2125,214,214,[212],2983.5,0.0,Inner48,2976,2992,2983.5,differentia=64+policy=RecencyProportionalResolution+target=512,<function upgma at 0x7fcf41625160>
2126,215,215,[214],2983.5,0.0,Inner46,2976,2992,2983.5,differentia=64+policy=RecencyProportionalResolution+target=512,<function upgma at 0x7fcf41625160>
2127,216,216,[215],3000.0,16.5,285964,3000,3001,3000.0,differentia=64+policy=RecencyProportionalResolution+target=512,<function upgma at 0x7fcf41625160>
2128,217,217,[215],2983.5,0.0,Inner45,2976,2992,2983.5,differentia=64+policy=RecencyProportionalResolution+target=512,<function upgma at 0x7fcf41625160>
2129,218,218,[217],3000.0,16.5,285959,3000,3001,3000.0,differentia=64+policy=RecencyProportionalResolution+target=512,<function upgma at 0x7fcf41625160>
2130,219,219,[217],2983.5,0.0,Inner44,2976,2992,2983.5,differentia=64+policy=RecencyProportionalResolution+target=512,<function upgma at 0x7fcf41625160>
2131,220,220,[219],3000.0,16.5,285946,3000,3001,3000.0,differentia=64+policy=RecencyProportionalResolution+target=512,<function upgma at 0x7fcf41625160>
2132,221,221,[219],2983.5,0.0,Inner42,2976,2992,2983.5,differentia=64+policy=RecencyProportionalResolution+target=512,<function upgma at 0x7fcf41625160>
2133,222,222,[221],3000.0,16.5,285935,3000,3001,3000.0,differentia=64+policy=RecencyProportionalResolution+target=512,<function upgma at 0x7fcf41625160>
2134,223,223,[221],2983.5,0.0,Inner40,2976,2992,2983.5,differentia=64+policy=RecencyProportionalResolution+target=512,<function upgma at 0x7fcf41625160>
2135,224,224,[223],3000.0,16.5,285925,3000,3001,3000.0,differentia=64+policy=RecencyProportionalResolution+target=512,<function upgma at 0x7fcf41625160>
2136,225,225,[223],2983.5,0.0,Inner38,2976,2992,2983.5,differentia=64+policy=RecencyProportionalResolution+target=512,<function upgma at 0x7fcf41625160>
2137,226,226,[225],3000.0,16.5,285912,3000,3001,3000.0,differentia=64+policy=RecencyProportionalResolution+target=512,<function upgma at 0x7fcf41625160>
2138,227,227,[225],2983.5,0.0,Inner36,2976,2992,2983.5,differentia=64+policy=RecencyProportionalResolution+target=512,<function upgma at 0x7fcf41625160>
2139,228,228,[227],3000.0,16.5,285909,3000,3001,3000.0,differentia=64+policy=RecencyProportionalResolution+target=512,<function upgma at 0x7fcf41625160>
2140,229,229,[227],2983.5,0.0,Inner34,2976,2992,2983.5,differentia=64+policy=RecencyProportionalResolution+target=512,<function upgma at 0x7fcf41625160>
2141,230,230,[229],3000.0,16.5,285892,3000,3001,3000.0,differentia=64+policy=RecencyProportionalResolution+target=512,<function upgma at 0x7fcf41625160>
2142,231,231,[229],2983.5,0.0,Inner31,2976,2992,2983.5,differentia=64+policy=RecencyProportionalResolution+target=512,<function upgma at 0x7fcf41625160>
2143,232,232,[231],2983.5,0.0,Inner28,2976,2992,2983.5,differentia=64+policy=RecencyProportionalResolution+target=512,<function upgma at 0x7fcf41625160>
2144,233,233,[232],2983.5,0.0,Inner27,2976,2992,2983.5,differentia=64+policy=RecencyProportionalResolution+target=512,<function upgma at 0x7fcf41625160>
2145,234,234,[233],2983.5,0.0,Inner25,2976,2992,2983.5,differentia=64+policy=RecencyProportionalResolution+target=512,<function upgma at 0x7fcf41625160>
2146,235,235,[234],2983.5,0.0,Inner23,2976,2992,2983.5,differentia=64+policy=RecencyProportionalResolution+target=512,<function upgma at 0x7fcf41625160>
2147,236,236,[235],2983.5,0.0,Inner21,2976,2992,2983.5,differentia=64+policy=RecencyProportionalResolution+target=512,<function upgma at 0x7fcf41625160>
2148,237,237,[236],2983.5,0.0,Inner20,2976,2992,2983.5,differentia=64+policy=RecencyProportionalResolution+target=512,<function upgma at 0x7fcf41625160>
2149,238,238,[237],2993.0,9.5,285310,2993,2994,2993.0,differentia=64+policy=RecencyProportionalResolution+target=512,<function upgma at 0x7fcf41625160>
2150,239,239,[237],2997.0,13.5,285634,2997,2998,2997.0,differentia=64+policy=RecencyProportionalResolution+target=512,<function upgma at 0x7fcf41625160>
2151,240,240,[236],2998.0,14.5,285722,2998,2999,2998.0,differentia=64+policy=RecencyProportionalResolution+target=512,<function upgma at 0x7fcf41625160>
2152,241,241,[235],2998.0,14.5,285725,2998,2999,2998.0,differentia=64+policy=RecencyProportionalResolution+target=512,<function upgma at 0x7fcf41625160>
2153,242,242,[234],2999.0,15.5,285803,2999,3000,2999.0,differentia=64+policy=RecencyProportionalResolution+target=512,<function upgma at 0x7fcf41625160>
2154,243,243,[233],2999.0,15.5,285874,2999,3000,2999.0,differentia=64+policy=RecencyProportionalResolution+target=512,<function upgma at 0x7fcf41625160>
2155,244,244,[232],2999.0,15.5,285879,2999,3000,2999.0,differentia=64+policy=RecencyProportionalResolution+target=512,<function upgma at 0x7fcf41625160>
2156,245,245,[231],3000.0,16.5,285970,3000,3001,3000.0,differentia=64+policy=RecencyProportionalResolution+target=512,<function upgma at 0x7fcf41625160>
2157,246,246,[214],2993.5,10.0,Inner6,2992,2996,2993.5,differentia=64+policy=RecencyProportionalResolution+target=512,<function upgma at 0x7fcf41625160>
2158,247,247,[246],2995.5,2.0,Inner2,2992,3000,2995.5,differentia=64+policy=RecencyProportionalResolution+target=512,<function upgma at 0x7fcf41625160>
2159,248,248,[247],3000.0,4.5,285968,3000,3001,3000.0,differentia=64+policy=RecencyProportionalResolution+target=512,<function upgma at 0x7fcf41625160>
2160,249,249,[247],3001.0,5.5,286048,3001,3002,3001.0,differentia=64+policy=RecencyProportionalResolution+target=512,<function upgma at 0x7fcf41625160>
2161,250,250,[246],2995.5,2.0,Inner4,2992,3000,2995.5,differentia=64+policy=RecencyProportionalResolution+target=512,<function upgma at 0x7fcf41625160>
2162,251,251,[250],2995.5,0.0,Inner1,2992,3000,2995.5,differentia=64+policy=RecencyProportionalResolution+target=512,<function upgma at 0x7fcf41625160>
2163,252,252,[251],3000.0,4.5,285963,3000,3001,3000.0,differentia=64+policy=RecencyProportionalResolution+target=512,<function upgma at 0x7fcf41625160>
2164,253,253,[251],3001.0,5.5,286020,3001,3002,3001.0,differentia=64+policy=RecencyProportionalResolution+target=512,<function upgma at 0x7fcf41625160>
2165,254,254,[250],3001.0,5.5,286075,3001,3002,3001.0,differentia=64+policy=RecencyProportionalResolution+target=512,<function upgma at 0x7fcf41625160>
2166,255,255,[205],2995.5,12.0,Inner9,2992,3000,2995.5,differentia=64+policy=RecencyProportionalResolution+target=512,<function upgma at 0x7fcf41625160>
2167,256,256,[255],3001.0,5.5,286054,3001,3002,3001.0,differentia=64+policy=RecencyProportionalResolution+target=512,<function upgma at 0x7fcf41625160>
2168,257,257,[255],3001.0,5.5,286078,3001,3002,3001.0,differentia=64+policy=RecencyProportionalResolution+target=512,<function upgma at 0x7fcf41625160>
2169,258,258,[162],2995.5,12.0,Inner16,2992,3000,2995.5,differentia=64+policy=RecencyProportionalResolution+target=512,<function upgma at 0x7fcf41625160>
2170,259,259,[258],3001.0,5.5,286040,3001,3002,3001.0,differentia=64+policy=RecencyProportionalResolution+target=512,<function upgma at 0x7fcf41625160>
2171,260,260,[258],2995.5,0.0,Inner15,2992,3000,2995.5,differentia=64+policy=RecencyProportionalResolution+target=512,<function upgma at 0x7fcf41625160>
2172,261,261,[260],3001.0,5.5,286044,3001,3002,3001.0,differentia=64+policy=RecencyProportionalResolution+target=512,<function upgma at 0x7fcf41625160>
2173,262,262,[260],2995.5,0.0,Inner14,2992,3000,2995.5,differentia=64+policy=RecencyProportionalResolution+target=512,<function upgma at 0x7fcf41625160>
2174,263,263,[262],3001.0,5.5,285995,3001,3002,3001.0,differentia=64+policy=RecencyProportionalResolution+target=512,<function upgma at 0x7fcf41625160>
2175,264,264,[262],2995.5,0.0,Inner13,2992,3000,2995.5,differentia=64+policy=RecencyProportionalResolution+target=512,<function upgma at 0x7fcf41625160>
2176,265,265,[264],3001.0,5.5,285993,3001,3002,3001.0,differentia=64+policy=RecencyProportionalResolution+target=512,<function upgma at 0x7fcf41625160>
2177,266,266,[264],2995.5,0.0,Inner12,2992,3000,2995.5,differentia=64+policy=RecencyProportionalResolution+target=512,<function upgma at 0x7fcf41625160>
2178,267,267,[266],3001.0,5.5,286001,3001,3002,3001.0,differentia=64+policy=RecencyProportionalResolution+target=512,<function upgma at 0x7fcf41625160>
2179,268,268,[266],2995.5,0.0,Inner11,2992,3000,2995.5,differentia=64+policy=RecencyProportionalResolution+target=512,<function upgma at 0x7fcf41625160>
2180,269,269,[268],2995.5,0.0,Inner10,2992,3000,2995.5,differentia=64+policy=RecencyProportionalResolution+target=512,<function upgma at 0x7fcf41625160>
2181,270,270,[269],3001.0,5.5,286021,3001,3002,3001.0,differentia=64+policy=RecencyProportionalResolution+target=512,<function upgma at 0x7fcf41625160>
2182,271,271,[269],3001.0,5.5,286046,3001,3002,3001.0,differentia=64+policy=RecencyProportionalResolution+target=512,<function upgma at 0x7fcf41625160>
2183,272,272,[268],3001.0,5.5,286083,3001,3002,3001.0,differentia=64+policy=RecencyProportionalResolution+target=512,<function upgma at 0x7fcf41625160>
2184,0,0,[None],2879.5,2879.5,Inner136,2816,2944,2879.5,differentia=64+policy=RecencyProportionalResolution+target=64,<function upgma at 0x7fcf41625160>
2185,1,1,[0],2983.5,104.0,Inner133,2976,2992,2983.5,differentia=64+policy=RecencyProportionalResolution+target=64,<function upgma at 0x7fcf41625160>
2186,2,2,[1],2983.5,0.0,Inner132,2976,2992,2983.5,differentia=64+policy=RecencyProportionalResolution+target=64,<function upgma at 0x7fcf41625160>
2187,3,3,[2],2983.5,0.0,Inner131,2976,2992,2983.5,differentia=64+policy=RecencyProportionalResolution+target=64,<function upgma at 0x7fcf41625160>
2188,4,4,[3],2983.5,0.0,Inner130,2976,2992,2983.5,differentia=64+policy=RecencyProportionalResolution+target=64,<function upgma at 0x7fcf41625160>
2189,5,5,[4],3001.0,17.5,286076,3001,3002,3001.0,differentia=64+policy=RecencyProportionalResolution+target=64,<function upgma at 0x7fcf41625160>
2190,6,6,[4],2983.5,0.0,Inner129,2976,2992,2983.5,differentia=64+policy=RecencyProportionalResolution+target=64,<function upgma at 0x7fcf41625160>
2191,7,7,[6],3001.0,17.5,286065,3001,3002,3001.0,differentia=64+policy=RecencyProportionalResolution+target=64,<function upgma at 0x7fcf41625160>
2192,8,8,[6],2983.5,0.0,Inner128,2976,2992,2983.5,differentia=64+policy=RecencyProportionalResolution+target=64,<function upgma at 0x7fcf41625160>
2193,9,9,[8],3001.0,17.5,286060,3001,3002,3001.0,differentia=64+policy=RecencyProportionalResolution+target=64,<function upgma at 0x7fcf41625160>
2194,10,10,[8],2983.5,0.0,Inner127,2976,2992,2983.5,differentia=64+policy=RecencyProportionalResolution+target=64,<function upgma at 0x7fcf41625160>
2195,11,11,[10],3001.0,17.5,286059,3001,3002,3001.0,differentia=64+policy=RecencyProportionalResolution+target=64,<function upgma at 0x7fcf41625160>
2196,12,12,[10],2983.5,0.0,Inner126,2976,2992,2983.5,differentia=64+policy=RecencyProportionalResolution+target=64,<function upgma at 0x7fcf41625160>
2197,13,13,[12],3001.0,17.5,286058,3001,3002,3001.0,differentia=64+policy=RecencyProportionalResolution+target=64,<function upgma at 0x7fcf41625160>
2198,14,14,[12],2983.5,0.0,Inner125,2976,2992,2983.5,differentia=64+policy=RecencyProportionalResolution+target=64,<function upgma at 0x7fcf41625160>
2199,15,15,[14],3001.0,17.5,286056,3001,3002,3001.0,differentia=64+policy=RecencyProportionalResolution+target=64,<function upgma at 0x7fcf41625160>
2200,16,16,[14],2983.5,0.0,Inner124,2976,2992,2983.5,differentia=64+policy=RecencyProportionalResolution+target=64,<function upgma at 0x7fcf41625160>
2201,17,17,[16],3001.0,17.5,286053,3001,3002,3001.0,differentia=64+policy=RecencyProportionalResolution+target=64,<function upgma at 0x7fcf41625160>
2202,18,18,[16],2983.5,0.0,Inner123,2976,2992,2983.5,differentia=64+policy=RecencyProportionalResolution+target=64,<function upgma at 0x7fcf41625160>
2203,19,19,[18],3001.0,17.5,286051,3001,3002,3001.0,differentia=64+policy=RecencyProportionalResolution+target=64,<function upgma at 0x7fcf41625160>
2204,20,20,[18],2983.5,0.0,Inner122,2976,2992,2983.5,differentia=64+policy=RecencyProportionalResolution+target=64,<function upgma at 0x7fcf41625160>
2205,21,21,[20],2983.5,0.0,Inner121,2976,2992,2983.5,differentia=64+policy=RecencyProportionalResolution+target=64,<function upgma at 0x7fcf41625160>
2206,22,22,[21],3001.0,17.5,286042,3001,3002,3001.0,differentia=64+policy=RecencyProportionalResolution+target=64,<function upgma at 0x7fcf41625160>
2207,23,23,[21],2983.5,0.0,Inner120,2976,2992,2983.5,differentia=64+policy=RecencyProportionalResolution+target=64,<function upgma at 0x7fcf41625160>
2208,24,24,[23],3001.0,17.5,286039,3001,3002,3001.0,differentia=64+policy=RecencyProportionalResolution+target=64,<function upgma at 0x7fcf41625160>
2209,25,25,[23],2983.5,0.0,Inner119,2976,2992,2983.5,differentia=64+policy=RecencyProportionalResolution+target=64,<function upgma at 0x7fcf41625160>
2210,26,26,[25],3001.0,17.5,286038,3001,3002,3001.0,differentia=64+policy=RecencyProportionalResolution+target=64,<function upgma at 0x7fcf41625160>
2211,27,27,[25],2983.5,0.0,Inner118,2976,2992,2983.5,differentia=64+policy=RecencyProportionalResolution+target=64,<function upgma at 0x7fcf41625160>
2212,28,28,[27],3001.0,17.5,286036,3001,3002,3001.0,differentia=64+policy=RecencyProportionalResolution+target=64,<function upgma at 0x7fcf41625160>
2213,29,29,[27],2983.5,0.0,Inner117,2976,2992,2983.5,differentia=64+policy=RecencyProportionalResolution+target=64,<function upgma at 0x7fcf41625160>
2214,30,30,[29],3001.0,17.5,286032,3001,3002,3001.0,differentia=64+policy=RecencyProportionalResolution+target=64,<function upgma at 0x7fcf41625160>
2215,31,31,[29],2983.5,0.0,Inner116,2976,2992,2983.5,differentia=64+policy=RecencyProportionalResolution+target=64,<function upgma at 0x7fcf41625160>
2216,32,32,[31],3001.0,17.5,286030,3001,3002,3001.0,differentia=64+policy=RecencyProportionalResolution+target=64,<function upgma at 0x7fcf41625160>
2217,33,33,[31],2983.5,0.0,Inner114,2976,2992,2983.5,differentia=64+policy=RecencyProportionalResolution+target=64,<function upgma at 0x7fcf41625160>
2218,34,34,[33],3001.0,17.5,286029,3001,3002,3001.0,differentia=64+policy=RecencyProportionalResolution+target=64,<function upgma at 0x7fcf41625160>
2219,35,35,[33],2983.5,0.0,Inner112,2976,2992,2983.5,differentia=64+policy=RecencyProportionalResolution+target=64,<function upgma at 0x7fcf41625160>
2220,36,36,[35],3001.0,17.5,286027,3001,3002,3001.0,differentia=64+policy=RecencyProportionalResolution+target=64,<function upgma at 0x7fcf41625160>
2221,37,37,[35],2983.5,0.0,Inner110,2976,2992,2983.5,differentia=64+policy=RecencyProportionalResolution+target=64,<function upgma at 0x7fcf41625160>
2222,38,38,[37],3001.0,17.5,286026,3001,3002,3001.0,differentia=64+policy=RecencyProportionalResolution+target=64,<function upgma at 0x7fcf41625160>
2223,39,39,[37],2983.5,0.0,Inner108,2976,2992,2983.5,differentia=64+policy=RecencyProportionalResolution+target=64,<function upgma at 0x7fcf41625160>
2224,40,40,[39],3001.0,17.5,286045,3001,3002,3001.0,differentia=64+policy=RecencyProportionalResolution+target=64,<function upgma at 0x7fcf41625160>
2225,41,41,[39],2983.5,0.0,Inner106,2976,2992,2983.5,differentia=64+policy=RecencyProportionalResolution+target=64,<function upgma at 0x7fcf41625160>
2226,42,42,[41],3001.0,17.5,286025,3001,3002,3001.0,differentia=64+policy=RecencyProportionalResolution+target=64,<function upgma at 0x7fcf41625160>
2227,43,43,[41],2983.5,0.0,Inner104,2976,2992,2983.5,differentia=64+policy=RecencyProportionalResolution+target=64,<function upgma at 0x7fcf41625160>
2228,44,44,[43],3001.0,17.5,286024,3001,3002,3001.0,differentia=64+policy=RecencyProportionalResolution+target=64,<function upgma at 0x7fcf41625160>
2229,45,45,[43],2983.5,0.0,Inner102,2976,2992,2983.5,differentia=64+policy=RecencyProportionalResolution+target=64,<function upgma at 0x7fcf41625160>
2230,46,46,[45],3001.0,17.5,286017,3001,3002,3001.0,differentia=64+policy=RecencyProportionalResolution+target=64,<function upgma at 0x7fcf41625160>
2231,47,47,[45],2983.5,0.0,Inner100,2976,2992,2983.5,differentia=64+policy=RecencyProportionalResolution+target=64,<function upgma at 0x7fcf41625160>
2232,48,48,[47],3001.0,17.5,286016,3001,3002,3001.0,differentia=64+policy=RecencyProportionalResolution+target=64,<function upgma at 0x7fcf41625160>
2233,49,49,[47],2983.5,0.0,Inner98,2976,2992,2983.5,differentia=64+policy=RecencyProportionalResolution+target=64,<function upgma at 0x7fcf41625160>
2234,50,50,[49],3001.0,17.5,286012,3001,3002,3001.0,differentia=64+policy=RecencyProportionalResolution+target=64,<function upgma at 0x7fcf41625160>
2235,51,51,[49],2983.5,0.0,Inner96,2976,2992,2983.5,differentia=64+policy=RecencyProportionalResolution+target=64,<function upgma at 0x7fcf41625160>
2236,52,52,[51],3001.0,17.5,286010,3001,3002,3001.0,differentia=64+policy=RecencyProportionalResolution+target=64,<function upgma at 0x7fcf41625160>
2237,53,53,[51],2983.5,0.0,Inner94,2976,2992,2983.5,differentia=64+policy=RecencyProportionalResolution+target=64,<function upgma at 0x7fcf41625160>
2238,54,54,[53],3001.0,17.5,286003,3001,3002,3001.0,differentia=64+policy=RecencyProportionalResolution+target=64,<function upgma at 0x7fcf41625160>
2239,55,55,[53],2983.5,0.0,Inner92,2976,2992,2983.5,differentia=64+policy=RecencyProportionalResolution+target=64,<function upgma at 0x7fcf41625160>
2240,56,56,[55],3001.0,17.5,286035,3001,3002,3001.0,differentia=64+policy=RecencyProportionalResolution+target=64,<function upgma at 0x7fcf41625160>
2241,57,57,[55],2983.5,0.0,Inner90,2976,2992,2983.5,differentia=64+policy=RecencyProportionalResolution+target=64,<function upgma at 0x7fcf41625160>
2242,58,58,[57],3001.0,17.5,286002,3001,3002,3001.0,differentia=64+policy=RecencyProportionalResolution+target=64,<function upgma at 0x7fcf41625160>
2243,59,59,[57],2983.5,0.0,Inner88,2976,2992,2983.5,differentia=64+policy=RecencyProportionalResolution+target=64,<function upgma at 0x7fcf41625160>
2244,60,60,[59],3001.0,17.5,286000,3001,3002,3001.0,differentia=64+policy=RecencyProportionalResolution+target=64,<function upgma at 0x7fcf41625160>
2245,61,61,[59],2983.5,0.0,Inner86,2976,2992,2983.5,differentia=64+policy=RecencyProportionalResolution+target=64,<function upgma at 0x7fcf41625160>
2246,62,62,[61],3001.0,17.5,285999,3001,3002,3001.0,differentia=64+policy=RecencyProportionalResolution+target=64,<function upgma at 0x7fcf41625160>
2247,63,63,[61],2983.5,0.0,Inner84,2976,2992,2983.5,differentia=64+policy=RecencyProportionalResolution+target=64,<function upgma at 0x7fcf41625160>
2248,64,64,[63],3001.0,17.5,285998,3001,3002,3001.0,differentia=64+policy=RecencyProportionalResolution+target=64,<function upgma at 0x7fcf41625160>
2249,65,65,[63],2983.5,0.0,Inner82,2976,2992,2983.5,differentia=64+policy=RecencyProportionalResolution+target=64,<function upgma at 0x7fcf41625160>
2250,66,66,[65],3001.0,17.5,285996,3001,3002,3001.0,differentia=64+policy=RecencyProportionalResolution+target=64,<function upgma at 0x7fcf41625160>
2251,67,67,[65],2983.5,0.0,Inner80,2976,2992,2983.5,differentia=64+policy=RecencyProportionalResolution+target=64,<function upgma at 0x7fcf41625160>
2252,68,68,[67],3001.0,17.5,285991,3001,3002,3001.0,differentia=64+policy=RecencyProportionalResolution+target=64,<function upgma at 0x7fcf41625160>
2253,69,69,[67],2983.5,0.0,Inner77,2976,2992,2983.5,differentia=64+policy=RecencyProportionalResolution+target=64,<function upgma at 0x7fcf41625160>
2254,70,70,[69],3001.0,17.5,285990,3001,3002,3001.0,differentia=64+policy=RecencyProportionalResolution+target=64,<function upgma at 0x7fcf41625160>
2255,71,71,[69],2983.5,0.0,Inner74,2976,2992,2983.5,differentia=64+policy=RecencyProportionalResolution+target=64,<function upgma at 0x7fcf41625160>
2256,72,72,[71],3001.0,17.5,285984,3001,3002,3001.0,differentia=64+policy=RecencyProportionalResolution+target=64,<function upgma at 0x7fcf41625160>
2257,73,73,[71],2983.5,0.0,Inner71,2976,2992,2983.5,differentia=64+policy=RecencyProportionalResolution+target=64,<function upgma at 0x7fcf41625160>
2258,74,74,[73],3001.0,17.5,285982,3001,3002,3001.0,differentia=64+policy=RecencyProportionalResolution+target=64,<function upgma at 0x7fcf41625160>
2259,75,75,[73],2983.5,0.0,Inner68,2976,2992,2983.5,differentia=64+policy=RecencyProportionalResolution+target=64,<function upgma at 0x7fcf41625160>
2260,76,76,[75],2983.5,0.0,Inner65,2976,2992,2983.5,differentia=64+policy=RecencyProportionalResolution+target=64,<function upgma at 0x7fcf41625160>
2261,77,77,[76],3001.0,17.5,285985,3001,3002,3001.0,differentia=64+policy=RecencyProportionalResolution+target=64,<function upgma at 0x7fcf41625160>
2262,78,78,[76],2983.5,0.0,Inner62,2976,2992,2983.5,differentia=64+policy=RecencyProportionalResolution+target=64,<function upgma at 0x7fcf41625160>
2263,79,79,[78],3001.0,17.5,286062,3001,3002,3001.0,differentia=64+policy=RecencyProportionalResolution+target=64,<function upgma at 0x7fcf41625160>
2264,80,80,[78],2983.5,0.0,Inner59,2976,2992,2983.5,differentia=64+policy=RecencyProportionalResolution+target=64,<function upgma at 0x7fcf41625160>
2265,81,81,[80],3001.0,17.5,286008,3001,3002,3001.0,differentia=64+policy=RecencyProportionalResolution+target=64,<function upgma at 0x7fcf41625160>
2266,82,82,[80],2983.5,0.0,Inner56,2976,2992,2983.5,differentia=64+policy=RecencyProportionalResolution+target=64,<function upgma at 0x7fcf41625160>
2267,83,83,[82],3001.0,17.5,286055,3001,3002,3001.0,differentia=64+policy=RecencyProportionalResolution+target=64,<function upgma at 0x7fcf41625160>
2268,84,84,[82],2983.5,0.0,Inner53,2976,2992,2983.5,differentia=64+policy=RecencyProportionalResolution+target=64,<function upgma at 0x7fcf41625160>
2269,85,85,[84],2983.5,0.0,Inner49,2976,2992,2983.5,differentia=64+policy=RecencyProportionalResolution+target=64,<function upgma at 0x7fcf41625160>
2270,86,86,[85],2983.5,0.0,Inner43,2976,2992,2983.5,differentia=64+policy=RecencyProportionalResolution+target=64,<function upgma at 0x7fcf41625160>
2271,87,87,[86],2983.5,0.0,Inner41,2976,2992,2983.5,differentia=64+policy=RecencyProportionalResolution+target=64,<function upgma at 0x7fcf41625160>
2272,88,88,[87],2983.5,0.0,Inner39,2976,2992,2983.5,differentia=64+policy=RecencyProportionalResolution+target=64,<function upgma at 0x7fcf41625160>
2273,89,89,[88],3000.0,16.5,285936,3000,3001,3000.0,differentia=64+policy=RecencyProportionalResolution+target=64,<function upgma at 0x7fcf41625160>
2274,90,90,[88],2983.5,0.0,Inner37,2976,2992,2983.5,differentia=64+policy=RecencyProportionalResolution+target=64,<function upgma at 0x7fcf41625160>
2275,91,91,[90],3000.0,16.5,285919,3000,3001,3000.0,differentia=64+policy=RecencyProportionalResolution+target=64,<function upgma at 0x7fcf41625160>
2276,92,92,[90],2983.5,0.0,Inner35,2976,2992,2983.5,differentia=64+policy=RecencyProportionalResolution+target=64,<function upgma at 0x7fcf41625160>
2277,93,93,[92],3000.0,16.5,285907,3000,3001,3000.0,differentia=64+policy=RecencyProportionalResolution+target=64,<function upgma at 0x7fcf41625160>
2278,94,94,[92],2983.5,0.0,Inner32,2976,2992,2983.5,differentia=64+policy=RecencyProportionalResolution+target=64,<function upgma at 0x7fcf41625160>
2279,95,95,[94],2983.5,0.0,Inner29,2976,2992,2983.5,differentia=64+policy=RecencyProportionalResolution+target=64,<function upgma at 0x7fcf41625160>
2280,96,96,[95],2999.0,15.5,285804,2999,3000,2999.0,differentia=64+policy=RecencyProportionalResolution+target=64,<function upgma at 0x7fcf41625160>
2281,97,97,[95],2999.0,15.5,285850,2999,3000,2999.0,differentia=64+policy=RecencyProportionalResolution+target=64,<function upgma at 0x7fcf41625160>
2282,98,98,[94],3000.0,16.5,285950,3000,3001,3000.0,differentia=64+policy=RecencyProportionalResolution+target=64,<function upgma at 0x7fcf41625160>
2283,99,99,[87],3000.0,16.5,285972,3000,3001,3000.0,differentia=64+policy=RecencyProportionalResolution+target=64,<function upgma at 0x7fcf41625160>
2284,100,100,[86],3000.0,16.5,285980,3000,3001,3000.0,differentia=64+policy=RecencyProportionalResolution+target=64,<function upgma at 0x7fcf41625160>
2285,101,101,[85],3001.0,17.5,285989,3001,3002,3001.0,differentia=64+policy=RecencyProportionalResolution+target=64,<function upgma at 0x7fcf41625160>
2286,102,102,[84],3001.0,17.5,286063,3001,3002,3001.0,differentia=64+policy=RecencyProportionalResolution+target=64,<function upgma at 0x7fcf41625160>
2287,103,103,[75],3001.0,17.5,286064,3001,3002,3001.0,differentia=64+policy=RecencyProportionalResolution+target=64,<function upgma at 0x7fcf41625160>
2288,104,104,[20],3001.0,17.5,286077,3001,3002,3001.0,differentia=64+policy=RecencyProportionalResolution+target=64,<function upgma at 0x7fcf41625160>
2289,105,105,[3],3001.0,17.5,286080,3001,3002,3001.0,differentia=64+policy=RecencyProportionalResolution+target=64,<function upgma at 0x7fcf41625160>
2290,106,106,[2],3001.0,17.5,286081,3001,3002,3001.0,differentia=64+policy=RecencyProportionalResolution+target=64,<function upgma at 0x7fcf41625160>
2291,107,107,[1],3001.0,17.5,286082,3001,3002,3001.0,differentia=64+policy=RecencyProportionalResolution+target=64,<function upgma at 0x7fcf41625160>
2292,108,108,[0],2879.5,0.0,Inner135,2816,2944,2879.5,differentia=64+policy=RecencyProportionalResolution+target=64,<function upgma at 0x7fcf41625160>
2293,109,109,[108],2983.5,104.0,Inner50,2976,2992,2983.5,differentia=64+policy=RecencyProportionalResolution+target=64,<function upgma at 0x7fcf41625160>
2294,110,110,[109],3000.0,16.5,285894,3000,3001,3000.0,differentia=64+policy=RecencyProportionalResolution+target=64,<function upgma at 0x7fcf41625160>
2295,111,111,[109],3001.0,17.5,286033,3001,3002,3001.0,differentia=64+policy=RecencyProportionalResolution+target=64,<function upgma at 0x7fcf41625160>
2296,112,112,[108],2959.5,80.0,Inner134,2944,2976,2959.5,differentia=64+policy=RecencyProportionalResolution+target=64,<function upgma at 0x7fcf41625160>
2297,113,113,[112],2983.5,24.0,Inner78,2976,2992,2983.5,differentia=64+policy=RecencyProportionalResolution+target=64,<function upgma at 0x7fcf41625160>
2298,114,114,[113],3001.0,17.5,286066,3001,3002,3001.0,differentia=64+policy=RecencyProportionalResolution+target=64,<function upgma at 0x7fcf41625160>
2299,115,115,[113],2983.5,0.0,Inner75,2976,2992,2983.5,differentia=64+policy=RecencyProportionalResolution+target=64,<function upgma at 0x7fcf41625160>
2300,116,116,[115],3001.0,17.5,286067,3001,3002,3001.0,differentia=64+policy=RecencyProportionalResolution+target=64,<function upgma at 0x7fcf41625160>
2301,117,117,[115],2983.5,0.0,Inner72,2976,2992,2983.5,differentia=64+policy=RecencyProportionalResolution+target=64,<function upgma at 0x7fcf41625160>
2302,118,118,[117],3001.0,17.5,286052,3001,3002,3001.0,differentia=64+policy=RecencyProportionalResolution+target=64,<function upgma at 0x7fcf41625160>
2303,119,119,[117],2983.5,0.0,Inner69,2976,2992,2983.5,differentia=64+policy=RecencyProportionalResolution+target=64,<function upgma at 0x7fcf41625160>
2304,120,120,[119],3001.0,17.5,286028,3001,3002,3001.0,differentia=64+policy=RecencyProportionalResolution+target=64,<function upgma at 0x7fcf41625160>
2305,121,121,[119],2983.5,0.0,Inner66,2976,2992,2983.5,differentia=64+policy=RecencyProportionalResolution+target=64,<function upgma at 0x7fcf41625160>
2306,122,122,[121],3001.0,17.5,286022,3001,3002,3001.0,differentia=64+policy=RecencyProportionalResolution+target=64,<function upgma at 0x7fcf41625160>
2307,123,123,[121],2983.5,0.0,Inner63,2976,2992,2983.5,differentia=64+policy=RecencyProportionalResolution+target=64,<function upgma at 0x7fcf41625160>
2308,124,124,[123],3001.0,17.5,285987,3001,3002,3001.0,differentia=64+policy=RecencyProportionalResolution+target=64,<function upgma at 0x7fcf41625160>
2309,125,125,[123],2983.5,0.0,Inner60,2976,2992,2983.5,differentia=64+policy=RecencyProportionalResolution+target=64,<function upgma at 0x7fcf41625160>
2310,126,126,[125],2983.5,0.0,Inner57,2976,2992,2983.5,differentia=64+policy=RecencyProportionalResolution+target=64,<function upgma at 0x7fcf41625160>
2311,127,127,[126],3001.0,17.5,286068,3001,3002,3001.0,differentia=64+policy=RecencyProportionalResolution+target=64,<function upgma at 0x7fcf41625160>
2312,128,128,[126],2983.5,0.0,Inner54,2976,2992,2983.5,differentia=64+policy=RecencyProportionalResolution+target=64,<function upgma at 0x7fcf41625160>
2313,129,129,[128],3001.0,17.5,285997,3001,3002,3001.0,differentia=64+policy=RecencyProportionalResolution+target=64,<function upgma at 0x7fcf41625160>
2314,130,130,[128],2983.5,0.0,Inner51,2976,2992,2983.5,differentia=64+policy=RecencyProportionalResolution+target=64,<function upgma at 0x7fcf41625160>
2315,131,131,[130],3001.0,17.5,286061,3001,3002,3001.0,differentia=64+policy=RecencyProportionalResolution+target=64,<function upgma at 0x7fcf41625160>
2316,132,132,[130],2983.5,0.0,Inner47,2976,2992,2983.5,differentia=64+policy=RecencyProportionalResolution+target=64,<function upgma at 0x7fcf41625160>
2317,133,133,[132],2983.5,0.0,Inner33,2976,2992,2983.5,differentia=64+policy=RecencyProportionalResolution+target=64,<function upgma at 0x7fcf41625160>
2318,134,134,[133],3000.0,16.5,285899,3000,3001,3000.0,differentia=64+policy=RecencyProportionalResolution+target=64,<function upgma at 0x7fcf41625160>
2319,135,135,[133],2983.5,0.0,Inner30,2976,2992,2983.5,differentia=64+policy=RecencyProportionalResolution+target=64,<function upgma at 0x7fcf41625160>
2320,136,136,[135],2983.5,0.0,Inner26,2976,2992,2983.5,differentia=64+policy=RecencyProportionalResolution+target=64,<function upgma at 0x7fcf41625160>
2321,137,137,[136],2983.5,0.0,Inner24,2976,2992,2983.5,differentia=64+policy=RecencyProportionalResolution+target=64,<function upgma at 0x7fcf41625160>
2322,138,138,[137],2983.5,0.0,Inner22,2976,2992,2983.5,differentia=64+policy=RecencyProportionalResolution+target=64,<function upgma at 0x7fcf41625160>
2323,139,139,[138],2996.0,12.5,285553,2996,2997,2996.0,differentia=64+policy=RecencyProportionalResolution+target=64,<function upgma at 0x7fcf41625160>
2324,140,140,[138],2997.0,13.5,285695,2997,2998,2997.0,differentia=64+policy=RecencyProportionalResolution+target=64,<function upgma at 0x7fcf41625160>
2325,141,141,[137],2998.0,14.5,285752,2998,2999,2998.0,differentia=64+policy=RecencyProportionalResolution+target=64,<function upgma at 0x7fcf41625160>
2326,142,142,[136],2999.0,15.5,285815,2999,3000,2999.0,differentia=64+policy=RecencyProportionalResolution+target=64,<function upgma at 0x7fcf41625160>
2327,143,143,[135],3000.0,16.5,285937,3000,3001,3000.0,differentia=64+policy=RecencyProportionalResolution+target=64,<function upgma at 0x7fcf41625160>
2328,144,144,[132],2995.0,11.5,Inner8,2992,2999,2995.0,differentia=64+policy=RecencyProportionalResolution+target=64,<function upgma at 0x7fcf41625160>
2329,145,145,[144],2995.0,0.0,Inner7,2992,2999,2995.0,differentia=64+policy=RecencyProportionalResolution+target=64,<function upgma at 0x7fcf41625160>
2330,146,146,[145],3001.0,6.0,286006,3001,3002,3001.0,differentia=64+policy=RecencyProportionalResolution+target=64,<function upgma at 0x7fcf41625160>
2331,147,147,[145],2995.0,0.0,Inner5,2992,2999,2995.0,differentia=64+policy=RecencyProportionalResolution+target=64,<function upgma at 0x7fcf41625160>
2332,148,148,[147],2995.0,0.0,Inner3,2992,2999,2995.0,differentia=64+policy=RecencyProportionalResolution+target=64,<function upgma at 0x7fcf41625160>
2333,149,149,[148],2999.0,4.0,285860,2999,3000,2999.0,differentia=64+policy=RecencyProportionalResolution+target=64,<function upgma at 0x7fcf41625160>
2334,150,150,[148],3001.0,6.0,285992,3001,3002,3001.0,differentia=64+policy=RecencyProportionalResolution+target=64,<function upgma at 0x7fcf41625160>
2335,151,151,[147],3001.0,6.0,286069,3001,3002,3001.0,differentia=64+policy=RecencyProportionalResolution+target=64,<function upgma at 0x7fcf41625160>
2336,152,152,[144],3001.0,6.0,286074,3001,3002,3001.0,differentia=64+policy=RecencyProportionalResolution+target=64,<function upgma at 0x7fcf41625160>
2337,153,153,[125],2995.5,12.0,Inner19,2992,3000,2995.5,differentia=64+policy=RecencyProportionalResolution+target=64,<function upgma at 0x7fcf41625160>
2338,154,154,[153],2995.5,0.0,Inner18,2992,3000,2995.5,differentia=64+policy=RecencyProportionalResolution+target=64,<function upgma at 0x7fcf41625160>
2339,155,155,[154],2995.5,0.0,Inner17,2992,3000,2995.5,differentia=64+policy=RecencyProportionalResolution+target=64,<function upgma at 0x7fcf41625160>
2340,156,156,[155],3001.0,5.5,286019,3001,3002,3001.0,differentia=64+policy=RecencyProportionalResolution+target=64,<function upgma at 0x7fcf41625160>
2341,157,157,[155],3001.0,5.5,286070,3001,3002,3001.0,differentia=64+policy=RecencyProportionalResolution+target=64,<function upgma at 0x7fcf41625160>
2342,158,158,[154],3001.0,5.5,286071,3001,3002,3001.0,differentia=64+policy=RecencyProportionalResolution+target=64,<function upgma at 0x7fcf41625160>
2343,159,159,[153],3001.0,5.5,286079,3001,3002,3001.0,differentia=64+policy=RecencyProportionalResolution+target=64,<function upgma at 0x7fcf41625160>
2344,160,160,[112],2983.5,24.0,Inner115,2976,2992,2983.5,differentia=64+policy=RecencyProportionalResolution+target=64,<function upgma at 0x7fcf41625160>
2345,161,161,[160],3001.0,17.5,286014,3001,3002,3001.0,differentia=64+policy=RecencyProportionalResolution+target=64,<function upgma at 0x7fcf41625160>
2346,162,162,[160],2983.5,0.0,Inner113,2976,2992,2983.5,differentia=64+policy=RecencyProportionalResolution+target=64,<function upgma at 0x7fcf41625160>
2347,163,163,[162],2983.5,0.0,Inner111,2976,2992,2983.5,differentia=64+policy=RecencyProportionalResolution+target=64,<function upgma at 0x7fcf41625160>
2348,164,164,[163],3001.0,17.5,286073,3001,3002,3001.0,differentia=64+policy=RecencyProportionalResolution+target=64,<function upgma at 0x7fcf41625160>
2349,165,165,[163],2983.5,0.0,Inner109,2976,2992,2983.5,differentia=64+policy=RecencyProportionalResolution+target=64,<function upgma at 0x7fcf41625160>
2350,166,166,[165],3001.0,17.5,286072,3001,3002,3001.0,differentia=64+policy=RecencyProportionalResolution+target=64,<function upgma at 0x7fcf41625160>
2351,167,167,[165],2983.5,0.0,Inner107,2976,2992,2983.5,differentia=64+policy=RecencyProportionalResolution+target=64,<function upgma at 0x7fcf41625160>
2352,168,168,[167],3001.0,17.5,286050,3001,3002,3001.0,differentia=64+policy=RecencyProportionalResolution+target=64,<function upgma at 0x7fcf41625160>
2353,169,169,[167],2983.5,0.0,Inner105,2976,2992,2983.5,differentia=64+policy=RecencyProportionalResolution+target=64,<function upgma at 0x7fcf41625160>
2354,170,170,[169],3001.0,17.5,286049,3001,3002,3001.0,differentia=64+policy=RecencyProportionalResolution+target=64,<function upgma at 0x7fcf41625160>
2355,171,171,[169],2983.5,0.0,Inner103,2976,2992,2983.5,differentia=64+policy=RecencyProportionalResolution+target=64,<function upgma at 0x7fcf41625160>
2356,172,172,[171],3001.0,17.5,286047,3001,3002,3001.0,differentia=64+policy=RecencyProportionalResolution+target=64,<function upgma at 0x7fcf41625160>
2357,173,173,[171],2983.5,0.0,Inner101,2976,2992,2983.5,differentia=64+policy=RecencyProportionalResolution+target=64,<function upgma at 0x7fcf41625160>
2358,174,174,[173],3001.0,17.5,286043,3001,3002,3001.0,differentia=64+policy=RecencyProportionalResolution+target=64,<function upgma at 0x7fcf41625160>
2359,175,175,[173],2983.5,0.0,Inner99,2976,2992,2983.5,differentia=64+policy=RecencyProportionalResolution+target=64,<function upgma at 0x7fcf41625160>
2360,176,176,[175],3001.0,17.5,286034,3001,3002,3001.0,differentia=64+policy=RecencyProportionalResolution+target=64,<function upgma at 0x7fcf41625160>
2361,177,177,[175],2983.5,0.0,Inner97,2976,2992,2983.5,differentia=64+policy=RecencyProportionalResolution+target=64,<function upgma at 0x7fcf41625160>
2362,178,178,[177],3001.0,17.5,286031,3001,3002,3001.0,differentia=64+policy=RecencyProportionalResolution+target=64,<function upgma at 0x7fcf41625160>
2363,179,179,[177],2983.5,0.0,Inner95,2976,2992,2983.5,differentia=64+policy=RecencyProportionalResolution+target=64,<function upgma at 0x7fcf41625160>
2364,180,180,[179],3001.0,17.5,286023,3001,3002,3001.0,differentia=64+policy=RecencyProportionalResolution+target=64,<function upgma at 0x7fcf41625160>
2365,181,181,[179],2983.5,0.0,Inner93,2976,2992,2983.5,differentia=64+policy=RecencyProportionalResolution+target=64,<function upgma at 0x7fcf41625160>
2366,182,182,[181],3001.0,17.5,286018,3001,3002,3001.0,differentia=64+policy=RecencyProportionalResolution+target=64,<function upgma at 0x7fcf41625160>
2367,183,183,[181],2983.5,0.0,Inner91,2976,2992,2983.5,differentia=64+policy=RecencyProportionalResolution+target=64,<function upgma at 0x7fcf41625160>
2368,184,184,[183],3001.0,17.5,286013,3001,3002,3001.0,differentia=64+policy=RecencyProportionalResolution+target=64,<function upgma at 0x7fcf41625160>
2369,185,185,[183],2983.5,0.0,Inner89,2976,2992,2983.5,differentia=64+policy=RecencyProportionalResolution+target=64,<function upgma at 0x7fcf41625160>
2370,186,186,[185],3001.0,17.5,286007,3001,3002,3001.0,differentia=64+policy=RecencyProportionalResolution+target=64,<function upgma at 0x7fcf41625160>
2371,187,187,[185],2983.5,0.0,Inner87,2976,2992,2983.5,differentia=64+policy=RecencyProportionalResolution+target=64,<function upgma at 0x7fcf41625160>
2372,188,188,[187],3001.0,17.5,286005,3001,3002,3001.0,differentia=64+policy=RecencyProportionalResolution+target=64,<function upgma at 0x7fcf41625160>
2373,189,189,[187],2983.5,0.0,Inner85,2976,2992,2983.5,differentia=64+policy=RecencyProportionalResolution+target=64,<function upgma at 0x7fcf41625160>
2374,190,190,[189],3001.0,17.5,285994,3001,3002,3001.0,differentia=64+policy=RecencyProportionalResolution+target=64,<function upgma at 0x7fcf41625160>
2375,191,191,[189],2983.5,0.0,Inner83,2976,2992,2983.5,differentia=64+policy=RecencyProportionalResolution+target=64,<function upgma at 0x7fcf41625160>
2376,192,192,[191],3001.0,17.5,285988,3001,3002,3001.0,differentia=64+policy=RecencyProportionalResolution+target=64,<function upgma at 0x7fcf41625160>
2377,193,193,[191],2983.5,0.0,Inner81,2976,2992,2983.5,differentia=64+policy=RecencyProportionalResolution+target=64,<function upgma at 0x7fcf41625160>
2378,194,194,[193],3001.0,17.5,285986,3001,3002,3001.0,differentia=64+policy=RecencyProportionalResolution+target=64,<function upgma at 0x7fcf41625160>
2379,195,195,[193],2983.5,0.0,Inner79,2976,2992,2983.5,differentia=64+policy=RecencyProportionalResolution+target=64,<function upgma at 0x7fcf41625160>
2380,196,196,[195],3001.0,17.5,285983,3001,3002,3001.0,differentia=64+policy=RecencyProportionalResolution+target=64,<function upgma at 0x7fcf41625160>
2381,197,197,[195],2983.5,0.0,Inner76,2976,2992,2983.5,differentia=64+policy=RecencyProportionalResolution+target=64,<function upgma at 0x7fcf41625160>
2382,198,198,[197],3001.0,17.5,285981,3001,3002,3001.0,differentia=64+policy=RecencyProportionalResolution+target=64,<function upgma at 0x7fcf41625160>
2383,199,199,[197],2983.5,0.0,Inner73,2976,2992,2983.5,differentia=64+policy=RecencyProportionalResolution+target=64,<function upgma at 0x7fcf41625160>
2384,200,200,[199],3001.0,17.5,286011,3001,3002,3001.0,differentia=64+policy=RecencyProportionalResolution+target=64,<function upgma at 0x7fcf41625160>
2385,201,201,[199],2983.5,0.0,Inner70,2976,2992,2983.5,differentia=64+policy=RecencyProportionalResolution+target=64,<function upgma at 0x7fcf41625160>
2386,202,202,[201],3001.0,17.5,286004,3001,3002,3001.0,differentia=64+policy=RecencyProportionalResolution+target=64,<function upgma at 0x7fcf41625160>
2387,203,203,[201],2983.5,0.0,Inner67,2976,2992,2983.5,differentia=64+policy=RecencyProportionalResolution+target=64,<function upgma at 0x7fcf41625160>
2388,204,204,[203],3001.0,17.5,286015,3001,3002,3001.0,differentia=64+policy=RecencyProportionalResolution+target=64,<function upgma at 0x7fcf41625160>
2389,205,205,[203],2983.5,0.0,Inner64,2976,2992,2983.5,differentia=64+policy=RecencyProportionalResolution+target=64,<function upgma at 0x7fcf41625160>
2390,206,206,[205],2983.5,0.0,Inner61,2976,2992,2983.5,differentia=64+policy=RecencyProportionalResolution+target=64,<function upgma at 0x7fcf41625160>
2391,207,207,[206],3001.0,17.5,286057,3001,3002,3001.0,differentia=64+policy=RecencyProportionalResolution+target=64,<function upgma at 0x7fcf41625160>
2392,208,208,[206],2983.5,0.0,Inner58,2976,2992,2983.5,differentia=64+policy=RecencyProportionalResolution+target=64,<function upgma at 0x7fcf41625160>
2393,209,209,[208],3001.0,17.5,286037,3001,3002,3001.0,differentia=64+policy=RecencyProportionalResolution+target=64,<function upgma at 0x7fcf41625160>
2394,210,210,[208],2983.5,0.0,Inner55,2976,2992,2983.5,differentia=64+policy=RecencyProportionalResolution+target=64,<function upgma at 0x7fcf41625160>
2395,211,211,[210],3001.0,17.5,286009,3001,3002,3001.0,differentia=64+policy=RecencyProportionalResolution+target=64,<function upgma at 0x7fcf41625160>
2396,212,212,[210],2983.5,0.0,Inner52,2976,2992,2983.5,differentia=64+policy=RecencyProportionalResolution+target=64,<function upgma at 0x7fcf41625160>
2397,213,213,[212],3001.0,17.5,286041,3001,3002,3001.0,differentia=64+policy=RecencyProportionalResolution+target=64,<function upgma at 0x7fcf41625160>
2398,214,214,[212],2983.5,0.0,Inner48,2976,2992,2983.5,differentia=64+policy=RecencyProportionalResolution+target=64,<function upgma at 0x7fcf41625160>
2399,215,215,[214],2983.5,0.0,Inner46,2976,2992,2983.5,differentia=64+policy=RecencyProportionalResolution+target=64,<function upgma at 0x7fcf41625160>
2400,216,216,[215],3000.0,16.5,285964,3000,3001,3000.0,differentia=64+policy=RecencyProportionalResolution+target=64,<function upgma at 0x7fcf41625160>
2401,217,217,[215],2983.5,0.0,Inner45,2976,2992,2983.5,differentia=64+policy=RecencyProportionalResolution+target=64,<function upgma at 0x7fcf41625160>
2402,218,218,[217],3000.0,16.5,285959,3000,3001,3000.0,differentia=64+policy=RecencyProportionalResolution+target=64,<function upgma at 0x7fcf41625160>
2403,219,219,[217],2983.5,0.0,Inner44,2976,2992,2983.5,differentia=64+policy=RecencyProportionalResolution+target=64,<function upgma at 0x7fcf41625160>
2404,220,220,[219],3000.0,16.5,285946,3000,3001,3000.0,differentia=64+policy=RecencyProportionalResolution+target=64,<function upgma at 0x7fcf41625160>
2405,221,221,[219],2983.5,0.0,Inner42,2976,2992,2983.5,differentia=64+policy=RecencyProportionalResolution+target=64,<function upgma at 0x7fcf41625160>
2406,222,222,[221],3000.0,16.5,285935,3000,3001,3000.0,differentia=64+policy=RecencyProportionalResolution+target=64,<function upgma at 0x7fcf41625160>
2407,223,223,[221],2983.5,0.0,Inner40,2976,2992,2983.5,differentia=64+policy=RecencyProportionalResolution+target=64,<function upgma at 0x7fcf41625160>
2408,224,224,[223],3000.0,16.5,285925,3000,3001,3000.0,differentia=64+policy=RecencyProportionalResolution+target=64,<function upgma at 0x7fcf41625160>
2409,225,225,[223],2983.5,0.0,Inner38,2976,2992,2983.5,differentia=64+policy=RecencyProportionalResolution+target=64,<function upgma at 0x7fcf41625160>
2410,226,226,[225],3000.0,16.5,285912,3000,3001,3000.0,differentia=64+policy=RecencyProportionalResolution+target=64,<function upgma at 0x7fcf41625160>
2411,227,227,[225],2983.5,0.0,Inner36,2976,2992,2983.5,differentia=64+policy=RecencyProportionalResolution+target=64,<function upgma at 0x7fcf41625160>
2412,228,228,[227],3000.0,16.5,285909,3000,3001,3000.0,differentia=64+policy=RecencyProportionalResolution+target=64,<function upgma at 0x7fcf41625160>
2413,229,229,[227],2983.5,0.0,Inner34,2976,2992,2983.5,differentia=64+policy=RecencyProportionalResolution+target=64,<function upgma at 0x7fcf41625160>
2414,230,230,[229],3000.0,16.5,285892,3000,3001,3000.0,differentia=64+policy=RecencyProportionalResolution+target=64,<function upgma at 0x7fcf41625160>
2415,231,231,[229],2983.5,0.0,Inner31,2976,2992,2983.5,differentia=64+policy=RecencyProportionalResolution+target=64,<function upgma at 0x7fcf41625160>
2416,232,232,[231],2983.5,0.0,Inner28,2976,2992,2983.5,differentia=64+policy=RecencyProportionalResolution+target=64,<function upgma at 0x7fcf41625160>
2417,233,233,[232],2983.5,0.0,Inner27,2976,2992,2983.5,differentia=64+policy=RecencyProportionalResolution+target=64,<function upgma at 0x7fcf41625160>
2418,234,234,[233],2983.5,0.0,Inner25,2976,2992,2983.5,differentia=64+policy=RecencyProportionalResolution+target=64,<function upgma at 0x7fcf41625160>
2419,235,235,[234],2983.5,0.0,Inner23,2976,2992,2983.5,differentia=64+policy=RecencyProportionalResolution+target=64,<function upgma at 0x7fcf41625160>
2420,236,236,[235],2983.5,0.0,Inner21,2976,2992,2983.5,differentia=64+policy=RecencyProportionalResolution+target=64,<function upgma at 0x7fcf41625160>
2421,237,237,[236],2983.5,0.0,Inner20,2976,2992,2983.5,differentia=64+policy=RecencyProportionalResolution+target=64,<function upgma at 0x7fcf41625160>
2422,238,238,[237],2993.0,9.5,285310,2993,2994,2993.0,differentia=64+policy=RecencyProportionalResolution+target=64,<function upgma at 0x7fcf41625160>
2423,239,239,[237],2997.0,13.5,285634,2997,2998,2997.0,differentia=64+policy=RecencyProportionalResolution+target=64,<function upgma at 0x7fcf41625160>
2424,240,240,[236],2998.0,14.5,285722,2998,2999,2998.0,differentia=64+policy=RecencyProportionalResolution+target=64,<function upgma at 0x7fcf41625160>
2425,241,241,[235],2998.0,14.5,285725,2998,2999,2998.0,differentia=64+policy=RecencyProportionalResolution+target=64,<function upgma at 0x7fcf41625160>
2426,242,242,[234],2999.0,15.5,285803,2999,3000,2999.0,differentia=64+policy=RecencyProportionalResolution+target=64,<function upgma at 0x7fcf41625160>
2427,243,243,[233],2999.0,15.5,285874,2999,3000,2999.0,differentia=64+policy=RecencyProportionalResolution+target=64,<function upgma at 0x7fcf41625160>
2428,244,244,[232],2999.0,15.5,285879,2999,3000,2999.0,differentia=64+policy=RecencyProportionalResolution+target=64,<function upgma at 0x7fcf41625160>
2429,245,245,[231],3000.0,16.5,285970,3000,3001,3000.0,differentia=64+policy=RecencyProportionalResolution+target=64,<function upgma at 0x7fcf41625160>
2430,246,246,[214],2993.5,10.0,Inner6,2992,2996,2993.5,differentia=64+policy=RecencyProportionalResolution+target=64,<function upgma at 0x7fcf41625160>
2431,247,247,[246],2995.5,2.0,Inner2,2992,3000,2995.5,differentia=64+policy=RecencyProportionalResolution+target=64,<function upgma at 0x7fcf41625160>
2432,248,248,[247],3000.0,4.5,285968,3000,3001,3000.0,differentia=64+policy=RecencyProportionalResolution+target=64,<function upgma at 0x7fcf41625160>
2433,249,249,[247],3001.0,5.5,286048,3001,3002,3001.0,differentia=64+policy=RecencyProportionalResolution+target=64,<function upgma at 0x7fcf41625160>
2434,250,250,[246],2995.5,2.0,Inner4,2992,3000,2995.5,differentia=64+policy=RecencyProportionalResolution+target=64,<function upgma at 0x7fcf41625160>
2435,251,251,[250],2995.5,0.0,Inner1,2992,3000,2995.5,differentia=64+policy=RecencyProportionalResolution+target=64,<function upgma at 0x7fcf41625160>
2436,252,252,[251],3000.0,4.5,285963,3000,3001,3000.0,differentia=64+policy=RecencyProportionalResolution+target=64,<function upgma at 0x7fcf41625160>
2437,253,253,[251],3001.0,5.5,286020,3001,3002,3001.0,differentia=64+policy=RecencyProportionalResolution+target=64,<function upgma at 0x7fcf41625160>
2438,254,254,[250],3001.0,5.5,286075,3001,3002,3001.0,differentia=64+policy=RecencyProportionalResolution+target=64,<function upgma at 0x7fcf41625160>
2439,255,255,[205],2995.5,12.0,Inner9,2992,3000,2995.5,differentia=64+policy=RecencyProportionalResolution+target=64,<function upgma at 0x7fcf41625160>
2440,256,256,[255],3001.0,5.5,286054,3001,3002,3001.0,differentia=64+policy=RecencyProportionalResolution+target=64,<function upgma at 0x7fcf41625160>
2441,257,257,[255],3001.0,5.5,286078,3001,3002,3001.0,differentia=64+policy=RecencyProportionalResolution+target=64,<function upgma at 0x7fcf41625160>
2442,258,258,[162],2995.5,12.0,Inner16,2992,3000,2995.5,differentia=64+policy=RecencyProportionalResolution+target=64,<function upgma at 0x7fcf41625160>
2443,259,259,[258],3001.0,5.5,286040,3001,3002,3001.0,differentia=64+policy=RecencyProportionalResolution+target=64,<function upgma at 0x7fcf41625160>
2444,260,260,[258],2995.5,0.0,Inner15,2992,3000,2995.5,differentia=64+policy=RecencyProportionalResolution+target=64,<function upgma at 0x7fcf41625160>
2445,261,261,[260],3001.0,5.5,286044,3001,3002,3001.0,differentia=64+policy=RecencyProportionalResolution+target=64,<function upgma at 0x7fcf41625160>
2446,262,262,[260],2995.5,0.0,Inner14,2992,3000,2995.5,differentia=64+policy=RecencyProportionalResolution+target=64,<function upgma at 0x7fcf41625160>
2447,263,263,[262],3001.0,5.5,285995,3001,3002,3001.0,differentia=64+policy=RecencyProportionalResolution+target=64,<function upgma at 0x7fcf41625160>
2448,264,264,[262],2995.5,0.0,Inner13,2992,3000,2995.5,differentia=64+policy=RecencyProportionalResolution+target=64,<function upgma at 0x7fcf41625160>
2449,265,265,[264],3001.0,5.5,285993,3001,3002,3001.0,differentia=64+policy=RecencyProportionalResolution+target=64,<function upgma at 0x7fcf41625160>
2450,266,266,[264],2995.5,0.0,Inner12,2992,3000,2995.5,differentia=64+policy=RecencyProportionalResolution+target=64,<function upgma at 0x7fcf41625160>
2451,267,267,[266],3001.0,5.5,286001,3001,3002,3001.0,differentia=64+policy=RecencyProportionalResolution+target=64,<function upgma at 0x7fcf41625160>
2452,268,268,[266],2995.5,0.0,Inner11,2992,3000,2995.5,differentia=64+policy=RecencyProportionalResolution+target=64,<function upgma at 0x7fcf41625160>
2453,269,269,[268],2995.5,0.0,Inner10,2992,3000,2995.5,differentia=64+policy=RecencyProportionalResolution+target=64,<function upgma at 0x7fcf41625160>
2454,270,270,[269],3001.0,5.5,286021,3001,3002,3001.0,differentia=64+policy=RecencyProportionalResolution+target=64,<function upgma at 0x7fcf41625160>
2455,271,271,[269],3001.0,5.5,286046,3001,3002,3001.0,differentia=64+policy=RecencyProportionalResolution+target=64,<function upgma at 0x7fcf41625160>
2456,272,272,[268],3001.0,5.5,286083,3001,3002,3001.0,differentia=64+policy=RecencyProportionalResolution+target=64,<function upgma at 0x7fcf41625160>
2457,0,0,[None],2927.5,2927.5,Inner136,2912,2944,2927.5,differentia=64+policy=TaperedDepthProportionalResolution+target=4096,<function upgma at 0x7fcf41625160>
2458,1,1,[0],2987.0,59.5,Inner133,2976,2999,2987.0,differentia=64+policy=TaperedDepthProportionalResolution+target=4096,<function upgma at 0x7fcf41625160>
2459,2,2,[1],2987.0,0.0,Inner132,2976,2999,2987.0,differentia=64+policy=TaperedDepthProportionalResolution+target=4096,<function upgma at 0x7fcf41625160>
2460,3,3,[2],2987.0,0.0,Inner131,2976,2999,2987.0,differentia=64+policy=TaperedDepthProportionalResolution+target=4096,<function upgma at 0x7fcf41625160>
2461,4,4,[3],2987.0,0.0,Inner130,2976,2999,2987.0,differentia=64+policy=TaperedDepthProportionalResolution+target=4096,<function upgma at 0x7fcf41625160>
2462,5,5,[4],3001.0,14.0,286076,3001,3002,3001.0,differentia=64+policy=TaperedDepthProportionalResolution+target=4096,<function upgma at 0x7fcf41625160>
2463,6,6,[4],2987.0,0.0,Inner129,2976,2999,2987.0,differentia=64+policy=TaperedDepthProportionalResolution+target=4096,<function upgma at 0x7fcf41625160>
2464,7,7,[6],3001.0,14.0,286065,3001,3002,3001.0,differentia=64+policy=TaperedDepthProportionalResolution+target=4096,<function upgma at 0x7fcf41625160>
2465,8,8,[6],2987.0,0.0,Inner128,2976,2999,2987.0,differentia=64+policy=TaperedDepthProportionalResolution+target=4096,<function upgma at 0x7fcf41625160>
2466,9,9,[8],3001.0,14.0,286060,3001,3002,3001.0,differentia=64+policy=TaperedDepthProportionalResolution+target=4096,<function upgma at 0x7fcf41625160>
2467,10,10,[8],2987.0,0.0,Inner127,2976,2999,2987.0,differentia=64+policy=TaperedDepthProportionalResolution+target=4096,<function upgma at 0x7fcf41625160>
2468,11,11,[10],3001.0,14.0,286059,3001,3002,3001.0,differentia=64+policy=TaperedDepthProportionalResolution+target=4096,<function upgma at 0x7fcf41625160>
2469,12,12,[10],2987.0,0.0,Inner126,2976,2999,2987.0,differentia=64+policy=TaperedDepthProportionalResolution+target=4096,<function upgma at 0x7fcf41625160>
2470,13,13,[12],3001.0,14.0,286058,3001,3002,3001.0,differentia=64+policy=TaperedDepthProportionalResolution+target=4096,<function upgma at 0x7fcf41625160>
2471,14,14,[12],2987.0,0.0,Inner124,2976,2999,2987.0,differentia=64+policy=TaperedDepthProportionalResolution+target=4096,<function upgma at 0x7fcf41625160>
2472,15,15,[14],3001.0,14.0,286056,3001,3002,3001.0,differentia=64+policy=TaperedDepthProportionalResolution+target=4096,<function upgma at 0x7fcf41625160>
2473,16,16,[14],2987.0,0.0,Inner122,2976,2999,2987.0,differentia=64+policy=TaperedDepthProportionalResolution+target=4096,<function upgma at 0x7fcf41625160>
2474,17,17,[16],3001.0,14.0,286053,3001,3002,3001.0,differentia=64+policy=TaperedDepthProportionalResolution+target=4096,<function upgma at 0x7fcf41625160>
2475,18,18,[16],2987.0,0.0,Inner120,2976,2999,2987.0,differentia=64+policy=TaperedDepthProportionalResolution+target=4096,<function upgma at 0x7fcf41625160>
2476,19,19,[18],3001.0,14.0,286051,3001,3002,3001.0,differentia=64+policy=TaperedDepthProportionalResolution+target=4096,<function upgma at 0x7fcf41625160>
2477,20,20,[18],2987.0,0.0,Inner118,2976,2999,2987.0,differentia=64+policy=TaperedDepthProportionalResolution+target=4096,<function upgma at 0x7fcf41625160>
2478,21,21,[20],2987.0,0.0,Inner116,2976,2999,2987.0,differentia=64+policy=TaperedDepthProportionalResolution+target=4096,<function upgma at 0x7fcf41625160>
2479,22,22,[21],3001.0,14.0,286042,3001,3002,3001.0,differentia=64+policy=TaperedDepthProportionalResolution+target=4096,<function upgma at 0x7fcf41625160>
2480,23,23,[21],2987.0,0.0,Inner114,2976,2999,2987.0,differentia=64+policy=TaperedDepthProportionalResolution+target=4096,<function upgma at 0x7fcf41625160>
2481,24,24,[23],3001.0,14.0,286039,3001,3002,3001.0,differentia=64+policy=TaperedDepthProportionalResolution+target=4096,<function upgma at 0x7fcf41625160>
2482,25,25,[23],2987.0,0.0,Inner112,2976,2999,2987.0,differentia=64+policy=TaperedDepthProportionalResolution+target=4096,<function upgma at 0x7fcf41625160>
2483,26,26,[25],3001.0,14.0,286038,3001,3002,3001.0,differentia=64+policy=TaperedDepthProportionalResolution+target=4096,<function upgma at 0x7fcf41625160>
2484,27,27,[25],2987.0,0.0,Inner110,2976,2999,2987.0,differentia=64+policy=TaperedDepthProportionalResolution+target=4096,<function upgma at 0x7fcf41625160>
2485,28,28,[27],3001.0,14.0,286036,3001,3002,3001.0,differentia=64+policy=TaperedDepthProportionalResolution+target=4096,<function upgma at 0x7fcf41625160>
2486,29,29,[27],2987.0,0.0,Inner108,2976,2999,2987.0,differentia=64+policy=TaperedDepthProportionalResolution+target=4096,<function upgma at 0x7fcf41625160>
2487,30,30,[29],3001.0,14.0,286032,3001,3002,3001.0,differentia=64+policy=TaperedDepthProportionalResolution+target=4096,<function upgma at 0x7fcf41625160>
2488,31,31,[29],2987.0,0.0,Inner106,2976,2999,2987.0,differentia=64+policy=TaperedDepthProportionalResolution+target=4096,<function upgma at 0x7fcf41625160>
2489,32,32,[31],3001.0,14.0,286030,3001,3002,3001.0,differentia=64+policy=TaperedDepthProportionalResolution+target=4096,<function upgma at 0x7fcf41625160>
2490,33,33,[31],2987.0,0.0,Inner104,2976,2999,2987.0,differentia=64+policy=TaperedDepthProportionalResolution+target=4096,<function upgma at 0x7fcf41625160>
2491,34,34,[33],3001.0,14.0,286029,3001,3002,3001.0,differentia=64+policy=TaperedDepthProportionalResolution+target=4096,<function upgma at 0x7fcf41625160>
2492,35,35,[33],2987.0,0.0,Inner102,2976,2999,2987.0,differentia=64+policy=TaperedDepthProportionalResolution+target=4096,<function upgma at 0x7fcf41625160>
2493,36,36,[35],3001.0,14.0,286027,3001,3002,3001.0,differentia=64+policy=TaperedDepthProportionalResolution+target=4096,<function upgma at 0x7fcf41625160>
2494,37,37,[35],2987.0,0.0,Inner100,2976,2999,2987.0,differentia=64+policy=TaperedDepthProportionalResolution+target=4096,<function upgma at 0x7fcf41625160>
2495,38,38,[37],3001.0,14.0,286026,3001,3002,3001.0,differentia=64+policy=TaperedDepthProportionalResolution+target=4096,<function upgma at 0x7fcf41625160>
2496,39,39,[37],2987.0,0.0,Inner98,2976,2999,2987.0,differentia=64+policy=TaperedDepthProportionalResolution+target=4096,<function upgma at 0x7fcf41625160>
2497,40,40,[39],3001.0,14.0,286045,3001,3002,3001.0,differentia=64+policy=TaperedDepthProportionalResolution+target=4096,<function upgma at 0x7fcf41625160>
2498,41,41,[39],2987.0,0.0,Inner96,2976,2999,2987.0,differentia=64+policy=TaperedDepthProportionalResolution+target=4096,<function upgma at 0x7fcf41625160>
2499,42,42,[41],3001.0,14.0,286025,3001,3002,3001.0,differentia=64+policy=TaperedDepthProportionalResolution+target=4096,<function upgma at 0x7fcf41625160>
2500,43,43,[41],2987.0,0.0,Inner94,2976,2999,2987.0,differentia=64+policy=TaperedDepthProportionalResolution+target=4096,<function upgma at 0x7fcf41625160>
2501,44,44,[43],3001.0,14.0,286024,3001,3002,3001.0,differentia=64+policy=TaperedDepthProportionalResolution+target=4096,<function upgma at 0x7fcf41625160>
2502,45,45,[43],2987.0,0.0,Inner92,2976,2999,2987.0,differentia=64+policy=TaperedDepthProportionalResolution+target=4096,<function upgma at 0x7fcf41625160>
2503,46,46,[45],3001.0,14.0,286017,3001,3002,3001.0,differentia=64+policy=TaperedDepthProportionalResolution+target=4096,<function upgma at 0x7fcf41625160>
2504,47,47,[45],2987.0,0.0,Inner90,2976,2999,2987.0,differentia=64+policy=TaperedDepthProportionalResolution+target=4096,<function upgma at 0x7fcf41625160>
2505,48,48,[47],3001.0,14.0,286016,3001,3002,3001.0,differentia=64+policy=TaperedDepthProportionalResolution+target=4096,<function upgma at 0x7fcf41625160>
2506,49,49,[47],2987.0,0.0,Inner88,2976,2999,2987.0,differentia=64+policy=TaperedDepthProportionalResolution+target=4096,<function upgma at 0x7fcf41625160>
2507,50,50,[49],3001.0,14.0,286012,3001,3002,3001.0,differentia=64+policy=TaperedDepthProportionalResolution+target=4096,<function upgma at 0x7fcf41625160>
2508,51,51,[49],2987.0,0.0,Inner86,2976,2999,2987.0,differentia=64+policy=TaperedDepthProportionalResolution+target=4096,<function upgma at 0x7fcf41625160>
2509,52,52,[51],3001.0,14.0,286010,3001,3002,3001.0,differentia=64+policy=TaperedDepthProportionalResolution+target=4096,<function upgma at 0x7fcf41625160>
2510,53,53,[51],2987.0,0.0,Inner84,2976,2999,2987.0,differentia=64+policy=TaperedDepthProportionalResolution+target=4096,<function upgma at 0x7fcf41625160>
2511,54,54,[53],3001.0,14.0,286003,3001,3002,3001.0,differentia=64+policy=TaperedDepthProportionalResolution+target=4096,<function upgma at 0x7fcf41625160>
2512,55,55,[53],2987.0,0.0,Inner82,2976,2999,2987.0,differentia=64+policy=TaperedDepthProportionalResolution+target=4096,<function upgma at 0x7fcf41625160>
2513,56,56,[55],3001.0,14.0,286035,3001,3002,3001.0,differentia=64+policy=TaperedDepthProportionalResolution+target=4096,<function upgma at 0x7fcf41625160>
2514,57,57,[55],2987.0,0.0,Inner79,2976,2999,2987.0,differentia=64+policy=TaperedDepthProportionalResolution+target=4096,<function upgma at 0x7fcf41625160>
2515,58,58,[57],3001.0,14.0,286002,3001,3002,3001.0,differentia=64+policy=TaperedDepthProportionalResolution+target=4096,<function upgma at 0x7fcf41625160>
2516,59,59,[57],2987.0,0.0,Inner76,2976,2999,2987.0,differentia=64+policy=TaperedDepthProportionalResolution+target=4096,<function upgma at 0x7fcf41625160>
2517,60,60,[59],3001.0,14.0,286000,3001,3002,3001.0,differentia=64+policy=TaperedDepthProportionalResolution+target=4096,<function upgma at 0x7fcf41625160>
2518,61,61,[59],2987.0,0.0,Inner73,2976,2999,2987.0,differentia=64+policy=TaperedDepthProportionalResolution+target=4096,<function upgma at 0x7fcf41625160>
2519,62,62,[61],3001.0,14.0,285999,3001,3002,3001.0,differentia=64+policy=TaperedDepthProportionalResolution+target=4096,<function upgma at 0x7fcf41625160>
2520,63,63,[61],2987.0,0.0,Inner70,2976,2999,2987.0,differentia=64+policy=TaperedDepthProportionalResolution+target=4096,<function upgma at 0x7fcf41625160>
2521,64,64,[63],3001.0,14.0,285998,3001,3002,3001.0,differentia=64+policy=TaperedDepthProportionalResolution+target=4096,<function upgma at 0x7fcf41625160>
2522,65,65,[63],2987.0,0.0,Inner67,2976,2999,2987.0,differentia=64+policy=TaperedDepthProportionalResolution+target=4096,<function upgma at 0x7fcf41625160>
2523,66,66,[65],3001.0,14.0,285996,3001,3002,3001.0,differentia=64+policy=TaperedDepthProportionalResolution+target=4096,<function upgma at 0x7fcf41625160>
2524,67,67,[65],2987.0,0.0,Inner64,2976,2999,2987.0,differentia=64+policy=TaperedDepthProportionalResolution+target=4096,<function upgma at 0x7fcf41625160>
2525,68,68,[67],3001.0,14.0,285991,3001,3002,3001.0,differentia=64+policy=TaperedDepthProportionalResolution+target=4096,<function upgma at 0x7fcf41625160>
2526,69,69,[67],2987.0,0.0,Inner61,2976,2999,2987.0,differentia=64+policy=TaperedDepthProportionalResolution+target=4096,<function upgma at 0x7fcf41625160>
2527,70,70,[69],3001.0,14.0,285990,3001,3002,3001.0,differentia=64+policy=TaperedDepthProportionalResolution+target=4096,<function upgma at 0x7fcf41625160>
2528,71,71,[69],2987.0,0.0,Inner58,2976,2999,2987.0,differentia=64+policy=TaperedDepthProportionalResolution+target=4096,<function upgma at 0x7fcf41625160>
2529,72,72,[71],3001.0,14.0,285984,3001,3002,3001.0,differentia=64+policy=TaperedDepthProportionalResolution+target=4096,<function upgma at 0x7fcf41625160>
2530,73,73,[71],2987.0,0.0,Inner55,2976,2999,2987.0,differentia=64+policy=TaperedDepthProportionalResolution+target=4096,<function upgma at 0x7fcf41625160>
2531,74,74,[73],3001.0,14.0,285982,3001,3002,3001.0,differentia=64+policy=TaperedDepthProportionalResolution+target=4096,<function upgma at 0x7fcf41625160>
2532,75,75,[73],2987.0,0.0,Inner52,2976,2999,2987.0,differentia=64+policy=TaperedDepthProportionalResolution+target=4096,<function upgma at 0x7fcf41625160>
2533,76,76,[75],2987.0,0.0,Inner49,2976,2999,2987.0,differentia=64+policy=TaperedDepthProportionalResolution+target=4096,<function upgma at 0x7fcf41625160>
2534,77,77,[76],3001.0,14.0,285985,3001,3002,3001.0,differentia=64+policy=TaperedDepthProportionalResolution+target=4096,<function upgma at 0x7fcf41625160>
2535,78,78,[76],2987.0,0.0,Inner46,2976,2999,2987.0,differentia=64+policy=TaperedDepthProportionalResolution+target=4096,<function upgma at 0x7fcf41625160>
2536,79,79,[78],3001.0,14.0,286062,3001,3002,3001.0,differentia=64+policy=TaperedDepthProportionalResolution+target=4096,<function upgma at 0x7fcf41625160>
2537,80,80,[78],2987.0,0.0,Inner43,2976,2999,2987.0,differentia=64+policy=TaperedDepthProportionalResolution+target=4096,<function upgma at 0x7fcf41625160>
2538,81,81,[80],3001.0,14.0,286008,3001,3002,3001.0,differentia=64+policy=TaperedDepthProportionalResolution+target=4096,<function upgma at 0x7fcf41625160>
2539,82,82,[80],2987.0,0.0,Inner40,2976,2999,2987.0,differentia=64+policy=TaperedDepthProportionalResolution+target=4096,<function upgma at 0x7fcf41625160>
2540,83,83,[82],3001.0,14.0,286055,3001,3002,3001.0,differentia=64+policy=TaperedDepthProportionalResolution+target=4096,<function upgma at 0x7fcf41625160>
2541,84,84,[82],2987.0,0.0,Inner37,2976,2999,2987.0,differentia=64+policy=TaperedDepthProportionalResolution+target=4096,<function upgma at 0x7fcf41625160>
2542,85,85,[84],2987.0,0.0,Inner34,2976,2999,2987.0,differentia=64+policy=TaperedDepthProportionalResolution+target=4096,<function upgma at 0x7fcf41625160>
2543,86,86,[85],2987.0,0.0,Inner24,2976,2999,2987.0,differentia=64+policy=TaperedDepthProportionalResolution+target=4096,<function upgma at 0x7fcf41625160>
2544,87,87,[86],2987.0,0.0,Inner22,2976,2999,2987.0,differentia=64+policy=TaperedDepthProportionalResolution+target=4096,<function upgma at 0x7fcf41625160>
2545,88,88,[87],2987.0,0.0,Inner20,2976,2999,2987.0,differentia=64+policy=TaperedDepthProportionalResolution+target=4096,<function upgma at 0x7fcf41625160>
2546,89,89,[88],3000.0,13.0,285936,3000,3001,3000.0,differentia=64+policy=TaperedDepthProportionalResolution+target=4096,<function upgma at 0x7fcf41625160>
2547,90,90,[88],2987.0,0.0,Inner18,2976,2999,2987.0,differentia=64+policy=TaperedDepthProportionalResolution+target=4096,<function upgma at 0x7fcf41625160>
2548,91,91,[90],3000.0,13.0,285919,3000,3001,3000.0,differentia=64+policy=TaperedDepthProportionalResolution+target=4096,<function upgma at 0x7fcf41625160>
2549,92,92,[90],2987.0,0.0,Inner15,2976,2999,2987.0,differentia=64+policy=TaperedDepthProportionalResolution+target=4096,<function upgma at 0x7fcf41625160>
2550,93,93,[92],3000.0,13.0,285907,3000,3001,3000.0,differentia=64+policy=TaperedDepthProportionalResolution+target=4096,<function upgma at 0x7fcf41625160>
2551,94,94,[92],2986.5,-0.5,Inner14,2976,2998,2986.5,differentia=64+policy=TaperedDepthProportionalResolution+target=4096,<function upgma at 0x7fcf41625160>
2552,95,95,[94],2999.0,12.5,285850,2999,3000,2999.0,differentia=64+policy=TaperedDepthProportionalResolution+target=4096,<function upgma at 0x7fcf41625160>
2553,96,96,[94],2987.0,0.5,Inner13,2976,2999,2987.0,differentia=64+policy=TaperedDepthProportionalResolution+target=4096,<function upgma at 0x7fcf41625160>
2554,97,97,[96],2999.0,12.0,285804,2999,3000,2999.0,differentia=64+policy=TaperedDepthProportionalResolution+target=4096,<function upgma at 0x7fcf41625160>
2555,98,98,[96],3000.0,13.0,285950,3000,3001,3000.0,differentia=64+policy=TaperedDepthProportionalResolution+target=4096,<function upgma at 0x7fcf41625160>
2556,99,99,[87],3000.0,13.0,285972,3000,3001,3000.0,differentia=64+policy=TaperedDepthProportionalResolution+target=4096,<function upgma at 0x7fcf41625160>
2557,100,100,[86],3000.0,13.0,285980,3000,3001,3000.0,differentia=64+policy=TaperedDepthProportionalResolution+target=4096,<function upgma at 0x7fcf41625160>
2558,101,101,[85],3001.0,14.0,285989,3001,3002,3001.0,differentia=64+policy=TaperedDepthProportionalResolution+target=4096,<function upgma at 0x7fcf41625160>
2559,102,102,[84],3001.0,14.0,286063,3001,3002,3001.0,differentia=64+policy=TaperedDepthProportionalResolution+target=4096,<function upgma at 0x7fcf41625160>
2560,103,103,[75],3001.0,14.0,286064,3001,3002,3001.0,differentia=64+policy=TaperedDepthProportionalResolution+target=4096,<function upgma at 0x7fcf41625160>
2561,104,104,[20],3001.0,14.0,286077,3001,3002,3001.0,differentia=64+policy=TaperedDepthProportionalResolution+target=4096,<function upgma at 0x7fcf41625160>
2562,105,105,[3],3001.0,14.0,286080,3001,3002,3001.0,differentia=64+policy=TaperedDepthProportionalResolution+target=4096,<function upgma at 0x7fcf41625160>
2563,106,106,[2],3001.0,14.0,286081,3001,3002,3001.0,differentia=64+policy=TaperedDepthProportionalResolution+target=4096,<function upgma at 0x7fcf41625160>
2564,107,107,[1],3001.0,14.0,286082,3001,3002,3001.0,differentia=64+policy=TaperedDepthProportionalResolution+target=4096,<function upgma at 0x7fcf41625160>
2565,108,108,[0],2927.5,0.0,Inner135,2912,2944,2927.5,differentia=64+policy=TaperedDepthProportionalResolution+target=4096,<function upgma at 0x7fcf41625160>
2566,109,109,[108],2987.5,60.0,Inner31,2976,3000,2987.5,differentia=64+policy=TaperedDepthProportionalResolution+target=4096,<function upgma at 0x7fcf41625160>
2567,110,110,[109],3000.0,12.5,285894,3000,3001,3000.0,differentia=64+policy=TaperedDepthProportionalResolution+target=4096,<function upgma at 0x7fcf41625160>
2568,111,111,[109],3001.0,13.5,286033,3001,3002,3001.0,differentia=64+policy=TaperedDepthProportionalResolution+target=4096,<function upgma at 0x7fcf41625160>
2569,112,112,[108],2959.5,32.0,Inner134,2944,2976,2959.5,differentia=64+policy=TaperedDepthProportionalResolution+target=4096,<function upgma at 0x7fcf41625160>
2570,113,113,[112],2985.5,26.0,Inner81,2976,2996,2985.5,differentia=64+policy=TaperedDepthProportionalResolution+target=4096,<function upgma at 0x7fcf41625160>
2571,114,114,[113],3001.0,15.5,286066,3001,3002,3001.0,differentia=64+policy=TaperedDepthProportionalResolution+target=4096,<function upgma at 0x7fcf41625160>
2572,115,115,[113],2985.5,0.0,Inner78,2976,2996,2985.5,differentia=64+policy=TaperedDepthProportionalResolution+target=4096,<function upgma at 0x7fcf41625160>
2573,116,116,[115],3001.0,15.5,286074,3001,3002,3001.0,differentia=64+policy=TaperedDepthProportionalResolution+target=4096,<function upgma at 0x7fcf41625160>
2574,117,117,[115],2985.5,0.0,Inner75,2976,2996,2985.5,differentia=64+policy=TaperedDepthProportionalResolution+target=4096,<function upgma at 0x7fcf41625160>
2575,118,118,[117],3001.0,15.5,286006,3001,3002,3001.0,differentia=64+policy=TaperedDepthProportionalResolution+target=4096,<function upgma at 0x7fcf41625160>
2576,119,119,[117],2985.5,0.0,Inner72,2976,2996,2985.5,differentia=64+policy=TaperedDepthProportionalResolution+target=4096,<function upgma at 0x7fcf41625160>
2577,120,120,[119],3001.0,15.5,286069,3001,3002,3001.0,differentia=64+policy=TaperedDepthProportionalResolution+target=4096,<function upgma at 0x7fcf41625160>
2578,121,121,[119],2985.5,0.0,Inner69,2976,2996,2985.5,differentia=64+policy=TaperedDepthProportionalResolution+target=4096,<function upgma at 0x7fcf41625160>
2579,122,122,[121],3001.0,15.5,285992,3001,3002,3001.0,differentia=64+policy=TaperedDepthProportionalResolution+target=4096,<function upgma at 0x7fcf41625160>
2580,123,123,[121],2985.5,0.0,Inner66,2976,2996,2985.5,differentia=64+policy=TaperedDepthProportionalResolution+target=4096,<function upgma at 0x7fcf41625160>
2581,124,124,[123],3001.0,15.5,286067,3001,3002,3001.0,differentia=64+policy=TaperedDepthProportionalResolution+target=4096,<function upgma at 0x7fcf41625160>
2582,125,125,[123],2985.5,0.0,Inner63,2976,2996,2985.5,differentia=64+policy=TaperedDepthProportionalResolution+target=4096,<function upgma at 0x7fcf41625160>
2583,126,126,[125],3001.0,15.5,286052,3001,3002,3001.0,differentia=64+policy=TaperedDepthProportionalResolution+target=4096,<function upgma at 0x7fcf41625160>
2584,127,127,[125],2985.5,0.0,Inner60,2976,2996,2985.5,differentia=64+policy=TaperedDepthProportionalResolution+target=4096,<function upgma at 0x7fcf41625160>
2585,128,128,[127],3001.0,15.5,286028,3001,3002,3001.0,differentia=64+policy=TaperedDepthProportionalResolution+target=4096,<function upgma at 0x7fcf41625160>
2586,129,129,[127],2985.5,0.0,Inner57,2976,2996,2985.5,differentia=64+policy=TaperedDepthProportionalResolution+target=4096,<function upgma at 0x7fcf41625160>
2587,130,130,[129],3001.0,15.5,286022,3001,3002,3001.0,differentia=64+policy=TaperedDepthProportionalResolution+target=4096,<function upgma at 0x7fcf41625160>
2588,131,131,[129],2985.5,0.0,Inner54,2976,2996,2985.5,differentia=64+policy=TaperedDepthProportionalResolution+target=4096,<function upgma at 0x7fcf41625160>
2589,132,132,[131],3001.0,15.5,285987,3001,3002,3001.0,differentia=64+policy=TaperedDepthProportionalResolution+target=4096,<function upgma at 0x7fcf41625160>
2590,133,133,[131],2985.5,0.0,Inner51,2976,2996,2985.5,differentia=64+policy=TaperedDepthProportionalResolution+target=4096,<function upgma at 0x7fcf41625160>
2591,134,134,[133],2985.5,0.0,Inner48,2976,2996,2985.5,differentia=64+policy=TaperedDepthProportionalResolution+target=4096,<function upgma at 0x7fcf41625160>
2592,135,135,[134],2985.5,0.0,Inner45,2976,2996,2985.5,differentia=64+policy=TaperedDepthProportionalResolution+target=4096,<function upgma at 0x7fcf41625160>
2593,136,136,[135],2985.5,0.0,Inner42,2976,2996,2985.5,differentia=64+policy=TaperedDepthProportionalResolution+target=4096,<function upgma at 0x7fcf41625160>
2594,137,137,[136],3001.0,15.5,286019,3001,3002,3001.0,differentia=64+policy=TaperedDepthProportionalResolution+target=4096,<function upgma at 0x7fcf41625160>
2595,138,138,[136],2985.5,0.0,Inner39,2976,2996,2985.5,differentia=64+policy=TaperedDepthProportionalResolution+target=4096,<function upgma at 0x7fcf41625160>
2596,139,139,[138],2985.5,0.0,Inner36,2976,2996,2985.5,differentia=64+policy=TaperedDepthProportionalResolution+target=4096,<function upgma at 0x7fcf41625160>
2597,140,140,[139],3001.0,15.5,285997,3001,3002,3001.0,differentia=64+policy=TaperedDepthProportionalResolution+target=4096,<function upgma at 0x7fcf41625160>
2598,141,141,[139],2985.5,0.0,Inner33,2976,2996,2985.5,differentia=64+policy=TaperedDepthProportionalResolution+target=4096,<function upgma at 0x7fcf41625160>
2599,142,142,[141],2985.5,0.0,Inner17,2976,2996,2985.5,differentia=64+policy=TaperedDepthProportionalResolution+target=4096,<function upgma at 0x7fcf41625160>
2600,143,143,[142],3000.0,14.5,285899,3000,3001,3000.0,differentia=64+policy=TaperedDepthProportionalResolution+target=4096,<function upgma at 0x7fcf41625160>
2601,144,144,[142],2985.5,0.0,Inner12,2976,2996,2985.5,differentia=64+policy=TaperedDepthProportionalResolution+target=4096,<function upgma at 0x7fcf41625160>
2602,145,145,[144],2985.5,0.0,Inner9,2976,2996,2985.5,differentia=64+policy=TaperedDepthProportionalResolution+target=4096,<function upgma at 0x7fcf41625160>
2603,146,146,[145],2985.5,0.0,Inner7,2976,2996,2985.5,differentia=64+policy=TaperedDepthProportionalResolution+target=4096,<function upgma at 0x7fcf41625160>
2604,147,147,[146],2985.5,0.0,Inner4,2976,2996,2985.5,differentia=64+policy=TaperedDepthProportionalResolution+target=4096,<function upgma at 0x7fcf41625160>
2605,148,148,[147],2985.5,0.0,Inner2,2976,2996,2985.5,differentia=64+policy=TaperedDepthProportionalResolution+target=4096,<function upgma at 0x7fcf41625160>
2606,149,149,[148],2996.0,10.5,285553,2996,2997,2996.0,differentia=64+policy=TaperedDepthProportionalResolution+target=4096,<function upgma at 0x7fcf41625160>
2607,150,150,[148],2997.0,11.5,285695,2997,2998,2997.0,differentia=64+policy=TaperedDepthProportionalResolution+target=4096,<function upgma at 0x7fcf41625160>
2608,151,151,[147],2998.0,12.5,285752,2998,2999,2998.0,differentia=64+policy=TaperedDepthProportionalResolution+target=4096,<function upgma at 0x7fcf41625160>
2609,152,152,[146],2999.0,13.5,285815,2999,3000,2999.0,differentia=64+policy=TaperedDepthProportionalResolution+target=4096,<function upgma at 0x7fcf41625160>
2610,153,153,[145],2999.0,13.5,285860,2999,3000,2999.0,differentia=64+policy=TaperedDepthProportionalResolution+target=4096,<function upgma at 0x7fcf41625160>
2611,154,154,[144],3000.0,14.5,285937,3000,3001,3000.0,differentia=64+policy=TaperedDepthProportionalResolution+target=4096,<function upgma at 0x7fcf41625160>
2612,155,155,[141],3001.0,15.5,286061,3001,3002,3001.0,differentia=64+policy=TaperedDepthProportionalResolution+target=4096,<function upgma at 0x7fcf41625160>
2613,156,156,[138],3001.0,15.5,286068,3001,3002,3001.0,differentia=64+policy=TaperedDepthProportionalResolution+target=4096,<function upgma at 0x7fcf41625160>
2614,157,157,[135],3001.0,15.5,286070,3001,3002,3001.0,differentia=64+policy=TaperedDepthProportionalResolution+target=4096,<function upgma at 0x7fcf41625160>
2615,158,158,[134],3001.0,15.5,286071,3001,3002,3001.0,differentia=64+policy=TaperedDepthProportionalResolution+target=4096,<function upgma at 0x7fcf41625160>
2616,159,159,[133],3001.0,15.5,286079,3001,3002,3001.0,differentia=64+policy=TaperedDepthProportionalResolution+target=4096,<function upgma at 0x7fcf41625160>
2617,160,160,[112],2984.0,24.5,Inner125,2976,2993,2984.0,differentia=64+policy=TaperedDepthProportionalResolution+target=4096,<function upgma at 0x7fcf41625160>
2618,161,161,[160],3001.0,17.0,286014,3001,3002,3001.0,differentia=64+policy=TaperedDepthProportionalResolution+target=4096,<function upgma at 0x7fcf41625160>
2619,162,162,[160],2984.0,0.0,Inner123,2976,2993,2984.0,differentia=64+policy=TaperedDepthProportionalResolution+target=4096,<function upgma at 0x7fcf41625160>
2620,163,163,[162],3001.0,17.0,286075,3001,3002,3001.0,differentia=64+policy=TaperedDepthProportionalResolution+target=4096,<function upgma at 0x7fcf41625160>
2621,164,164,[162],2984.0,0.0,Inner121,2976,2993,2984.0,differentia=64+policy=TaperedDepthProportionalResolution+target=4096,<function upgma at 0x7fcf41625160>
2622,165,165,[164],3001.0,17.0,286048,3001,3002,3001.0,differentia=64+policy=TaperedDepthProportionalResolution+target=4096,<function upgma at 0x7fcf41625160>
2623,166,166,[164],2984.0,0.0,Inner119,2976,2993,2984.0,differentia=64+policy=TaperedDepthProportionalResolution+target=4096,<function upgma at 0x7fcf41625160>
2624,167,167,[166],3001.0,17.0,286020,3001,3002,3001.0,differentia=64+policy=TaperedDepthProportionalResolution+target=4096,<function upgma at 0x7fcf41625160>
2625,168,168,[166],2984.0,0.0,Inner117,2976,2993,2984.0,differentia=64+policy=TaperedDepthProportionalResolution+target=4096,<function upgma at 0x7fcf41625160>
2626,169,169,[168],3001.0,17.0,286040,3001,3002,3001.0,differentia=64+policy=TaperedDepthProportionalResolution+target=4096,<function upgma at 0x7fcf41625160>
2627,170,170,[168],2984.0,0.0,Inner115,2976,2993,2984.0,differentia=64+policy=TaperedDepthProportionalResolution+target=4096,<function upgma at 0x7fcf41625160>
2628,171,171,[170],3001.0,17.0,286044,3001,3002,3001.0,differentia=64+policy=TaperedDepthProportionalResolution+target=4096,<function upgma at 0x7fcf41625160>
2629,172,172,[170],2984.0,0.0,Inner113,2976,2993,2984.0,differentia=64+policy=TaperedDepthProportionalResolution+target=4096,<function upgma at 0x7fcf41625160>
2630,173,173,[172],3001.0,17.0,285995,3001,3002,3001.0,differentia=64+policy=TaperedDepthProportionalResolution+target=4096,<function upgma at 0x7fcf41625160>
2631,174,174,[172],2984.0,0.0,Inner111,2976,2993,2984.0,differentia=64+policy=TaperedDepthProportionalResolution+target=4096,<function upgma at 0x7fcf41625160>
2632,175,175,[174],3001.0,17.0,285993,3001,3002,3001.0,differentia=64+policy=TaperedDepthProportionalResolution+target=4096,<function upgma at 0x7fcf41625160>
2633,176,176,[174],2984.0,0.0,Inner109,2976,2993,2984.0,differentia=64+policy=TaperedDepthProportionalResolution+target=4096,<function upgma at 0x7fcf41625160>
2634,177,177,[176],3001.0,17.0,286001,3001,3002,3001.0,differentia=64+policy=TaperedDepthProportionalResolution+target=4096,<function upgma at 0x7fcf41625160>
2635,178,178,[176],2984.0,0.0,Inner107,2976,2993,2984.0,differentia=64+policy=TaperedDepthProportionalResolution+target=4096,<function upgma at 0x7fcf41625160>
2636,179,179,[178],2984.0,0.0,Inner105,2976,2993,2984.0,differentia=64+policy=TaperedDepthProportionalResolution+target=4096,<function upgma at 0x7fcf41625160>
2637,180,180,[179],3001.0,17.0,286046,3001,3002,3001.0,differentia=64+policy=TaperedDepthProportionalResolution+target=4096,<function upgma at 0x7fcf41625160>
2638,181,181,[179],2984.0,0.0,Inner103,2976,2993,2984.0,differentia=64+policy=TaperedDepthProportionalResolution+target=4096,<function upgma at 0x7fcf41625160>
2639,182,182,[181],3001.0,17.0,286021,3001,3002,3001.0,differentia=64+policy=TaperedDepthProportionalResolution+target=4096,<function upgma at 0x7fcf41625160>
2640,183,183,[181],2984.0,0.0,Inner101,2976,2993,2984.0,differentia=64+policy=TaperedDepthProportionalResolution+target=4096,<function upgma at 0x7fcf41625160>
2641,184,184,[183],3001.0,17.0,286073,3001,3002,3001.0,differentia=64+policy=TaperedDepthProportionalResolution+target=4096,<function upgma at 0x7fcf41625160>
2642,185,185,[183],2984.0,0.0,Inner99,2976,2993,2984.0,differentia=64+policy=TaperedDepthProportionalResolution+target=4096,<function upgma at 0x7fcf41625160>
2643,186,186,[185],3001.0,17.0,286072,3001,3002,3001.0,differentia=64+policy=TaperedDepthProportionalResolution+target=4096,<function upgma at 0x7fcf41625160>
2644,187,187,[185],2984.0,0.0,Inner97,2976,2993,2984.0,differentia=64+policy=TaperedDepthProportionalResolution+target=4096,<function upgma at 0x7fcf41625160>
2645,188,188,[187],3001.0,17.0,286050,3001,3002,3001.0,differentia=64+policy=TaperedDepthProportionalResolution+target=4096,<function upgma at 0x7fcf41625160>
2646,189,189,[187],2984.0,0.0,Inner95,2976,2993,2984.0,differentia=64+policy=TaperedDepthProportionalResolution+target=4096,<function upgma at 0x7fcf41625160>
2647,190,190,[189],3001.0,17.0,286049,3001,3002,3001.0,differentia=64+policy=TaperedDepthProportionalResolution+target=4096,<function upgma at 0x7fcf41625160>
2648,191,191,[189],2984.0,0.0,Inner93,2976,2993,2984.0,differentia=64+policy=TaperedDepthProportionalResolution+target=4096,<function upgma at 0x7fcf41625160>
2649,192,192,[191],3001.0,17.0,286047,3001,3002,3001.0,differentia=64+policy=TaperedDepthProportionalResolution+target=4096,<function upgma at 0x7fcf41625160>
2650,193,193,[191],2984.0,0.0,Inner91,2976,2993,2984.0,differentia=64+policy=TaperedDepthProportionalResolution+target=4096,<function upgma at 0x7fcf41625160>
2651,194,194,[193],3001.0,17.0,286043,3001,3002,3001.0,differentia=64+policy=TaperedDepthProportionalResolution+target=4096,<function upgma at 0x7fcf41625160>
2652,195,195,[193],2984.0,0.0,Inner89,2976,2993,2984.0,differentia=64+policy=TaperedDepthProportionalResolution+target=4096,<function upgma at 0x7fcf41625160>
2653,196,196,[195],3001.0,17.0,286034,3001,3002,3001.0,differentia=64+policy=TaperedDepthProportionalResolution+target=4096,<function upgma at 0x7fcf41625160>
2654,197,197,[195],2984.0,0.0,Inner87,2976,2993,2984.0,differentia=64+policy=TaperedDepthProportionalResolution+target=4096,<function upgma at 0x7fcf41625160>
2655,198,198,[197],3001.0,17.0,286031,3001,3002,3001.0,differentia=64+policy=TaperedDepthProportionalResolution+target=4096,<function upgma at 0x7fcf41625160>
2656,199,199,[197],2984.0,0.0,Inner85,2976,2993,2984.0,differentia=64+policy=TaperedDepthProportionalResolution+target=4096,<function upgma at 0x7fcf41625160>
2657,200,200,[199],3001.0,17.0,286023,3001,3002,3001.0,differentia=64+policy=TaperedDepthProportionalResolution+target=4096,<function upgma at 0x7fcf41625160>
2658,201,201,[199],2984.0,0.0,Inner83,2976,2993,2984.0,differentia=64+policy=TaperedDepthProportionalResolution+target=4096,<function upgma at 0x7fcf41625160>
2659,202,202,[201],3001.0,17.0,286018,3001,3002,3001.0,differentia=64+policy=TaperedDepthProportionalResolution+target=4096,<function upgma at 0x7fcf41625160>
2660,203,203,[201],2984.0,0.0,Inner80,2976,2993,2984.0,differentia=64+policy=TaperedDepthProportionalResolution+target=4096,<function upgma at 0x7fcf41625160>
2661,204,204,[203],3001.0,17.0,286013,3001,3002,3001.0,differentia=64+policy=TaperedDepthProportionalResolution+target=4096,<function upgma at 0x7fcf41625160>
2662,205,205,[203],2984.0,0.0,Inner77,2976,2993,2984.0,differentia=64+policy=TaperedDepthProportionalResolution+target=4096,<function upgma at 0x7fcf41625160>
2663,206,206,[205],3001.0,17.0,286007,3001,3002,3001.0,differentia=64+policy=TaperedDepthProportionalResolution+target=4096,<function upgma at 0x7fcf41625160>
2664,207,207,[205],2984.0,0.0,Inner74,2976,2993,2984.0,differentia=64+policy=TaperedDepthProportionalResolution+target=4096,<function upgma at 0x7fcf41625160>
2665,208,208,[207],3001.0,17.0,286005,3001,3002,3001.0,differentia=64+policy=TaperedDepthProportionalResolution+target=4096,<function upgma at 0x7fcf41625160>
2666,209,209,[207],2984.0,0.0,Inner71,2976,2993,2984.0,differentia=64+policy=TaperedDepthProportionalResolution+target=4096,<function upgma at 0x7fcf41625160>
2667,210,210,[209],3001.0,17.0,285994,3001,3002,3001.0,differentia=64+policy=TaperedDepthProportionalResolution+target=4096,<function upgma at 0x7fcf41625160>
2668,211,211,[209],2984.0,0.0,Inner68,2976,2993,2984.0,differentia=64+policy=TaperedDepthProportionalResolution+target=4096,<function upgma at 0x7fcf41625160>
2669,212,212,[211],3001.0,17.0,285988,3001,3002,3001.0,differentia=64+policy=TaperedDepthProportionalResolution+target=4096,<function upgma at 0x7fcf41625160>
2670,213,213,[211],2984.0,0.0,Inner65,2976,2993,2984.0,differentia=64+policy=TaperedDepthProportionalResolution+target=4096,<function upgma at 0x7fcf41625160>
2671,214,214,[213],3001.0,17.0,285986,3001,3002,3001.0,differentia=64+policy=TaperedDepthProportionalResolution+target=4096,<function upgma at 0x7fcf41625160>
2672,215,215,[213],2984.0,0.0,Inner62,2976,2993,2984.0,differentia=64+policy=TaperedDepthProportionalResolution+target=4096,<function upgma at 0x7fcf41625160>
2673,216,216,[215],3001.0,17.0,285983,3001,3002,3001.0,differentia=64+policy=TaperedDepthProportionalResolution+target=4096,<function upgma at 0x7fcf41625160>
2674,217,217,[215],2984.0,0.0,Inner59,2976,2993,2984.0,differentia=64+policy=TaperedDepthProportionalResolution+target=4096,<function upgma at 0x7fcf41625160>
2675,218,218,[217],3001.0,17.0,285981,3001,3002,3001.0,differentia=64+policy=TaperedDepthProportionalResolution+target=4096,<function upgma at 0x7fcf41625160>
2676,219,219,[217],2984.0,0.0,Inner56,2976,2993,2984.0,differentia=64+policy=TaperedDepthProportionalResolution+target=4096,<function upgma at 0x7fcf41625160>
2677,220,220,[219],3001.0,17.0,286011,3001,3002,3001.0,differentia=64+policy=TaperedDepthProportionalResolution+target=4096,<function upgma at 0x7fcf41625160>
2678,221,221,[219],2984.0,0.0,Inner53,2976,2993,2984.0,differentia=64+policy=TaperedDepthProportionalResolution+target=4096,<function upgma at 0x7fcf41625160>
2679,222,222,[221],3001.0,17.0,286004,3001,3002,3001.0,differentia=64+policy=TaperedDepthProportionalResolution+target=4096,<function upgma at 0x7fcf41625160>
2680,223,223,[221],2984.0,0.0,Inner50,2976,2993,2984.0,differentia=64+policy=TaperedDepthProportionalResolution+target=4096,<function upgma at 0x7fcf41625160>
2681,224,224,[223],3001.0,17.0,286015,3001,3002,3001.0,differentia=64+policy=TaperedDepthProportionalResolution+target=4096,<function upgma at 0x7fcf41625160>
2682,225,225,[223],2984.0,0.0,Inner47,2976,2993,2984.0,differentia=64+policy=TaperedDepthProportionalResolution+target=4096,<function upgma at 0x7fcf41625160>
2683,226,226,[225],2984.0,0.0,Inner44,2976,2993,2984.0,differentia=64+policy=TaperedDepthProportionalResolution+target=4096,<function upgma at 0x7fcf41625160>
2684,227,227,[226],3001.0,17.0,286054,3001,3002,3001.0,differentia=64+policy=TaperedDepthProportionalResolution+target=4096,<function upgma at 0x7fcf41625160>
2685,228,228,[226],2984.0,0.0,Inner41,2976,2993,2984.0,differentia=64+policy=TaperedDepthProportionalResolution+target=4096,<function upgma at 0x7fcf41625160>
2686,229,229,[228],2984.0,0.0,Inner38,2976,2993,2984.0,differentia=64+policy=TaperedDepthProportionalResolution+target=4096,<function upgma at 0x7fcf41625160>
2687,230,230,[229],3001.0,17.0,286037,3001,3002,3001.0,differentia=64+policy=TaperedDepthProportionalResolution+target=4096,<function upgma at 0x7fcf41625160>
2688,231,231,[229],2984.0,0.0,Inner35,2976,2993,2984.0,differentia=64+policy=TaperedDepthProportionalResolution+target=4096,<function upgma at 0x7fcf41625160>
2689,232,232,[231],3001.0,17.0,286009,3001,3002,3001.0,differentia=64+policy=TaperedDepthProportionalResolution+target=4096,<function upgma at 0x7fcf41625160>
2690,233,233,[231],2984.0,0.0,Inner32,2976,2993,2984.0,differentia=64+policy=TaperedDepthProportionalResolution+target=4096,<function upgma at 0x7fcf41625160>
2691,234,234,[233],2984.0,0.0,Inner30,2976,2993,2984.0,differentia=64+policy=TaperedDepthProportionalResolution+target=4096,<function upgma at 0x7fcf41625160>
2692,235,235,[234],3000.0,16.0,285968,3000,3001,3000.0,differentia=64+policy=TaperedDepthProportionalResolution+target=4096,<function upgma at 0x7fcf41625160>
2693,236,236,[234],2984.0,0.0,Inner29,2976,2993,2984.0,differentia=64+policy=TaperedDepthProportionalResolution+target=4096,<function upgma at 0x7fcf41625160>
2694,237,237,[236],3000.0,16.0,285963,3000,3001,3000.0,differentia=64+policy=TaperedDepthProportionalResolution+target=4096,<function upgma at 0x7fcf41625160>
2695,238,238,[236],2984.0,0.0,Inner28,2976,2993,2984.0,differentia=64+policy=TaperedDepthProportionalResolution+target=4096,<function upgma at 0x7fcf41625160>
2696,239,239,[238],3000.0,16.0,285964,3000,3001,3000.0,differentia=64+policy=TaperedDepthProportionalResolution+target=4096,<function upgma at 0x7fcf41625160>
2697,240,240,[238],2984.0,0.0,Inner27,2976,2993,2984.0,differentia=64+policy=TaperedDepthProportionalResolution+target=4096,<function upgma at 0x7fcf41625160>
2698,241,241,[240],3000.0,16.0,285959,3000,3001,3000.0,differentia=64+policy=TaperedDepthProportionalResolution+target=4096,<function upgma at 0x7fcf41625160>
2699,242,242,[240],2984.0,0.0,Inner26,2976,2993,2984.0,differentia=64+policy=TaperedDepthProportionalResolution+target=4096,<function upgma at 0x7fcf41625160>
2700,243,243,[242],3000.0,16.0,285946,3000,3001,3000.0,differentia=64+policy=TaperedDepthProportionalResolution+target=4096,<function upgma at 0x7fcf41625160>
2701,244,244,[242],2984.0,0.0,Inner25,2976,2993,2984.0,differentia=64+policy=TaperedDepthProportionalResolution+target=4096,<function upgma at 0x7fcf41625160>
2702,245,245,[244],3000.0,16.0,285935,3000,3001,3000.0,differentia=64+policy=TaperedDepthProportionalResolution+target=4096,<function upgma at 0x7fcf41625160>
2703,246,246,[244],2984.0,0.0,Inner23,2976,2993,2984.0,differentia=64+policy=TaperedDepthProportionalResolution+target=4096,<function upgma at 0x7fcf41625160>
2704,247,247,[246],3000.0,16.0,285925,3000,3001,3000.0,differentia=64+policy=TaperedDepthProportionalResolution+target=4096,<function upgma at 0x7fcf41625160>
2705,248,248,[246],2984.0,0.0,Inner21,2976,2993,2984.0,differentia=64+policy=TaperedDepthProportionalResolution+target=4096,<function upgma at 0x7fcf41625160>
2706,249,249,[248],3000.0,16.0,285912,3000,3001,3000.0,differentia=64+policy=TaperedDepthProportionalResolution+target=4096,<function upgma at 0x7fcf41625160>
2707,250,250,[248],2984.0,0.0,Inner19,2976,2993,2984.0,differentia=64+policy=TaperedDepthProportionalResolution+target=4096,<function upgma at 0x7fcf41625160>
2708,251,251,[250],3000.0,16.0,285909,3000,3001,3000.0,differentia=64+policy=TaperedDepthProportionalResolution+target=4096,<function upgma at 0x7fcf41625160>
2709,252,252,[250],2984.0,0.0,Inner16,2976,2993,2984.0,differentia=64+policy=TaperedDepthProportionalResolution+target=4096,<function upgma at 0x7fcf41625160>
2710,253,253,[252],3000.0,16.0,285892,3000,3001,3000.0,differentia=64+policy=TaperedDepthProportionalResolution+target=4096,<function upgma at 0x7fcf41625160>
2711,254,254,[252],2984.0,0.0,Inner11,2976,2993,2984.0,differentia=64+policy=TaperedDepthProportionalResolution+target=4096,<function upgma at 0x7fcf41625160>
2712,255,255,[254],2984.0,0.0,Inner10,2976,2993,2984.0,differentia=64+policy=TaperedDepthProportionalResolution+target=4096,<function upgma at 0x7fcf41625160>
2713,256,256,[255],2984.0,0.0,Inner8,2976,2993,2984.0,differentia=64+policy=TaperedDepthProportionalResolution+target=4096,<function upgma at 0x7fcf41625160>
2714,257,257,[256],2984.0,0.0,Inner6,2976,2993,2984.0,differentia=64+policy=TaperedDepthProportionalResolution+target=4096,<function upgma at 0x7fcf41625160>
2715,258,258,[257],2984.0,0.0,Inner5,2976,2993,2984.0,differentia=64+policy=TaperedDepthProportionalResolution+target=4096,<function upgma at 0x7fcf41625160>
2716,259,259,[258],2984.0,0.0,Inner3,2976,2993,2984.0,differentia=64+policy=TaperedDepthProportionalResolution+target=4096,<function upgma at 0x7fcf41625160>
2717,260,260,[259],2984.0,0.0,Inner1,2976,2993,2984.0,differentia=64+policy=TaperedDepthProportionalResolution+target=4096,<function upgma at 0x7fcf41625160>
2718,261,261,[260],2993.0,9.0,285310,2993,2994,2993.0,differentia=64+policy=TaperedDepthProportionalResolution+target=4096,<function upgma at 0x7fcf41625160>
2719,262,262,[260],2997.0,13.0,285634,2997,2998,2997.0,differentia=64+policy=TaperedDepthProportionalResolution+target=4096,<function upgma at 0x7fcf41625160>
2720,263,263,[259],2998.0,14.0,285722,2998,2999,2998.0,differentia=64+policy=TaperedDepthProportionalResolution+target=4096,<function upgma at 0x7fcf41625160>
2721,264,264,[258],2998.0,14.0,285725,2998,2999,2998.0,differentia=64+policy=TaperedDepthProportionalResolution+target=4096,<function upgma at 0x7fcf41625160>
2722,265,265,[257],2999.0,15.0,285803,2999,3000,2999.0,differentia=64+policy=TaperedDepthProportionalResolution+target=4096,<function upgma at 0x7fcf41625160>
2723,266,266,[256],2999.0,15.0,285874,2999,3000,2999.0,differentia=64+policy=TaperedDepthProportionalResolution+target=4096,<function upgma at 0x7fcf41625160>
2724,267,267,[255],2999.0,15.0,285879,2999,3000,2999.0,differentia=64+policy=TaperedDepthProportionalResolution+target=4096,<function upgma at 0x7fcf41625160>
2725,268,268,[254],3000.0,16.0,285970,3000,3001,3000.0,differentia=64+policy=TaperedDepthProportionalResolution+target=4096,<function upgma at 0x7fcf41625160>
2726,269,269,[233],3001.0,17.0,286041,3001,3002,3001.0,differentia=64+policy=TaperedDepthProportionalResolution+target=4096,<function upgma at 0x7fcf41625160>
2727,270,270,[228],3001.0,17.0,286057,3001,3002,3001.0,differentia=64+policy=TaperedDepthProportionalResolution+target=4096,<function upgma at 0x7fcf41625160>
2728,271,271,[225],3001.0,17.0,286078,3001,3002,3001.0,differentia=64+policy=TaperedDepthProportionalResolution+target=4096,<function upgma at 0x7fcf41625160>
2729,272,272,[178],3001.0,17.0,286083,3001,3002,3001.0,differentia=64+policy=TaperedDepthProportionalResolution+target=4096,<function upgma at 0x7fcf41625160>
2730,0,0,[None],2776.0,2776.0,Inner136,2560,2993,2776.0,differentia=64+policy=TaperedDepthProportionalResolution+target=512,<function upgma at 0x7fcf41625160>
2731,1,1,[0],3001.0,225.0,286082,3001,3002,3001.0,differentia=64+policy=TaperedDepthProportionalResolution+target=512,<function upgma at 0x7fcf41625160>
2732,2,2,[0],2776.0,0.0,Inner135,2560,2993,2776.0,differentia=64+policy=TaperedDepthProportionalResolution+target=512,<function upgma at 0x7fcf41625160>
2733,3,3,[2],3001.0,225.0,286081,3001,3002,3001.0,differentia=64+policy=TaperedDepthProportionalResolution+target=512,<function upgma at 0x7fcf41625160>
2734,4,4,[2],2776.0,0.0,Inner134,2560,2993,2776.0,differentia=64+policy=TaperedDepthProportionalResolution+target=512,<function upgma at 0x7fcf41625160>
2735,5,5,[4],3001.0,225.0,286080,3001,3002,3001.0,differentia=64+policy=TaperedDepthProportionalResolution+target=512,<function upgma at 0x7fcf41625160>
2736,6,6,[4],2776.0,0.0,Inner133,2560,2993,2776.0,differentia=64+policy=TaperedDepthProportionalResolution+target=512,<function upgma at 0x7fcf41625160>
2737,7,7,[6],3001.0,225.0,286076,3001,3002,3001.0,differentia=64+policy=TaperedDepthProportionalResolution+target=512,<function upgma at 0x7fcf41625160>
2738,8,8,[6],2776.0,0.0,Inner132,2560,2993,2776.0,differentia=64+policy=TaperedDepthProportionalResolution+target=512,<function upgma at 0x7fcf41625160>
2739,9,9,[8],3001.0,225.0,286065,3001,3002,3001.0,differentia=64+policy=TaperedDepthProportionalResolution+target=512,<function upgma at 0x7fcf41625160>
2740,10,10,[8],2776.0,0.0,Inner131,2560,2993,2776.0,differentia=64+policy=TaperedDepthProportionalResolution+target=512,<function upgma at 0x7fcf41625160>
2741,11,11,[10],3001.0,225.0,286060,3001,3002,3001.0,differentia=64+policy=TaperedDepthProportionalResolution+target=512,<function upgma at 0x7fcf41625160>
2742,12,12,[10],2776.0,0.0,Inner130,2560,2993,2776.0,differentia=64+policy=TaperedDepthProportionalResolution+target=512,<function upgma at 0x7fcf41625160>
2743,13,13,[12],3001.0,225.0,286059,3001,3002,3001.0,differentia=64+policy=TaperedDepthProportionalResolution+target=512,<function upgma at 0x7fcf41625160>
2744,14,14,[12],2776.0,0.0,Inner129,2560,2993,2776.0,differentia=64+policy=TaperedDepthProportionalResolution+target=512,<function upgma at 0x7fcf41625160>
2745,15,15,[14],3001.0,225.0,286058,3001,3002,3001.0,differentia=64+policy=TaperedDepthProportionalResolution+target=512,<function upgma at 0x7fcf41625160>
2746,16,16,[14],2776.0,0.0,Inner128,2560,2993,2776.0,differentia=64+policy=TaperedDepthProportionalResolution+target=512,<function upgma at 0x7fcf41625160>
2747,17,17,[16],3001.0,225.0,286056,3001,3002,3001.0,differentia=64+policy=TaperedDepthProportionalResolution+target=512,<function upgma at 0x7fcf41625160>
2748,18,18,[16],2776.0,0.0,Inner127,2560,2993,2776.0,differentia=64+policy=TaperedDepthProportionalResolution+target=512,<function upgma at 0x7fcf41625160>
2749,19,19,[18],3001.0,225.0,286053,3001,3002,3001.0,differentia=64+policy=TaperedDepthProportionalResolution+target=512,<function upgma at 0x7fcf41625160>
2750,20,20,[18],2776.0,0.0,Inner126,2560,2993,2776.0,differentia=64+policy=TaperedDepthProportionalResolution+target=512,<function upgma at 0x7fcf41625160>
2751,21,21,[20],3001.0,225.0,286051,3001,3002,3001.0,differentia=64+policy=TaperedDepthProportionalResolution+target=512,<function upgma at 0x7fcf41625160>
2752,22,22,[20],2776.0,0.0,Inner125,2560,2993,2776.0,differentia=64+policy=TaperedDepthProportionalResolution+target=512,<function upgma at 0x7fcf41625160>
2753,23,23,[22],3001.0,225.0,286077,3001,3002,3001.0,differentia=64+policy=TaperedDepthProportionalResolution+target=512,<function upgma at 0x7fcf41625160>
2754,24,24,[22],2776.0,0.0,Inner124,2560,2993,2776.0,differentia=64+policy=TaperedDepthProportionalResolution+target=512,<function upgma at 0x7fcf41625160>
2755,25,25,[24],3001.0,225.0,286042,3001,3002,3001.0,differentia=64+policy=TaperedDepthProportionalResolution+target=512,<function upgma at 0x7fcf41625160>
2756,26,26,[24],2776.0,0.0,Inner123,2560,2993,2776.0,differentia=64+policy=TaperedDepthProportionalResolution+target=512,<function upgma at 0x7fcf41625160>
2757,27,27,[26],3001.0,225.0,286039,3001,3002,3001.0,differentia=64+policy=TaperedDepthProportionalResolution+target=512,<function upgma at 0x7fcf41625160>
2758,28,28,[26],2776.0,0.0,Inner122,2560,2993,2776.0,differentia=64+policy=TaperedDepthProportionalResolution+target=512,<function upgma at 0x7fcf41625160>
2759,29,29,[28],3001.0,225.0,286038,3001,3002,3001.0,differentia=64+policy=TaperedDepthProportionalResolution+target=512,<function upgma at 0x7fcf41625160>
2760,30,30,[28],2776.0,0.0,Inner121,2560,2993,2776.0,differentia=64+policy=TaperedDepthProportionalResolution+target=512,<function upgma at 0x7fcf41625160>
2761,31,31,[30],3001.0,225.0,286036,3001,3002,3001.0,differentia=64+policy=TaperedDepthProportionalResolution+target=512,<function upgma at 0x7fcf41625160>
2762,32,32,[30],2776.0,0.0,Inner120,2560,2993,2776.0,differentia=64+policy=TaperedDepthProportionalResolution+target=512,<function upgma at 0x7fcf41625160>
2763,33,33,[32],3001.0,225.0,286032,3001,3002,3001.0,differentia=64+policy=TaperedDepthProportionalResolution+target=512,<function upgma at 0x7fcf41625160>
2764,34,34,[32],2776.0,0.0,Inner119,2560,2993,2776.0,differentia=64+policy=TaperedDepthProportionalResolution+target=512,<function upgma at 0x7fcf41625160>
2765,35,35,[34],3001.0,225.0,286030,3001,3002,3001.0,differentia=64+policy=TaperedDepthProportionalResolution+target=512,<function upgma at 0x7fcf41625160>
2766,36,36,[34],2776.0,0.0,Inner118,2560,2993,2776.0,differentia=64+policy=TaperedDepthProportionalResolution+target=512,<function upgma at 0x7fcf41625160>
2767,37,37,[36],3001.0,225.0,286029,3001,3002,3001.0,differentia=64+policy=TaperedDepthProportionalResolution+target=512,<function upgma at 0x7fcf41625160>
2768,38,38,[36],2776.0,0.0,Inner117,2560,2993,2776.0,differentia=64+policy=TaperedDepthProportionalResolution+target=512,<function upgma at 0x7fcf41625160>
2769,39,39,[38],3001.0,225.0,286027,3001,3002,3001.0,differentia=64+policy=TaperedDepthProportionalResolution+target=512,<function upgma at 0x7fcf41625160>
2770,40,40,[38],2776.0,0.0,Inner116,2560,2993,2776.0,differentia=64+policy=TaperedDepthProportionalResolution+target=512,<function upgma at 0x7fcf41625160>
2771,41,41,[40],3001.0,225.0,286026,3001,3002,3001.0,differentia=64+policy=TaperedDepthProportionalResolution+target=512,<function upgma at 0x7fcf41625160>
2772,42,42,[40],2776.0,0.0,Inner115,2560,2993,2776.0,differentia=64+policy=TaperedDepthProportionalResolution+target=512,<function upgma at 0x7fcf41625160>
2773,43,43,[42],3001.0,225.0,286045,3001,3002,3001.0,differentia=64+policy=TaperedDepthProportionalResolution+target=512,<function upgma at 0x7fcf41625160>
2774,44,44,[42],2776.0,0.0,Inner114,2560,2993,2776.0,differentia=64+policy=TaperedDepthProportionalResolution+target=512,<function upgma at 0x7fcf41625160>
2775,45,45,[44],3001.0,225.0,286025,3001,3002,3001.0,differentia=64+policy=TaperedDepthProportionalResolution+target=512,<function upgma at 0x7fcf41625160>
2776,46,46,[44],2776.0,0.0,Inner113,2560,2993,2776.0,differentia=64+policy=TaperedDepthProportionalResolution+target=512,<function upgma at 0x7fcf41625160>
2777,47,47,[46],3001.0,225.0,286024,3001,3002,3001.0,differentia=64+policy=TaperedDepthProportionalResolution+target=512,<function upgma at 0x7fcf41625160>
2778,48,48,[46],2776.0,0.0,Inner112,2560,2993,2776.0,differentia=64+policy=TaperedDepthProportionalResolution+target=512,<function upgma at 0x7fcf41625160>
2779,49,49,[48],3001.0,225.0,286017,3001,3002,3001.0,differentia=64+policy=TaperedDepthProportionalResolution+target=512,<function upgma at 0x7fcf41625160>
2780,50,50,[48],2776.0,0.0,Inner111,2560,2993,2776.0,differentia=64+policy=TaperedDepthProportionalResolution+target=512,<function upgma at 0x7fcf41625160>
2781,51,51,[50],3001.0,225.0,286016,3001,3002,3001.0,differentia=64+policy=TaperedDepthProportionalResolution+target=512,<function upgma at 0x7fcf41625160>
2782,52,52,[50],2776.0,0.0,Inner110,2560,2993,2776.0,differentia=64+policy=TaperedDepthProportionalResolution+target=512,<function upgma at 0x7fcf41625160>
2783,53,53,[52],3001.0,225.0,286012,3001,3002,3001.0,differentia=64+policy=TaperedDepthProportionalResolution+target=512,<function upgma at 0x7fcf41625160>
2784,54,54,[52],2776.0,0.0,Inner109,2560,2993,2776.0,differentia=64+policy=TaperedDepthProportionalResolution+target=512,<function upgma at 0x7fcf41625160>
2785,55,55,[54],3001.0,225.0,286010,3001,3002,3001.0,differentia=64+policy=TaperedDepthProportionalResolution+target=512,<function upgma at 0x7fcf41625160>
2786,56,56,[54],2776.0,0.0,Inner108,2560,2993,2776.0,differentia=64+policy=TaperedDepthProportionalResolution+target=512,<function upgma at 0x7fcf41625160>
2787,57,57,[56],3001.0,225.0,286003,3001,3002,3001.0,differentia=64+policy=TaperedDepthProportionalResolution+target=512,<function upgma at 0x7fcf41625160>
2788,58,58,[56],2776.0,0.0,Inner107,2560,2993,2776.0,differentia=64+policy=TaperedDepthProportionalResolution+target=512,<function upgma at 0x7fcf41625160>
2789,59,59,[58],3001.0,225.0,286035,3001,3002,3001.0,differentia=64+policy=TaperedDepthProportionalResolution+target=512,<function upgma at 0x7fcf41625160>
2790,60,60,[58],2776.0,0.0,Inner106,2560,2993,2776.0,differentia=64+policy=TaperedDepthProportionalResolution+target=512,<function upgma at 0x7fcf41625160>
2791,61,61,[60],3001.0,225.0,286002,3001,3002,3001.0,differentia=64+policy=TaperedDepthProportionalResolution+target=512,<function upgma at 0x7fcf41625160>
2792,62,62,[60],2776.0,0.0,Inner105,2560,2993,2776.0,differentia=64+policy=TaperedDepthProportionalResolution+target=512,<function upgma at 0x7fcf41625160>
2793,63,63,[62],3001.0,225.0,286000,3001,3002,3001.0,differentia=64+policy=TaperedDepthProportionalResolution+target=512,<function upgma at 0x7fcf41625160>
2794,64,64,[62],2776.0,0.0,Inner104,2560,2993,2776.0,differentia=64+policy=TaperedDepthProportionalResolution+target=512,<function upgma at 0x7fcf41625160>
2795,65,65,[64],3001.0,225.0,285999,3001,3002,3001.0,differentia=64+policy=TaperedDepthProportionalResolution+target=512,<function upgma at 0x7fcf41625160>
2796,66,66,[64],2776.0,0.0,Inner103,2560,2993,2776.0,differentia=64+policy=TaperedDepthProportionalResolution+target=512,<function upgma at 0x7fcf41625160>
2797,67,67,[66],3001.0,225.0,285998,3001,3002,3001.0,differentia=64+policy=TaperedDepthProportionalResolution+target=512,<function upgma at 0x7fcf41625160>
2798,68,68,[66],2776.0,0.0,Inner102,2560,2993,2776.0,differentia=64+policy=TaperedDepthProportionalResolution+target=512,<function upgma at 0x7fcf41625160>
2799,69,69,[68],3001.0,225.0,285996,3001,3002,3001.0,differentia=64+policy=TaperedDepthProportionalResolution+target=512,<function upgma at 0x7fcf41625160>
2800,70,70,[68],2776.0,0.0,Inner101,2560,2993,2776.0,differentia=64+policy=TaperedDepthProportionalResolution+target=512,<function upgma at 0x7fcf41625160>
2801,71,71,[70],3001.0,225.0,285991,3001,3002,3001.0,differentia=64+policy=TaperedDepthProportionalResolution+target=512,<function upgma at 0x7fcf41625160>
2802,72,72,[70],2776.0,0.0,Inner100,2560,2993,2776.0,differentia=64+policy=TaperedDepthProportionalResolution+target=512,<function upgma at 0x7fcf41625160>
2803,73,73,[72],3001.0,225.0,285990,3001,3002,3001.0,differentia=64+policy=TaperedDepthProportionalResolution+target=512,<function upgma at 0x7fcf41625160>
2804,74,74,[72],2776.0,0.0,Inner99,2560,2993,2776.0,differentia=64+policy=TaperedDepthProportionalResolution+target=512,<function upgma at 0x7fcf41625160>
2805,75,75,[74],3001.0,225.0,285984,3001,3002,3001.0,differentia=64+policy=TaperedDepthProportionalResolution+target=512,<function upgma at 0x7fcf41625160>
2806,76,76,[74],2776.0,0.0,Inner98,2560,2993,2776.0,differentia=64+policy=TaperedDepthProportionalResolution+target=512,<function upgma at 0x7fcf41625160>
2807,77,77,[76],3001.0,225.0,285982,3001,3002,3001.0,differentia=64+policy=TaperedDepthProportionalResolution+target=512,<function upgma at 0x7fcf41625160>
2808,78,78,[76],2776.0,0.0,Inner97,2560,2993,2776.0,differentia=64+policy=TaperedDepthProportionalResolution+target=512,<function upgma at 0x7fcf41625160>
2809,79,79,[78],2779.5,3.5,Inner96,2560,3000,2779.5,differentia=64+policy=TaperedDepthProportionalResolution+target=512,<function upgma at 0x7fcf41625160>
2810,80,80,[79],3001.0,221.5,286064,3001,3002,3001.0,differentia=64+policy=TaperedDepthProportionalResolution+target=512,<function upgma at 0x7fcf41625160>
2811,81,81,[79],2779.5,0.0,Inner95,2560,3000,2779.5,differentia=64+policy=TaperedDepthProportionalResolution+target=512,<function upgma at 0x7fcf41625160>
2812,82,82,[81],3001.0,221.5,285985,3001,3002,3001.0,differentia=64+policy=TaperedDepthProportionalResolution+target=512,<function upgma at 0x7fcf41625160>
2813,83,83,[81],2779.5,0.0,Inner94,2560,3000,2779.5,differentia=64+policy=TaperedDepthProportionalResolution+target=512,<function upgma at 0x7fcf41625160>
2814,84,84,[83],3001.0,221.5,286062,3001,3002,3001.0,differentia=64+policy=TaperedDepthProportionalResolution+target=512,<function upgma at 0x7fcf41625160>
2815,85,85,[83],2779.5,0.0,Inner93,2560,3000,2779.5,differentia=64+policy=TaperedDepthProportionalResolution+target=512,<function upgma at 0x7fcf41625160>
2816,86,86,[85],3001.0,221.5,286008,3001,3002,3001.0,differentia=64+policy=TaperedDepthProportionalResolution+target=512,<function upgma at 0x7fcf41625160>
2817,87,87,[85],2779.5,0.0,Inner92,2560,3000,2779.5,differentia=64+policy=TaperedDepthProportionalResolution+target=512,<function upgma at 0x7fcf41625160>
2818,88,88,[87],3001.0,221.5,286055,3001,3002,3001.0,differentia=64+policy=TaperedDepthProportionalResolution+target=512,<function upgma at 0x7fcf41625160>
2819,89,89,[87],2779.5,0.0,Inner91,2560,3000,2779.5,differentia=64+policy=TaperedDepthProportionalResolution+target=512,<function upgma at 0x7fcf41625160>
2820,90,90,[89],3001.0,221.5,286063,3001,3002,3001.0,differentia=64+policy=TaperedDepthProportionalResolution+target=512,<function upgma at 0x7fcf41625160>
2821,91,91,[89],2779.5,0.0,Inner90,2560,3000,2779.5,differentia=64+policy=TaperedDepthProportionalResolution+target=512,<function upgma at 0x7fcf41625160>
2822,92,92,[91],3001.0,221.5,285989,3001,3002,3001.0,differentia=64+policy=TaperedDepthProportionalResolution+target=512,<function upgma at 0x7fcf41625160>
2823,93,93,[91],2779.5,0.0,Inner89,2560,3000,2779.5,differentia=64+policy=TaperedDepthProportionalResolution+target=512,<function upgma at 0x7fcf41625160>
2824,94,94,[93],3001.0,221.5,286066,3001,3002,3001.0,differentia=64+policy=TaperedDepthProportionalResolution+target=512,<function upgma at 0x7fcf41625160>
2825,95,95,[93],2779.5,0.0,Inner88,2560,3000,2779.5,differentia=64+policy=TaperedDepthProportionalResolution+target=512,<function upgma at 0x7fcf41625160>
2826,96,96,[95],3001.0,221.5,286074,3001,3002,3001.0,differentia=64+policy=TaperedDepthProportionalResolution+target=512,<function upgma at 0x7fcf41625160>
2827,97,97,[95],2779.5,0.0,Inner87,2560,3000,2779.5,differentia=64+policy=TaperedDepthProportionalResolution+target=512,<function upgma at 0x7fcf41625160>
2828,98,98,[97],3001.0,221.5,286006,3001,3002,3001.0,differentia=64+policy=TaperedDepthProportionalResolution+target=512,<function upgma at 0x7fcf41625160>
2829,99,99,[97],2779.5,0.0,Inner86,2560,3000,2779.5,differentia=64+policy=TaperedDepthProportionalResolution+target=512,<function upgma at 0x7fcf41625160>
2830,100,100,[99],3001.0,221.5,286069,3001,3002,3001.0,differentia=64+policy=TaperedDepthProportionalResolution+target=512,<function upgma at 0x7fcf41625160>
2831,101,101,[99],2779.5,0.0,Inner85,2560,3000,2779.5,differentia=64+policy=TaperedDepthProportionalResolution+target=512,<function upgma at 0x7fcf41625160>
2832,102,102,[101],3001.0,221.5,285992,3001,3002,3001.0,differentia=64+policy=TaperedDepthProportionalResolution+target=512,<function upgma at 0x7fcf41625160>
2833,103,103,[101],2779.5,0.0,Inner84,2560,3000,2779.5,differentia=64+policy=TaperedDepthProportionalResolution+target=512,<function upgma at 0x7fcf41625160>
2834,104,104,[103],3001.0,221.5,286067,3001,3002,3001.0,differentia=64+policy=TaperedDepthProportionalResolution+target=512,<function upgma at 0x7fcf41625160>
2835,105,105,[103],2779.5,0.0,Inner83,2560,3000,2779.5,differentia=64+policy=TaperedDepthProportionalResolution+target=512,<function upgma at 0x7fcf41625160>
2836,106,106,[105],3001.0,221.5,286052,3001,3002,3001.0,differentia=64+policy=TaperedDepthProportionalResolution+target=512,<function upgma at 0x7fcf41625160>
2837,107,107,[105],2779.5,0.0,Inner82,2560,3000,2779.5,differentia=64+policy=TaperedDepthProportionalResolution+target=512,<function upgma at 0x7fcf41625160>
2838,108,108,[107],3001.0,221.5,286028,3001,3002,3001.0,differentia=64+policy=TaperedDepthProportionalResolution+target=512,<function upgma at 0x7fcf41625160>
2839,109,109,[107],2779.5,0.0,Inner81,2560,3000,2779.5,differentia=64+policy=TaperedDepthProportionalResolution+target=512,<function upgma at 0x7fcf41625160>
2840,110,110,[109],3001.0,221.5,286022,3001,3002,3001.0,differentia=64+policy=TaperedDepthProportionalResolution+target=512,<function upgma at 0x7fcf41625160>
2841,111,111,[109],2779.5,0.0,Inner80,2560,3000,2779.5,differentia=64+policy=TaperedDepthProportionalResolution+target=512,<function upgma at 0x7fcf41625160>
2842,112,112,[111],3001.0,221.5,285987,3001,3002,3001.0,differentia=64+policy=TaperedDepthProportionalResolution+target=512,<function upgma at 0x7fcf41625160>
2843,113,113,[111],2779.5,0.0,Inner79,2560,3000,2779.5,differentia=64+policy=TaperedDepthProportionalResolution+target=512,<function upgma at 0x7fcf41625160>
2844,114,114,[113],3001.0,221.5,286071,3001,3002,3001.0,differentia=64+policy=TaperedDepthProportionalResolution+target=512,<function upgma at 0x7fcf41625160>
2845,115,115,[113],3001.0,221.5,286079,3001,3002,3001.0,differentia=64+policy=TaperedDepthProportionalResolution+target=512,<function upgma at 0x7fcf41625160>
2846,116,116,[78],2776.0,0.0,Inner78,2560,2993,2776.0,differentia=64+policy=TaperedDepthProportionalResolution+target=512,<function upgma at 0x7fcf41625160>
2847,117,117,[116],3001.0,225.0,286070,3001,3002,3001.0,differentia=64+policy=TaperedDepthProportionalResolution+target=512,<function upgma at 0x7fcf41625160>
2848,118,118,[116],2776.0,0.0,Inner77,2560,2993,2776.0,differentia=64+policy=TaperedDepthProportionalResolution+target=512,<function upgma at 0x7fcf41625160>
2849,119,119,[118],3001.0,225.0,286019,3001,3002,3001.0,differentia=64+policy=TaperedDepthProportionalResolution+target=512,<function upgma at 0x7fcf41625160>
2850,120,120,[118],2776.0,0.0,Inner76,2560,2993,2776.0,differentia=64+policy=TaperedDepthProportionalResolution+target=512,<function upgma at 0x7fcf41625160>
2851,121,121,[120],3001.0,225.0,286068,3001,3002,3001.0,differentia=64+policy=TaperedDepthProportionalResolution+target=512,<function upgma at 0x7fcf41625160>
2852,122,122,[120],2776.0,0.0,Inner75,2560,2993,2776.0,differentia=64+policy=TaperedDepthProportionalResolution+target=512,<function upgma at 0x7fcf41625160>
2853,123,123,[122],3001.0,225.0,285997,3001,3002,3001.0,differentia=64+policy=TaperedDepthProportionalResolution+target=512,<function upgma at 0x7fcf41625160>
2854,124,124,[122],2776.0,0.0,Inner74,2560,2993,2776.0,differentia=64+policy=TaperedDepthProportionalResolution+target=512,<function upgma at 0x7fcf41625160>
2855,125,125,[124],3001.0,225.0,286061,3001,3002,3001.0,differentia=64+policy=TaperedDepthProportionalResolution+target=512,<function upgma at 0x7fcf41625160>
2856,126,126,[124],2776.0,0.0,Inner73,2560,2993,2776.0,differentia=64+policy=TaperedDepthProportionalResolution+target=512,<function upgma at 0x7fcf41625160>
2857,127,127,[126],3001.0,225.0,286014,3001,3002,3001.0,differentia=64+policy=TaperedDepthProportionalResolution+target=512,<function upgma at 0x7fcf41625160>
2858,128,128,[126],2776.0,0.0,Inner72,2560,2993,2776.0,differentia=64+policy=TaperedDepthProportionalResolution+target=512,<function upgma at 0x7fcf41625160>
2859,129,129,[128],3001.0,225.0,286075,3001,3002,3001.0,differentia=64+policy=TaperedDepthProportionalResolution+target=512,<function upgma at 0x7fcf41625160>
2860,130,130,[128],2776.0,0.0,Inner71,2560,2993,2776.0,differentia=64+policy=TaperedDepthProportionalResolution+target=512,<function upgma at 0x7fcf41625160>
2861,131,131,[130],3001.0,225.0,286048,3001,3002,3001.0,differentia=64+policy=TaperedDepthProportionalResolution+target=512,<function upgma at 0x7fcf41625160>
2862,132,132,[130],2776.0,0.0,Inner70,2560,2993,2776.0,differentia=64+policy=TaperedDepthProportionalResolution+target=512,<function upgma at 0x7fcf41625160>
2863,133,133,[132],3001.0,225.0,286020,3001,3002,3001.0,differentia=64+policy=TaperedDepthProportionalResolution+target=512,<function upgma at 0x7fcf41625160>
2864,134,134,[132],2776.0,0.0,Inner69,2560,2993,2776.0,differentia=64+policy=TaperedDepthProportionalResolution+target=512,<function upgma at 0x7fcf41625160>
2865,135,135,[134],3001.0,225.0,286040,3001,3002,3001.0,differentia=64+policy=TaperedDepthProportionalResolution+target=512,<function upgma at 0x7fcf41625160>
2866,136,136,[134],2776.0,0.0,Inner68,2560,2993,2776.0,differentia=64+policy=TaperedDepthProportionalResolution+target=512,<function upgma at 0x7fcf41625160>
2867,137,137,[136],3001.0,225.0,286044,3001,3002,3001.0,differentia=64+policy=TaperedDepthProportionalResolution+target=512,<function upgma at 0x7fcf41625160>
2868,138,138,[136],2776.0,0.0,Inner67,2560,2993,2776.0,differentia=64+policy=TaperedDepthProportionalResolution+target=512,<function upgma at 0x7fcf41625160>
2869,139,139,[138],3001.0,225.0,285995,3001,3002,3001.0,differentia=64+policy=TaperedDepthProportionalResolution+target=512,<function upgma at 0x7fcf41625160>
2870,140,140,[138],2776.0,0.0,Inner66,2560,2993,2776.0,differentia=64+policy=TaperedDepthProportionalResolution+target=512,<function upgma at 0x7fcf41625160>
2871,141,141,[140],3001.0,225.0,285993,3001,3002,3001.0,differentia=64+policy=TaperedDepthProportionalResolution+target=512,<function upgma at 0x7fcf41625160>
2872,142,142,[140],2776.0,0.0,Inner65,2560,2993,2776.0,differentia=64+policy=TaperedDepthProportionalResolution+target=512,<function upgma at 0x7fcf41625160>
2873,143,143,[142],3001.0,225.0,286001,3001,3002,3001.0,differentia=64+policy=TaperedDepthProportionalResolution+target=512,<function upgma at 0x7fcf41625160>
2874,144,144,[142],2776.0,0.0,Inner64,2560,2993,2776.0,differentia=64+policy=TaperedDepthProportionalResolution+target=512,<function upgma at 0x7fcf41625160>
2875,145,145,[144],2776.0,0.0,Inner63,2560,2993,2776.0,differentia=64+policy=TaperedDepthProportionalResolution+target=512,<function upgma at 0x7fcf41625160>
2876,146,146,[145],3001.0,225.0,286046,3001,3002,3001.0,differentia=64+policy=TaperedDepthProportionalResolution+target=512,<function upgma at 0x7fcf41625160>
2877,147,147,[145],2776.0,0.0,Inner62,2560,2993,2776.0,differentia=64+policy=TaperedDepthProportionalResolution+target=512,<function upgma at 0x7fcf41625160>
2878,148,148,[147],3001.0,225.0,286021,3001,3002,3001.0,differentia=64+policy=TaperedDepthProportionalResolution+target=512,<function upgma at 0x7fcf41625160>
2879,149,149,[147],2776.0,0.0,Inner61,2560,2993,2776.0,differentia=64+policy=TaperedDepthProportionalResolution+target=512,<function upgma at 0x7fcf41625160>
2880,150,150,[149],3001.0,225.0,286073,3001,3002,3001.0,differentia=64+policy=TaperedDepthProportionalResolution+target=512,<function upgma at 0x7fcf41625160>
2881,151,151,[149],2776.0,0.0,Inner60,2560,2993,2776.0,differentia=64+policy=TaperedDepthProportionalResolution+target=512,<function upgma at 0x7fcf41625160>
2882,152,152,[151],3001.0,225.0,286072,3001,3002,3001.0,differentia=64+policy=TaperedDepthProportionalResolution+target=512,<function upgma at 0x7fcf41625160>
2883,153,153,[151],2776.0,0.0,Inner59,2560,2993,2776.0,differentia=64+policy=TaperedDepthProportionalResolution+target=512,<function upgma at 0x7fcf41625160>
2884,154,154,[153],3001.0,225.0,286050,3001,3002,3001.0,differentia=64+policy=TaperedDepthProportionalResolution+target=512,<function upgma at 0x7fcf41625160>
2885,155,155,[153],2776.0,0.0,Inner58,2560,2993,2776.0,differentia=64+policy=TaperedDepthProportionalResolution+target=512,<function upgma at 0x7fcf41625160>
2886,156,156,[155],3001.0,225.0,286049,3001,3002,3001.0,differentia=64+policy=TaperedDepthProportionalResolution+target=512,<function upgma at 0x7fcf41625160>
2887,157,157,[155],2776.0,0.0,Inner57,2560,2993,2776.0,differentia=64+policy=TaperedDepthProportionalResolution+target=512,<function upgma at 0x7fcf41625160>
2888,158,158,[157],3001.0,225.0,286047,3001,3002,3001.0,differentia=64+policy=TaperedDepthProportionalResolution+target=512,<function upgma at 0x7fcf41625160>
2889,159,159,[157],2776.0,0.0,Inner56,2560,2993,2776.0,differentia=64+policy=TaperedDepthProportionalResolution+target=512,<function upgma at 0x7fcf41625160>
2890,160,160,[159],3001.0,225.0,286043,3001,3002,3001.0,differentia=64+policy=TaperedDepthProportionalResolution+target=512,<function upgma at 0x7fcf41625160>
2891,161,161,[159],2776.0,0.0,Inner55,2560,2993,2776.0,differentia=64+policy=TaperedDepthProportionalResolution+target=512,<function upgma at 0x7fcf41625160>
2892,162,162,[161],3001.0,225.0,286034,3001,3002,3001.0,differentia=64+policy=TaperedDepthProportionalResolution+target=512,<function upgma at 0x7fcf41625160>
2893,163,163,[161],2776.0,0.0,Inner54,2560,2993,2776.0,differentia=64+policy=TaperedDepthProportionalResolution+target=512,<function upgma at 0x7fcf41625160>
2894,164,164,[163],3001.0,225.0,286031,3001,3002,3001.0,differentia=64+policy=TaperedDepthProportionalResolution+target=512,<function upgma at 0x7fcf41625160>
2895,165,165,[163],2776.0,0.0,Inner53,2560,2993,2776.0,differentia=64+policy=TaperedDepthProportionalResolution+target=512,<function upgma at 0x7fcf41625160>
2896,166,166,[165],3001.0,225.0,286023,3001,3002,3001.0,differentia=64+policy=TaperedDepthProportionalResolution+target=512,<function upgma at 0x7fcf41625160>
2897,167,167,[165],2776.0,0.0,Inner52,2560,2993,2776.0,differentia=64+policy=TaperedDepthProportionalResolution+target=512,<function upgma at 0x7fcf41625160>
2898,168,168,[167],3001.0,225.0,286018,3001,3002,3001.0,differentia=64+policy=TaperedDepthProportionalResolution+target=512,<function upgma at 0x7fcf41625160>
2899,169,169,[167],2776.0,0.0,Inner51,2560,2993,2776.0,differentia=64+policy=TaperedDepthProportionalResolution+target=512,<function upgma at 0x7fcf41625160>
2900,170,170,[169],3001.0,225.0,286013,3001,3002,3001.0,differentia=64+policy=TaperedDepthProportionalResolution+target=512,<function upgma at 0x7fcf41625160>
2901,171,171,[169],2776.0,0.0,Inner50,2560,2993,2776.0,differentia=64+policy=TaperedDepthProportionalResolution+target=512,<function upgma at 0x7fcf41625160>
2902,172,172,[171],3001.0,225.0,286007,3001,3002,3001.0,differentia=64+policy=TaperedDepthProportionalResolution+target=512,<function upgma at 0x7fcf41625160>
2903,173,173,[171],2776.0,0.0,Inner49,2560,2993,2776.0,differentia=64+policy=TaperedDepthProportionalResolution+target=512,<function upgma at 0x7fcf41625160>
2904,174,174,[173],3001.0,225.0,286005,3001,3002,3001.0,differentia=64+policy=TaperedDepthProportionalResolution+target=512,<function upgma at 0x7fcf41625160>
2905,175,175,[173],2776.0,0.0,Inner48,2560,2993,2776.0,differentia=64+policy=TaperedDepthProportionalResolution+target=512,<function upgma at 0x7fcf41625160>
2906,176,176,[175],3001.0,225.0,285994,3001,3002,3001.0,differentia=64+policy=TaperedDepthProportionalResolution+target=512,<function upgma at 0x7fcf41625160>
2907,177,177,[175],2776.0,0.0,Inner47,2560,2993,2776.0,differentia=64+policy=TaperedDepthProportionalResolution+target=512,<function upgma at 0x7fcf41625160>
2908,178,178,[177],3001.0,225.0,285988,3001,3002,3001.0,differentia=64+policy=TaperedDepthProportionalResolution+target=512,<function upgma at 0x7fcf41625160>
2909,179,179,[177],2776.0,0.0,Inner46,2560,2993,2776.0,differentia=64+policy=TaperedDepthProportionalResolution+target=512,<function upgma at 0x7fcf41625160>
2910,180,180,[179],3001.0,225.0,285986,3001,3002,3001.0,differentia=64+policy=TaperedDepthProportionalResolution+target=512,<function upgma at 0x7fcf41625160>
2911,181,181,[179],2776.0,0.0,Inner45,2560,2993,2776.0,differentia=64+policy=TaperedDepthProportionalResolution+target=512,<function upgma at 0x7fcf41625160>
2912,182,182,[181],3001.0,225.0,285983,3001,3002,3001.0,differentia=64+policy=TaperedDepthProportionalResolution+target=512,<function upgma at 0x7fcf41625160>
2913,183,183,[181],2776.0,0.0,Inner44,2560,2993,2776.0,differentia=64+policy=TaperedDepthProportionalResolution+target=512,<function upgma at 0x7fcf41625160>
2914,184,184,[183],3001.0,225.0,285981,3001,3002,3001.0,differentia=64+policy=TaperedDepthProportionalResolution+target=512,<function upgma at 0x7fcf41625160>
2915,185,185,[183],2776.0,0.0,Inner43,2560,2993,2776.0,differentia=64+policy=TaperedDepthProportionalResolution+target=512,<function upgma at 0x7fcf41625160>
2916,186,186,[185],3001.0,225.0,286011,3001,3002,3001.0,differentia=64+policy=TaperedDepthProportionalResolution+target=512,<function upgma at 0x7fcf41625160>
2917,187,187,[185],2776.0,0.0,Inner42,2560,2993,2776.0,differentia=64+policy=TaperedDepthProportionalResolution+target=512,<function upgma at 0x7fcf41625160>
2918,188,188,[187],3001.0,225.0,286004,3001,3002,3001.0,differentia=64+policy=TaperedDepthProportionalResolution+target=512,<function upgma at 0x7fcf41625160>
2919,189,189,[187],2776.0,0.0,Inner41,2560,2993,2776.0,differentia=64+policy=TaperedDepthProportionalResolution+target=512,<function upgma at 0x7fcf41625160>
2920,190,190,[189],3001.0,225.0,286015,3001,3002,3001.0,differentia=64+policy=TaperedDepthProportionalResolution+target=512,<function upgma at 0x7fcf41625160>
2921,191,191,[189],2776.0,0.0,Inner40,2560,2993,2776.0,differentia=64+policy=TaperedDepthProportionalResolution+target=512,<function upgma at 0x7fcf41625160>
2922,192,192,[191],2776.0,0.0,Inner39,2560,2993,2776.0,differentia=64+policy=TaperedDepthProportionalResolution+target=512,<function upgma at 0x7fcf41625160>
2923,193,193,[192],3001.0,225.0,286054,3001,3002,3001.0,differentia=64+policy=TaperedDepthProportionalResolution+target=512,<function upgma at 0x7fcf41625160>
2924,194,194,[192],2776.0,0.0,Inner38,2560,2993,2776.0,differentia=64+policy=TaperedDepthProportionalResolution+target=512,<function upgma at 0x7fcf41625160>
2925,195,195,[194],2776.0,0.0,Inner37,2560,2993,2776.0,differentia=64+policy=TaperedDepthProportionalResolution+target=512,<function upgma at 0x7fcf41625160>
2926,196,196,[195],3001.0,225.0,286037,3001,3002,3001.0,differentia=64+policy=TaperedDepthProportionalResolution+target=512,<function upgma at 0x7fcf41625160>
2927,197,197,[195],2776.0,0.0,Inner36,2560,2993,2776.0,differentia=64+policy=TaperedDepthProportionalResolution+target=512,<function upgma at 0x7fcf41625160>
2928,198,198,[197],3001.0,225.0,286009,3001,3002,3001.0,differentia=64+policy=TaperedDepthProportionalResolution+target=512,<function upgma at 0x7fcf41625160>
2929,199,199,[197],2776.0,0.0,Inner35,2560,2993,2776.0,differentia=64+policy=TaperedDepthProportionalResolution+target=512,<function upgma at 0x7fcf41625160>
2930,200,200,[199],2776.0,0.0,Inner34,2560,2993,2776.0,differentia=64+policy=TaperedDepthProportionalResolution+target=512,<function upgma at 0x7fcf41625160>
2931,201,201,[200],2776.0,0.0,Inner33,2560,2993,2776.0,differentia=64+policy=TaperedDepthProportionalResolution+target=512,<function upgma at 0x7fcf41625160>
2932,202,202,[201],2776.0,0.0,Inner32,2560,2993,2776.0,differentia=64+policy=TaperedDepthProportionalResolution+target=512,<function upgma at 0x7fcf41625160>
2933,203,203,[202],2776.0,0.0,Inner31,2560,2993,2776.0,differentia=64+policy=TaperedDepthProportionalResolution+target=512,<function upgma at 0x7fcf41625160>
2934,204,204,[203],3000.0,224.0,285936,3000,3001,3000.0,differentia=64+policy=TaperedDepthProportionalResolution+target=512,<function upgma at 0x7fcf41625160>
2935,205,205,[203],2776.0,0.0,Inner30,2560,2993,2776.0,differentia=64+policy=TaperedDepthProportionalResolution+target=512,<function upgma at 0x7fcf41625160>
2936,206,206,[205],3000.0,224.0,285919,3000,3001,3000.0,differentia=64+policy=TaperedDepthProportionalResolution+target=512,<function upgma at 0x7fcf41625160>
2937,207,207,[205],2776.0,0.0,Inner29,2560,2993,2776.0,differentia=64+policy=TaperedDepthProportionalResolution+target=512,<function upgma at 0x7fcf41625160>
2938,208,208,[207],3000.0,224.0,285907,3000,3001,3000.0,differentia=64+policy=TaperedDepthProportionalResolution+target=512,<function upgma at 0x7fcf41625160>
2939,209,209,[207],2776.0,0.0,Inner28,2560,2993,2776.0,differentia=64+policy=TaperedDepthProportionalResolution+target=512,<function upgma at 0x7fcf41625160>
2940,210,210,[209],3000.0,224.0,285950,3000,3001,3000.0,differentia=64+policy=TaperedDepthProportionalResolution+target=512,<function upgma at 0x7fcf41625160>
2941,211,211,[209],2776.0,0.0,Inner27,2560,2993,2776.0,differentia=64+policy=TaperedDepthProportionalResolution+target=512,<function upgma at 0x7fcf41625160>
2942,212,212,[211],3000.0,224.0,285899,3000,3001,3000.0,differentia=64+policy=TaperedDepthProportionalResolution+target=512,<function upgma at 0x7fcf41625160>
2943,213,213,[211],2776.0,0.0,Inner26,2560,2993,2776.0,differentia=64+policy=TaperedDepthProportionalResolution+target=512,<function upgma at 0x7fcf41625160>
2944,214,214,[213],3000.0,224.0,285937,3000,3001,3000.0,differentia=64+policy=TaperedDepthProportionalResolution+target=512,<function upgma at 0x7fcf41625160>
2945,215,215,[213],2776.0,0.0,Inner25,2560,2993,2776.0,differentia=64+policy=TaperedDepthProportionalResolution+target=512,<function upgma at 0x7fcf41625160>
2946,216,216,[215],3000.0,224.0,285968,3000,3001,3000.0,differentia=64+policy=TaperedDepthProportionalResolution+target=512,<function upgma at 0x7fcf41625160>
2947,217,217,[215],2776.0,0.0,Inner24,2560,2993,2776.0,differentia=64+policy=TaperedDepthProportionalResolution+target=512,<function upgma at 0x7fcf41625160>
2948,218,218,[217],3000.0,224.0,285963,3000,3001,3000.0,differentia=64+policy=TaperedDepthProportionalResolution+target=512,<function upgma at 0x7fcf41625160>
2949,219,219,[217],2776.0,0.0,Inner23,2560,2993,2776.0,differentia=64+policy=TaperedDepthProportionalResolution+target=512,<function upgma at 0x7fcf41625160>
2950,220,220,[219],3000.0,224.0,285964,3000,3001,3000.0,differentia=64+policy=TaperedDepthProportionalResolution+target=512,<function upgma at 0x7fcf41625160>
2951,221,221,[219],2776.0,0.0,Inner22,2560,2993,2776.0,differentia=64+policy=TaperedDepthProportionalResolution+target=512,<function upgma at 0x7fcf41625160>
2952,222,222,[221],3000.0,224.0,285959,3000,3001,3000.0,differentia=64+policy=TaperedDepthProportionalResolution+target=512,<function upgma at 0x7fcf41625160>
2953,223,223,[221],2776.0,0.0,Inner21,2560,2993,2776.0,differentia=64+policy=TaperedDepthProportionalResolution+target=512,<function upgma at 0x7fcf41625160>
2954,224,224,[223],3000.0,224.0,285946,3000,3001,3000.0,differentia=64+policy=TaperedDepthProportionalResolution+target=512,<function upgma at 0x7fcf41625160>
2955,225,225,[223],2776.0,0.0,Inner20,2560,2993,2776.0,differentia=64+policy=TaperedDepthProportionalResolution+target=512,<function upgma at 0x7fcf41625160>
2956,226,226,[225],3000.0,224.0,285935,3000,3001,3000.0,differentia=64+policy=TaperedDepthProportionalResolution+target=512,<function upgma at 0x7fcf41625160>
2957,227,227,[225],2776.0,0.0,Inner19,2560,2993,2776.0,differentia=64+policy=TaperedDepthProportionalResolution+target=512,<function upgma at 0x7fcf41625160>
2958,228,228,[227],3000.0,224.0,285925,3000,3001,3000.0,differentia=64+policy=TaperedDepthProportionalResolution+target=512,<function upgma at 0x7fcf41625160>
2959,229,229,[227],2776.0,0.0,Inner18,2560,2993,2776.0,differentia=64+policy=TaperedDepthProportionalResolution+target=512,<function upgma at 0x7fcf41625160>
2960,230,230,[229],3000.0,224.0,285912,3000,3001,3000.0,differentia=64+policy=TaperedDepthProportionalResolution+target=512,<function upgma at 0x7fcf41625160>
2961,231,231,[229],2776.0,0.0,Inner17,2560,2993,2776.0,differentia=64+policy=TaperedDepthProportionalResolution+target=512,<function upgma at 0x7fcf41625160>
2962,232,232,[231],3000.0,224.0,285909,3000,3001,3000.0,differentia=64+policy=TaperedDepthProportionalResolution+target=512,<function upgma at 0x7fcf41625160>
2963,233,233,[231],2776.0,0.0,Inner16,2560,2993,2776.0,differentia=64+policy=TaperedDepthProportionalResolution+target=512,<function upgma at 0x7fcf41625160>
2964,234,234,[233],3000.0,224.0,285892,3000,3001,3000.0,differentia=64+policy=TaperedDepthProportionalResolution+target=512,<function upgma at 0x7fcf41625160>
2965,235,235,[233],2776.0,0.0,Inner15,2560,2993,2776.0,differentia=64+policy=TaperedDepthProportionalResolution+target=512,<function upgma at 0x7fcf41625160>
2966,236,236,[235],2776.0,0.0,Inner14,2560,2993,2776.0,differentia=64+policy=TaperedDepthProportionalResolution+target=512,<function upgma at 0x7fcf41625160>
2967,237,237,[236],2776.0,0.0,Inner13,2560,2993,2776.0,differentia=64+policy=TaperedDepthProportionalResolution+target=512,<function upgma at 0x7fcf41625160>
2968,238,238,[237],2999.0,223.0,285850,2999,3000,2999.0,differentia=64+policy=TaperedDepthProportionalResolution+target=512,<function upgma at 0x7fcf41625160>
2969,239,239,[237],2776.0,0.0,Inner12,2560,2993,2776.0,differentia=64+policy=TaperedDepthProportionalResolution+target=512,<function upgma at 0x7fcf41625160>
2970,240,240,[239],2999.0,223.0,285804,2999,3000,2999.0,differentia=64+policy=TaperedDepthProportionalResolution+target=512,<function upgma at 0x7fcf41625160>
2971,241,241,[239],2776.0,0.0,Inner11,2560,2993,2776.0,differentia=64+policy=TaperedDepthProportionalResolution+target=512,<function upgma at 0x7fcf41625160>
2972,242,242,[241],2999.0,223.0,285860,2999,3000,2999.0,differentia=64+policy=TaperedDepthProportionalResolution+target=512,<function upgma at 0x7fcf41625160>
2973,243,243,[241],2776.0,0.0,Inner10,2560,2993,2776.0,differentia=64+policy=TaperedDepthProportionalResolution+target=512,<function upgma at 0x7fcf41625160>
2974,244,244,[243],2999.0,223.0,285815,2999,3000,2999.0,differentia=64+policy=TaperedDepthProportionalResolution+target=512,<function upgma at 0x7fcf41625160>
2975,245,245,[243],2776.0,0.0,Inner9,2560,2993,2776.0,differentia=64+policy=TaperedDepthProportionalResolution+target=512,<function upgma at 0x7fcf41625160>
2976,246,246,[245],2776.0,0.0,Inner8,2560,2993,2776.0,differentia=64+policy=TaperedDepthProportionalResolution+target=512,<function upgma at 0x7fcf41625160>
2977,247,247,[246],2776.0,0.0,Inner7,2560,2993,2776.0,differentia=64+policy=TaperedDepthProportionalResolution+target=512,<function upgma at 0x7fcf41625160>
2978,248,248,[247],2776.0,0.0,Inner6,2560,2993,2776.0,differentia=64+policy=TaperedDepthProportionalResolution+target=512,<function upgma at 0x7fcf41625160>
2979,249,249,[248],2776.0,0.0,Inner5,2560,2993,2776.0,differentia=64+policy=TaperedDepthProportionalResolution+target=512,<function upgma at 0x7fcf41625160>
2980,250,250,[249],2776.0,0.0,Inner4,2560,2993,2776.0,differentia=64+policy=TaperedDepthProportionalResolution+target=512,<function upgma at 0x7fcf41625160>
2981,251,251,[250],2776.0,0.0,Inner3,2560,2993,2776.0,differentia=64+policy=TaperedDepthProportionalResolution+target=512,<function upgma at 0x7fcf41625160>
2982,252,252,[251],2776.0,0.0,Inner2,2560,2993,2776.0,differentia=64+policy=TaperedDepthProportionalResolution+target=512,<function upgma at 0x7fcf41625160>
2983,253,253,[252],2776.0,0.0,Inner1,2560,2993,2776.0,differentia=64+policy=TaperedDepthProportionalResolution+target=512,<function upgma at 0x7fcf41625160>
2984,254,254,[253],2993.0,217.0,285310,2993,2994,2993.0,differentia=64+policy=TaperedDepthProportionalResolution+target=512,<function upgma at 0x7fcf41625160>
2985,255,255,[253],2996.0,220.0,285553,2996,2997,2996.0,differentia=64+policy=TaperedDepthProportionalResolution+target=512,<function upgma at 0x7fcf41625160>
2986,256,256,[252],2997.0,221.0,285634,2997,2998,2997.0,differentia=64+policy=TaperedDepthProportionalResolution+target=512,<function upgma at 0x7fcf41625160>
2987,257,257,[251],2997.0,221.0,285695,2997,2998,2997.0,differentia=64+policy=TaperedDepthProportionalResolution+target=512,<function upgma at 0x7fcf41625160>
2988,258,258,[250],2998.0,222.0,285722,2998,2999,2998.0,differentia=64+policy=TaperedDepthProportionalResolution+target=512,<function upgma at 0x7fcf41625160>
2989,259,259,[249],2998.0,222.0,285725,2998,2999,2998.0,differentia=64+policy=TaperedDepthProportionalResolution+target=512,<function upgma at 0x7fcf41625160>
2990,260,260,[248],2998.0,222.0,285752,2998,2999,2998.0,differentia=64+policy=TaperedDepthProportionalResolution+target=512,<function upgma at 0x7fcf41625160>
2991,261,261,[247],2999.0,223.0,285803,2999,3000,2999.0,differentia=64+policy=TaperedDepthProportionalResolution+target=512,<function upgma at 0x7fcf41625160>
2992,262,262,[246],2999.0,223.0,285874,2999,3000,2999.0,differentia=64+policy=TaperedDepthProportionalResolution+target=512,<function upgma at 0x7fcf41625160>
2993,263,263,[245],2999.0,223.0,285879,2999,3000,2999.0,differentia=64+policy=TaperedDepthProportionalResolution+target=512,<function upgma at 0x7fcf41625160>
2994,264,264,[236],3000.0,224.0,285894,3000,3001,3000.0,differentia=64+policy=TaperedDepthProportionalResolution+target=512,<function upgma at 0x7fcf41625160>
2995,265,265,[235],3000.0,224.0,285970,3000,3001,3000.0,differentia=64+policy=TaperedDepthProportionalResolution+target=512,<function upgma at 0x7fcf41625160>
2996,266,266,[202],3000.0,224.0,285972,3000,3001,3000.0,differentia=64+policy=TaperedDepthProportionalResolution+target=512,<function upgma at 0x7fcf41625160>
2997,267,267,[201],3000.0,224.0,285980,3000,3001,3000.0,differentia=64+policy=TaperedDepthProportionalResolution+target=512,<function upgma at 0x7fcf41625160>
2998,268,268,[200],3001.0,225.0,286033,3001,3002,3001.0,differentia=64+policy=TaperedDepthProportionalResolution+target=512,<function upgma at 0x7fcf41625160>
2999,269,269,[199],3001.0,225.0,286041,3001,3002,3001.0,differentia=64+policy=TaperedDepthProportionalResolution+target=512,<function upgma at 0x7fcf41625160>
3000,270,270,[194],3001.0,225.0,286057,3001,3002,3001.0,differentia=64+policy=TaperedDepthProportionalResolution+target=512,<function upgma at 0x7fcf41625160>
3001,271,271,[191],3001.0,225.0,286078,3001,3002,3001.0,differentia=64+policy=TaperedDepthProportionalResolution+target=512,<function upgma at 0x7fcf41625160>
3002,272,272,[144],3001.0,225.0,286083,3001,3002,3001.0,differentia=64+policy=TaperedDepthProportionalResolution+target=512,<function upgma at 0x7fcf41625160>
3003,0,0,[None],2520.0,2520.0,Inner136,2048,2993,2520.0,differentia=64+policy=TaperedDepthProportionalResolution+target=64,<function upgma at 0x7fcf41625160>
3004,1,1,[0],3001.0,481.0,286082,3001,3002,3001.0,differentia=64+policy=TaperedDepthProportionalResolution+target=64,<function upgma at 0x7fcf41625160>
3005,2,2,[0],2520.0,0.0,Inner135,2048,2993,2520.0,differentia=64+policy=TaperedDepthProportionalResolution+target=64,<function upgma at 0x7fcf41625160>
3006,3,3,[2],3001.0,481.0,286081,3001,3002,3001.0,differentia=64+policy=TaperedDepthProportionalResolution+target=64,<function upgma at 0x7fcf41625160>
3007,4,4,[2],2520.0,0.0,Inner134,2048,2993,2520.0,differentia=64+policy=TaperedDepthProportionalResolution+target=64,<function upgma at 0x7fcf41625160>
3008,5,5,[4],3001.0,481.0,286080,3001,3002,3001.0,differentia=64+policy=TaperedDepthProportionalResolution+target=64,<function upgma at 0x7fcf41625160>
3009,6,6,[4],2520.0,0.0,Inner133,2048,2993,2520.0,differentia=64+policy=TaperedDepthProportionalResolution+target=64,<function upgma at 0x7fcf41625160>
3010,7,7,[6],3001.0,481.0,286076,3001,3002,3001.0,differentia=64+policy=TaperedDepthProportionalResolution+target=64,<function upgma at 0x7fcf41625160>
3011,8,8,[6],2520.0,0.0,Inner132,2048,2993,2520.0,differentia=64+policy=TaperedDepthProportionalResolution+target=64,<function upgma at 0x7fcf41625160>
3012,9,9,[8],3001.0,481.0,286065,3001,3002,3001.0,differentia=64+policy=TaperedDepthProportionalResolution+target=64,<function upgma at 0x7fcf41625160>
3013,10,10,[8],2520.0,0.0,Inner131,2048,2993,2520.0,differentia=64+policy=TaperedDepthProportionalResolution+target=64,<function upgma at 0x7fcf41625160>
3014,11,11,[10],3001.0,481.0,286060,3001,3002,3001.0,differentia=64+policy=TaperedDepthProportionalResolution+target=64,<function upgma at 0x7fcf41625160>
3015,12,12,[10],2520.0,0.0,Inner130,2048,2993,2520.0,differentia=64+policy=TaperedDepthProportionalResolution+target=64,<function upgma at 0x7fcf41625160>
3016,13,13,[12],3001.0,481.0,286059,3001,3002,3001.0,differentia=64+policy=TaperedDepthProportionalResolution+target=64,<function upgma at 0x7fcf41625160>
3017,14,14,[12],2520.0,0.0,Inner129,2048,2993,2520.0,differentia=64+policy=TaperedDepthProportionalResolution+target=64,<function upgma at 0x7fcf41625160>
3018,15,15,[14],3001.0,481.0,286058,3001,3002,3001.0,differentia=64+policy=TaperedDepthProportionalResolution+target=64,<function upgma at 0x7fcf41625160>
3019,16,16,[14],2520.0,0.0,Inner128,2048,2993,2520.0,differentia=64+policy=TaperedDepthProportionalResolution+target=64,<function upgma at 0x7fcf41625160>
3020,17,17,[16],3001.0,481.0,286056,3001,3002,3001.0,differentia=64+policy=TaperedDepthProportionalResolution+target=64,<function upgma at 0x7fcf41625160>
3021,18,18,[16],2520.0,0.0,Inner127,2048,2993,2520.0,differentia=64+policy=TaperedDepthProportionalResolution+target=64,<function upgma at 0x7fcf41625160>
3022,19,19,[18],3001.0,481.0,286053,3001,3002,3001.0,differentia=64+policy=TaperedDepthProportionalResolution+target=64,<function upgma at 0x7fcf41625160>
3023,20,20,[18],2520.0,0.0,Inner126,2048,2993,2520.0,differentia=64+policy=TaperedDepthProportionalResolution+target=64,<function upgma at 0x7fcf41625160>
3024,21,21,[20],3001.0,481.0,286051,3001,3002,3001.0,differentia=64+policy=TaperedDepthProportionalResolution+target=64,<function upgma at 0x7fcf41625160>
3025,22,22,[20],2520.0,0.0,Inner125,2048,2993,2520.0,differentia=64+policy=TaperedDepthProportionalResolution+target=64,<function upgma at 0x7fcf41625160>
3026,23,23,[22],3001.0,481.0,286077,3001,3002,3001.0,differentia=64+policy=TaperedDepthProportionalResolution+target=64,<function upgma at 0x7fcf41625160>
3027,24,24,[22],2520.0,0.0,Inner124,2048,2993,2520.0,differentia=64+policy=TaperedDepthProportionalResolution+target=64,<function upgma at 0x7fcf41625160>
3028,25,25,[24],3001.0,481.0,286042,3001,3002,3001.0,differentia=64+policy=TaperedDepthProportionalResolution+target=64,<function upgma at 0x7fcf41625160>
3029,26,26,[24],2520.0,0.0,Inner123,2048,2993,2520.0,differentia=64+policy=TaperedDepthProportionalResolution+target=64,<function upgma at 0x7fcf41625160>
3030,27,27,[26],3001.0,481.0,286039,3001,3002,3001.0,differentia=64+policy=TaperedDepthProportionalResolution+target=64,<function upgma at 0x7fcf41625160>
3031,28,28,[26],2520.0,0.0,Inner122,2048,2993,2520.0,differentia=64+policy=TaperedDepthProportionalResolution+target=64,<function upgma at 0x7fcf41625160>
3032,29,29,[28],3001.0,481.0,286038,3001,3002,3001.0,differentia=64+policy=TaperedDepthProportionalResolution+target=64,<function upgma at 0x7fcf41625160>
3033,30,30,[28],2520.0,0.0,Inner121,2048,2993,2520.0,differentia=64+policy=TaperedDepthProportionalResolution+target=64,<function upgma at 0x7fcf41625160>
3034,31,31,[30],3001.0,481.0,286036,3001,3002,3001.0,differentia=64+policy=TaperedDepthProportionalResolution+target=64,<function upgma at 0x7fcf41625160>
3035,32,32,[30],2520.0,0.0,Inner120,2048,2993,2520.0,differentia=64+policy=TaperedDepthProportionalResolution+target=64,<function upgma at 0x7fcf41625160>
3036,33,33,[32],3001.0,481.0,286032,3001,3002,3001.0,differentia=64+policy=TaperedDepthProportionalResolution+target=64,<function upgma at 0x7fcf41625160>
3037,34,34,[32],2520.0,0.0,Inner119,2048,2993,2520.0,differentia=64+policy=TaperedDepthProportionalResolution+target=64,<function upgma at 0x7fcf41625160>
3038,35,35,[34],3001.0,481.0,286030,3001,3002,3001.0,differentia=64+policy=TaperedDepthProportionalResolution+target=64,<function upgma at 0x7fcf41625160>
3039,36,36,[34],2520.0,0.0,Inner118,2048,2993,2520.0,differentia=64+policy=TaperedDepthProportionalResolution+target=64,<function upgma at 0x7fcf41625160>
3040,37,37,[36],3001.0,481.0,286029,3001,3002,3001.0,differentia=64+policy=TaperedDepthProportionalResolution+target=64,<function upgma at 0x7fcf41625160>
3041,38,38,[36],2520.0,0.0,Inner117,2048,2993,2520.0,differentia=64+policy=TaperedDepthProportionalResolution+target=64,<function upgma at 0x7fcf41625160>
3042,39,39,[38],3001.0,481.0,286027,3001,3002,3001.0,differentia=64+policy=TaperedDepthProportionalResolution+target=64,<function upgma at 0x7fcf41625160>
3043,40,40,[38],2520.0,0.0,Inner116,2048,2993,2520.0,differentia=64+policy=TaperedDepthProportionalResolution+target=64,<function upgma at 0x7fcf41625160>
3044,41,41,[40],3001.0,481.0,286026,3001,3002,3001.0,differentia=64+policy=TaperedDepthProportionalResolution+target=64,<function upgma at 0x7fcf41625160>
3045,42,42,[40],2520.0,0.0,Inner115,2048,2993,2520.0,differentia=64+policy=TaperedDepthProportionalResolution+target=64,<function upgma at 0x7fcf41625160>
3046,43,43,[42],3001.0,481.0,286045,3001,3002,3001.0,differentia=64+policy=TaperedDepthProportionalResolution+target=64,<function upgma at 0x7fcf41625160>
3047,44,44,[42],2520.0,0.0,Inner114,2048,2993,2520.0,differentia=64+policy=TaperedDepthProportionalResolution+target=64,<function upgma at 0x7fcf41625160>
3048,45,45,[44],3001.0,481.0,286025,3001,3002,3001.0,differentia=64+policy=TaperedDepthProportionalResolution+target=64,<function upgma at 0x7fcf41625160>
3049,46,46,[44],2520.0,0.0,Inner113,2048,2993,2520.0,differentia=64+policy=TaperedDepthProportionalResolution+target=64,<function upgma at 0x7fcf41625160>
3050,47,47,[46],3001.0,481.0,286024,3001,3002,3001.0,differentia=64+policy=TaperedDepthProportionalResolution+target=64,<function upgma at 0x7fcf41625160>
3051,48,48,[46],2520.0,0.0,Inner112,2048,2993,2520.0,differentia=64+policy=TaperedDepthProportionalResolution+target=64,<function upgma at 0x7fcf41625160>
3052,49,49,[48],3001.0,481.0,286017,3001,3002,3001.0,differentia=64+policy=TaperedDepthProportionalResolution+target=64,<function upgma at 0x7fcf41625160>
3053,50,50,[48],2520.0,0.0,Inner111,2048,2993,2520.0,differentia=64+policy=TaperedDepthProportionalResolution+target=64,<function upgma at 0x7fcf41625160>
3054,51,51,[50],3001.0,481.0,286016,3001,3002,3001.0,differentia=64+policy=TaperedDepthProportionalResolution+target=64,<function upgma at 0x7fcf41625160>
3055,52,52,[50],2520.0,0.0,Inner110,2048,2993,2520.0,differentia=64+policy=TaperedDepthProportionalResolution+target=64,<function upgma at 0x7fcf41625160>
3056,53,53,[52],3001.0,481.0,286012,3001,3002,3001.0,differentia=64+policy=TaperedDepthProportionalResolution+target=64,<function upgma at 0x7fcf41625160>
3057,54,54,[52],2520.0,0.0,Inner109,2048,2993,2520.0,differentia=64+policy=TaperedDepthProportionalResolution+target=64,<function upgma at 0x7fcf41625160>
3058,55,55,[54],3001.0,481.0,286010,3001,3002,3001.0,differentia=64+policy=TaperedDepthProportionalResolution+target=64,<function upgma at 0x7fcf41625160>
3059,56,56,[54],2520.0,0.0,Inner108,2048,2993,2520.0,differentia=64+policy=TaperedDepthProportionalResolution+target=64,<function upgma at 0x7fcf41625160>
3060,57,57,[56],3001.0,481.0,286003,3001,3002,3001.0,differentia=64+policy=TaperedDepthProportionalResolution+target=64,<function upgma at 0x7fcf41625160>
3061,58,58,[56],2520.0,0.0,Inner107,2048,2993,2520.0,differentia=64+policy=TaperedDepthProportionalResolution+target=64,<function upgma at 0x7fcf41625160>
3062,59,59,[58],3001.0,481.0,286035,3001,3002,3001.0,differentia=64+policy=TaperedDepthProportionalResolution+target=64,<function upgma at 0x7fcf41625160>
3063,60,60,[58],2520.0,0.0,Inner106,2048,2993,2520.0,differentia=64+policy=TaperedDepthProportionalResolution+target=64,<function upgma at 0x7fcf41625160>
3064,61,61,[60],3001.0,481.0,286002,3001,3002,3001.0,differentia=64+policy=TaperedDepthProportionalResolution+target=64,<function upgma at 0x7fcf41625160>
3065,62,62,[60],2520.0,0.0,Inner105,2048,2993,2520.0,differentia=64+policy=TaperedDepthProportionalResolution+target=64,<function upgma at 0x7fcf41625160>
3066,63,63,[62],3001.0,481.0,286000,3001,3002,3001.0,differentia=64+policy=TaperedDepthProportionalResolution+target=64,<function upgma at 0x7fcf41625160>
3067,64,64,[62],2520.0,0.0,Inner104,2048,2993,2520.0,differentia=64+policy=TaperedDepthProportionalResolution+target=64,<function upgma at 0x7fcf41625160>
3068,65,65,[64],3001.0,481.0,285999,3001,3002,3001.0,differentia=64+policy=TaperedDepthProportionalResolution+target=64,<function upgma at 0x7fcf41625160>
3069,66,66,[64],2520.0,0.0,Inner103,2048,2993,2520.0,differentia=64+policy=TaperedDepthProportionalResolution+target=64,<function upgma at 0x7fcf41625160>
3070,67,67,[66],3001.0,481.0,285998,3001,3002,3001.0,differentia=64+policy=TaperedDepthProportionalResolution+target=64,<function upgma at 0x7fcf41625160>
3071,68,68,[66],2520.0,0.0,Inner102,2048,2993,2520.0,differentia=64+policy=TaperedDepthProportionalResolution+target=64,<function upgma at 0x7fcf41625160>
3072,69,69,[68],3001.0,481.0,285996,3001,3002,3001.0,differentia=64+policy=TaperedDepthProportionalResolution+target=64,<function upgma at 0x7fcf41625160>
3073,70,70,[68],2520.0,0.0,Inner101,2048,2993,2520.0,differentia=64+policy=TaperedDepthProportionalResolution+target=64,<function upgma at 0x7fcf41625160>
3074,71,71,[70],3001.0,481.0,285991,3001,3002,3001.0,differentia=64+policy=TaperedDepthProportionalResolution+target=64,<function upgma at 0x7fcf41625160>
3075,72,72,[70],2520.0,0.0,Inner100,2048,2993,2520.0,differentia=64+policy=TaperedDepthProportionalResolution+target=64,<function upgma at 0x7fcf41625160>
3076,73,73,[72],3001.0,481.0,285990,3001,3002,3001.0,differentia=64+policy=TaperedDepthProportionalResolution+target=64,<function upgma at 0x7fcf41625160>
3077,74,74,[72],2520.0,0.0,Inner99,2048,2993,2520.0,differentia=64+policy=TaperedDepthProportionalResolution+target=64,<function upgma at 0x7fcf41625160>
3078,75,75,[74],3001.0,481.0,285984,3001,3002,3001.0,differentia=64+policy=TaperedDepthProportionalResolution+target=64,<function upgma at 0x7fcf41625160>
3079,76,76,[74],2520.0,0.0,Inner98,2048,2993,2520.0,differentia=64+policy=TaperedDepthProportionalResolution+target=64,<function upgma at 0x7fcf41625160>
3080,77,77,[76],3001.0,481.0,285982,3001,3002,3001.0,differentia=64+policy=TaperedDepthProportionalResolution+target=64,<function upgma at 0x7fcf41625160>
3081,78,78,[76],2520.0,0.0,Inner97,2048,2993,2520.0,differentia=64+policy=TaperedDepthProportionalResolution+target=64,<function upgma at 0x7fcf41625160>
3082,79,79,[78],2523.5,3.5,Inner96,2048,3000,2523.5,differentia=64+policy=TaperedDepthProportionalResolution+target=64,<function upgma at 0x7fcf41625160>
3083,80,80,[79],3001.0,477.5,286064,3001,3002,3001.0,differentia=64+policy=TaperedDepthProportionalResolution+target=64,<function upgma at 0x7fcf41625160>
3084,81,81,[79],2523.5,0.0,Inner95,2048,3000,2523.5,differentia=64+policy=TaperedDepthProportionalResolution+target=64,<function upgma at 0x7fcf41625160>
3085,82,82,[81],3001.0,477.5,285985,3001,3002,3001.0,differentia=64+policy=TaperedDepthProportionalResolution+target=64,<function upgma at 0x7fcf41625160>
3086,83,83,[81],2523.5,0.0,Inner94,2048,3000,2523.5,differentia=64+policy=TaperedDepthProportionalResolution+target=64,<function upgma at 0x7fcf41625160>
3087,84,84,[83],3001.0,477.5,286062,3001,3002,3001.0,differentia=64+policy=TaperedDepthProportionalResolution+target=64,<function upgma at 0x7fcf41625160>
3088,85,85,[83],2523.5,0.0,Inner93,2048,3000,2523.5,differentia=64+policy=TaperedDepthProportionalResolution+target=64,<function upgma at 0x7fcf41625160>
3089,86,86,[85],3001.0,477.5,286008,3001,3002,3001.0,differentia=64+policy=TaperedDepthProportionalResolution+target=64,<function upgma at 0x7fcf41625160>
3090,87,87,[85],2523.5,0.0,Inner92,2048,3000,2523.5,differentia=64+policy=TaperedDepthProportionalResolution+target=64,<function upgma at 0x7fcf41625160>
3091,88,88,[87],3001.0,477.5,286055,3001,3002,3001.0,differentia=64+policy=TaperedDepthProportionalResolution+target=64,<function upgma at 0x7fcf41625160>
3092,89,89,[87],2523.5,0.0,Inner91,2048,3000,2523.5,differentia=64+policy=TaperedDepthProportionalResolution+target=64,<function upgma at 0x7fcf41625160>
3093,90,90,[89],3001.0,477.5,286063,3001,3002,3001.0,differentia=64+policy=TaperedDepthProportionalResolution+target=64,<function upgma at 0x7fcf41625160>
3094,91,91,[89],2523.5,0.0,Inner90,2048,3000,2523.5,differentia=64+policy=TaperedDepthProportionalResolution+target=64,<function upgma at 0x7fcf41625160>
3095,92,92,[91],3001.0,477.5,285989,3001,3002,3001.0,differentia=64+policy=TaperedDepthProportionalResolution+target=64,<function upgma at 0x7fcf41625160>
3096,93,93,[91],2523.5,0.0,Inner89,2048,3000,2523.5,differentia=64+policy=TaperedDepthProportionalResolution+target=64,<function upgma at 0x7fcf41625160>
3097,94,94,[93],3001.0,477.5,286066,3001,3002,3001.0,differentia=64+policy=TaperedDepthProportionalResolution+target=64,<function upgma at 0x7fcf41625160>
3098,95,95,[93],2523.5,0.0,Inner88,2048,3000,2523.5,differentia=64+policy=TaperedDepthProportionalResolution+target=64,<function upgma at 0x7fcf41625160>
3099,96,96,[95],3001.0,477.5,286074,3001,3002,3001.0,differentia=64+policy=TaperedDepthProportionalResolution+target=64,<function upgma at 0x7fcf41625160>
3100,97,97,[95],2523.5,0.0,Inner87,2048,3000,2523.5,differentia=64+policy=TaperedDepthProportionalResolution+target=64,<function upgma at 0x7fcf41625160>
3101,98,98,[97],3001.0,477.5,286006,3001,3002,3001.0,differentia=64+policy=TaperedDepthProportionalResolution+target=64,<function upgma at 0x7fcf41625160>
3102,99,99,[97],2523.5,0.0,Inner86,2048,3000,2523.5,differentia=64+policy=TaperedDepthProportionalResolution+target=64,<function upgma at 0x7fcf41625160>
3103,100,100,[99],3001.0,477.5,286069,3001,3002,3001.0,differentia=64+policy=TaperedDepthProportionalResolution+target=64,<function upgma at 0x7fcf41625160>
3104,101,101,[99],2523.5,0.0,Inner85,2048,3000,2523.5,differentia=64+policy=TaperedDepthProportionalResolution+target=64,<function upgma at 0x7fcf41625160>
3105,102,102,[101],3001.0,477.5,285992,3001,3002,3001.0,differentia=64+policy=TaperedDepthProportionalResolution+target=64,<function upgma at 0x7fcf41625160>
3106,103,103,[101],2523.5,0.0,Inner84,2048,3000,2523.5,differentia=64+policy=TaperedDepthProportionalResolution+target=64,<function upgma at 0x7fcf41625160>
3107,104,104,[103],3001.0,477.5,286067,3001,3002,3001.0,differentia=64+policy=TaperedDepthProportionalResolution+target=64,<function upgma at 0x7fcf41625160>
3108,105,105,[103],2523.5,0.0,Inner83,2048,3000,2523.5,differentia=64+policy=TaperedDepthProportionalResolution+target=64,<function upgma at 0x7fcf41625160>
3109,106,106,[105],3001.0,477.5,286052,3001,3002,3001.0,differentia=64+policy=TaperedDepthProportionalResolution+target=64,<function upgma at 0x7fcf41625160>
3110,107,107,[105],2523.5,0.0,Inner82,2048,3000,2523.5,differentia=64+policy=TaperedDepthProportionalResolution+target=64,<function upgma at 0x7fcf41625160>
3111,108,108,[107],3001.0,477.5,286028,3001,3002,3001.0,differentia=64+policy=TaperedDepthProportionalResolution+target=64,<function upgma at 0x7fcf41625160>
3112,109,109,[107],2523.5,0.0,Inner81,2048,3000,2523.5,differentia=64+policy=TaperedDepthProportionalResolution+target=64,<function upgma at 0x7fcf41625160>
3113,110,110,[109],3001.0,477.5,286022,3001,3002,3001.0,differentia=64+policy=TaperedDepthProportionalResolution+target=64,<function upgma at 0x7fcf41625160>
3114,111,111,[109],2523.5,0.0,Inner80,2048,3000,2523.5,differentia=64+policy=TaperedDepthProportionalResolution+target=64,<function upgma at 0x7fcf41625160>
3115,112,112,[111],3001.0,477.5,285987,3001,3002,3001.0,differentia=64+policy=TaperedDepthProportionalResolution+target=64,<function upgma at 0x7fcf41625160>
3116,113,113,[111],2523.5,0.0,Inner79,2048,3000,2523.5,differentia=64+policy=TaperedDepthProportionalResolution+target=64,<function upgma at 0x7fcf41625160>
3117,114,114,[113],2523.5,0.0,Inner78,2048,3000,2523.5,differentia=64+policy=TaperedDepthProportionalResolution+target=64,<function upgma at 0x7fcf41625160>
3118,115,115,[114],3001.0,477.5,286070,3001,3002,3001.0,differentia=64+policy=TaperedDepthProportionalResolution+target=64,<function upgma at 0x7fcf41625160>
3119,116,116,[114],3001.0,477.5,286071,3001,3002,3001.0,differentia=64+policy=TaperedDepthProportionalResolution+target=64,<function upgma at 0x7fcf41625160>
3120,117,117,[113],3001.0,477.5,286079,3001,3002,3001.0,differentia=64+policy=TaperedDepthProportionalResolution+target=64,<function upgma at 0x7fcf41625160>
3121,118,118,[78],2520.0,0.0,Inner77,2048,2993,2520.0,differentia=64+policy=TaperedDepthProportionalResolution+target=64,<function upgma at 0x7fcf41625160>
3122,119,119,[118],3001.0,481.0,286019,3001,3002,3001.0,differentia=64+policy=TaperedDepthProportionalResolution+target=64,<function upgma at 0x7fcf41625160>
3123,120,120,[118],2520.0,0.0,Inner76,2048,2993,2520.0,differentia=64+policy=TaperedDepthProportionalResolution+target=64,<function upgma at 0x7fcf41625160>
3124,121,121,[120],3001.0,481.0,286068,3001,3002,3001.0,differentia=64+policy=TaperedDepthProportionalResolution+target=64,<function upgma at 0x7fcf41625160>
3125,122,122,[120],2520.0,0.0,Inner75,2048,2993,2520.0,differentia=64+policy=TaperedDepthProportionalResolution+target=64,<function upgma at 0x7fcf41625160>
3126,123,123,[122],3001.0,481.0,285997,3001,3002,3001.0,differentia=64+policy=TaperedDepthProportionalResolution+target=64,<function upgma at 0x7fcf41625160>
3127,124,124,[122],2520.0,0.0,Inner74,2048,2993,2520.0,differentia=64+policy=TaperedDepthProportionalResolution+target=64,<function upgma at 0x7fcf41625160>
3128,125,125,[124],3001.0,481.0,286061,3001,3002,3001.0,differentia=64+policy=TaperedDepthProportionalResolution+target=64,<function upgma at 0x7fcf41625160>
3129,126,126,[124],2520.0,0.0,Inner73,2048,2993,2520.0,differentia=64+policy=TaperedDepthProportionalResolution+target=64,<function upgma at 0x7fcf41625160>
3130,127,127,[126],3001.0,481.0,286014,3001,3002,3001.0,differentia=64+policy=TaperedDepthProportionalResolution+target=64,<function upgma at 0x7fcf41625160>
3131,128,128,[126],2520.0,0.0,Inner72,2048,2993,2520.0,differentia=64+policy=TaperedDepthProportionalResolution+target=64,<function upgma at 0x7fcf41625160>
3132,129,129,[128],3001.0,481.0,286075,3001,3002,3001.0,differentia=64+policy=TaperedDepthProportionalResolution+target=64,<function upgma at 0x7fcf41625160>
3133,130,130,[128],2520.0,0.0,Inner71,2048,2993,2520.0,differentia=64+policy=TaperedDepthProportionalResolution+target=64,<function upgma at 0x7fcf41625160>
3134,131,131,[130],3001.0,481.0,286048,3001,3002,3001.0,differentia=64+policy=TaperedDepthProportionalResolution+target=64,<function upgma at 0x7fcf41625160>
3135,132,132,[130],2520.0,0.0,Inner70,2048,2993,2520.0,differentia=64+policy=TaperedDepthProportionalResolution+target=64,<function upgma at 0x7fcf41625160>
3136,133,133,[132],3001.0,481.0,286020,3001,3002,3001.0,differentia=64+policy=TaperedDepthProportionalResolution+target=64,<function upgma at 0x7fcf41625160>
3137,134,134,[132],2520.0,0.0,Inner69,2048,2993,2520.0,differentia=64+policy=TaperedDepthProportionalResolution+target=64,<function upgma at 0x7fcf41625160>
3138,135,135,[134],3001.0,481.0,286040,3001,3002,3001.0,differentia=64+policy=TaperedDepthProportionalResolution+target=64,<function upgma at 0x7fcf41625160>
3139,136,136,[134],2520.0,0.0,Inner68,2048,2993,2520.0,differentia=64+policy=TaperedDepthProportionalResolution+target=64,<function upgma at 0x7fcf41625160>
3140,137,137,[136],3001.0,481.0,286044,3001,3002,3001.0,differentia=64+policy=TaperedDepthProportionalResolution+target=64,<function upgma at 0x7fcf41625160>
3141,138,138,[136],2520.0,0.0,Inner67,2048,2993,2520.0,differentia=64+policy=TaperedDepthProportionalResolution+target=64,<function upgma at 0x7fcf41625160>
3142,139,139,[138],3001.0,481.0,285995,3001,3002,3001.0,differentia=64+policy=TaperedDepthProportionalResolution+target=64,<function upgma at 0x7fcf41625160>
3143,140,140,[138],2520.0,0.0,Inner66,2048,2993,2520.0,differentia=64+policy=TaperedDepthProportionalResolution+target=64,<function upgma at 0x7fcf41625160>
3144,141,141,[140],3001.0,481.0,285993,3001,3002,3001.0,differentia=64+policy=TaperedDepthProportionalResolution+target=64,<function upgma at 0x7fcf41625160>
3145,142,142,[140],2520.0,0.0,Inner65,2048,2993,2520.0,differentia=64+policy=TaperedDepthProportionalResolution+target=64,<function upgma at 0x7fcf41625160>
3146,143,143,[142],3001.0,481.0,286001,3001,3002,3001.0,differentia=64+policy=TaperedDepthProportionalResolution+target=64,<function upgma at 0x7fcf41625160>
3147,144,144,[142],2520.0,0.0,Inner64,2048,2993,2520.0,differentia=64+policy=TaperedDepthProportionalResolution+target=64,<function upgma at 0x7fcf41625160>
3148,145,145,[144],2520.0,0.0,Inner63,2048,2993,2520.0,differentia=64+policy=TaperedDepthProportionalResolution+target=64,<function upgma at 0x7fcf41625160>
3149,146,146,[145],3001.0,481.0,286046,3001,3002,3001.0,differentia=64+policy=TaperedDepthProportionalResolution+target=64,<function upgma at 0x7fcf41625160>
3150,147,147,[145],2520.0,0.0,Inner62,2048,2993,2520.0,differentia=64+policy=TaperedDepthProportionalResolution+target=64,<function upgma at 0x7fcf41625160>
3151,148,148,[147],3001.0,481.0,286021,3001,3002,3001.0,differentia=64+policy=TaperedDepthProportionalResolution+target=64,<function upgma at 0x7fcf41625160>
3152,149,149,[147],2520.0,0.0,Inner61,2048,2993,2520.0,differentia=64+policy=TaperedDepthProportionalResolution+target=64,<function upgma at 0x7fcf41625160>
3153,150,150,[149],3001.0,481.0,286073,3001,3002,3001.0,differentia=64+policy=TaperedDepthProportionalResolution+target=64,<function upgma at 0x7fcf41625160>
3154,151,151,[149],2520.0,0.0,Inner60,2048,2993,2520.0,differentia=64+policy=TaperedDepthProportionalResolution+target=64,<function upgma at 0x7fcf41625160>
3155,152,152,[151],3001.0,481.0,286072,3001,3002,3001.0,differentia=64+policy=TaperedDepthProportionalResolution+target=64,<function upgma at 0x7fcf41625160>
3156,153,153,[151],2520.0,0.0,Inner59,2048,2993,2520.0,differentia=64+policy=TaperedDepthProportionalResolution+target=64,<function upgma at 0x7fcf41625160>
3157,154,154,[153],3001.0,481.0,286050,3001,3002,3001.0,differentia=64+policy=TaperedDepthProportionalResolution+target=64,<function upgma at 0x7fcf41625160>
3158,155,155,[153],2520.0,0.0,Inner58,2048,2993,2520.0,differentia=64+policy=TaperedDepthProportionalResolution+target=64,<function upgma at 0x7fcf41625160>
3159,156,156,[155],3001.0,481.0,286049,3001,3002,3001.0,differentia=64+policy=TaperedDepthProportionalResolution+target=64,<function upgma at 0x7fcf41625160>
3160,157,157,[155],2520.0,0.0,Inner57,2048,2993,2520.0,differentia=64+policy=TaperedDepthProportionalResolution+target=64,<function upgma at 0x7fcf41625160>
3161,158,158,[157],3001.0,481.0,286047,3001,3002,3001.0,differentia=64+policy=TaperedDepthProportionalResolution+target=64,<function upgma at 0x7fcf41625160>
3162,159,159,[157],2520.0,0.0,Inner56,2048,2993,2520.0,differentia=64+policy=TaperedDepthProportionalResolution+target=64,<function upgma at 0x7fcf41625160>
3163,160,160,[159],3001.0,481.0,286043,3001,3002,3001.0,differentia=64+policy=TaperedDepthProportionalResolution+target=64,<function upgma at 0x7fcf41625160>
3164,161,161,[159],2520.0,0.0,Inner55,2048,2993,2520.0,differentia=64+policy=TaperedDepthProportionalResolution+target=64,<function upgma at 0x7fcf41625160>
3165,162,162,[161],3001.0,481.0,286034,3001,3002,3001.0,differentia=64+policy=TaperedDepthProportionalResolution+target=64,<function upgma at 0x7fcf41625160>
3166,163,163,[161],2520.0,0.0,Inner54,2048,2993,2520.0,differentia=64+policy=TaperedDepthProportionalResolution+target=64,<function upgma at 0x7fcf41625160>
3167,164,164,[163],3001.0,481.0,286031,3001,3002,3001.0,differentia=64+policy=TaperedDepthProportionalResolution+target=64,<function upgma at 0x7fcf41625160>
3168,165,165,[163],2520.0,0.0,Inner53,2048,2993,2520.0,differentia=64+policy=TaperedDepthProportionalResolution+target=64,<function upgma at 0x7fcf41625160>
3169,166,166,[165],3001.0,481.0,286023,3001,3002,3001.0,differentia=64+policy=TaperedDepthProportionalResolution+target=64,<function upgma at 0x7fcf41625160>
3170,167,167,[165],2520.0,0.0,Inner52,2048,2993,2520.0,differentia=64+policy=TaperedDepthProportionalResolution+target=64,<function upgma at 0x7fcf41625160>
3171,168,168,[167],3001.0,481.0,286018,3001,3002,3001.0,differentia=64+policy=TaperedDepthProportionalResolution+target=64,<function upgma at 0x7fcf41625160>
3172,169,169,[167],2520.0,0.0,Inner51,2048,2993,2520.0,differentia=64+policy=TaperedDepthProportionalResolution+target=64,<function upgma at 0x7fcf41625160>
3173,170,170,[169],3001.0,481.0,286013,3001,3002,3001.0,differentia=64+policy=TaperedDepthProportionalResolution+target=64,<function upgma at 0x7fcf41625160>
3174,171,171,[169],2520.0,0.0,Inner50,2048,2993,2520.0,differentia=64+policy=TaperedDepthProportionalResolution+target=64,<function upgma at 0x7fcf41625160>
3175,172,172,[171],3001.0,481.0,286007,3001,3002,3001.0,differentia=64+policy=TaperedDepthProportionalResolution+target=64,<function upgma at 0x7fcf41625160>
3176,173,173,[171],2520.0,0.0,Inner49,2048,2993,2520.0,differentia=64+policy=TaperedDepthProportionalResolution+target=64,<function upgma at 0x7fcf41625160>
3177,174,174,[173],3001.0,481.0,286005,3001,3002,3001.0,differentia=64+policy=TaperedDepthProportionalResolution+target=64,<function upgma at 0x7fcf41625160>
3178,175,175,[173],2520.0,0.0,Inner48,2048,2993,2520.0,differentia=64+policy=TaperedDepthProportionalResolution+target=64,<function upgma at 0x7fcf41625160>
3179,176,176,[175],3001.0,481.0,285994,3001,3002,3001.0,differentia=64+policy=TaperedDepthProportionalResolution+target=64,<function upgma at 0x7fcf41625160>
3180,177,177,[175],2520.0,0.0,Inner47,2048,2993,2520.0,differentia=64+policy=TaperedDepthProportionalResolution+target=64,<function upgma at 0x7fcf41625160>
3181,178,178,[177],3001.0,481.0,285988,3001,3002,3001.0,differentia=64+policy=TaperedDepthProportionalResolution+target=64,<function upgma at 0x7fcf41625160>
3182,179,179,[177],2520.0,0.0,Inner46,2048,2993,2520.0,differentia=64+policy=TaperedDepthProportionalResolution+target=64,<function upgma at 0x7fcf41625160>
3183,180,180,[179],3001.0,481.0,285986,3001,3002,3001.0,differentia=64+policy=TaperedDepthProportionalResolution+target=64,<function upgma at 0x7fcf41625160>
3184,181,181,[179],2520.0,0.0,Inner45,2048,2993,2520.0,differentia=64+policy=TaperedDepthProportionalResolution+target=64,<function upgma at 0x7fcf41625160>
3185,182,182,[181],3001.0,481.0,285983,3001,3002,3001.0,differentia=64+policy=TaperedDepthProportionalResolution+target=64,<function upgma at 0x7fcf41625160>
3186,183,183,[181],2520.0,0.0,Inner44,2048,2993,2520.0,differentia=64+policy=TaperedDepthProportionalResolution+target=64,<function upgma at 0x7fcf41625160>
3187,184,184,[183],3001.0,481.0,285981,3001,3002,3001.0,differentia=64+policy=TaperedDepthProportionalResolution+target=64,<function upgma at 0x7fcf41625160>
3188,185,185,[183],2520.0,0.0,Inner43,2048,2993,2520.0,differentia=64+policy=TaperedDepthProportionalResolution+target=64,<function upgma at 0x7fcf41625160>
3189,186,186,[185],3001.0,481.0,286011,3001,3002,3001.0,differentia=64+policy=TaperedDepthProportionalResolution+target=64,<function upgma at 0x7fcf41625160>
3190,187,187,[185],2520.0,0.0,Inner42,2048,2993,2520.0,differentia=64+policy=TaperedDepthProportionalResolution+target=64,<function upgma at 0x7fcf41625160>
3191,188,188,[187],3001.0,481.0,286004,3001,3002,3001.0,differentia=64+policy=TaperedDepthProportionalResolution+target=64,<function upgma at 0x7fcf41625160>
3192,189,189,[187],2520.0,0.0,Inner41,2048,2993,2520.0,differentia=64+policy=TaperedDepthProportionalResolution+target=64,<function upgma at 0x7fcf41625160>
3193,190,190,[189],3001.0,481.0,286015,3001,3002,3001.0,differentia=64+policy=TaperedDepthProportionalResolution+target=64,<function upgma at 0x7fcf41625160>
3194,191,191,[189],2520.0,0.0,Inner40,2048,2993,2520.0,differentia=64+policy=TaperedDepthProportionalResolution+target=64,<function upgma at 0x7fcf41625160>
3195,192,192,[191],2520.0,0.0,Inner39,2048,2993,2520.0,differentia=64+policy=TaperedDepthProportionalResolution+target=64,<function upgma at 0x7fcf41625160>
3196,193,193,[192],3001.0,481.0,286054,3001,3002,3001.0,differentia=64+policy=TaperedDepthProportionalResolution+target=64,<function upgma at 0x7fcf41625160>
3197,194,194,[192],2520.0,0.0,Inner38,2048,2993,2520.0,differentia=64+policy=TaperedDepthProportionalResolution+target=64,<function upgma at 0x7fcf41625160>
3198,195,195,[194],2520.0,0.0,Inner37,2048,2993,2520.0,differentia=64+policy=TaperedDepthProportionalResolution+target=64,<function upgma at 0x7fcf41625160>
3199,196,196,[195],3001.0,481.0,286037,3001,3002,3001.0,differentia=64+policy=TaperedDepthProportionalResolution+target=64,<function upgma at 0x7fcf41625160>
3200,197,197,[195],2520.0,0.0,Inner36,2048,2993,2520.0,differentia=64+policy=TaperedDepthProportionalResolution+target=64,<function upgma at 0x7fcf41625160>
3201,198,198,[197],3001.0,481.0,286009,3001,3002,3001.0,differentia=64+policy=TaperedDepthProportionalResolution+target=64,<function upgma at 0x7fcf41625160>
3202,199,199,[197],2520.0,0.0,Inner35,2048,2993,2520.0,differentia=64+policy=TaperedDepthProportionalResolution+target=64,<function upgma at 0x7fcf41625160>
3203,200,200,[199],2520.0,0.0,Inner34,2048,2993,2520.0,differentia=64+policy=TaperedDepthProportionalResolution+target=64,<function upgma at 0x7fcf41625160>
3204,201,201,[200],2520.0,0.0,Inner33,2048,2993,2520.0,differentia=64+policy=TaperedDepthProportionalResolution+target=64,<function upgma at 0x7fcf41625160>
3205,202,202,[201],2520.0,0.0,Inner32,2048,2993,2520.0,differentia=64+policy=TaperedDepthProportionalResolution+target=64,<function upgma at 0x7fcf41625160>
3206,203,203,[202],2520.0,0.0,Inner31,2048,2993,2520.0,differentia=64+policy=TaperedDepthProportionalResolution+target=64,<function upgma at 0x7fcf41625160>
3207,204,204,[203],3000.0,480.0,285936,3000,3001,3000.0,differentia=64+policy=TaperedDepthProportionalResolution+target=64,<function upgma at 0x7fcf41625160>
3208,205,205,[203],2520.0,0.0,Inner30,2048,2993,2520.0,differentia=64+policy=TaperedDepthProportionalResolution+target=64,<function upgma at 0x7fcf41625160>
3209,206,206,[205],3000.0,480.0,285919,3000,3001,3000.0,differentia=64+policy=TaperedDepthProportionalResolution+target=64,<function upgma at 0x7fcf41625160>
3210,207,207,[205],2520.0,0.0,Inner29,2048,2993,2520.0,differentia=64+policy=TaperedDepthProportionalResolution+target=64,<function upgma at 0x7fcf41625160>
3211,208,208,[207],3000.0,480.0,285907,3000,3001,3000.0,differentia=64+policy=TaperedDepthProportionalResolution+target=64,<function upgma at 0x7fcf41625160>
3212,209,209,[207],2520.0,0.0,Inner28,2048,2993,2520.0,differentia=64+policy=TaperedDepthProportionalResolution+target=64,<function upgma at 0x7fcf41625160>
3213,210,210,[209],3000.0,480.0,285950,3000,3001,3000.0,differentia=64+policy=TaperedDepthProportionalResolution+target=64,<function upgma at 0x7fcf41625160>
3214,211,211,[209],2520.0,0.0,Inner27,2048,2993,2520.0,differentia=64+policy=TaperedDepthProportionalResolution+target=64,<function upgma at 0x7fcf41625160>
3215,212,212,[211],3000.0,480.0,285899,3000,3001,3000.0,differentia=64+policy=TaperedDepthProportionalResolution+target=64,<function upgma at 0x7fcf41625160>
3216,213,213,[211],2520.0,0.0,Inner26,2048,2993,2520.0,differentia=64+policy=TaperedDepthProportionalResolution+target=64,<function upgma at 0x7fcf41625160>
3217,214,214,[213],3000.0,480.0,285937,3000,3001,3000.0,differentia=64+policy=TaperedDepthProportionalResolution+target=64,<function upgma at 0x7fcf41625160>
3218,215,215,[213],2520.0,0.0,Inner25,2048,2993,2520.0,differentia=64+policy=TaperedDepthProportionalResolution+target=64,<function upgma at 0x7fcf41625160>
3219,216,216,[215],3000.0,480.0,285968,3000,3001,3000.0,differentia=64+policy=TaperedDepthProportionalResolution+target=64,<function upgma at 0x7fcf41625160>
3220,217,217,[215],2520.0,0.0,Inner24,2048,2993,2520.0,differentia=64+policy=TaperedDepthProportionalResolution+target=64,<function upgma at 0x7fcf41625160>
3221,218,218,[217],3000.0,480.0,285963,3000,3001,3000.0,differentia=64+policy=TaperedDepthProportionalResolution+target=64,<function upgma at 0x7fcf41625160>
3222,219,219,[217],2520.0,0.0,Inner23,2048,2993,2520.0,differentia=64+policy=TaperedDepthProportionalResolution+target=64,<function upgma at 0x7fcf41625160>
3223,220,220,[219],3000.0,480.0,285964,3000,3001,3000.0,differentia=64+policy=TaperedDepthProportionalResolution+target=64,<function upgma at 0x7fcf41625160>
3224,221,221,[219],2520.0,0.0,Inner22,2048,2993,2520.0,differentia=64+policy=TaperedDepthProportionalResolution+target=64,<function upgma at 0x7fcf41625160>
3225,222,222,[221],3000.0,480.0,285959,3000,3001,3000.0,differentia=64+policy=TaperedDepthProportionalResolution+target=64,<function upgma at 0x7fcf41625160>
3226,223,223,[221],2520.0,0.0,Inner21,2048,2993,2520.0,differentia=64+policy=TaperedDepthProportionalResolution+target=64,<function upgma at 0x7fcf41625160>
3227,224,224,[223],3000.0,480.0,285946,3000,3001,3000.0,differentia=64+policy=TaperedDepthProportionalResolution+target=64,<function upgma at 0x7fcf41625160>
3228,225,225,[223],2520.0,0.0,Inner20,2048,2993,2520.0,differentia=64+policy=TaperedDepthProportionalResolution+target=64,<function upgma at 0x7fcf41625160>
3229,226,226,[225],3000.0,480.0,285935,3000,3001,3000.0,differentia=64+policy=TaperedDepthProportionalResolution+target=64,<function upgma at 0x7fcf41625160>
3230,227,227,[225],2520.0,0.0,Inner19,2048,2993,2520.0,differentia=64+policy=TaperedDepthProportionalResolution+target=64,<function upgma at 0x7fcf41625160>
3231,228,228,[227],3000.0,480.0,285925,3000,3001,3000.0,differentia=64+policy=TaperedDepthProportionalResolution+target=64,<function upgma at 0x7fcf41625160>
3232,229,229,[227],2520.0,0.0,Inner18,2048,2993,2520.0,differentia=64+policy=TaperedDepthProportionalResolution+target=64,<function upgma at 0x7fcf41625160>
3233,230,230,[229],3000.0,480.0,285912,3000,3001,3000.0,differentia=64+policy=TaperedDepthProportionalResolution+target=64,<function upgma at 0x7fcf41625160>
3234,231,231,[229],2520.0,0.0,Inner17,2048,2993,2520.0,differentia=64+policy=TaperedDepthProportionalResolution+target=64,<function upgma at 0x7fcf41625160>
3235,232,232,[231],3000.0,480.0,285909,3000,3001,3000.0,differentia=64+policy=TaperedDepthProportionalResolution+target=64,<function upgma at 0x7fcf41625160>
3236,233,233,[231],2520.0,0.0,Inner16,2048,2993,2520.0,differentia=64+policy=TaperedDepthProportionalResolution+target=64,<function upgma at 0x7fcf41625160>
3237,234,234,[233],3000.0,480.0,285892,3000,3001,3000.0,differentia=64+policy=TaperedDepthProportionalResolution+target=64,<function upgma at 0x7fcf41625160>
3238,235,235,[233],2520.0,0.0,Inner15,2048,2993,2520.0,differentia=64+policy=TaperedDepthProportionalResolution+target=64,<function upgma at 0x7fcf41625160>
3239,236,236,[235],2520.0,0.0,Inner14,2048,2993,2520.0,differentia=64+policy=TaperedDepthProportionalResolution+target=64,<function upgma at 0x7fcf41625160>
3240,237,237,[236],2520.0,0.0,Inner13,2048,2993,2520.0,differentia=64+policy=TaperedDepthProportionalResolution+target=64,<function upgma at 0x7fcf41625160>
3241,238,238,[237],2999.0,479.0,285850,2999,3000,2999.0,differentia=64+policy=TaperedDepthProportionalResolution+target=64,<function upgma at 0x7fcf41625160>
3242,239,239,[237],2520.0,0.0,Inner12,2048,2993,2520.0,differentia=64+policy=TaperedDepthProportionalResolution+target=64,<function upgma at 0x7fcf41625160>
3243,240,240,[239],2999.0,479.0,285804,2999,3000,2999.0,differentia=64+policy=TaperedDepthProportionalResolution+target=64,<function upgma at 0x7fcf41625160>
3244,241,241,[239],2520.0,0.0,Inner11,2048,2993,2520.0,differentia=64+policy=TaperedDepthProportionalResolution+target=64,<function upgma at 0x7fcf41625160>
3245,242,242,[241],2999.0,479.0,285860,2999,3000,2999.0,differentia=64+policy=TaperedDepthProportionalResolution+target=64,<function upgma at 0x7fcf41625160>
3246,243,243,[241],2520.0,0.0,Inner10,2048,2993,2520.0,differentia=64+policy=TaperedDepthProportionalResolution+target=64,<function upgma at 0x7fcf41625160>
3247,244,244,[243],2999.0,479.0,285815,2999,3000,2999.0,differentia=64+policy=TaperedDepthProportionalResolution+target=64,<function upgma at 0x7fcf41625160>
3248,245,245,[243],2520.0,0.0,Inner9,2048,2993,2520.0,differentia=64+policy=TaperedDepthProportionalResolution+target=64,<function upgma at 0x7fcf41625160>
3249,246,246,[245],2520.0,0.0,Inner8,2048,2993,2520.0,differentia=64+policy=TaperedDepthProportionalResolution+target=64,<function upgma at 0x7fcf41625160>
3250,247,247,[246],2520.0,0.0,Inner7,2048,2993,2520.0,differentia=64+policy=TaperedDepthProportionalResolution+target=64,<function upgma at 0x7fcf41625160>
3251,248,248,[247],2520.0,0.0,Inner6,2048,2993,2520.0,differentia=64+policy=TaperedDepthProportionalResolution+target=64,<function upgma at 0x7fcf41625160>
3252,249,249,[248],2520.0,0.0,Inner5,2048,2993,2520.0,differentia=64+policy=TaperedDepthProportionalResolution+target=64,<function upgma at 0x7fcf41625160>
3253,250,250,[249],2520.0,0.0,Inner4,2048,2993,2520.0,differentia=64+policy=TaperedDepthProportionalResolution+target=64,<function upgma at 0x7fcf41625160>
3254,251,251,[250],2520.0,0.0,Inner3,2048,2993,2520.0,differentia=64+policy=TaperedDepthProportionalResolution+target=64,<function upgma at 0x7fcf41625160>
3255,252,252,[251],2520.0,0.0,Inner2,2048,2993,2520.0,differentia=64+policy=TaperedDepthProportionalResolution+target=64,<function upgma at 0x7fcf41625160>
3256,253,253,[252],2520.0,0.0,Inner1,2048,2993,2520.0,differentia=64+policy=TaperedDepthProportionalResolution+target=64,<function upgma at 0x7fcf41625160>
3257,254,254,[253],2993.0,473.0,285310,2993,2994,2993.0,differentia=64+policy=TaperedDepthProportionalResolution+target=64,<function upgma at 0x7fcf41625160>
3258,255,255,[253],2996.0,476.0,285553,2996,2997,2996.0,differentia=64+policy=TaperedDepthProportionalResolution+target=64,<function upgma at 0x7fcf41625160>
3259,256,256,[252],2997.0,477.0,285634,2997,2998,2997.0,differentia=64+policy=TaperedDepthProportionalResolution+target=64,<function upgma at 0x7fcf41625160>
3260,257,257,[251],2997.0,477.0,285695,2997,2998,2997.0,differentia=64+policy=TaperedDepthProportionalResolution+target=64,<function upgma at 0x7fcf41625160>
3261,258,258,[250],2998.0,478.0,285722,2998,2999,2998.0,differentia=64+policy=TaperedDepthProportionalResolution+target=64,<function upgma at 0x7fcf41625160>
3262,259,259,[249],2998.0,478.0,285725,2998,2999,2998.0,differentia=64+policy=TaperedDepthProportionalResolution+target=64,<function upgma at 0x7fcf41625160>
3263,260,260,[248],2998.0,478.0,285752,2998,2999,2998.0,differentia=64+policy=TaperedDepthProportionalResolution+target=64,<function upgma at 0x7fcf41625160>
3264,261,261,[247],2999.0,479.0,285803,2999,3000,2999.0,differentia=64+policy=TaperedDepthProportionalResolution+target=64,<function upgma at 0x7fcf41625160>
3265,262,262,[246],2999.0,479.0,285874,2999,3000,2999.0,differentia=64+policy=TaperedDepthProportionalResolution+target=64,<function upgma at 0x7fcf41625160>
3266,263,263,[245],2999.0,479.0,285879,2999,3000,2999.0,differentia=64+policy=TaperedDepthProportionalResolution+target=64,<function upgma at 0x7fcf41625160>
3267,264,264,[236],3000.0,480.0,285894,3000,3001,3000.0,differentia=64+policy=TaperedDepthProportionalResolution+target=64,<function upgma at 0x7fcf41625160>
3268,265,265,[235],3000.0,480.0,285970,3000,3001,3000.0,differentia=64+policy=TaperedDepthProportionalResolution+target=64,<function upgma at 0x7fcf41625160>
3269,266,266,[202],3000.0,480.0,285972,3000,3001,3000.0,differentia=64+policy=TaperedDepthProportionalResolution+target=64,<function upgma at 0x7fcf41625160>
3270,267,267,[201],3000.0,480.0,285980,3000,3001,3000.0,differentia=64+policy=TaperedDepthProportionalResolution+target=64,<function upgma at 0x7fcf41625160>
3271,268,268,[200],3001.0,481.0,286033,3001,3002,3001.0,differentia=64+policy=TaperedDepthProportionalResolution+target=64,<function upgma at 0x7fcf41625160>
3272,269,269,[199],3001.0,481.0,286041,3001,3002,3001.0,differentia=64+policy=TaperedDepthProportionalResolution+target=64,<function upgma at 0x7fcf41625160>
3273,270,270,[194],3001.0,481.0,286057,3001,3002,3001.0,differentia=64+policy=TaperedDepthProportionalResolution+target=64,<function upgma at 0x7fcf41625160>
3274,271,271,[191],3001.0,481.0,286078,3001,3002,3001.0,differentia=64+policy=TaperedDepthProportionalResolution+target=64,<function upgma at 0x7fcf41625160>
3275,272,272,[144],3001.0,481.0,286083,3001,3002,3001.0,differentia=64+policy=TaperedDepthProportionalResolution+target=64,<function upgma at 0x7fcf41625160>
3276,0,0,[None],2943.0,2943.0,Inner136,2943,2944,2943.0,differentia=8+policy=RecencyProportionalResolution+target=4096,<function upgma at 0x7fcf41625160>
3277,1,1,[0],2990.0,47.0,Inner78,2990,2991,2990.0,differentia=8+policy=RecencyProportionalResolution+target=4096,<function upgma at 0x7fcf41625160>
3278,2,2,[1],2990.0,0.0,Inner77,2990,2991,2990.0,differentia=8+policy=RecencyProportionalResolution+target=4096,<function upgma at 0x7fcf41625160>
3279,3,3,[2],2990.0,0.0,Inner76,2990,2991,2990.0,differentia=8+policy=RecencyProportionalResolution+target=4096,<function upgma at 0x7fcf41625160>
3280,4,4,[3],2990.0,0.0,Inner75,2990,2991,2990.0,differentia=8+policy=RecencyProportionalResolution+target=4096,<function upgma at 0x7fcf41625160>
3281,5,5,[4],3001.0,11.0,286076,3001,3002,3001.0,differentia=8+policy=RecencyProportionalResolution+target=4096,<function upgma at 0x7fcf41625160>
3282,6,6,[4],2990.0,0.0,Inner74,2990,2991,2990.0,differentia=8+policy=RecencyProportionalResolution+target=4096,<function upgma at 0x7fcf41625160>
3283,7,7,[6],3001.0,11.0,286065,3001,3002,3001.0,differentia=8+policy=RecencyProportionalResolution+target=4096,<function upgma at 0x7fcf41625160>
3284,8,8,[6],2990.0,0.0,Inner73,2990,2991,2990.0,differentia=8+policy=RecencyProportionalResolution+target=4096,<function upgma at 0x7fcf41625160>
3285,9,9,[8],3001.0,11.0,286060,3001,3002,3001.0,differentia=8+policy=RecencyProportionalResolution+target=4096,<function upgma at 0x7fcf41625160>
3286,10,10,[8],2990.0,0.0,Inner72,2990,2991,2990.0,differentia=8+policy=RecencyProportionalResolution+target=4096,<function upgma at 0x7fcf41625160>
3287,11,11,[10],3001.0,11.0,286059,3001,3002,3001.0,differentia=8+policy=RecencyProportionalResolution+target=4096,<function upgma at 0x7fcf41625160>
3288,12,12,[10],2990.0,0.0,Inner71,2990,2991,2990.0,differentia=8+policy=RecencyProportionalResolution+target=4096,<function upgma at 0x7fcf41625160>
3289,13,13,[12],3001.0,11.0,286058,3001,3002,3001.0,differentia=8+policy=RecencyProportionalResolution+target=4096,<function upgma at 0x7fcf41625160>
3290,14,14,[12],2990.0,0.0,Inner70,2990,2991,2990.0,differentia=8+policy=RecencyProportionalResolution+target=4096,<function upgma at 0x7fcf41625160>
3291,15,15,[14],3001.0,11.0,286056,3001,3002,3001.0,differentia=8+policy=RecencyProportionalResolution+target=4096,<function upgma at 0x7fcf41625160>
3292,16,16,[14],2990.0,0.0,Inner69,2990,2991,2990.0,differentia=8+policy=RecencyProportionalResolution+target=4096,<function upgma at 0x7fcf41625160>
3293,17,17,[16],3001.0,11.0,286053,3001,3002,3001.0,differentia=8+policy=RecencyProportionalResolution+target=4096,<function upgma at 0x7fcf41625160>
3294,18,18,[16],2990.0,0.0,Inner68,2990,2991,2990.0,differentia=8+policy=RecencyProportionalResolution+target=4096,<function upgma at 0x7fcf41625160>
3295,19,19,[18],3001.0,11.0,286051,3001,3002,3001.0,differentia=8+policy=RecencyProportionalResolution+target=4096,<function upgma at 0x7fcf41625160>
3296,20,20,[18],2990.0,0.0,Inner67,2990,2991,2990.0,differentia=8+policy=RecencyProportionalResolution+target=4096,<function upgma at 0x7fcf41625160>
3297,21,21,[20],2990.0,0.0,Inner66,2990,2991,2990.0,differentia=8+policy=RecencyProportionalResolution+target=4096,<function upgma at 0x7fcf41625160>
3298,22,22,[21],3001.0,11.0,286042,3001,3002,3001.0,differentia=8+policy=RecencyProportionalResolution+target=4096,<function upgma at 0x7fcf41625160>
3299,23,23,[21],2990.0,0.0,Inner65,2990,2991,2990.0,differentia=8+policy=RecencyProportionalResolution+target=4096,<function upgma at 0x7fcf41625160>
3300,24,24,[23],3001.0,11.0,286039,3001,3002,3001.0,differentia=8+policy=RecencyProportionalResolution+target=4096,<function upgma at 0x7fcf41625160>
3301,25,25,[23],2990.0,0.0,Inner64,2990,2991,2990.0,differentia=8+policy=RecencyProportionalResolution+target=4096,<function upgma at 0x7fcf41625160>
3302,26,26,[25],3001.0,11.0,286038,3001,3002,3001.0,differentia=8+policy=RecencyProportionalResolution+target=4096,<function upgma at 0x7fcf41625160>
3303,27,27,[25],2990.0,0.0,Inner63,2990,2991,2990.0,differentia=8+policy=RecencyProportionalResolution+target=4096,<function upgma at 0x7fcf41625160>
3304,28,28,[27],3001.0,11.0,286036,3001,3002,3001.0,differentia=8+policy=RecencyProportionalResolution+target=4096,<function upgma at 0x7fcf41625160>
3305,29,29,[27],2990.0,0.0,Inner62,2990,2991,2990.0,differentia=8+policy=RecencyProportionalResolution+target=4096,<function upgma at 0x7fcf41625160>
3306,30,30,[29],3001.0,11.0,286032,3001,3002,3001.0,differentia=8+policy=RecencyProportionalResolution+target=4096,<function upgma at 0x7fcf41625160>
3307,31,31,[29],2990.0,0.0,Inner61,2990,2991,2990.0,differentia=8+policy=RecencyProportionalResolution+target=4096,<function upgma at 0x7fcf41625160>
3308,32,32,[31],2991.0,1.0,Inner30,2991,2992,2991.0,differentia=8+policy=RecencyProportionalResolution+target=4096,<function upgma at 0x7fcf41625160>
3309,33,33,[32],3001.0,10.0,286025,3001,3002,3001.0,differentia=8+policy=RecencyProportionalResolution+target=4096,<function upgma at 0x7fcf41625160>
3310,34,34,[32],3001.0,10.0,286030,3001,3002,3001.0,differentia=8+policy=RecencyProportionalResolution+target=4096,<function upgma at 0x7fcf41625160>
3311,35,35,[31],2990.0,0.0,Inner60,2990,2991,2990.0,differentia=8+policy=RecencyProportionalResolution+target=4096,<function upgma at 0x7fcf41625160>
3312,36,36,[35],3001.0,11.0,286029,3001,3002,3001.0,differentia=8+policy=RecencyProportionalResolution+target=4096,<function upgma at 0x7fcf41625160>
3313,37,37,[35],2990.0,0.0,Inner59,2990,2991,2990.0,differentia=8+policy=RecencyProportionalResolution+target=4096,<function upgma at 0x7fcf41625160>
3314,38,38,[37],3001.0,11.0,286027,3001,3002,3001.0,differentia=8+policy=RecencyProportionalResolution+target=4096,<function upgma at 0x7fcf41625160>
3315,39,39,[37],2990.0,0.0,Inner58,2990,2991,2990.0,differentia=8+policy=RecencyProportionalResolution+target=4096,<function upgma at 0x7fcf41625160>
3316,40,40,[39],3001.0,11.0,286026,3001,3002,3001.0,differentia=8+policy=RecencyProportionalResolution+target=4096,<function upgma at 0x7fcf41625160>
3317,41,41,[39],2990.0,0.0,Inner57,2990,2991,2990.0,differentia=8+policy=RecencyProportionalResolution+target=4096,<function upgma at 0x7fcf41625160>
3318,42,42,[41],3001.0,11.0,286045,3001,3002,3001.0,differentia=8+policy=RecencyProportionalResolution+target=4096,<function upgma at 0x7fcf41625160>
3319,43,43,[41],2990.0,0.0,Inner56,2990,2991,2990.0,differentia=8+policy=RecencyProportionalResolution+target=4096,<function upgma at 0x7fcf41625160>
3320,44,44,[43],3001.0,11.0,286024,3001,3002,3001.0,differentia=8+policy=RecencyProportionalResolution+target=4096,<function upgma at 0x7fcf41625160>
3321,45,45,[43],2990.0,0.0,Inner55,2990,2991,2990.0,differentia=8+policy=RecencyProportionalResolution+target=4096,<function upgma at 0x7fcf41625160>
3322,46,46,[45],3001.0,11.0,286017,3001,3002,3001.0,differentia=8+policy=RecencyProportionalResolution+target=4096,<function upgma at 0x7fcf41625160>
3323,47,47,[45],2990.0,0.0,Inner54,2990,2991,2990.0,differentia=8+policy=RecencyProportionalResolution+target=4096,<function upgma at 0x7fcf41625160>
3324,48,48,[47],3001.0,11.0,286016,3001,3002,3001.0,differentia=8+policy=RecencyProportionalResolution+target=4096,<function upgma at 0x7fcf41625160>
3325,49,49,[47],2990.0,0.0,Inner53,2990,2991,2990.0,differentia=8+policy=RecencyProportionalResolution+target=4096,<function upgma at 0x7fcf41625160>
3326,50,50,[49],3001.0,11.0,286012,3001,3002,3001.0,differentia=8+policy=RecencyProportionalResolution+target=4096,<function upgma at 0x7fcf41625160>
3327,51,51,[49],2990.0,0.0,Inner52,2990,2991,2990.0,differentia=8+policy=RecencyProportionalResolution+target=4096,<function upgma at 0x7fcf41625160>
3328,52,52,[51],2991.0,1.0,Inner29,2991,2992,2991.0,differentia=8+policy=RecencyProportionalResolution+target=4096,<function upgma at 0x7fcf41625160>
3329,53,53,[52],3001.0,10.0,285996,3001,3002,3001.0,differentia=8+policy=RecencyProportionalResolution+target=4096,<function upgma at 0x7fcf41625160>
3330,54,54,[52],3001.0,10.0,286010,3001,3002,3001.0,differentia=8+policy=RecencyProportionalResolution+target=4096,<function upgma at 0x7fcf41625160>
3331,55,55,[51],2990.0,0.0,Inner51,2990,2991,2990.0,differentia=8+policy=RecencyProportionalResolution+target=4096,<function upgma at 0x7fcf41625160>
3332,56,56,[55],3001.0,11.0,286003,3001,3002,3001.0,differentia=8+policy=RecencyProportionalResolution+target=4096,<function upgma at 0x7fcf41625160>
3333,57,57,[55],2990.0,0.0,Inner50,2990,2991,2990.0,differentia=8+policy=RecencyProportionalResolution+target=4096,<function upgma at 0x7fcf41625160>
3334,58,58,[57],3001.0,11.0,286035,3001,3002,3001.0,differentia=8+policy=RecencyProportionalResolution+target=4096,<function upgma at 0x7fcf41625160>
3335,59,59,[57],2990.0,0.0,Inner49,2990,2991,2990.0,differentia=8+policy=RecencyProportionalResolution+target=4096,<function upgma at 0x7fcf41625160>
3336,60,60,[59],3001.0,11.0,286002,3001,3002,3001.0,differentia=8+policy=RecencyProportionalResolution+target=4096,<function upgma at 0x7fcf41625160>
3337,61,61,[59],2990.0,0.0,Inner48,2990,2991,2990.0,differentia=8+policy=RecencyProportionalResolution+target=4096,<function upgma at 0x7fcf41625160>
3338,62,62,[61],3001.0,11.0,286000,3001,3002,3001.0,differentia=8+policy=RecencyProportionalResolution+target=4096,<function upgma at 0x7fcf41625160>
3339,63,63,[61],2990.0,0.0,Inner47,2990,2991,2990.0,differentia=8+policy=RecencyProportionalResolution+target=4096,<function upgma at 0x7fcf41625160>
3340,64,64,[63],3001.0,11.0,285999,3001,3002,3001.0,differentia=8+policy=RecencyProportionalResolution+target=4096,<function upgma at 0x7fcf41625160>
3341,65,65,[63],2990.0,0.0,Inner46,2990,2991,2990.0,differentia=8+policy=RecencyProportionalResolution+target=4096,<function upgma at 0x7fcf41625160>
3342,66,66,[65],3001.0,11.0,285998,3001,3002,3001.0,differentia=8+policy=RecencyProportionalResolution+target=4096,<function upgma at 0x7fcf41625160>
3343,67,67,[65],2990.0,0.0,Inner45,2990,2991,2990.0,differentia=8+policy=RecencyProportionalResolution+target=4096,<function upgma at 0x7fcf41625160>
3344,68,68,[67],3001.0,11.0,285991,3001,3002,3001.0,differentia=8+policy=RecencyProportionalResolution+target=4096,<function upgma at 0x7fcf41625160>
3345,69,69,[67],2990.0,0.0,Inner44,2990,2991,2990.0,differentia=8+policy=RecencyProportionalResolution+target=4096,<function upgma at 0x7fcf41625160>
3346,70,70,[69],3001.0,11.0,285990,3001,3002,3001.0,differentia=8+policy=RecencyProportionalResolution+target=4096,<function upgma at 0x7fcf41625160>
3347,71,71,[69],2990.0,0.0,Inner43,2990,2991,2990.0,differentia=8+policy=RecencyProportionalResolution+target=4096,<function upgma at 0x7fcf41625160>
3348,72,72,[71],3001.0,11.0,285984,3001,3002,3001.0,differentia=8+policy=RecencyProportionalResolution+target=4096,<function upgma at 0x7fcf41625160>
3349,73,73,[71],2990.0,0.0,Inner42,2990,2991,2990.0,differentia=8+policy=RecencyProportionalResolution+target=4096,<function upgma at 0x7fcf41625160>
3350,74,74,[73],3001.0,11.0,285982,3001,3002,3001.0,differentia=8+policy=RecencyProportionalResolution+target=4096,<function upgma at 0x7fcf41625160>
3351,75,75,[73],2990.0,0.0,Inner41,2990,2991,2990.0,differentia=8+policy=RecencyProportionalResolution+target=4096,<function upgma at 0x7fcf41625160>
3352,76,76,[75],2990.0,0.0,Inner40,2990,2991,2990.0,differentia=8+policy=RecencyProportionalResolution+target=4096,<function upgma at 0x7fcf41625160>
3353,77,77,[76],3001.0,11.0,285985,3001,3002,3001.0,differentia=8+policy=RecencyProportionalResolution+target=4096,<function upgma at 0x7fcf41625160>
3354,78,78,[76],2990.0,0.0,Inner39,2990,2991,2990.0,differentia=8+policy=RecencyProportionalResolution+target=4096,<function upgma at 0x7fcf41625160>
3355,79,79,[78],3001.0,11.0,286062,3001,3002,3001.0,differentia=8+policy=RecencyProportionalResolution+target=4096,<function upgma at 0x7fcf41625160>
3356,80,80,[78],2990.0,0.0,Inner38,2990,2991,2990.0,differentia=8+policy=RecencyProportionalResolution+target=4096,<function upgma at 0x7fcf41625160>
3357,81,81,[80],3001.0,11.0,286008,3001,3002,3001.0,differentia=8+policy=RecencyProportionalResolution+target=4096,<function upgma at 0x7fcf41625160>
3358,82,82,[80],2990.0,0.0,Inner36,2990,2991,2990.0,differentia=8+policy=RecencyProportionalResolution+target=4096,<function upgma at 0x7fcf41625160>
3359,83,83,[82],3001.0,11.0,286055,3001,3002,3001.0,differentia=8+policy=RecencyProportionalResolution+target=4096,<function upgma at 0x7fcf41625160>
3360,84,84,[82],2990.0,0.0,Inner33,2990,2991,2990.0,differentia=8+policy=RecencyProportionalResolution+target=4096,<function upgma at 0x7fcf41625160>
3361,85,85,[84],2991.0,1.0,Inner24,2991,2992,2991.0,differentia=8+policy=RecencyProportionalResolution+target=4096,<function upgma at 0x7fcf41625160>
3362,86,86,[85],3000.0,9.0,285936,3000,3001,3000.0,differentia=8+policy=RecencyProportionalResolution+target=4096,<function upgma at 0x7fcf41625160>
3363,87,87,[85],3001.0,10.0,285989,3001,3002,3001.0,differentia=8+policy=RecencyProportionalResolution+target=4096,<function upgma at 0x7fcf41625160>
3364,88,88,[84],2990.0,0.0,Inner32,2990,2991,2990.0,differentia=8+policy=RecencyProportionalResolution+target=4096,<function upgma at 0x7fcf41625160>
3365,89,89,[88],2990.0,0.0,Inner28,2990,2991,2990.0,differentia=8+policy=RecencyProportionalResolution+target=4096,<function upgma at 0x7fcf41625160>
3366,90,90,[89],2990.0,0.0,Inner27,2990,2991,2990.0,differentia=8+policy=RecencyProportionalResolution+target=4096,<function upgma at 0x7fcf41625160>
3367,91,91,[90],2990.0,0.0,Inner26,2990,2991,2990.0,differentia=8+policy=RecencyProportionalResolution+target=4096,<function upgma at 0x7fcf41625160>
3368,92,92,[91],3000.0,10.0,285907,3000,3001,3000.0,differentia=8+policy=RecencyProportionalResolution+target=4096,<function upgma at 0x7fcf41625160>
3369,93,93,[91],2990.0,0.0,Inner23,2990,2991,2990.0,differentia=8+policy=RecencyProportionalResolution+target=4096,<function upgma at 0x7fcf41625160>
3370,94,94,[93],2990.0,0.0,Inner21,2990,2991,2990.0,differentia=8+policy=RecencyProportionalResolution+target=4096,<function upgma at 0x7fcf41625160>
3371,95,95,[94],2999.0,9.0,285804,2999,3000,2999.0,differentia=8+policy=RecencyProportionalResolution+target=4096,<function upgma at 0x7fcf41625160>
3372,96,96,[94],2999.0,9.0,285850,2999,3000,2999.0,differentia=8+policy=RecencyProportionalResolution+target=4096,<function upgma at 0x7fcf41625160>
3373,97,97,[93],3000.0,10.0,285950,3000,3001,3000.0,differentia=8+policy=RecencyProportionalResolution+target=4096,<function upgma at 0x7fcf41625160>
3374,98,98,[90],3000.0,10.0,285972,3000,3001,3000.0,differentia=8+policy=RecencyProportionalResolution+target=4096,<function upgma at 0x7fcf41625160>
3375,99,99,[89],3000.0,10.0,285980,3000,3001,3000.0,differentia=8+policy=RecencyProportionalResolution+target=4096,<function upgma at 0x7fcf41625160>
3376,100,100,[88],2991.0,1.0,Inner25,2991,2992,2991.0,differentia=8+policy=RecencyProportionalResolution+target=4096,<function upgma at 0x7fcf41625160>
3377,101,101,[100],3000.0,9.0,285919,3000,3001,3000.0,differentia=8+policy=RecencyProportionalResolution+target=4096,<function upgma at 0x7fcf41625160>
3378,102,102,[100],3001.0,10.0,286063,3001,3002,3001.0,differentia=8+policy=RecencyProportionalResolution+target=4096,<function upgma at 0x7fcf41625160>
3379,103,103,[75],3001.0,11.0,286064,3001,3002,3001.0,differentia=8+policy=RecencyProportionalResolution+target=4096,<function upgma at 0x7fcf41625160>
3380,104,104,[20],3001.0,11.0,286077,3001,3002,3001.0,differentia=8+policy=RecencyProportionalResolution+target=4096,<function upgma at 0x7fcf41625160>
3381,105,105,[3],3001.0,11.0,286080,3001,3002,3001.0,differentia=8+policy=RecencyProportionalResolution+target=4096,<function upgma at 0x7fcf41625160>
3382,106,106,[2],3001.0,11.0,286081,3001,3002,3001.0,differentia=8+policy=RecencyProportionalResolution+target=4096,<function upgma at 0x7fcf41625160>
3383,107,107,[1],3001.0,11.0,286082,3001,3002,3001.0,differentia=8+policy=RecencyProportionalResolution+target=4096,<function upgma at 0x7fcf41625160>
3384,108,108,[0],2943.0,0.0,Inner135,2943,2944,2943.0,differentia=8+policy=RecencyProportionalResolution+target=4096,<function upgma at 0x7fcf41625160>
3385,109,109,[108],2981.0,38.0,Inner130,2981,2982,2981.0,differentia=8+policy=RecencyProportionalResolution+target=4096,<function upgma at 0x7fcf41625160>
3386,110,110,[109],3000.0,19.0,285894,3000,3001,3000.0,differentia=8+policy=RecencyProportionalResolution+target=4096,<function upgma at 0x7fcf41625160>
3387,111,111,[109],3001.0,20.0,286033,3001,3002,3001.0,differentia=8+policy=RecencyProportionalResolution+target=4096,<function upgma at 0x7fcf41625160>
3388,112,112,[108],2971.0,28.0,Inner134,2971,2972,2971.0,differentia=8+policy=RecencyProportionalResolution+target=4096,<function upgma at 0x7fcf41625160>
3389,113,113,[112],2982.0,11.0,Inner128,2982,2983,2982.0,differentia=8+policy=RecencyProportionalResolution+target=4096,<function upgma at 0x7fcf41625160>
3390,114,114,[113],3001.0,19.0,286066,3001,3002,3001.0,differentia=8+policy=RecencyProportionalResolution+target=4096,<function upgma at 0x7fcf41625160>
3391,115,115,[113],2982.0,0.0,Inner127,2982,2983,2982.0,differentia=8+policy=RecencyProportionalResolution+target=4096,<function upgma at 0x7fcf41625160>
3392,116,116,[115],2982.0,0.0,Inner125,2982,2983,2982.0,differentia=8+policy=RecencyProportionalResolution+target=4096,<function upgma at 0x7fcf41625160>
3393,117,117,[116],2996.0,14.0,285553,2996,2997,2996.0,differentia=8+policy=RecencyProportionalResolution+target=4096,<function upgma at 0x7fcf41625160>
3394,118,118,[116],2994.0,12.0,Inner8,2994,2995,2994.0,differentia=8+policy=RecencyProportionalResolution+target=4096,<function upgma at 0x7fcf41625160>
3395,119,119,[118],2994.0,0.0,Inner7,2994,2995,2994.0,differentia=8+policy=RecencyProportionalResolution+target=4096,<function upgma at 0x7fcf41625160>
3396,120,120,[119],3001.0,7.0,286006,3001,3002,3001.0,differentia=8+policy=RecencyProportionalResolution+target=4096,<function upgma at 0x7fcf41625160>
3397,121,121,[119],2994.0,0.0,Inner6,2994,2995,2994.0,differentia=8+policy=RecencyProportionalResolution+target=4096,<function upgma at 0x7fcf41625160>
3398,122,122,[121],2994.0,0.0,Inner5,2994,2995,2994.0,differentia=8+policy=RecencyProportionalResolution+target=4096,<function upgma at 0x7fcf41625160>
3399,123,123,[122],2999.0,5.0,285860,2999,3000,2999.0,differentia=8+policy=RecencyProportionalResolution+target=4096,<function upgma at 0x7fcf41625160>
3400,124,124,[122],3001.0,7.0,285992,3001,3002,3001.0,differentia=8+policy=RecencyProportionalResolution+target=4096,<function upgma at 0x7fcf41625160>
3401,125,125,[121],3001.0,7.0,286069,3001,3002,3001.0,differentia=8+policy=RecencyProportionalResolution+target=4096,<function upgma at 0x7fcf41625160>
3402,126,126,[118],3001.0,7.0,286074,3001,3002,3001.0,differentia=8+policy=RecencyProportionalResolution+target=4096,<function upgma at 0x7fcf41625160>
3403,127,127,[115],2989.0,7.0,Inner89,2989,2990,2989.0,differentia=8+policy=RecencyProportionalResolution+target=4096,<function upgma at 0x7fcf41625160>
3404,128,128,[127],3001.0,12.0,286067,3001,3002,3001.0,differentia=8+policy=RecencyProportionalResolution+target=4096,<function upgma at 0x7fcf41625160>
3405,129,129,[127],2989.0,0.0,Inner88,2989,2990,2989.0,differentia=8+policy=RecencyProportionalResolution+target=4096,<function upgma at 0x7fcf41625160>
3406,130,130,[129],3001.0,12.0,286052,3001,3002,3001.0,differentia=8+policy=RecencyProportionalResolution+target=4096,<function upgma at 0x7fcf41625160>
3407,131,131,[129],2989.0,0.0,Inner87,2989,2990,2989.0,differentia=8+policy=RecencyProportionalResolution+target=4096,<function upgma at 0x7fcf41625160>
3408,132,132,[131],3001.0,12.0,286028,3001,3002,3001.0,differentia=8+policy=RecencyProportionalResolution+target=4096,<function upgma at 0x7fcf41625160>
3409,133,133,[131],2989.0,0.0,Inner86,2989,2990,2989.0,differentia=8+policy=RecencyProportionalResolution+target=4096,<function upgma at 0x7fcf41625160>
3410,134,134,[133],3001.0,12.0,286022,3001,3002,3001.0,differentia=8+policy=RecencyProportionalResolution+target=4096,<function upgma at 0x7fcf41625160>
3411,135,135,[133],2989.0,0.0,Inner85,2989,2990,2989.0,differentia=8+policy=RecencyProportionalResolution+target=4096,<function upgma at 0x7fcf41625160>
3412,136,136,[135],3001.0,12.0,285987,3001,3002,3001.0,differentia=8+policy=RecencyProportionalResolution+target=4096,<function upgma at 0x7fcf41625160>
3413,137,137,[135],2989.0,0.0,Inner84,2989,2990,2989.0,differentia=8+policy=RecencyProportionalResolution+target=4096,<function upgma at 0x7fcf41625160>
3414,138,138,[137],2989.0,0.0,Inner83,2989,2990,2989.0,differentia=8+policy=RecencyProportionalResolution+target=4096,<function upgma at 0x7fcf41625160>
3415,139,139,[138],2989.0,0.0,Inner81,2989,2990,2989.0,differentia=8+policy=RecencyProportionalResolution+target=4096,<function upgma at 0x7fcf41625160>
3416,140,140,[139],3001.0,12.0,285997,3001,3002,3001.0,differentia=8+policy=RecencyProportionalResolution+target=4096,<function upgma at 0x7fcf41625160>
3417,141,141,[139],2989.0,0.0,Inner79,2989,2990,2989.0,differentia=8+policy=RecencyProportionalResolution+target=4096,<function upgma at 0x7fcf41625160>
3418,142,142,[141],2989.0,0.0,Inner35,2989,2990,2989.0,differentia=8+policy=RecencyProportionalResolution+target=4096,<function upgma at 0x7fcf41625160>
3419,143,143,[142],3000.0,11.0,285899,3000,3001,3000.0,differentia=8+policy=RecencyProportionalResolution+target=4096,<function upgma at 0x7fcf41625160>
3420,144,144,[142],2989.0,0.0,Inner31,2989,2990,2989.0,differentia=8+policy=RecencyProportionalResolution+target=4096,<function upgma at 0x7fcf41625160>
3421,145,145,[144],2989.0,0.0,Inner22,2989,2990,2989.0,differentia=8+policy=RecencyProportionalResolution+target=4096,<function upgma at 0x7fcf41625160>
3422,146,146,[145],2989.0,0.0,Inner13,2989,2990,2989.0,differentia=8+policy=RecencyProportionalResolution+target=4096,<function upgma at 0x7fcf41625160>
3423,147,147,[146],2997.0,8.0,285695,2997,2998,2997.0,differentia=8+policy=RecencyProportionalResolution+target=4096,<function upgma at 0x7fcf41625160>
3424,148,148,[146],2998.0,9.0,285752,2998,2999,2998.0,differentia=8+policy=RecencyProportionalResolution+target=4096,<function upgma at 0x7fcf41625160>
3425,149,149,[145],2999.0,10.0,285815,2999,3000,2999.0,differentia=8+policy=RecencyProportionalResolution+target=4096,<function upgma at 0x7fcf41625160>
3426,150,150,[144],3000.0,11.0,285937,3000,3001,3000.0,differentia=8+policy=RecencyProportionalResolution+target=4096,<function upgma at 0x7fcf41625160>
3427,151,151,[141],3001.0,12.0,286061,3001,3002,3001.0,differentia=8+policy=RecencyProportionalResolution+target=4096,<function upgma at 0x7fcf41625160>
3428,152,152,[138],3001.0,12.0,286068,3001,3002,3001.0,differentia=8+policy=RecencyProportionalResolution+target=4096,<function upgma at 0x7fcf41625160>
3429,153,153,[137],2996.0,7.0,Inner4,2996,2997,2996.0,differentia=8+policy=RecencyProportionalResolution+target=4096,<function upgma at 0x7fcf41625160>
3430,154,154,[153],2996.0,0.0,Inner3,2996,2997,2996.0,differentia=8+policy=RecencyProportionalResolution+target=4096,<function upgma at 0x7fcf41625160>
3431,155,155,[154],2997.0,1.0,Inner1,2997,2998,2997.0,differentia=8+policy=RecencyProportionalResolution+target=4096,<function upgma at 0x7fcf41625160>
3432,156,156,[155],3001.0,4.0,286019,3001,3002,3001.0,differentia=8+policy=RecencyProportionalResolution+target=4096,<function upgma at 0x7fcf41625160>
3433,157,157,[155],3001.0,4.0,286070,3001,3002,3001.0,differentia=8+policy=RecencyProportionalResolution+target=4096,<function upgma at 0x7fcf41625160>
3434,158,158,[154],3001.0,5.0,286071,3001,3002,3001.0,differentia=8+policy=RecencyProportionalResolution+target=4096,<function upgma at 0x7fcf41625160>
3435,159,159,[153],3001.0,5.0,286079,3001,3002,3001.0,differentia=8+policy=RecencyProportionalResolution+target=4096,<function upgma at 0x7fcf41625160>
3436,160,160,[112],2979.0,8.0,Inner133,2979,2980,2979.0,differentia=8+policy=RecencyProportionalResolution+target=4096,<function upgma at 0x7fcf41625160>
3437,161,161,[160],3001.0,22.0,286014,3001,3002,3001.0,differentia=8+policy=RecencyProportionalResolution+target=4096,<function upgma at 0x7fcf41625160>
3438,162,162,[160],2979.0,0.0,Inner132,2979,2980,2979.0,differentia=8+policy=RecencyProportionalResolution+target=4096,<function upgma at 0x7fcf41625160>
3439,163,163,[162],2979.0,0.0,Inner131,2979,2980,2979.0,differentia=8+policy=RecencyProportionalResolution+target=4096,<function upgma at 0x7fcf41625160>
3440,164,164,[163],2979.0,0.0,Inner129,2979,2980,2979.0,differentia=8+policy=RecencyProportionalResolution+target=4096,<function upgma at 0x7fcf41625160>
3441,165,165,[164],2979.0,0.0,Inner126,2979,2980,2979.0,differentia=8+policy=RecencyProportionalResolution+target=4096,<function upgma at 0x7fcf41625160>
3442,166,166,[165],2993.0,14.0,285310,2993,2994,2993.0,differentia=8+policy=RecencyProportionalResolution+target=4096,<function upgma at 0x7fcf41625160>
3443,167,167,[165],2999.0,20.0,285803,2999,3000,2999.0,differentia=8+policy=RecencyProportionalResolution+target=4096,<function upgma at 0x7fcf41625160>
3444,168,168,[164],2993.0,14.0,Inner12,2993,2994,2993.0,differentia=8+policy=RecencyProportionalResolution+target=4096,<function upgma at 0x7fcf41625160>
3445,169,169,[168],2993.0,0.0,Inner11,2993,2994,2993.0,differentia=8+policy=RecencyProportionalResolution+target=4096,<function upgma at 0x7fcf41625160>
3446,170,170,[169],2993.0,0.0,Inner10,2993,2994,2993.0,differentia=8+policy=RecencyProportionalResolution+target=4096,<function upgma at 0x7fcf41625160>
3447,171,171,[170],2993.0,0.0,Inner9,2993,2994,2993.0,differentia=8+policy=RecencyProportionalResolution+target=4096,<function upgma at 0x7fcf41625160>
3448,172,172,[171],3000.0,7.0,285963,3000,3001,3000.0,differentia=8+policy=RecencyProportionalResolution+target=4096,<function upgma at 0x7fcf41625160>
3449,173,173,[171],3000.0,7.0,285968,3000,3001,3000.0,differentia=8+policy=RecencyProportionalResolution+target=4096,<function upgma at 0x7fcf41625160>
3450,174,174,[170],3001.0,8.0,286020,3001,3002,3001.0,differentia=8+policy=RecencyProportionalResolution+target=4096,<function upgma at 0x7fcf41625160>
3451,175,175,[169],3001.0,8.0,286048,3001,3002,3001.0,differentia=8+policy=RecencyProportionalResolution+target=4096,<function upgma at 0x7fcf41625160>
3452,176,176,[168],3001.0,8.0,286075,3001,3002,3001.0,differentia=8+policy=RecencyProportionalResolution+target=4096,<function upgma at 0x7fcf41625160>
3453,177,177,[163],2987.0,8.0,Inner124,2987,2988,2987.0,differentia=8+policy=RecencyProportionalResolution+target=4096,<function upgma at 0x7fcf41625160>
3454,178,178,[177],2988.0,1.0,Inner99,2988,2989,2988.0,differentia=8+policy=RecencyProportionalResolution+target=4096,<function upgma at 0x7fcf41625160>
3455,179,179,[178],3001.0,13.0,286043,3001,3002,3001.0,differentia=8+policy=RecencyProportionalResolution+target=4096,<function upgma at 0x7fcf41625160>
3456,180,180,[178],3001.0,13.0,286073,3001,3002,3001.0,differentia=8+policy=RecencyProportionalResolution+target=4096,<function upgma at 0x7fcf41625160>
3457,181,181,[177],2987.0,0.0,Inner123,2987,2988,2987.0,differentia=8+policy=RecencyProportionalResolution+target=4096,<function upgma at 0x7fcf41625160>
3458,182,182,[181],3001.0,14.0,286072,3001,3002,3001.0,differentia=8+policy=RecencyProportionalResolution+target=4096,<function upgma at 0x7fcf41625160>
3459,183,183,[181],2987.0,0.0,Inner122,2987,2988,2987.0,differentia=8+policy=RecencyProportionalResolution+target=4096,<function upgma at 0x7fcf41625160>
3460,184,184,[183],3001.0,14.0,286050,3001,3002,3001.0,differentia=8+policy=RecencyProportionalResolution+target=4096,<function upgma at 0x7fcf41625160>
3461,185,185,[183],2987.0,0.0,Inner121,2987,2988,2987.0,differentia=8+policy=RecencyProportionalResolution+target=4096,<function upgma at 0x7fcf41625160>
3462,186,186,[185],3001.0,14.0,286049,3001,3002,3001.0,differentia=8+policy=RecencyProportionalResolution+target=4096,<function upgma at 0x7fcf41625160>
3463,187,187,[185],2987.0,0.0,Inner120,2987,2988,2987.0,differentia=8+policy=RecencyProportionalResolution+target=4096,<function upgma at 0x7fcf41625160>
3464,188,188,[187],3001.0,14.0,286047,3001,3002,3001.0,differentia=8+policy=RecencyProportionalResolution+target=4096,<function upgma at 0x7fcf41625160>
3465,189,189,[187],2987.0,0.0,Inner119,2987,2988,2987.0,differentia=8+policy=RecencyProportionalResolution+target=4096,<function upgma at 0x7fcf41625160>
3466,190,190,[189],3001.0,14.0,286034,3001,3002,3001.0,differentia=8+policy=RecencyProportionalResolution+target=4096,<function upgma at 0x7fcf41625160>
3467,191,191,[189],2987.0,0.0,Inner118,2987,2988,2987.0,differentia=8+policy=RecencyProportionalResolution+target=4096,<function upgma at 0x7fcf41625160>
3468,192,192,[191],3001.0,14.0,286023,3001,3002,3001.0,differentia=8+policy=RecencyProportionalResolution+target=4096,<function upgma at 0x7fcf41625160>
3469,193,193,[191],2987.0,0.0,Inner117,2987,2988,2987.0,differentia=8+policy=RecencyProportionalResolution+target=4096,<function upgma at 0x7fcf41625160>
3470,194,194,[193],3001.0,14.0,286018,3001,3002,3001.0,differentia=8+policy=RecencyProportionalResolution+target=4096,<function upgma at 0x7fcf41625160>
3471,195,195,[193],2987.0,0.0,Inner116,2987,2988,2987.0,differentia=8+policy=RecencyProportionalResolution+target=4096,<function upgma at 0x7fcf41625160>
3472,196,196,[195],3001.0,14.0,286013,3001,3002,3001.0,differentia=8+policy=RecencyProportionalResolution+target=4096,<function upgma at 0x7fcf41625160>
3473,197,197,[195],2987.0,0.0,Inner115,2987,2988,2987.0,differentia=8+policy=RecencyProportionalResolution+target=4096,<function upgma at 0x7fcf41625160>
3474,198,198,[197],3001.0,14.0,286007,3001,3002,3001.0,differentia=8+policy=RecencyProportionalResolution+target=4096,<function upgma at 0x7fcf41625160>
3475,199,199,[197],2987.0,0.0,Inner114,2987,2988,2987.0,differentia=8+policy=RecencyProportionalResolution+target=4096,<function upgma at 0x7fcf41625160>
3476,200,200,[199],3001.0,14.0,286005,3001,3002,3001.0,differentia=8+policy=RecencyProportionalResolution+target=4096,<function upgma at 0x7fcf41625160>
3477,201,201,[199],2987.0,0.0,Inner113,2987,2988,2987.0,differentia=8+policy=RecencyProportionalResolution+target=4096,<function upgma at 0x7fcf41625160>
3478,202,202,[201],3001.0,14.0,285994,3001,3002,3001.0,differentia=8+policy=RecencyProportionalResolution+target=4096,<function upgma at 0x7fcf41625160>
3479,203,203,[201],2987.0,0.0,Inner112,2987,2988,2987.0,differentia=8+policy=RecencyProportionalResolution+target=4096,<function upgma at 0x7fcf41625160>
3480,204,204,[203],3001.0,14.0,285988,3001,3002,3001.0,differentia=8+policy=RecencyProportionalResolution+target=4096,<function upgma at 0x7fcf41625160>
3481,205,205,[203],2987.0,0.0,Inner111,2987,2988,2987.0,differentia=8+policy=RecencyProportionalResolution+target=4096,<function upgma at 0x7fcf41625160>
3482,206,206,[205],3001.0,14.0,285986,3001,3002,3001.0,differentia=8+policy=RecencyProportionalResolution+target=4096,<function upgma at 0x7fcf41625160>
3483,207,207,[205],2987.0,0.0,Inner110,2987,2988,2987.0,differentia=8+policy=RecencyProportionalResolution+target=4096,<function upgma at 0x7fcf41625160>
3484,208,208,[207],3001.0,14.0,285983,3001,3002,3001.0,differentia=8+policy=RecencyProportionalResolution+target=4096,<function upgma at 0x7fcf41625160>
3485,209,209,[207],2987.0,0.0,Inner109,2987,2988,2987.0,differentia=8+policy=RecencyProportionalResolution+target=4096,<function upgma at 0x7fcf41625160>
3486,210,210,[209],3001.0,14.0,285981,3001,3002,3001.0,differentia=8+policy=RecencyProportionalResolution+target=4096,<function upgma at 0x7fcf41625160>
3487,211,211,[209],2987.0,0.0,Inner108,2987,2988,2987.0,differentia=8+policy=RecencyProportionalResolution+target=4096,<function upgma at 0x7fcf41625160>
3488,212,212,[211],3001.0,14.0,286011,3001,3002,3001.0,differentia=8+policy=RecencyProportionalResolution+target=4096,<function upgma at 0x7fcf41625160>
3489,213,213,[211],2987.0,0.0,Inner107,2987,2988,2987.0,differentia=8+policy=RecencyProportionalResolution+target=4096,<function upgma at 0x7fcf41625160>
3490,214,214,[213],3001.0,14.0,286004,3001,3002,3001.0,differentia=8+policy=RecencyProportionalResolution+target=4096,<function upgma at 0x7fcf41625160>
3491,215,215,[213],2987.0,0.0,Inner106,2987,2988,2987.0,differentia=8+policy=RecencyProportionalResolution+target=4096,<function upgma at 0x7fcf41625160>
3492,216,216,[215],3001.0,14.0,286015,3001,3002,3001.0,differentia=8+policy=RecencyProportionalResolution+target=4096,<function upgma at 0x7fcf41625160>
3493,217,217,[215],2987.0,0.0,Inner105,2987,2988,2987.0,differentia=8+policy=RecencyProportionalResolution+target=4096,<function upgma at 0x7fcf41625160>
3494,218,218,[217],2987.0,0.0,Inner104,2987,2988,2987.0,differentia=8+policy=RecencyProportionalResolution+target=4096,<function upgma at 0x7fcf41625160>
3495,219,219,[218],2987.0,0.0,Inner103,2987,2988,2987.0,differentia=8+policy=RecencyProportionalResolution+target=4096,<function upgma at 0x7fcf41625160>
3496,220,220,[219],3001.0,14.0,286037,3001,3002,3001.0,differentia=8+policy=RecencyProportionalResolution+target=4096,<function upgma at 0x7fcf41625160>
3497,221,221,[219],2987.0,0.0,Inner102,2987,2988,2987.0,differentia=8+policy=RecencyProportionalResolution+target=4096,<function upgma at 0x7fcf41625160>
3498,222,222,[221],3001.0,14.0,286009,3001,3002,3001.0,differentia=8+policy=RecencyProportionalResolution+target=4096,<function upgma at 0x7fcf41625160>
3499,223,223,[221],2987.0,0.0,Inner101,2987,2988,2987.0,differentia=8+policy=RecencyProportionalResolution+target=4096,<function upgma at 0x7fcf41625160>
3500,224,224,[223],2987.0,0.0,Inner100,2987,2988,2987.0,differentia=8+policy=RecencyProportionalResolution+target=4096,<function upgma at 0x7fcf41625160>
3501,225,225,[224],2987.0,0.0,Inner98,2987,2988,2987.0,differentia=8+policy=RecencyProportionalResolution+target=4096,<function upgma at 0x7fcf41625160>
3502,226,226,[225],3000.0,13.0,285964,3000,3001,3000.0,differentia=8+policy=RecencyProportionalResolution+target=4096,<function upgma at 0x7fcf41625160>
3503,227,227,[225],2987.0,0.0,Inner97,2987,2988,2987.0,differentia=8+policy=RecencyProportionalResolution+target=4096,<function upgma at 0x7fcf41625160>
3504,228,228,[227],3000.0,13.0,285946,3000,3001,3000.0,differentia=8+policy=RecencyProportionalResolution+target=4096,<function upgma at 0x7fcf41625160>
3505,229,229,[227],2987.0,0.0,Inner96,2987,2988,2987.0,differentia=8+policy=RecencyProportionalResolution+target=4096,<function upgma at 0x7fcf41625160>
3506,230,230,[229],3000.0,13.0,285935,3000,3001,3000.0,differentia=8+policy=RecencyProportionalResolution+target=4096,<function upgma at 0x7fcf41625160>
3507,231,231,[229],2987.0,0.0,Inner95,2987,2988,2987.0,differentia=8+policy=RecencyProportionalResolution+target=4096,<function upgma at 0x7fcf41625160>
3508,232,232,[231],3000.0,13.0,285925,3000,3001,3000.0,differentia=8+policy=RecencyProportionalResolution+target=4096,<function upgma at 0x7fcf41625160>
3509,233,233,[231],2987.0,0.0,Inner94,2987,2988,2987.0,differentia=8+policy=RecencyProportionalResolution+target=4096,<function upgma at 0x7fcf41625160>
3510,234,234,[233],3000.0,13.0,285912,3000,3001,3000.0,differentia=8+policy=RecencyProportionalResolution+target=4096,<function upgma at 0x7fcf41625160>
3511,235,235,[233],2987.0,0.0,Inner93,2987,2988,2987.0,differentia=8+policy=RecencyProportionalResolution+target=4096,<function upgma at 0x7fcf41625160>
3512,236,236,[235],3000.0,13.0,285909,3000,3001,3000.0,differentia=8+policy=RecencyProportionalResolution+target=4096,<function upgma at 0x7fcf41625160>
3513,237,237,[235],2987.0,0.0,Inner92,2987,2988,2987.0,differentia=8+policy=RecencyProportionalResolution+target=4096,<function upgma at 0x7fcf41625160>
3514,238,238,[237],3000.0,13.0,285892,3000,3001,3000.0,differentia=8+policy=RecencyProportionalResolution+target=4096,<function upgma at 0x7fcf41625160>
3515,239,239,[237],2987.0,0.0,Inner90,2987,2988,2987.0,differentia=8+policy=RecencyProportionalResolution+target=4096,<function upgma at 0x7fcf41625160>
3516,240,240,[239],2987.0,0.0,Inner82,2987,2988,2987.0,differentia=8+policy=RecencyProportionalResolution+target=4096,<function upgma at 0x7fcf41625160>
3517,241,241,[240],2987.0,0.0,Inner80,2987,2988,2987.0,differentia=8+policy=RecencyProportionalResolution+target=4096,<function upgma at 0x7fcf41625160>
3518,242,242,[241],2987.0,0.0,Inner37,2987,2988,2987.0,differentia=8+policy=RecencyProportionalResolution+target=4096,<function upgma at 0x7fcf41625160>
3519,243,243,[242],2987.0,0.0,Inner34,2987,2988,2987.0,differentia=8+policy=RecencyProportionalResolution+target=4096,<function upgma at 0x7fcf41625160>
3520,244,244,[243],2997.0,10.0,285634,2997,2998,2997.0,differentia=8+policy=RecencyProportionalResolution+target=4096,<function upgma at 0x7fcf41625160>
3521,245,245,[243],2998.0,11.0,285722,2998,2999,2998.0,differentia=8+policy=RecencyProportionalResolution+target=4096,<function upgma at 0x7fcf41625160>
3522,246,246,[242],2998.0,11.0,285725,2998,2999,2998.0,differentia=8+policy=RecencyProportionalResolution+target=4096,<function upgma at 0x7fcf41625160>
3523,247,247,[241],2999.0,12.0,285874,2999,3000,2999.0,differentia=8+policy=RecencyProportionalResolution+target=4096,<function upgma at 0x7fcf41625160>
3524,248,248,[240],2999.0,12.0,285879,2999,3000,2999.0,differentia=8+policy=RecencyProportionalResolution+target=4096,<function upgma at 0x7fcf41625160>
3525,249,249,[239],3000.0,13.0,285970,3000,3001,3000.0,differentia=8+policy=RecencyProportionalResolution+target=4096,<function upgma at 0x7fcf41625160>
3526,250,250,[224],2988.0,1.0,Inner91,2988,2989,2988.0,differentia=8+policy=RecencyProportionalResolution+target=4096,<function upgma at 0x7fcf41625160>
3527,251,251,[250],3000.0,12.0,285959,3000,3001,3000.0,differentia=8+policy=RecencyProportionalResolution+target=4096,<function upgma at 0x7fcf41625160>
3528,252,252,[250],3001.0,13.0,286031,3001,3002,3001.0,differentia=8+policy=RecencyProportionalResolution+target=4096,<function upgma at 0x7fcf41625160>
3529,253,253,[223],3001.0,14.0,286041,3001,3002,3001.0,differentia=8+policy=RecencyProportionalResolution+target=4096,<function upgma at 0x7fcf41625160>
3530,254,254,[218],3001.0,14.0,286057,3001,3002,3001.0,differentia=8+policy=RecencyProportionalResolution+target=4096,<function upgma at 0x7fcf41625160>
3531,255,255,[217],2996.0,9.0,Inner2,2996,2997,2996.0,differentia=8+policy=RecencyProportionalResolution+target=4096,<function upgma at 0x7fcf41625160>
3532,256,256,[255],3001.0,5.0,286054,3001,3002,3001.0,differentia=8+policy=RecencyProportionalResolution+target=4096,<function upgma at 0x7fcf41625160>
3533,257,257,[255],3001.0,5.0,286078,3001,3002,3001.0,differentia=8+policy=RecencyProportionalResolution+target=4096,<function upgma at 0x7fcf41625160>
3534,258,258,[162],2992.0,13.0,Inner20,2992,2993,2992.0,differentia=8+policy=RecencyProportionalResolution+target=4096,<function upgma at 0x7fcf41625160>
3535,259,259,[258],3001.0,9.0,286040,3001,3002,3001.0,differentia=8+policy=RecencyProportionalResolution+target=4096,<function upgma at 0x7fcf41625160>
3536,260,260,[258],2992.0,0.0,Inner19,2992,2993,2992.0,differentia=8+policy=RecencyProportionalResolution+target=4096,<function upgma at 0x7fcf41625160>
3537,261,261,[260],3001.0,9.0,286044,3001,3002,3001.0,differentia=8+policy=RecencyProportionalResolution+target=4096,<function upgma at 0x7fcf41625160>
3538,262,262,[260],2992.0,0.0,Inner18,2992,2993,2992.0,differentia=8+policy=RecencyProportionalResolution+target=4096,<function upgma at 0x7fcf41625160>
3539,263,263,[262],3001.0,9.0,285995,3001,3002,3001.0,differentia=8+policy=RecencyProportionalResolution+target=4096,<function upgma at 0x7fcf41625160>
3540,264,264,[262],2992.0,0.0,Inner17,2992,2993,2992.0,differentia=8+policy=RecencyProportionalResolution+target=4096,<function upgma at 0x7fcf41625160>
3541,265,265,[264],3001.0,9.0,285993,3001,3002,3001.0,differentia=8+policy=RecencyProportionalResolution+target=4096,<function upgma at 0x7fcf41625160>
3542,266,266,[264],2992.0,0.0,Inner16,2992,2993,2992.0,differentia=8+policy=RecencyProportionalResolution+target=4096,<function upgma at 0x7fcf41625160>
3543,267,267,[266],3001.0,9.0,286001,3001,3002,3001.0,differentia=8+policy=RecencyProportionalResolution+target=4096,<function upgma at 0x7fcf41625160>
3544,268,268,[266],2992.0,0.0,Inner15,2992,2993,2992.0,differentia=8+policy=RecencyProportionalResolution+target=4096,<function upgma at 0x7fcf41625160>
3545,269,269,[268],2992.0,0.0,Inner14,2992,2993,2992.0,differentia=8+policy=RecencyProportionalResolution+target=4096,<function upgma at 0x7fcf41625160>
3546,270,270,[269],3001.0,9.0,286021,3001,3002,3001.0,differentia=8+policy=RecencyProportionalResolution+target=4096,<function upgma at 0x7fcf41625160>
3547,271,271,[269],3001.0,9.0,286046,3001,3002,3001.0,differentia=8+policy=RecencyProportionalResolution+target=4096,<function upgma at 0x7fcf41625160>
3548,272,272,[268],3001.0,9.0,286083,3001,3002,3001.0,differentia=8+policy=RecencyProportionalResolution+target=4096,<function upgma at 0x7fcf41625160>
3549,0,0,[None],2939.5,2939.5,Inner136,2936,2944,2939.5,differentia=8+policy=RecencyProportionalResolution+target=512,<function upgma at 0x7fcf41625160>
3550,1,1,[0],2990.0,50.5,Inner78,2990,2991,2990.0,differentia=8+policy=RecencyProportionalResolution+target=512,<function upgma at 0x7fcf41625160>
3551,2,2,[1],2990.0,0.0,Inner77,2990,2991,2990.0,differentia=8+policy=RecencyProportionalResolution+target=512,<function upgma at 0x7fcf41625160>
3552,3,3,[2],2990.0,0.0,Inner76,2990,2991,2990.0,differentia=8+policy=RecencyProportionalResolution+target=512,<function upgma at 0x7fcf41625160>
3553,4,4,[3],2990.0,0.0,Inner75,2990,2991,2990.0,differentia=8+policy=RecencyProportionalResolution+target=512,<function upgma at 0x7fcf41625160>
3554,5,5,[4],2990.0,0.0,Inner74,2990,2991,2990.0,differentia=8+policy=RecencyProportionalResolution+target=512,<function upgma at 0x7fcf41625160>
3555,6,6,[5],2990.0,0.0,Inner73,2990,2991,2990.0,differentia=8+policy=RecencyProportionalResolution+target=512,<function upgma at 0x7fcf41625160>
3556,7,7,[6],2991.0,1.0,Inner30,2991,2992,2991.0,differentia=8+policy=RecencyProportionalResolution+target=512,<function upgma at 0x7fcf41625160>
3557,8,8,[7],3001.0,10.0,285985,3001,3002,3001.0,differentia=8+policy=RecencyProportionalResolution+target=512,<function upgma at 0x7fcf41625160>
3558,9,9,[7],3001.0,10.0,286060,3001,3002,3001.0,differentia=8+policy=RecencyProportionalResolution+target=512,<function upgma at 0x7fcf41625160>
3559,10,10,[6],2990.0,0.0,Inner72,2990,2991,2990.0,differentia=8+policy=RecencyProportionalResolution+target=512,<function upgma at 0x7fcf41625160>
3560,11,11,[10],2991.0,1.0,Inner31,2991,2992,2991.0,differentia=8+policy=RecencyProportionalResolution+target=512,<function upgma at 0x7fcf41625160>
3561,12,12,[11],3001.0,10.0,286029,3001,3002,3001.0,differentia=8+policy=RecencyProportionalResolution+target=512,<function upgma at 0x7fcf41625160>
3562,13,13,[11],3001.0,10.0,286059,3001,3002,3001.0,differentia=8+policy=RecencyProportionalResolution+target=512,<function upgma at 0x7fcf41625160>
3563,14,14,[10],2990.0,0.0,Inner71,2990,2991,2990.0,differentia=8+policy=RecencyProportionalResolution+target=512,<function upgma at 0x7fcf41625160>
3564,15,15,[14],3001.0,11.0,286058,3001,3002,3001.0,differentia=8+policy=RecencyProportionalResolution+target=512,<function upgma at 0x7fcf41625160>
3565,16,16,[14],2990.0,0.0,Inner70,2990,2991,2990.0,differentia=8+policy=RecencyProportionalResolution+target=512,<function upgma at 0x7fcf41625160>
3566,17,17,[16],3001.0,11.0,286056,3001,3002,3001.0,differentia=8+policy=RecencyProportionalResolution+target=512,<function upgma at 0x7fcf41625160>
3567,18,18,[16],2990.0,0.0,Inner69,2990,2991,2990.0,differentia=8+policy=RecencyProportionalResolution+target=512,<function upgma at 0x7fcf41625160>
3568,19,19,[18],3001.0,11.0,286053,3001,3002,3001.0,differentia=8+policy=RecencyProportionalResolution+target=512,<function upgma at 0x7fcf41625160>
3569,20,20,[18],2990.0,0.0,Inner68,2990,2991,2990.0,differentia=8+policy=RecencyProportionalResolution+target=512,<function upgma at 0x7fcf41625160>
3570,21,21,[20],3001.0,11.0,286051,3001,3002,3001.0,differentia=8+policy=RecencyProportionalResolution+target=512,<function upgma at 0x7fcf41625160>
3571,22,22,[20],2990.0,0.0,Inner67,2990,2991,2990.0,differentia=8+policy=RecencyProportionalResolution+target=512,<function upgma at 0x7fcf41625160>
3572,23,23,[22],3001.0,11.0,286042,3001,3002,3001.0,differentia=8+policy=RecencyProportionalResolution+target=512,<function upgma at 0x7fcf41625160>
3573,24,24,[22],2990.0,0.0,Inner66,2990,2991,2990.0,differentia=8+policy=RecencyProportionalResolution+target=512,<function upgma at 0x7fcf41625160>
3574,25,25,[24],3001.0,11.0,286039,3001,3002,3001.0,differentia=8+policy=RecencyProportionalResolution+target=512,<function upgma at 0x7fcf41625160>
3575,26,26,[24],2990.0,0.0,Inner65,2990,2991,2990.0,differentia=8+policy=RecencyProportionalResolution+target=512,<function upgma at 0x7fcf41625160>
3576,27,27,[26],3001.0,11.0,286038,3001,3002,3001.0,differentia=8+policy=RecencyProportionalResolution+target=512,<function upgma at 0x7fcf41625160>
3577,28,28,[26],2990.0,0.0,Inner64,2990,2991,2990.0,differentia=8+policy=RecencyProportionalResolution+target=512,<function upgma at 0x7fcf41625160>
3578,29,29,[28],3001.0,11.0,286036,3001,3002,3001.0,differentia=8+policy=RecencyProportionalResolution+target=512,<function upgma at 0x7fcf41625160>
3579,30,30,[28],2990.0,0.0,Inner63,2990,2991,2990.0,differentia=8+policy=RecencyProportionalResolution+target=512,<function upgma at 0x7fcf41625160>
3580,31,31,[30],3001.0,11.0,286032,3001,3002,3001.0,differentia=8+policy=RecencyProportionalResolution+target=512,<function upgma at 0x7fcf41625160>
3581,32,32,[30],2990.0,0.0,Inner62,2990,2991,2990.0,differentia=8+policy=RecencyProportionalResolution+target=512,<function upgma at 0x7fcf41625160>
3582,33,33,[32],3001.0,11.0,286030,3001,3002,3001.0,differentia=8+policy=RecencyProportionalResolution+target=512,<function upgma at 0x7fcf41625160>
3583,34,34,[32],2990.0,0.0,Inner61,2990,2991,2990.0,differentia=8+policy=RecencyProportionalResolution+target=512,<function upgma at 0x7fcf41625160>
3584,35,35,[34],3001.0,11.0,286027,3001,3002,3001.0,differentia=8+policy=RecencyProportionalResolution+target=512,<function upgma at 0x7fcf41625160>
3585,36,36,[34],2990.0,0.0,Inner60,2990,2991,2990.0,differentia=8+policy=RecencyProportionalResolution+target=512,<function upgma at 0x7fcf41625160>
3586,37,37,[36],3001.0,11.0,286026,3001,3002,3001.0,differentia=8+policy=RecencyProportionalResolution+target=512,<function upgma at 0x7fcf41625160>
3587,38,38,[36],2990.0,0.0,Inner59,2990,2991,2990.0,differentia=8+policy=RecencyProportionalResolution+target=512,<function upgma at 0x7fcf41625160>
3588,39,39,[38],3001.0,11.0,286045,3001,3002,3001.0,differentia=8+policy=RecencyProportionalResolution+target=512,<function upgma at 0x7fcf41625160>
3589,40,40,[38],2990.0,0.0,Inner58,2990,2991,2990.0,differentia=8+policy=RecencyProportionalResolution+target=512,<function upgma at 0x7fcf41625160>
3590,41,41,[40],3001.0,11.0,286025,3001,3002,3001.0,differentia=8+policy=RecencyProportionalResolution+target=512,<function upgma at 0x7fcf41625160>
3591,42,42,[40],2990.0,0.0,Inner57,2990,2991,2990.0,differentia=8+policy=RecencyProportionalResolution+target=512,<function upgma at 0x7fcf41625160>
3592,43,43,[42],3001.0,11.0,286024,3001,3002,3001.0,differentia=8+policy=RecencyProportionalResolution+target=512,<function upgma at 0x7fcf41625160>
3593,44,44,[42],2990.0,0.0,Inner56,2990,2991,2990.0,differentia=8+policy=RecencyProportionalResolution+target=512,<function upgma at 0x7fcf41625160>
3594,45,45,[44],3001.0,11.0,286017,3001,3002,3001.0,differentia=8+policy=RecencyProportionalResolution+target=512,<function upgma at 0x7fcf41625160>
3595,46,46,[44],2990.0,0.0,Inner55,2990,2991,2990.0,differentia=8+policy=RecencyProportionalResolution+target=512,<function upgma at 0x7fcf41625160>
3596,47,47,[46],3001.0,11.0,286016,3001,3002,3001.0,differentia=8+policy=RecencyProportionalResolution+target=512,<function upgma at 0x7fcf41625160>
3597,48,48,[46],2990.0,0.0,Inner54,2990,2991,2990.0,differentia=8+policy=RecencyProportionalResolution+target=512,<function upgma at 0x7fcf41625160>
3598,49,49,[48],3001.0,11.0,286012,3001,3002,3001.0,differentia=8+policy=RecencyProportionalResolution+target=512,<function upgma at 0x7fcf41625160>
3599,50,50,[48],2990.0,0.0,Inner53,2990,2991,2990.0,differentia=8+policy=RecencyProportionalResolution+target=512,<function upgma at 0x7fcf41625160>
3600,51,51,[50],3001.0,11.0,286010,3001,3002,3001.0,differentia=8+policy=RecencyProportionalResolution+target=512,<function upgma at 0x7fcf41625160>
3601,52,52,[50],2990.0,0.0,Inner52,2990,2991,2990.0,differentia=8+policy=RecencyProportionalResolution+target=512,<function upgma at 0x7fcf41625160>
3602,53,53,[52],3001.0,11.0,286003,3001,3002,3001.0,differentia=8+policy=RecencyProportionalResolution+target=512,<function upgma at 0x7fcf41625160>
3603,54,54,[52],2990.0,0.0,Inner51,2990,2991,2990.0,differentia=8+policy=RecencyProportionalResolution+target=512,<function upgma at 0x7fcf41625160>
3604,55,55,[54],3001.0,11.0,286035,3001,3002,3001.0,differentia=8+policy=RecencyProportionalResolution+target=512,<function upgma at 0x7fcf41625160>
3605,56,56,[54],2990.0,0.0,Inner50,2990,2991,2990.0,differentia=8+policy=RecencyProportionalResolution+target=512,<function upgma at 0x7fcf41625160>
3606,57,57,[56],3001.0,11.0,286002,3001,3002,3001.0,differentia=8+policy=RecencyProportionalResolution+target=512,<function upgma at 0x7fcf41625160>
3607,58,58,[56],2990.0,0.0,Inner49,2990,2991,2990.0,differentia=8+policy=RecencyProportionalResolution+target=512,<function upgma at 0x7fcf41625160>
3608,59,59,[58],3001.0,11.0,286000,3001,3002,3001.0,differentia=8+policy=RecencyProportionalResolution+target=512,<function upgma at 0x7fcf41625160>
3609,60,60,[58],2990.0,0.0,Inner48,2990,2991,2990.0,differentia=8+policy=RecencyProportionalResolution+target=512,<function upgma at 0x7fcf41625160>
3610,61,61,[60],3001.0,11.0,285999,3001,3002,3001.0,differentia=8+policy=RecencyProportionalResolution+target=512,<function upgma at 0x7fcf41625160>
3611,62,62,[60],2990.0,0.0,Inner47,2990,2991,2990.0,differentia=8+policy=RecencyProportionalResolution+target=512,<function upgma at 0x7fcf41625160>
3612,63,63,[62],3001.0,11.0,285998,3001,3002,3001.0,differentia=8+policy=RecencyProportionalResolution+target=512,<function upgma at 0x7fcf41625160>
3613,64,64,[62],2990.0,0.0,Inner46,2990,2991,2990.0,differentia=8+policy=RecencyProportionalResolution+target=512,<function upgma at 0x7fcf41625160>
3614,65,65,[64],3001.0,11.0,285996,3001,3002,3001.0,differentia=8+policy=RecencyProportionalResolution+target=512,<function upgma at 0x7fcf41625160>
3615,66,66,[64],2990.0,0.0,Inner45,2990,2991,2990.0,differentia=8+policy=RecencyProportionalResolution+target=512,<function upgma at 0x7fcf41625160>
3616,67,67,[66],2991.0,1.0,Inner29,2991,2992,2991.0,differentia=8+policy=RecencyProportionalResolution+target=512,<function upgma at 0x7fcf41625160>
3617,68,68,[67],3001.0,10.0,285989,3001,3002,3001.0,differentia=8+policy=RecencyProportionalResolution+target=512,<function upgma at 0x7fcf41625160>
3618,69,69,[67],3001.0,10.0,285991,3001,3002,3001.0,differentia=8+policy=RecencyProportionalResolution+target=512,<function upgma at 0x7fcf41625160>
3619,70,70,[66],2990.0,0.0,Inner44,2990,2991,2990.0,differentia=8+policy=RecencyProportionalResolution+target=512,<function upgma at 0x7fcf41625160>
3620,71,71,[70],3001.0,11.0,285990,3001,3002,3001.0,differentia=8+policy=RecencyProportionalResolution+target=512,<function upgma at 0x7fcf41625160>
3621,72,72,[70],2990.0,0.0,Inner43,2990,2991,2990.0,differentia=8+policy=RecencyProportionalResolution+target=512,<function upgma at 0x7fcf41625160>
3622,73,73,[72],3001.0,11.0,285984,3001,3002,3001.0,differentia=8+policy=RecencyProportionalResolution+target=512,<function upgma at 0x7fcf41625160>
3623,74,74,[72],2990.0,0.0,Inner42,2990,2991,2990.0,differentia=8+policy=RecencyProportionalResolution+target=512,<function upgma at 0x7fcf41625160>
3624,75,75,[74],3001.0,11.0,285982,3001,3002,3001.0,differentia=8+policy=RecencyProportionalResolution+target=512,<function upgma at 0x7fcf41625160>
3625,76,76,[74],2990.0,0.0,Inner41,2990,2991,2990.0,differentia=8+policy=RecencyProportionalResolution+target=512,<function upgma at 0x7fcf41625160>
3626,77,77,[76],2990.0,0.0,Inner40,2990,2991,2990.0,differentia=8+policy=RecencyProportionalResolution+target=512,<function upgma at 0x7fcf41625160>
3627,78,78,[77],3001.0,11.0,286062,3001,3002,3001.0,differentia=8+policy=RecencyProportionalResolution+target=512,<function upgma at 0x7fcf41625160>
3628,79,79,[77],2990.0,0.0,Inner39,2990,2991,2990.0,differentia=8+policy=RecencyProportionalResolution+target=512,<function upgma at 0x7fcf41625160>
3629,80,80,[79],3001.0,11.0,286008,3001,3002,3001.0,differentia=8+policy=RecencyProportionalResolution+target=512,<function upgma at 0x7fcf41625160>
3630,81,81,[79],2990.0,0.0,Inner37,2990,2991,2990.0,differentia=8+policy=RecencyProportionalResolution+target=512,<function upgma at 0x7fcf41625160>
3631,82,82,[81],3001.0,11.0,286055,3001,3002,3001.0,differentia=8+policy=RecencyProportionalResolution+target=512,<function upgma at 0x7fcf41625160>
3632,83,83,[81],2990.0,0.0,Inner34,2990,2991,2990.0,differentia=8+policy=RecencyProportionalResolution+target=512,<function upgma at 0x7fcf41625160>
3633,84,84,[83],2990.0,0.0,Inner28,2990,2991,2990.0,differentia=8+policy=RecencyProportionalResolution+target=512,<function upgma at 0x7fcf41625160>
3634,85,85,[84],2990.0,0.0,Inner27,2990,2991,2990.0,differentia=8+policy=RecencyProportionalResolution+target=512,<function upgma at 0x7fcf41625160>
3635,86,86,[85],2990.0,0.0,Inner26,2990,2991,2990.0,differentia=8+policy=RecencyProportionalResolution+target=512,<function upgma at 0x7fcf41625160>
3636,87,87,[86],3000.0,10.0,285936,3000,3001,3000.0,differentia=8+policy=RecencyProportionalResolution+target=512,<function upgma at 0x7fcf41625160>
3637,88,88,[86],2990.0,0.0,Inner25,2990,2991,2990.0,differentia=8+policy=RecencyProportionalResolution+target=512,<function upgma at 0x7fcf41625160>
3638,89,89,[88],3000.0,10.0,285919,3000,3001,3000.0,differentia=8+policy=RecencyProportionalResolution+target=512,<function upgma at 0x7fcf41625160>
3639,90,90,[88],2990.0,0.0,Inner24,2990,2991,2990.0,differentia=8+policy=RecencyProportionalResolution+target=512,<function upgma at 0x7fcf41625160>
3640,91,91,[90],3000.0,10.0,285907,3000,3001,3000.0,differentia=8+policy=RecencyProportionalResolution+target=512,<function upgma at 0x7fcf41625160>
3641,92,92,[90],2990.0,0.0,Inner23,2990,2991,2990.0,differentia=8+policy=RecencyProportionalResolution+target=512,<function upgma at 0x7fcf41625160>
3642,93,93,[92],2990.0,0.0,Inner21,2990,2991,2990.0,differentia=8+policy=RecencyProportionalResolution+target=512,<function upgma at 0x7fcf41625160>
3643,94,94,[93],2999.0,9.0,285804,2999,3000,2999.0,differentia=8+policy=RecencyProportionalResolution+target=512,<function upgma at 0x7fcf41625160>
3644,95,95,[93],2999.0,9.0,285850,2999,3000,2999.0,differentia=8+policy=RecencyProportionalResolution+target=512,<function upgma at 0x7fcf41625160>
3645,96,96,[92],3000.0,10.0,285950,3000,3001,3000.0,differentia=8+policy=RecencyProportionalResolution+target=512,<function upgma at 0x7fcf41625160>
3646,97,97,[85],3000.0,10.0,285972,3000,3001,3000.0,differentia=8+policy=RecencyProportionalResolution+target=512,<function upgma at 0x7fcf41625160>
3647,98,98,[84],3000.0,10.0,285980,3000,3001,3000.0,differentia=8+policy=RecencyProportionalResolution+target=512,<function upgma at 0x7fcf41625160>
3648,99,99,[83],3001.0,11.0,286063,3001,3002,3001.0,differentia=8+policy=RecencyProportionalResolution+target=512,<function upgma at 0x7fcf41625160>
3649,100,100,[76],3001.0,11.0,286064,3001,3002,3001.0,differentia=8+policy=RecencyProportionalResolution+target=512,<function upgma at 0x7fcf41625160>
3650,101,101,[5],3001.0,11.0,286065,3001,3002,3001.0,differentia=8+policy=RecencyProportionalResolution+target=512,<function upgma at 0x7fcf41625160>
3651,102,102,[4],3001.0,11.0,286076,3001,3002,3001.0,differentia=8+policy=RecencyProportionalResolution+target=512,<function upgma at 0x7fcf41625160>
3652,103,103,[3],3001.0,11.0,286080,3001,3002,3001.0,differentia=8+policy=RecencyProportionalResolution+target=512,<function upgma at 0x7fcf41625160>
3653,104,104,[2],2991.0,1.0,Inner32,2991,2992,2991.0,differentia=8+policy=RecencyProportionalResolution+target=512,<function upgma at 0x7fcf41625160>
3654,105,105,[104],3001.0,10.0,286077,3001,3002,3001.0,differentia=8+policy=RecencyProportionalResolution+target=512,<function upgma at 0x7fcf41625160>
3655,106,106,[104],3001.0,10.0,286081,3001,3002,3001.0,differentia=8+policy=RecencyProportionalResolution+target=512,<function upgma at 0x7fcf41625160>
3656,107,107,[1],3001.0,11.0,286082,3001,3002,3001.0,differentia=8+policy=RecencyProportionalResolution+target=512,<function upgma at 0x7fcf41625160>
3657,108,108,[0],2939.5,0.0,Inner135,2936,2944,2939.5,differentia=8+policy=RecencyProportionalResolution+target=512,<function upgma at 0x7fcf41625160>
3658,109,109,[108],2980.5,41.0,Inner129,2980,2982,2980.5,differentia=8+policy=RecencyProportionalResolution+target=512,<function upgma at 0x7fcf41625160>
3659,110,110,[109],3000.0,19.5,285894,3000,3001,3000.0,differentia=8+policy=RecencyProportionalResolution+target=512,<function upgma at 0x7fcf41625160>
3660,111,111,[109],3001.0,20.5,286033,3001,3002,3001.0,differentia=8+policy=RecencyProportionalResolution+target=512,<function upgma at 0x7fcf41625160>
3661,112,112,[108],2969.5,30.0,Inner134,2968,2972,2969.5,differentia=8+policy=RecencyProportionalResolution+target=512,<function upgma at 0x7fcf41625160>
3662,113,113,[112],2982.5,13.0,Inner128,2982,2984,2982.5,differentia=8+policy=RecencyProportionalResolution+target=512,<function upgma at 0x7fcf41625160>
3663,114,114,[113],3001.0,18.5,286066,3001,3002,3001.0,differentia=8+policy=RecencyProportionalResolution+target=512,<function upgma at 0x7fcf41625160>
3664,115,115,[113],2982.5,0.0,Inner126,2982,2984,2982.5,differentia=8+policy=RecencyProportionalResolution+target=512,<function upgma at 0x7fcf41625160>
3665,116,116,[115],2982.5,0.0,Inner125,2982,2984,2982.5,differentia=8+policy=RecencyProportionalResolution+target=512,<function upgma at 0x7fcf41625160>
3666,117,117,[116],2996.0,13.5,285553,2996,2997,2996.0,differentia=8+policy=RecencyProportionalResolution+target=512,<function upgma at 0x7fcf41625160>
3667,118,118,[116],2994.0,11.5,Inner8,2994,2995,2994.0,differentia=8+policy=RecencyProportionalResolution+target=512,<function upgma at 0x7fcf41625160>
3668,119,119,[118],2994.0,0.0,Inner7,2994,2995,2994.0,differentia=8+policy=RecencyProportionalResolution+target=512,<function upgma at 0x7fcf41625160>
3669,120,120,[119],3001.0,7.0,286006,3001,3002,3001.0,differentia=8+policy=RecencyProportionalResolution+target=512,<function upgma at 0x7fcf41625160>
3670,121,121,[119],2994.0,0.0,Inner6,2994,2995,2994.0,differentia=8+policy=RecencyProportionalResolution+target=512,<function upgma at 0x7fcf41625160>
3671,122,122,[121],2994.0,0.0,Inner5,2994,2995,2994.0,differentia=8+policy=RecencyProportionalResolution+target=512,<function upgma at 0x7fcf41625160>
3672,123,123,[122],2999.0,5.0,285860,2999,3000,2999.0,differentia=8+policy=RecencyProportionalResolution+target=512,<function upgma at 0x7fcf41625160>
3673,124,124,[122],3001.0,7.0,285992,3001,3002,3001.0,differentia=8+policy=RecencyProportionalResolution+target=512,<function upgma at 0x7fcf41625160>
3674,125,125,[121],3001.0,7.0,286069,3001,3002,3001.0,differentia=8+policy=RecencyProportionalResolution+target=512,<function upgma at 0x7fcf41625160>
3675,126,126,[118],3001.0,7.0,286074,3001,3002,3001.0,differentia=8+policy=RecencyProportionalResolution+target=512,<function upgma at 0x7fcf41625160>
3676,127,127,[115],2988.5,6.0,Inner90,2988,2990,2988.5,differentia=8+policy=RecencyProportionalResolution+target=512,<function upgma at 0x7fcf41625160>
3677,128,128,[127],3001.0,12.5,286067,3001,3002,3001.0,differentia=8+policy=RecencyProportionalResolution+target=512,<function upgma at 0x7fcf41625160>
3678,129,129,[127],2988.5,0.0,Inner89,2988,2990,2988.5,differentia=8+policy=RecencyProportionalResolution+target=512,<function upgma at 0x7fcf41625160>
3679,130,130,[129],3001.0,12.5,286028,3001,3002,3001.0,differentia=8+policy=RecencyProportionalResolution+target=512,<function upgma at 0x7fcf41625160>
3680,131,131,[129],2988.5,0.0,Inner88,2988,2990,2988.5,differentia=8+policy=RecencyProportionalResolution+target=512,<function upgma at 0x7fcf41625160>
3681,132,132,[131],2990.0,1.5,Inner79,2990,2991,2990.0,differentia=8+policy=RecencyProportionalResolution+target=512,<function upgma at 0x7fcf41625160>
3682,133,133,[132],3001.0,11.0,285987,3001,3002,3001.0,differentia=8+policy=RecencyProportionalResolution+target=512,<function upgma at 0x7fcf41625160>
3683,134,134,[132],3001.0,11.0,286022,3001,3002,3001.0,differentia=8+policy=RecencyProportionalResolution+target=512,<function upgma at 0x7fcf41625160>
3684,135,135,[131],2988.5,0.0,Inner87,2988,2990,2988.5,differentia=8+policy=RecencyProportionalResolution+target=512,<function upgma at 0x7fcf41625160>
3685,136,136,[135],2988.5,0.0,Inner86,2988,2990,2988.5,differentia=8+policy=RecencyProportionalResolution+target=512,<function upgma at 0x7fcf41625160>
3686,137,137,[136],2988.5,0.0,Inner85,2988,2990,2988.5,differentia=8+policy=RecencyProportionalResolution+target=512,<function upgma at 0x7fcf41625160>
3687,138,138,[137],3001.0,12.5,285997,3001,3002,3001.0,differentia=8+policy=RecencyProportionalResolution+target=512,<function upgma at 0x7fcf41625160>
3688,139,139,[137],2988.5,0.0,Inner82,2988,2990,2988.5,differentia=8+policy=RecencyProportionalResolution+target=512,<function upgma at 0x7fcf41625160>
3689,140,140,[139],2989.0,0.5,Inner80,2989,2990,2989.0,differentia=8+policy=RecencyProportionalResolution+target=512,<function upgma at 0x7fcf41625160>
3690,141,141,[140],2989.0,0.0,Inner33,2989,2990,2989.0,differentia=8+policy=RecencyProportionalResolution+target=512,<function upgma at 0x7fcf41625160>
3691,142,142,[141],2989.0,0.0,Inner22,2989,2990,2989.0,differentia=8+policy=RecencyProportionalResolution+target=512,<function upgma at 0x7fcf41625160>
3692,143,143,[142],2989.0,0.0,Inner13,2989,2990,2989.0,differentia=8+policy=RecencyProportionalResolution+target=512,<function upgma at 0x7fcf41625160>
3693,144,144,[143],2997.0,8.0,285695,2997,2998,2997.0,differentia=8+policy=RecencyProportionalResolution+target=512,<function upgma at 0x7fcf41625160>
3694,145,145,[143],2998.0,9.0,285752,2998,2999,2998.0,differentia=8+policy=RecencyProportionalResolution+target=512,<function upgma at 0x7fcf41625160>
3695,146,146,[142],2999.0,10.0,285815,2999,3000,2999.0,differentia=8+policy=RecencyProportionalResolution+target=512,<function upgma at 0x7fcf41625160>
3696,147,147,[141],3000.0,11.0,285937,3000,3001,3000.0,differentia=8+policy=RecencyProportionalResolution+target=512,<function upgma at 0x7fcf41625160>
3697,148,148,[140],2990.0,1.0,Inner36,2990,2991,2990.0,differentia=8+policy=RecencyProportionalResolution+target=512,<function upgma at 0x7fcf41625160>
3698,149,149,[148],3000.0,10.0,285899,3000,3001,3000.0,differentia=8+policy=RecencyProportionalResolution+target=512,<function upgma at 0x7fcf41625160>
3699,150,150,[148],3001.0,11.0,286052,3001,3002,3001.0,differentia=8+policy=RecencyProportionalResolution+target=512,<function upgma at 0x7fcf41625160>
3700,151,151,[139],3001.0,12.5,286061,3001,3002,3001.0,differentia=8+policy=RecencyProportionalResolution+target=512,<function upgma at 0x7fcf41625160>
3701,152,152,[136],3001.0,12.5,286068,3001,3002,3001.0,differentia=8+policy=RecencyProportionalResolution+target=512,<function upgma at 0x7fcf41625160>
3702,153,153,[135],2996.0,7.5,Inner4,2996,2997,2996.0,differentia=8+policy=RecencyProportionalResolution+target=512,<function upgma at 0x7fcf41625160>
3703,154,154,[153],2996.0,0.0,Inner3,2996,2997,2996.0,differentia=8+policy=RecencyProportionalResolution+target=512,<function upgma at 0x7fcf41625160>
3704,155,155,[154],3001.0,5.0,286070,3001,3002,3001.0,differentia=8+policy=RecencyProportionalResolution+target=512,<function upgma at 0x7fcf41625160>
3705,156,156,[154],3001.0,5.0,286071,3001,3002,3001.0,differentia=8+policy=RecencyProportionalResolution+target=512,<function upgma at 0x7fcf41625160>
3706,157,157,[153],2997.0,1.0,Inner1,2997,2998,2997.0,differentia=8+policy=RecencyProportionalResolution+target=512,<function upgma at 0x7fcf41625160>
3707,158,158,[157],3001.0,4.0,286019,3001,3002,3001.0,differentia=8+policy=RecencyProportionalResolution+target=512,<function upgma at 0x7fcf41625160>
3708,159,159,[157],3001.0,4.0,286079,3001,3002,3001.0,differentia=8+policy=RecencyProportionalResolution+target=512,<function upgma at 0x7fcf41625160>
3709,160,160,[112],2977.5,8.0,Inner133,2976,2980,2977.5,differentia=8+policy=RecencyProportionalResolution+target=512,<function upgma at 0x7fcf41625160>
3710,161,161,[160],3001.0,23.5,286014,3001,3002,3001.0,differentia=8+policy=RecencyProportionalResolution+target=512,<function upgma at 0x7fcf41625160>
3711,162,162,[160],2977.5,0.0,Inner132,2976,2980,2977.5,differentia=8+policy=RecencyProportionalResolution+target=512,<function upgma at 0x7fcf41625160>
3712,163,163,[162],2978.5,1.0,Inner131,2978,2980,2978.5,differentia=8+policy=RecencyProportionalResolution+target=512,<function upgma at 0x7fcf41625160>
3713,164,164,[163],2978.5,0.0,Inner130,2978,2980,2978.5,differentia=8+policy=RecencyProportionalResolution+target=512,<function upgma at 0x7fcf41625160>
3714,165,165,[164],2978.5,0.0,Inner127,2978,2980,2978.5,differentia=8+policy=RecencyProportionalResolution+target=512,<function upgma at 0x7fcf41625160>
3715,166,166,[165],2993.0,14.5,285310,2993,2994,2993.0,differentia=8+policy=RecencyProportionalResolution+target=512,<function upgma at 0x7fcf41625160>
3716,167,167,[165],2999.0,20.5,285803,2999,3000,2999.0,differentia=8+policy=RecencyProportionalResolution+target=512,<function upgma at 0x7fcf41625160>
3717,168,168,[164],2993.0,14.5,Inner12,2993,2994,2993.0,differentia=8+policy=RecencyProportionalResolution+target=512,<function upgma at 0x7fcf41625160>
3718,169,169,[168],2993.0,0.0,Inner11,2993,2994,2993.0,differentia=8+policy=RecencyProportionalResolution+target=512,<function upgma at 0x7fcf41625160>
3719,170,170,[169],2993.0,0.0,Inner10,2993,2994,2993.0,differentia=8+policy=RecencyProportionalResolution+target=512,<function upgma at 0x7fcf41625160>
3720,171,171,[170],2993.0,0.0,Inner9,2993,2994,2993.0,differentia=8+policy=RecencyProportionalResolution+target=512,<function upgma at 0x7fcf41625160>
3721,172,172,[171],3000.0,7.0,285963,3000,3001,3000.0,differentia=8+policy=RecencyProportionalResolution+target=512,<function upgma at 0x7fcf41625160>
3722,173,173,[171],3000.0,7.0,285968,3000,3001,3000.0,differentia=8+policy=RecencyProportionalResolution+target=512,<function upgma at 0x7fcf41625160>
3723,174,174,[170],3001.0,8.0,286020,3001,3002,3001.0,differentia=8+policy=RecencyProportionalResolution+target=512,<function upgma at 0x7fcf41625160>
3724,175,175,[169],3001.0,8.0,286048,3001,3002,3001.0,differentia=8+policy=RecencyProportionalResolution+target=512,<function upgma at 0x7fcf41625160>
3725,176,176,[168],3001.0,8.0,286075,3001,3002,3001.0,differentia=8+policy=RecencyProportionalResolution+target=512,<function upgma at 0x7fcf41625160>
3726,177,177,[163],2986.5,8.0,Inner124,2986,2988,2986.5,differentia=8+policy=RecencyProportionalResolution+target=512,<function upgma at 0x7fcf41625160>
3727,178,178,[177],3001.0,14.5,286073,3001,3002,3001.0,differentia=8+policy=RecencyProportionalResolution+target=512,<function upgma at 0x7fcf41625160>
3728,179,179,[177],2986.5,0.0,Inner123,2986,2988,2986.5,differentia=8+policy=RecencyProportionalResolution+target=512,<function upgma at 0x7fcf41625160>
3729,180,180,[179],3001.0,14.5,286072,3001,3002,3001.0,differentia=8+policy=RecencyProportionalResolution+target=512,<function upgma at 0x7fcf41625160>
3730,181,181,[179],2986.5,0.0,Inner122,2986,2988,2986.5,differentia=8+policy=RecencyProportionalResolution+target=512,<function upgma at 0x7fcf41625160>
3731,182,182,[181],3001.0,14.5,286050,3001,3002,3001.0,differentia=8+policy=RecencyProportionalResolution+target=512,<function upgma at 0x7fcf41625160>
3732,183,183,[181],2986.5,0.0,Inner121,2986,2988,2986.5,differentia=8+policy=RecencyProportionalResolution+target=512,<function upgma at 0x7fcf41625160>
3733,184,184,[183],3001.0,14.5,286049,3001,3002,3001.0,differentia=8+policy=RecencyProportionalResolution+target=512,<function upgma at 0x7fcf41625160>
3734,185,185,[183],2986.5,0.0,Inner120,2986,2988,2986.5,differentia=8+policy=RecencyProportionalResolution+target=512,<function upgma at 0x7fcf41625160>
3735,186,186,[185],3001.0,14.5,286047,3001,3002,3001.0,differentia=8+policy=RecencyProportionalResolution+target=512,<function upgma at 0x7fcf41625160>
3736,187,187,[185],2986.5,0.0,Inner119,2986,2988,2986.5,differentia=8+policy=RecencyProportionalResolution+target=512,<function upgma at 0x7fcf41625160>
3737,188,188,[187],3001.0,14.5,286034,3001,3002,3001.0,differentia=8+policy=RecencyProportionalResolution+target=512,<function upgma at 0x7fcf41625160>
3738,189,189,[187],2986.5,0.0,Inner118,2986,2988,2986.5,differentia=8+policy=RecencyProportionalResolution+target=512,<function upgma at 0x7fcf41625160>
3739,190,190,[189],3001.0,14.5,286031,3001,3002,3001.0,differentia=8+policy=RecencyProportionalResolution+target=512,<function upgma at 0x7fcf41625160>
3740,191,191,[189],2986.5,0.0,Inner117,2986,2988,2986.5,differentia=8+policy=RecencyProportionalResolution+target=512,<function upgma at 0x7fcf41625160>
3741,192,192,[191],3001.0,14.5,286023,3001,3002,3001.0,differentia=8+policy=RecencyProportionalResolution+target=512,<function upgma at 0x7fcf41625160>
3742,193,193,[191],2986.5,0.0,Inner116,2986,2988,2986.5,differentia=8+policy=RecencyProportionalResolution+target=512,<function upgma at 0x7fcf41625160>
3743,194,194,[193],2988.5,2.0,Inner92,2988,2990,2988.5,differentia=8+policy=RecencyProportionalResolution+target=512,<function upgma at 0x7fcf41625160>
3744,195,195,[194],3001.0,12.5,286004,3001,3002,3001.0,differentia=8+policy=RecencyProportionalResolution+target=512,<function upgma at 0x7fcf41625160>
3745,196,196,[194],3001.0,12.5,286018,3001,3002,3001.0,differentia=8+policy=RecencyProportionalResolution+target=512,<function upgma at 0x7fcf41625160>
3746,197,197,[193],2986.5,0.0,Inner115,2986,2988,2986.5,differentia=8+policy=RecencyProportionalResolution+target=512,<function upgma at 0x7fcf41625160>
3747,198,198,[197],3001.0,14.5,286013,3001,3002,3001.0,differentia=8+policy=RecencyProportionalResolution+target=512,<function upgma at 0x7fcf41625160>
3748,199,199,[197],2986.5,0.0,Inner114,2986,2988,2986.5,differentia=8+policy=RecencyProportionalResolution+target=512,<function upgma at 0x7fcf41625160>
3749,200,200,[199],3001.0,14.5,286007,3001,3002,3001.0,differentia=8+policy=RecencyProportionalResolution+target=512,<function upgma at 0x7fcf41625160>
3750,201,201,[199],2986.5,0.0,Inner113,2986,2988,2986.5,differentia=8+policy=RecencyProportionalResolution+target=512,<function upgma at 0x7fcf41625160>
3751,202,202,[201],3001.0,14.5,286005,3001,3002,3001.0,differentia=8+policy=RecencyProportionalResolution+target=512,<function upgma at 0x7fcf41625160>
3752,203,203,[201],2986.5,0.0,Inner112,2986,2988,2986.5,differentia=8+policy=RecencyProportionalResolution+target=512,<function upgma at 0x7fcf41625160>
3753,204,204,[203],3001.0,14.5,285994,3001,3002,3001.0,differentia=8+policy=RecencyProportionalResolution+target=512,<function upgma at 0x7fcf41625160>
3754,205,205,[203],2986.5,0.0,Inner111,2986,2988,2986.5,differentia=8+policy=RecencyProportionalResolution+target=512,<function upgma at 0x7fcf41625160>
3755,206,206,[205],3001.0,14.5,285988,3001,3002,3001.0,differentia=8+policy=RecencyProportionalResolution+target=512,<function upgma at 0x7fcf41625160>
3756,207,207,[205],2986.5,0.0,Inner110,2986,2988,2986.5,differentia=8+policy=RecencyProportionalResolution+target=512,<function upgma at 0x7fcf41625160>
3757,208,208,[207],3001.0,14.5,285986,3001,3002,3001.0,differentia=8+policy=RecencyProportionalResolution+target=512,<function upgma at 0x7fcf41625160>
3758,209,209,[207],2986.5,0.0,Inner109,2986,2988,2986.5,differentia=8+policy=RecencyProportionalResolution+target=512,<function upgma at 0x7fcf41625160>
3759,210,210,[209],2988.5,2.0,Inner91,2988,2990,2988.5,differentia=8+policy=RecencyProportionalResolution+target=512,<function upgma at 0x7fcf41625160>
3760,211,211,[210],3001.0,12.5,285983,3001,3002,3001.0,differentia=8+policy=RecencyProportionalResolution+target=512,<function upgma at 0x7fcf41625160>
3761,212,212,[210],3001.0,12.5,286041,3001,3002,3001.0,differentia=8+policy=RecencyProportionalResolution+target=512,<function upgma at 0x7fcf41625160>
3762,213,213,[209],2986.5,0.0,Inner108,2986,2988,2986.5,differentia=8+policy=RecencyProportionalResolution+target=512,<function upgma at 0x7fcf41625160>
3763,214,214,[213],3001.0,14.5,285981,3001,3002,3001.0,differentia=8+policy=RecencyProportionalResolution+target=512,<function upgma at 0x7fcf41625160>
3764,215,215,[213],2986.5,0.0,Inner107,2986,2988,2986.5,differentia=8+policy=RecencyProportionalResolution+target=512,<function upgma at 0x7fcf41625160>
3765,216,216,[215],3001.0,14.5,286015,3001,3002,3001.0,differentia=8+policy=RecencyProportionalResolution+target=512,<function upgma at 0x7fcf41625160>
3766,217,217,[215],2986.5,0.0,Inner106,2986,2988,2986.5,differentia=8+policy=RecencyProportionalResolution+target=512,<function upgma at 0x7fcf41625160>
3767,218,218,[217],2986.5,0.0,Inner105,2986,2988,2986.5,differentia=8+policy=RecencyProportionalResolution+target=512,<function upgma at 0x7fcf41625160>
3768,219,219,[218],2986.5,0.0,Inner104,2986,2988,2986.5,differentia=8+policy=RecencyProportionalResolution+target=512,<function upgma at 0x7fcf41625160>
3769,220,220,[219],3001.0,14.5,286037,3001,3002,3001.0,differentia=8+policy=RecencyProportionalResolution+target=512,<function upgma at 0x7fcf41625160>
3770,221,221,[219],2986.5,0.0,Inner103,2986,2988,2986.5,differentia=8+policy=RecencyProportionalResolution+target=512,<function upgma at 0x7fcf41625160>
3771,222,222,[221],3001.0,14.5,286009,3001,3002,3001.0,differentia=8+policy=RecencyProportionalResolution+target=512,<function upgma at 0x7fcf41625160>
3772,223,223,[221],2986.5,0.0,Inner102,2986,2988,2986.5,differentia=8+policy=RecencyProportionalResolution+target=512,<function upgma at 0x7fcf41625160>
3773,224,224,[223],3001.0,14.5,286011,3001,3002,3001.0,differentia=8+policy=RecencyProportionalResolution+target=512,<function upgma at 0x7fcf41625160>
3774,225,225,[223],2986.5,0.0,Inner101,2986,2988,2986.5,differentia=8+policy=RecencyProportionalResolution+target=512,<function upgma at 0x7fcf41625160>
3775,226,226,[225],2986.5,0.0,Inner100,2986,2988,2986.5,differentia=8+policy=RecencyProportionalResolution+target=512,<function upgma at 0x7fcf41625160>
3776,227,227,[226],2986.5,0.0,Inner99,2986,2988,2986.5,differentia=8+policy=RecencyProportionalResolution+target=512,<function upgma at 0x7fcf41625160>
3777,228,228,[227],2986.5,0.0,Inner98,2986,2988,2986.5,differentia=8+policy=RecencyProportionalResolution+target=512,<function upgma at 0x7fcf41625160>
3778,229,229,[228],2986.5,0.0,Inner97,2986,2988,2986.5,differentia=8+policy=RecencyProportionalResolution+target=512,<function upgma at 0x7fcf41625160>
3779,230,230,[229],2986.5,0.0,Inner96,2986,2988,2986.5,differentia=8+policy=RecencyProportionalResolution+target=512,<function upgma at 0x7fcf41625160>
3780,231,231,[230],2986.5,0.0,Inner95,2986,2988,2986.5,differentia=8+policy=RecencyProportionalResolution+target=512,<function upgma at 0x7fcf41625160>
3781,232,232,[231],2986.5,0.0,Inner94,2986,2988,2986.5,differentia=8+policy=RecencyProportionalResolution+target=512,<function upgma at 0x7fcf41625160>
3782,233,233,[232],2986.5,0.0,Inner93,2986,2988,2986.5,differentia=8+policy=RecencyProportionalResolution+target=512,<function upgma at 0x7fcf41625160>
3783,234,234,[233],2986.5,0.0,Inner84,2986,2988,2986.5,differentia=8+policy=RecencyProportionalResolution+target=512,<function upgma at 0x7fcf41625160>
3784,235,235,[234],2986.5,0.0,Inner81,2986,2988,2986.5,differentia=8+policy=RecencyProportionalResolution+target=512,<function upgma at 0x7fcf41625160>
3785,236,236,[235],2987.0,0.5,Inner38,2987,2988,2987.0,differentia=8+policy=RecencyProportionalResolution+target=512,<function upgma at 0x7fcf41625160>
3786,237,237,[236],2987.0,0.0,Inner35,2987,2988,2987.0,differentia=8+policy=RecencyProportionalResolution+target=512,<function upgma at 0x7fcf41625160>
3787,238,238,[237],2997.0,10.0,285634,2997,2998,2997.0,differentia=8+policy=RecencyProportionalResolution+target=512,<function upgma at 0x7fcf41625160>
3788,239,239,[237],2998.0,11.0,285722,2998,2999,2998.0,differentia=8+policy=RecencyProportionalResolution+target=512,<function upgma at 0x7fcf41625160>
3789,240,240,[236],2998.0,11.0,285725,2998,2999,2998.0,differentia=8+policy=RecencyProportionalResolution+target=512,<function upgma at 0x7fcf41625160>
3790,241,241,[235],2999.0,12.5,285874,2999,3000,2999.0,differentia=8+policy=RecencyProportionalResolution+target=512,<function upgma at 0x7fcf41625160>
3791,242,242,[234],2999.0,12.5,285879,2999,3000,2999.0,differentia=8+policy=RecencyProportionalResolution+target=512,<function upgma at 0x7fcf41625160>
3792,243,243,[233],3000.0,13.5,285892,3000,3001,3000.0,differentia=8+policy=RecencyProportionalResolution+target=512,<function upgma at 0x7fcf41625160>
3793,244,244,[232],3000.0,13.5,285909,3000,3001,3000.0,differentia=8+policy=RecencyProportionalResolution+target=512,<function upgma at 0x7fcf41625160>
3794,245,245,[231],3000.0,13.5,285912,3000,3001,3000.0,differentia=8+policy=RecencyProportionalResolution+target=512,<function upgma at 0x7fcf41625160>
3795,246,246,[230],3000.0,13.5,285925,3000,3001,3000.0,differentia=8+policy=RecencyProportionalResolution+target=512,<function upgma at 0x7fcf41625160>
3796,247,247,[229],3000.0,13.5,285935,3000,3001,3000.0,differentia=8+policy=RecencyProportionalResolution+target=512,<function upgma at 0x7fcf41625160>
3797,248,248,[228],3000.0,13.5,285946,3000,3001,3000.0,differentia=8+policy=RecencyProportionalResolution+target=512,<function upgma at 0x7fcf41625160>
3798,249,249,[227],3000.0,13.5,285959,3000,3001,3000.0,differentia=8+policy=RecencyProportionalResolution+target=512,<function upgma at 0x7fcf41625160>
3799,250,250,[226],3000.0,13.5,285964,3000,3001,3000.0,differentia=8+policy=RecencyProportionalResolution+target=512,<function upgma at 0x7fcf41625160>
3800,251,251,[225],2988.5,2.0,Inner83,2988,2990,2988.5,differentia=8+policy=RecencyProportionalResolution+target=512,<function upgma at 0x7fcf41625160>
3801,252,252,[251],3000.0,11.5,285970,3000,3001,3000.0,differentia=8+policy=RecencyProportionalResolution+target=512,<function upgma at 0x7fcf41625160>
3802,253,253,[251],3001.0,12.5,286043,3001,3002,3001.0,differentia=8+policy=RecencyProportionalResolution+target=512,<function upgma at 0x7fcf41625160>
3803,254,254,[218],3001.0,14.5,286057,3001,3002,3001.0,differentia=8+policy=RecencyProportionalResolution+target=512,<function upgma at 0x7fcf41625160>
3804,255,255,[217],2996.0,9.5,Inner2,2996,2997,2996.0,differentia=8+policy=RecencyProportionalResolution+target=512,<function upgma at 0x7fcf41625160>
3805,256,256,[255],3001.0,5.0,286054,3001,3002,3001.0,differentia=8+policy=RecencyProportionalResolution+target=512,<function upgma at 0x7fcf41625160>
3806,257,257,[255],3001.0,5.0,286078,3001,3002,3001.0,differentia=8+policy=RecencyProportionalResolution+target=512,<function upgma at 0x7fcf41625160>
3807,258,258,[162],2992.0,14.5,Inner20,2992,2993,2992.0,differentia=8+policy=RecencyProportionalResolution+target=512,<function upgma at 0x7fcf41625160>
3808,259,259,[258],3001.0,9.0,286040,3001,3002,3001.0,differentia=8+policy=RecencyProportionalResolution+target=512,<function upgma at 0x7fcf41625160>
3809,260,260,[258],2992.0,0.0,Inner19,2992,2993,2992.0,differentia=8+policy=RecencyProportionalResolution+target=512,<function upgma at 0x7fcf41625160>
3810,261,261,[260],3001.0,9.0,286044,3001,3002,3001.0,differentia=8+policy=RecencyProportionalResolution+target=512,<function upgma at 0x7fcf41625160>
3811,262,262,[260],2992.0,0.0,Inner18,2992,2993,2992.0,differentia=8+policy=RecencyProportionalResolution+target=512,<function upgma at 0x7fcf41625160>
3812,263,263,[262],3001.0,9.0,285995,3001,3002,3001.0,differentia=8+policy=RecencyProportionalResolution+target=512,<function upgma at 0x7fcf41625160>
3813,264,264,[262],2992.0,0.0,Inner17,2992,2993,2992.0,differentia=8+policy=RecencyProportionalResolution+target=512,<function upgma at 0x7fcf41625160>
3814,265,265,[264],3001.0,9.0,285993,3001,3002,3001.0,differentia=8+policy=RecencyProportionalResolution+target=512,<function upgma at 0x7fcf41625160>
3815,266,266,[264],2992.0,0.0,Inner16,2992,2993,2992.0,differentia=8+policy=RecencyProportionalResolution+target=512,<function upgma at 0x7fcf41625160>
3816,267,267,[266],3001.0,9.0,286001,3001,3002,3001.0,differentia=8+policy=RecencyProportionalResolution+target=512,<function upgma at 0x7fcf41625160>
3817,268,268,[266],2992.0,0.0,Inner15,2992,2993,2992.0,differentia=8+policy=RecencyProportionalResolution+target=512,<function upgma at 0x7fcf41625160>
3818,269,269,[268],2992.0,0.0,Inner14,2992,2993,2992.0,differentia=8+policy=RecencyProportionalResolution+target=512,<function upgma at 0x7fcf41625160>
3819,270,270,[269],3001.0,9.0,286021,3001,3002,3001.0,differentia=8+policy=RecencyProportionalResolution+target=512,<function upgma at 0x7fcf41625160>
3820,271,271,[269],3001.0,9.0,286046,3001,3002,3001.0,differentia=8+policy=RecencyProportionalResolution+target=512,<function upgma at 0x7fcf41625160>
3821,272,272,[268],3001.0,9.0,286083,3001,3002,3001.0,differentia=8+policy=RecencyProportionalResolution+target=512,<function upgma at 0x7fcf41625160>
3822,0,0,[None],2879.5,2879.5,Inner136,2816,2944,2879.5,differentia=8+policy=RecencyProportionalResolution+target=64,<function upgma at 0x7fcf41625160>
3823,1,1,[0],2983.5,104.0,Inner133,2976,2992,2983.5,differentia=8+policy=RecencyProportionalResolution+target=64,<function upgma at 0x7fcf41625160>
3824,2,2,[1],2983.5,0.0,Inner132,2976,2992,2983.5,differentia=8+policy=RecencyProportionalResolution+target=64,<function upgma at 0x7fcf41625160>
3825,3,3,[2],2983.5,0.0,Inner131,2976,2992,2983.5,differentia=8+policy=RecencyProportionalResolution+target=64,<function upgma at 0x7fcf41625160>
3826,4,4,[3],2983.5,0.0,Inner130,2976,2992,2983.5,differentia=8+policy=RecencyProportionalResolution+target=64,<function upgma at 0x7fcf41625160>
3827,5,5,[4],3001.0,17.5,286076,3001,3002,3001.0,differentia=8+policy=RecencyProportionalResolution+target=64,<function upgma at 0x7fcf41625160>
3828,6,6,[4],2983.5,0.0,Inner129,2976,2992,2983.5,differentia=8+policy=RecencyProportionalResolution+target=64,<function upgma at 0x7fcf41625160>
3829,7,7,[6],3001.0,17.5,286065,3001,3002,3001.0,differentia=8+policy=RecencyProportionalResolution+target=64,<function upgma at 0x7fcf41625160>
3830,8,8,[6],2983.5,0.0,Inner128,2976,2992,2983.5,differentia=8+policy=RecencyProportionalResolution+target=64,<function upgma at 0x7fcf41625160>
3831,9,9,[8],3001.0,17.5,286060,3001,3002,3001.0,differentia=8+policy=RecencyProportionalResolution+target=64,<function upgma at 0x7fcf41625160>
3832,10,10,[8],2983.5,0.0,Inner127,2976,2992,2983.5,differentia=8+policy=RecencyProportionalResolution+target=64,<function upgma at 0x7fcf41625160>
3833,11,11,[10],3001.0,17.5,286059,3001,3002,3001.0,differentia=8+policy=RecencyProportionalResolution+target=64,<function upgma at 0x7fcf41625160>
3834,12,12,[10],2983.5,0.0,Inner126,2976,2992,2983.5,differentia=8+policy=RecencyProportionalResolution+target=64,<function upgma at 0x7fcf41625160>
3835,13,13,[12],3001.0,17.5,286058,3001,3002,3001.0,differentia=8+policy=RecencyProportionalResolution+target=64,<function upgma at 0x7fcf41625160>
3836,14,14,[12],2983.5,0.0,Inner125,2976,2992,2983.5,differentia=8+policy=RecencyProportionalResolution+target=64,<function upgma at 0x7fcf41625160>
3837,15,15,[14],3001.0,17.5,286056,3001,3002,3001.0,differentia=8+policy=RecencyProportionalResolution+target=64,<function upgma at 0x7fcf41625160>
3838,16,16,[14],2983.5,0.0,Inner124,2976,2992,2983.5,differentia=8+policy=RecencyProportionalResolution+target=64,<function upgma at 0x7fcf41625160>
3839,17,17,[16],3001.0,17.5,286051,3001,3002,3001.0,differentia=8+policy=RecencyProportionalResolution+target=64,<function upgma at 0x7fcf41625160>
3840,18,18,[16],2983.5,0.0,Inner123,2976,2992,2983.5,differentia=8+policy=RecencyProportionalResolution+target=64,<function upgma at 0x7fcf41625160>
3841,19,19,[18],2983.5,0.0,Inner122,2976,2992,2983.5,differentia=8+policy=RecencyProportionalResolution+target=64,<function upgma at 0x7fcf41625160>
3842,20,20,[19],3001.0,17.5,286039,3001,3002,3001.0,differentia=8+policy=RecencyProportionalResolution+target=64,<function upgma at 0x7fcf41625160>
3843,21,21,[19],2983.5,0.0,Inner121,2976,2992,2983.5,differentia=8+policy=RecencyProportionalResolution+target=64,<function upgma at 0x7fcf41625160>
3844,22,22,[21],3001.0,17.5,286038,3001,3002,3001.0,differentia=8+policy=RecencyProportionalResolution+target=64,<function upgma at 0x7fcf41625160>
3845,23,23,[21],2983.5,0.0,Inner120,2976,2992,2983.5,differentia=8+policy=RecencyProportionalResolution+target=64,<function upgma at 0x7fcf41625160>
3846,24,24,[23],3001.0,17.5,286036,3001,3002,3001.0,differentia=8+policy=RecencyProportionalResolution+target=64,<function upgma at 0x7fcf41625160>
3847,25,25,[23],2983.5,0.0,Inner119,2976,2992,2983.5,differentia=8+policy=RecencyProportionalResolution+target=64,<function upgma at 0x7fcf41625160>
3848,26,26,[25],3001.0,17.5,286032,3001,3002,3001.0,differentia=8+policy=RecencyProportionalResolution+target=64,<function upgma at 0x7fcf41625160>
3849,27,27,[25],2983.5,0.0,Inner118,2976,2992,2983.5,differentia=8+policy=RecencyProportionalResolution+target=64,<function upgma at 0x7fcf41625160>
3850,28,28,[27],3001.0,17.5,286030,3001,3002,3001.0,differentia=8+policy=RecencyProportionalResolution+target=64,<function upgma at 0x7fcf41625160>
3851,29,29,[27],2983.5,0.0,Inner116,2976,2992,2983.5,differentia=8+policy=RecencyProportionalResolution+target=64,<function upgma at 0x7fcf41625160>
3852,30,30,[29],3001.0,17.5,286029,3001,3002,3001.0,differentia=8+policy=RecencyProportionalResolution+target=64,<function upgma at 0x7fcf41625160>
3853,31,31,[29],2983.5,0.0,Inner114,2976,2992,2983.5,differentia=8+policy=RecencyProportionalResolution+target=64,<function upgma at 0x7fcf41625160>
3854,32,32,[31],3001.0,17.5,286027,3001,3002,3001.0,differentia=8+policy=RecencyProportionalResolution+target=64,<function upgma at 0x7fcf41625160>
3855,33,33,[31],2983.5,0.0,Inner112,2976,2992,2983.5,differentia=8+policy=RecencyProportionalResolution+target=64,<function upgma at 0x7fcf41625160>
3856,34,34,[33],3001.0,17.5,286045,3001,3002,3001.0,differentia=8+policy=RecencyProportionalResolution+target=64,<function upgma at 0x7fcf41625160>
3857,35,35,[33],2983.5,0.0,Inner110,2976,2992,2983.5,differentia=8+policy=RecencyProportionalResolution+target=64,<function upgma at 0x7fcf41625160>
3858,36,36,[35],2983.5,0.0,Inner108,2976,2992,2983.5,differentia=8+policy=RecencyProportionalResolution+target=64,<function upgma at 0x7fcf41625160>
3859,37,37,[36],3001.0,17.5,286024,3001,3002,3001.0,differentia=8+policy=RecencyProportionalResolution+target=64,<function upgma at 0x7fcf41625160>
3860,38,38,[36],2983.5,0.0,Inner106,2976,2992,2983.5,differentia=8+policy=RecencyProportionalResolution+target=64,<function upgma at 0x7fcf41625160>
3861,39,39,[38],3001.0,17.5,286017,3001,3002,3001.0,differentia=8+policy=RecencyProportionalResolution+target=64,<function upgma at 0x7fcf41625160>
3862,40,40,[38],2983.5,0.0,Inner104,2976,2992,2983.5,differentia=8+policy=RecencyProportionalResolution+target=64,<function upgma at 0x7fcf41625160>
3863,41,41,[40],3001.0,17.5,286016,3001,3002,3001.0,differentia=8+policy=RecencyProportionalResolution+target=64,<function upgma at 0x7fcf41625160>
3864,42,42,[40],2983.5,0.0,Inner102,2976,2992,2983.5,differentia=8+policy=RecencyProportionalResolution+target=64,<function upgma at 0x7fcf41625160>
3865,43,43,[42],3001.0,17.5,286012,3001,3002,3001.0,differentia=8+policy=RecencyProportionalResolution+target=64,<function upgma at 0x7fcf41625160>
3866,44,44,[42],2983.5,0.0,Inner100,2976,2992,2983.5,differentia=8+policy=RecencyProportionalResolution+target=64,<function upgma at 0x7fcf41625160>
3867,45,45,[44],3001.0,17.5,286010,3001,3002,3001.0,differentia=8+policy=RecencyProportionalResolution+target=64,<function upgma at 0x7fcf41625160>
3868,46,46,[44],2983.5,0.0,Inner98,2976,2992,2983.5,differentia=8+policy=RecencyProportionalResolution+target=64,<function upgma at 0x7fcf41625160>
3869,47,47,[46],3001.0,17.5,286003,3001,3002,3001.0,differentia=8+policy=RecencyProportionalResolution+target=64,<function upgma at 0x7fcf41625160>
3870,48,48,[46],2983.5,0.0,Inner96,2976,2992,2983.5,differentia=8+policy=RecencyProportionalResolution+target=64,<function upgma at 0x7fcf41625160>
3871,49,49,[48],2995.5,12.0,Inner27,2992,3000,2995.5,differentia=8+policy=RecencyProportionalResolution+target=64,<function upgma at 0x7fcf41625160>
3872,50,50,[49],3001.0,5.5,285996,3001,3002,3001.0,differentia=8+policy=RecencyProportionalResolution+target=64,<function upgma at 0x7fcf41625160>
3873,51,51,[49],3001.0,5.5,286035,3001,3002,3001.0,differentia=8+policy=RecencyProportionalResolution+target=64,<function upgma at 0x7fcf41625160>
3874,52,52,[48],2983.5,0.0,Inner94,2976,2992,2983.5,differentia=8+policy=RecencyProportionalResolution+target=64,<function upgma at 0x7fcf41625160>
3875,53,53,[52],3001.0,17.5,286002,3001,3002,3001.0,differentia=8+policy=RecencyProportionalResolution+target=64,<function upgma at 0x7fcf41625160>
3876,54,54,[52],2983.5,0.0,Inner92,2976,2992,2983.5,differentia=8+policy=RecencyProportionalResolution+target=64,<function upgma at 0x7fcf41625160>
3877,55,55,[54],3001.0,17.5,286000,3001,3002,3001.0,differentia=8+policy=RecencyProportionalResolution+target=64,<function upgma at 0x7fcf41625160>
3878,56,56,[54],2983.5,0.0,Inner90,2976,2992,2983.5,differentia=8+policy=RecencyProportionalResolution+target=64,<function upgma at 0x7fcf41625160>
3879,57,57,[56],3001.0,17.5,285999,3001,3002,3001.0,differentia=8+policy=RecencyProportionalResolution+target=64,<function upgma at 0x7fcf41625160>
3880,58,58,[56],2983.5,0.0,Inner88,2976,2992,2983.5,differentia=8+policy=RecencyProportionalResolution+target=64,<function upgma at 0x7fcf41625160>
3881,59,59,[58],3001.0,17.5,285998,3001,3002,3001.0,differentia=8+policy=RecencyProportionalResolution+target=64,<function upgma at 0x7fcf41625160>
3882,60,60,[58],2983.5,0.0,Inner86,2976,2992,2983.5,differentia=8+policy=RecencyProportionalResolution+target=64,<function upgma at 0x7fcf41625160>
3883,61,61,[60],3001.0,17.5,285991,3001,3002,3001.0,differentia=8+policy=RecencyProportionalResolution+target=64,<function upgma at 0x7fcf41625160>
3884,62,62,[60],2983.5,0.0,Inner84,2976,2992,2983.5,differentia=8+policy=RecencyProportionalResolution+target=64,<function upgma at 0x7fcf41625160>
3885,63,63,[62],3001.0,17.5,285990,3001,3002,3001.0,differentia=8+policy=RecencyProportionalResolution+target=64,<function upgma at 0x7fcf41625160>
3886,64,64,[62],2983.5,0.0,Inner81,2976,2992,2983.5,differentia=8+policy=RecencyProportionalResolution+target=64,<function upgma at 0x7fcf41625160>
3887,65,65,[64],3001.0,17.5,285984,3001,3002,3001.0,differentia=8+policy=RecencyProportionalResolution+target=64,<function upgma at 0x7fcf41625160>
3888,66,66,[64],2983.5,0.0,Inner78,2976,2992,2983.5,differentia=8+policy=RecencyProportionalResolution+target=64,<function upgma at 0x7fcf41625160>
3889,67,67,[66],3001.0,17.5,285982,3001,3002,3001.0,differentia=8+policy=RecencyProportionalResolution+target=64,<function upgma at 0x7fcf41625160>
3890,68,68,[66],2983.5,0.0,Inner75,2976,2992,2983.5,differentia=8+policy=RecencyProportionalResolution+target=64,<function upgma at 0x7fcf41625160>
3891,69,69,[68],3001.0,17.5,285985,3001,3002,3001.0,differentia=8+policy=RecencyProportionalResolution+target=64,<function upgma at 0x7fcf41625160>
3892,70,70,[68],2983.5,0.0,Inner72,2976,2992,2983.5,differentia=8+policy=RecencyProportionalResolution+target=64,<function upgma at 0x7fcf41625160>
3893,71,71,[70],3001.0,17.5,286062,3001,3002,3001.0,differentia=8+policy=RecencyProportionalResolution+target=64,<function upgma at 0x7fcf41625160>
3894,72,72,[70],2983.5,0.0,Inner69,2976,2992,2983.5,differentia=8+policy=RecencyProportionalResolution+target=64,<function upgma at 0x7fcf41625160>
3895,73,73,[72],3001.0,17.5,286008,3001,3002,3001.0,differentia=8+policy=RecencyProportionalResolution+target=64,<function upgma at 0x7fcf41625160>
3896,74,74,[72],2983.5,0.0,Inner66,2976,2992,2983.5,differentia=8+policy=RecencyProportionalResolution+target=64,<function upgma at 0x7fcf41625160>
3897,75,75,[74],3001.0,17.5,286055,3001,3002,3001.0,differentia=8+policy=RecencyProportionalResolution+target=64,<function upgma at 0x7fcf41625160>
3898,76,76,[74],2983.5,0.0,Inner63,2976,2992,2983.5,differentia=8+policy=RecencyProportionalResolution+target=64,<function upgma at 0x7fcf41625160>
3899,77,77,[76],2983.5,0.0,Inner60,2976,2992,2983.5,differentia=8+policy=RecencyProportionalResolution+target=64,<function upgma at 0x7fcf41625160>
3900,78,78,[77],3001.0,17.5,285989,3001,3002,3001.0,differentia=8+policy=RecencyProportionalResolution+target=64,<function upgma at 0x7fcf41625160>
3901,79,79,[77],2983.5,0.0,Inner54,2976,2992,2983.5,differentia=8+policy=RecencyProportionalResolution+target=64,<function upgma at 0x7fcf41625160>
3902,80,80,[79],2983.5,0.0,Inner50,2976,2992,2983.5,differentia=8+policy=RecencyProportionalResolution+target=64,<function upgma at 0x7fcf41625160>
3903,81,81,[80],2983.5,0.0,Inner48,2976,2992,2983.5,differentia=8+policy=RecencyProportionalResolution+target=64,<function upgma at 0x7fcf41625160>
3904,82,82,[81],2983.5,0.0,Inner46,2976,2992,2983.5,differentia=8+policy=RecencyProportionalResolution+target=64,<function upgma at 0x7fcf41625160>
3905,83,83,[82],2983.5,0.0,Inner44,2976,2992,2983.5,differentia=8+policy=RecencyProportionalResolution+target=64,<function upgma at 0x7fcf41625160>
3906,84,84,[83],2983.5,0.0,Inner41,2976,2992,2983.5,differentia=8+policy=RecencyProportionalResolution+target=64,<function upgma at 0x7fcf41625160>
3907,85,85,[84],2999.0,15.5,285804,2999,3000,2999.0,differentia=8+policy=RecencyProportionalResolution+target=64,<function upgma at 0x7fcf41625160>
3908,86,86,[84],3000.0,16.5,285907,3000,3001,3000.0,differentia=8+policy=RecencyProportionalResolution+target=64,<function upgma at 0x7fcf41625160>
3909,87,87,[83],2993.5,10.0,Inner29,2992,2996,2993.5,differentia=8+policy=RecencyProportionalResolution+target=64,<function upgma at 0x7fcf41625160>
3910,88,88,[87],3000.0,6.5,285919,3000,3001,3000.0,differentia=8+policy=RecencyProportionalResolution+target=64,<function upgma at 0x7fcf41625160>
3911,89,89,[87],3000.0,6.5,285936,3000,3001,3000.0,differentia=8+policy=RecencyProportionalResolution+target=64,<function upgma at 0x7fcf41625160>
3912,90,90,[82],3000.0,16.5,285972,3000,3001,3000.0,differentia=8+policy=RecencyProportionalResolution+target=64,<function upgma at 0x7fcf41625160>
3913,91,91,[81],3000.0,16.5,285980,3000,3001,3000.0,differentia=8+policy=RecencyProportionalResolution+target=64,<function upgma at 0x7fcf41625160>
3914,92,92,[80],2995.0,11.5,Inner7,2992,2999,2995.0,differentia=8+policy=RecencyProportionalResolution+target=64,<function upgma at 0x7fcf41625160>
3915,93,93,[92],2999.0,4.0,285850,2999,3000,2999.0,differentia=8+policy=RecencyProportionalResolution+target=64,<function upgma at 0x7fcf41625160>
3916,94,94,[92],3001.0,6.0,286042,3001,3002,3001.0,differentia=8+policy=RecencyProportionalResolution+target=64,<function upgma at 0x7fcf41625160>
3917,95,95,[79],2995.5,12.0,Inner6,2992,3000,2995.5,differentia=8+policy=RecencyProportionalResolution+target=64,<function upgma at 0x7fcf41625160>
3918,96,96,[95],3000.0,4.5,285950,3000,3001,3000.0,differentia=8+policy=RecencyProportionalResolution+target=64,<function upgma at 0x7fcf41625160>
3919,97,97,[95],3001.0,5.5,286053,3001,3002,3001.0,differentia=8+policy=RecencyProportionalResolution+target=64,<function upgma at 0x7fcf41625160>
3920,98,98,[76],3001.0,17.5,286063,3001,3002,3001.0,differentia=8+policy=RecencyProportionalResolution+target=64,<function upgma at 0x7fcf41625160>
3921,99,99,[35],2995.5,12.0,Inner26,2992,3000,2995.5,differentia=8+policy=RecencyProportionalResolution+target=64,<function upgma at 0x7fcf41625160>
3922,100,100,[99],3001.0,5.5,286025,3001,3002,3001.0,differentia=8+policy=RecencyProportionalResolution+target=64,<function upgma at 0x7fcf41625160>
3923,101,101,[99],3001.0,5.5,286064,3001,3002,3001.0,differentia=8+policy=RecencyProportionalResolution+target=64,<function upgma at 0x7fcf41625160>
3924,102,102,[18],3001.0,17.5,286077,3001,3002,3001.0,differentia=8+policy=RecencyProportionalResolution+target=64,<function upgma at 0x7fcf41625160>
3925,103,103,[3],3001.0,17.5,286080,3001,3002,3001.0,differentia=8+policy=RecencyProportionalResolution+target=64,<function upgma at 0x7fcf41625160>
3926,104,104,[2],3001.0,17.5,286081,3001,3002,3001.0,differentia=8+policy=RecencyProportionalResolution+target=64,<function upgma at 0x7fcf41625160>
3927,105,105,[1],2995.5,12.0,Inner28,2992,3000,2995.5,differentia=8+policy=RecencyProportionalResolution+target=64,<function upgma at 0x7fcf41625160>
3928,106,106,[105],3001.0,5.5,286026,3001,3002,3001.0,differentia=8+policy=RecencyProportionalResolution+target=64,<function upgma at 0x7fcf41625160>
3929,107,107,[105],3001.0,5.5,286082,3001,3002,3001.0,differentia=8+policy=RecencyProportionalResolution+target=64,<function upgma at 0x7fcf41625160>
3930,108,108,[0],2879.5,0.0,Inner135,2816,2944,2879.5,differentia=8+policy=RecencyProportionalResolution+target=64,<function upgma at 0x7fcf41625160>
3931,109,109,[108],2983.5,104.0,Inner58,2976,2992,2983.5,differentia=8+policy=RecencyProportionalResolution+target=64,<function upgma at 0x7fcf41625160>
3932,110,110,[109],3000.0,16.5,285894,3000,3001,3000.0,differentia=8+policy=RecencyProportionalResolution+target=64,<function upgma at 0x7fcf41625160>
3933,111,111,[109],3001.0,17.5,286033,3001,3002,3001.0,differentia=8+policy=RecencyProportionalResolution+target=64,<function upgma at 0x7fcf41625160>
3934,112,112,[108],2959.5,80.0,Inner134,2944,2976,2959.5,differentia=8+policy=RecencyProportionalResolution+target=64,<function upgma at 0x7fcf41625160>
3935,113,113,[112],2983.5,24.0,Inner83,2976,2992,2983.5,differentia=8+policy=RecencyProportionalResolution+target=64,<function upgma at 0x7fcf41625160>
3936,114,114,[113],3001.0,17.5,286067,3001,3002,3001.0,differentia=8+policy=RecencyProportionalResolution+target=64,<function upgma at 0x7fcf41625160>
3937,115,115,[113],2983.5,0.0,Inner80,2976,2992,2983.5,differentia=8+policy=RecencyProportionalResolution+target=64,<function upgma at 0x7fcf41625160>
3938,116,116,[115],3001.0,17.5,286052,3001,3002,3001.0,differentia=8+policy=RecencyProportionalResolution+target=64,<function upgma at 0x7fcf41625160>
3939,117,117,[115],2983.5,0.0,Inner77,2976,2992,2983.5,differentia=8+policy=RecencyProportionalResolution+target=64,<function upgma at 0x7fcf41625160>
3940,118,118,[117],3001.0,17.5,286028,3001,3002,3001.0,differentia=8+policy=RecencyProportionalResolution+target=64,<function upgma at 0x7fcf41625160>
3941,119,119,[117],2983.5,0.0,Inner74,2976,2992,2983.5,differentia=8+policy=RecencyProportionalResolution+target=64,<function upgma at 0x7fcf41625160>
3942,120,120,[119],3001.0,17.5,286022,3001,3002,3001.0,differentia=8+policy=RecencyProportionalResolution+target=64,<function upgma at 0x7fcf41625160>
3943,121,121,[119],2983.5,0.0,Inner71,2976,2992,2983.5,differentia=8+policy=RecencyProportionalResolution+target=64,<function upgma at 0x7fcf41625160>
3944,122,122,[121],3001.0,17.5,285987,3001,3002,3001.0,differentia=8+policy=RecencyProportionalResolution+target=64,<function upgma at 0x7fcf41625160>
3945,123,123,[121],2983.5,0.0,Inner68,2976,2992,2983.5,differentia=8+policy=RecencyProportionalResolution+target=64,<function upgma at 0x7fcf41625160>
3946,124,124,[123],2983.5,0.0,Inner65,2976,2992,2983.5,differentia=8+policy=RecencyProportionalResolution+target=64,<function upgma at 0x7fcf41625160>
3947,125,125,[124],3001.0,17.5,286068,3001,3002,3001.0,differentia=8+policy=RecencyProportionalResolution+target=64,<function upgma at 0x7fcf41625160>
3948,126,126,[124],2983.5,0.0,Inner62,2976,2992,2983.5,differentia=8+policy=RecencyProportionalResolution+target=64,<function upgma at 0x7fcf41625160>
3949,127,127,[126],3001.0,17.5,285997,3001,3002,3001.0,differentia=8+policy=RecencyProportionalResolution+target=64,<function upgma at 0x7fcf41625160>
3950,128,128,[126],2983.5,0.0,Inner59,2976,2992,2983.5,differentia=8+policy=RecencyProportionalResolution+target=64,<function upgma at 0x7fcf41625160>
3951,129,129,[128],3001.0,17.5,286061,3001,3002,3001.0,differentia=8+policy=RecencyProportionalResolution+target=64,<function upgma at 0x7fcf41625160>
3952,130,130,[128],2983.5,0.0,Inner53,2976,2992,2983.5,differentia=8+policy=RecencyProportionalResolution+target=64,<function upgma at 0x7fcf41625160>
3953,131,131,[130],2983.5,0.0,Inner42,2976,2992,2983.5,differentia=8+policy=RecencyProportionalResolution+target=64,<function upgma at 0x7fcf41625160>
3954,132,132,[131],3000.0,16.5,285899,3000,3001,3000.0,differentia=8+policy=RecencyProportionalResolution+target=64,<function upgma at 0x7fcf41625160>
3955,133,133,[131],2983.5,0.0,Inner39,2976,2992,2983.5,differentia=8+policy=RecencyProportionalResolution+target=64,<function upgma at 0x7fcf41625160>
3956,134,134,[133],2983.5,0.0,Inner36,2976,2992,2983.5,differentia=8+policy=RecencyProportionalResolution+target=64,<function upgma at 0x7fcf41625160>
3957,135,135,[134],2983.5,0.0,Inner34,2976,2992,2983.5,differentia=8+policy=RecencyProportionalResolution+target=64,<function upgma at 0x7fcf41625160>
3958,136,136,[135],2983.5,0.0,Inner32,2976,2992,2983.5,differentia=8+policy=RecencyProportionalResolution+target=64,<function upgma at 0x7fcf41625160>
3959,137,137,[136],2996.0,12.5,285553,2996,2997,2996.0,differentia=8+policy=RecencyProportionalResolution+target=64,<function upgma at 0x7fcf41625160>
3960,138,138,[136],2997.0,13.5,285695,2997,2998,2997.0,differentia=8+policy=RecencyProportionalResolution+target=64,<function upgma at 0x7fcf41625160>
3961,139,139,[135],2998.0,14.5,285752,2998,2999,2998.0,differentia=8+policy=RecencyProportionalResolution+target=64,<function upgma at 0x7fcf41625160>
3962,140,140,[134],2999.0,15.5,285815,2999,3000,2999.0,differentia=8+policy=RecencyProportionalResolution+target=64,<function upgma at 0x7fcf41625160>
3963,141,141,[133],3000.0,16.5,285937,3000,3001,3000.0,differentia=8+policy=RecencyProportionalResolution+target=64,<function upgma at 0x7fcf41625160>
3964,142,142,[130],2995.0,11.5,Inner13,2992,2999,2995.0,differentia=8+policy=RecencyProportionalResolution+target=64,<function upgma at 0x7fcf41625160>
3965,143,143,[142],3001.0,6.0,286066,3001,3002,3001.0,differentia=8+policy=RecencyProportionalResolution+target=64,<function upgma at 0x7fcf41625160>
3966,144,144,[142],2995.0,0.0,Inner12,2992,2999,2995.0,differentia=8+policy=RecencyProportionalResolution+target=64,<function upgma at 0x7fcf41625160>
3967,145,145,[144],2995.0,0.0,Inner11,2992,2999,2995.0,differentia=8+policy=RecencyProportionalResolution+target=64,<function upgma at 0x7fcf41625160>
3968,146,146,[145],3001.0,6.0,286006,3001,3002,3001.0,differentia=8+policy=RecencyProportionalResolution+target=64,<function upgma at 0x7fcf41625160>
3969,147,147,[145],2995.0,0.0,Inner9,2992,2999,2995.0,differentia=8+policy=RecencyProportionalResolution+target=64,<function upgma at 0x7fcf41625160>
3970,148,148,[147],2995.0,0.0,Inner5,2992,2999,2995.0,differentia=8+policy=RecencyProportionalResolution+target=64,<function upgma at 0x7fcf41625160>
3971,149,149,[148],2999.0,4.0,285860,2999,3000,2999.0,differentia=8+policy=RecencyProportionalResolution+target=64,<function upgma at 0x7fcf41625160>
3972,150,150,[148],3001.0,6.0,285992,3001,3002,3001.0,differentia=8+policy=RecencyProportionalResolution+target=64,<function upgma at 0x7fcf41625160>
3973,151,151,[147],3001.0,6.0,286069,3001,3002,3001.0,differentia=8+policy=RecencyProportionalResolution+target=64,<function upgma at 0x7fcf41625160>
3974,152,152,[144],3001.0,6.0,286074,3001,3002,3001.0,differentia=8+policy=RecencyProportionalResolution+target=64,<function upgma at 0x7fcf41625160>
3975,153,153,[123],2995.5,12.0,Inner25,2992,3000,2995.5,differentia=8+policy=RecencyProportionalResolution+target=64,<function upgma at 0x7fcf41625160>
3976,154,154,[153],2995.5,0.0,Inner24,2992,3000,2995.5,differentia=8+policy=RecencyProportionalResolution+target=64,<function upgma at 0x7fcf41625160>
3977,155,155,[154],2995.5,0.0,Inner23,2992,3000,2995.5,differentia=8+policy=RecencyProportionalResolution+target=64,<function upgma at 0x7fcf41625160>
3978,156,156,[155],3001.0,5.5,286019,3001,3002,3001.0,differentia=8+policy=RecencyProportionalResolution+target=64,<function upgma at 0x7fcf41625160>
3979,157,157,[155],3001.0,5.5,286070,3001,3002,3001.0,differentia=8+policy=RecencyProportionalResolution+target=64,<function upgma at 0x7fcf41625160>
3980,158,158,[154],3001.0,5.5,286071,3001,3002,3001.0,differentia=8+policy=RecencyProportionalResolution+target=64,<function upgma at 0x7fcf41625160>
3981,159,159,[153],3001.0,5.5,286079,3001,3002,3001.0,differentia=8+policy=RecencyProportionalResolution+target=64,<function upgma at 0x7fcf41625160>
3982,160,160,[112],2983.5,24.0,Inner117,2976,2992,2983.5,differentia=8+policy=RecencyProportionalResolution+target=64,<function upgma at 0x7fcf41625160>
3983,161,161,[160],3001.0,17.5,286014,3001,3002,3001.0,differentia=8+policy=RecencyProportionalResolution+target=64,<function upgma at 0x7fcf41625160>
3984,162,162,[160],2983.5,0.0,Inner115,2976,2992,2983.5,differentia=8+policy=RecencyProportionalResolution+target=64,<function upgma at 0x7fcf41625160>
3985,163,163,[162],2983.5,0.0,Inner113,2976,2992,2983.5,differentia=8+policy=RecencyProportionalResolution+target=64,<function upgma at 0x7fcf41625160>
3986,164,164,[163],3001.0,17.5,286073,3001,3002,3001.0,differentia=8+policy=RecencyProportionalResolution+target=64,<function upgma at 0x7fcf41625160>
3987,165,165,[163],2983.5,0.0,Inner111,2976,2992,2983.5,differentia=8+policy=RecencyProportionalResolution+target=64,<function upgma at 0x7fcf41625160>
3988,166,166,[165],3001.0,17.5,286050,3001,3002,3001.0,differentia=8+policy=RecencyProportionalResolution+target=64,<function upgma at 0x7fcf41625160>
3989,167,167,[165],2983.5,0.0,Inner109,2976,2992,2983.5,differentia=8+policy=RecencyProportionalResolution+target=64,<function upgma at 0x7fcf41625160>
3990,168,168,[167],3001.0,17.5,286049,3001,3002,3001.0,differentia=8+policy=RecencyProportionalResolution+target=64,<function upgma at 0x7fcf41625160>
3991,169,169,[167],2983.5,0.0,Inner107,2976,2992,2983.5,differentia=8+policy=RecencyProportionalResolution+target=64,<function upgma at 0x7fcf41625160>
3992,170,170,[169],3001.0,17.5,286047,3001,3002,3001.0,differentia=8+policy=RecencyProportionalResolution+target=64,<function upgma at 0x7fcf41625160>
3993,171,171,[169],2983.5,0.0,Inner105,2976,2992,2983.5,differentia=8+policy=RecencyProportionalResolution+target=64,<function upgma at 0x7fcf41625160>
3994,172,172,[171],3001.0,17.5,286043,3001,3002,3001.0,differentia=8+policy=RecencyProportionalResolution+target=64,<function upgma at 0x7fcf41625160>
3995,173,173,[171],2983.5,0.0,Inner103,2976,2992,2983.5,differentia=8+policy=RecencyProportionalResolution+target=64,<function upgma at 0x7fcf41625160>
3996,174,174,[173],3001.0,17.5,286034,3001,3002,3001.0,differentia=8+policy=RecencyProportionalResolution+target=64,<function upgma at 0x7fcf41625160>
3997,175,175,[173],2983.5,0.0,Inner101,2976,2992,2983.5,differentia=8+policy=RecencyProportionalResolution+target=64,<function upgma at 0x7fcf41625160>
3998,176,176,[175],3001.0,17.5,286031,3001,3002,3001.0,differentia=8+policy=RecencyProportionalResolution+target=64,<function upgma at 0x7fcf41625160>
3999,177,177,[175],2983.5,0.0,Inner99,2976,2992,2983.5,differentia=8+policy=RecencyProportionalResolution+target=64,<function upgma at 0x7fcf41625160>
4000,178,178,[177],3001.0,17.5,286023,3001,3002,3001.0,differentia=8+policy=RecencyProportionalResolution+target=64,<function upgma at 0x7fcf41625160>
4001,179,179,[177],2983.5,0.0,Inner97,2976,2992,2983.5,differentia=8+policy=RecencyProportionalResolution+target=64,<function upgma at 0x7fcf41625160>
4002,180,180,[179],3001.0,17.5,286018,3001,3002,3001.0,differentia=8+policy=RecencyProportionalResolution+target=64,<function upgma at 0x7fcf41625160>
4003,181,181,[179],2983.5,0.0,Inner95,2976,2992,2983.5,differentia=8+policy=RecencyProportionalResolution+target=64,<function upgma at 0x7fcf41625160>
4004,182,182,[181],3001.0,17.5,286013,3001,3002,3001.0,differentia=8+policy=RecencyProportionalResolution+target=64,<function upgma at 0x7fcf41625160>
4005,183,183,[181],2983.5,0.0,Inner93,2976,2992,2983.5,differentia=8+policy=RecencyProportionalResolution+target=64,<function upgma at 0x7fcf41625160>
4006,184,184,[183],3001.0,17.5,286007,3001,3002,3001.0,differentia=8+policy=RecencyProportionalResolution+target=64,<function upgma at 0x7fcf41625160>
4007,185,185,[183],2983.5,0.0,Inner91,2976,2992,2983.5,differentia=8+policy=RecencyProportionalResolution+target=64,<function upgma at 0x7fcf41625160>
4008,186,186,[185],3001.0,17.5,286005,3001,3002,3001.0,differentia=8+policy=RecencyProportionalResolution+target=64,<function upgma at 0x7fcf41625160>
4009,187,187,[185],2983.5,0.0,Inner89,2976,2992,2983.5,differentia=8+policy=RecencyProportionalResolution+target=64,<function upgma at 0x7fcf41625160>
4010,188,188,[187],3001.0,17.5,285994,3001,3002,3001.0,differentia=8+policy=RecencyProportionalResolution+target=64,<function upgma at 0x7fcf41625160>
4011,189,189,[187],2983.5,0.0,Inner87,2976,2992,2983.5,differentia=8+policy=RecencyProportionalResolution+target=64,<function upgma at 0x7fcf41625160>
4012,190,190,[189],3001.0,17.5,285988,3001,3002,3001.0,differentia=8+policy=RecencyProportionalResolution+target=64,<function upgma at 0x7fcf41625160>
4013,191,191,[189],2983.5,0.0,Inner85,2976,2992,2983.5,differentia=8+policy=RecencyProportionalResolution+target=64,<function upgma at 0x7fcf41625160>
4014,192,192,[191],3001.0,17.5,285986,3001,3002,3001.0,differentia=8+policy=RecencyProportionalResolution+target=64,<function upgma at 0x7fcf41625160>
4015,193,193,[191],2983.5,0.0,Inner82,2976,2992,2983.5,differentia=8+policy=RecencyProportionalResolution+target=64,<function upgma at 0x7fcf41625160>
4016,194,194,[193],3001.0,17.5,285983,3001,3002,3001.0,differentia=8+policy=RecencyProportionalResolution+target=64,<function upgma at 0x7fcf41625160>
4017,195,195,[193],2983.5,0.0,Inner79,2976,2992,2983.5,differentia=8+policy=RecencyProportionalResolution+target=64,<function upgma at 0x7fcf41625160>
4018,196,196,[195],3001.0,17.5,286004,3001,3002,3001.0,differentia=8+policy=RecencyProportionalResolution+target=64,<function upgma at 0x7fcf41625160>
4019,197,197,[195],2983.5,0.0,Inner76,2976,2992,2983.5,differentia=8+policy=RecencyProportionalResolution+target=64,<function upgma at 0x7fcf41625160>
4020,198,198,[197],3001.0,17.5,286015,3001,3002,3001.0,differentia=8+policy=RecencyProportionalResolution+target=64,<function upgma at 0x7fcf41625160>
4021,199,199,[197],2983.5,0.0,Inner73,2976,2992,2983.5,differentia=8+policy=RecencyProportionalResolution+target=64,<function upgma at 0x7fcf41625160>
4022,200,200,[199],2983.5,0.0,Inner70,2976,2992,2983.5,differentia=8+policy=RecencyProportionalResolution+target=64,<function upgma at 0x7fcf41625160>
4023,201,201,[200],3001.0,17.5,286057,3001,3002,3001.0,differentia=8+policy=RecencyProportionalResolution+target=64,<function upgma at 0x7fcf41625160>
4024,202,202,[200],2983.5,0.0,Inner67,2976,2992,2983.5,differentia=8+policy=RecencyProportionalResolution+target=64,<function upgma at 0x7fcf41625160>
4025,203,203,[202],3001.0,17.5,286037,3001,3002,3001.0,differentia=8+policy=RecencyProportionalResolution+target=64,<function upgma at 0x7fcf41625160>
4026,204,204,[202],2983.5,0.0,Inner64,2976,2992,2983.5,differentia=8+policy=RecencyProportionalResolution+target=64,<function upgma at 0x7fcf41625160>
4027,205,205,[204],3001.0,17.5,286009,3001,3002,3001.0,differentia=8+policy=RecencyProportionalResolution+target=64,<function upgma at 0x7fcf41625160>
4028,206,206,[204],2983.5,0.0,Inner61,2976,2992,2983.5,differentia=8+policy=RecencyProportionalResolution+target=64,<function upgma at 0x7fcf41625160>
4029,207,207,[206],3001.0,17.5,286041,3001,3002,3001.0,differentia=8+policy=RecencyProportionalResolution+target=64,<function upgma at 0x7fcf41625160>
4030,208,208,[206],2983.5,0.0,Inner57,2976,2992,2983.5,differentia=8+policy=RecencyProportionalResolution+target=64,<function upgma at 0x7fcf41625160>
4031,209,209,[208],2983.5,0.0,Inner56,2976,2992,2983.5,differentia=8+policy=RecencyProportionalResolution+target=64,<function upgma at 0x7fcf41625160>
4032,210,210,[209],2983.5,0.0,Inner55,2976,2992,2983.5,differentia=8+policy=RecencyProportionalResolution+target=64,<function upgma at 0x7fcf41625160>
4033,211,211,[210],2983.5,0.0,Inner52,2976,2992,2983.5,differentia=8+policy=RecencyProportionalResolution+target=64,<function upgma at 0x7fcf41625160>
4034,212,212,[211],3000.0,16.5,285964,3000,3001,3000.0,differentia=8+policy=RecencyProportionalResolution+target=64,<function upgma at 0x7fcf41625160>
4035,213,213,[211],2983.5,0.0,Inner51,2976,2992,2983.5,differentia=8+policy=RecencyProportionalResolution+target=64,<function upgma at 0x7fcf41625160>
4036,214,214,[213],3000.0,16.5,285959,3000,3001,3000.0,differentia=8+policy=RecencyProportionalResolution+target=64,<function upgma at 0x7fcf41625160>
4037,215,215,[213],2983.5,0.0,Inner49,2976,2992,2983.5,differentia=8+policy=RecencyProportionalResolution+target=64,<function upgma at 0x7fcf41625160>
4038,216,216,[215],3000.0,16.5,285925,3000,3001,3000.0,differentia=8+policy=RecencyProportionalResolution+target=64,<function upgma at 0x7fcf41625160>
4039,217,217,[215],2983.5,0.0,Inner47,2976,2992,2983.5,differentia=8+policy=RecencyProportionalResolution+target=64,<function upgma at 0x7fcf41625160>
4040,218,218,[217],3000.0,16.5,285912,3000,3001,3000.0,differentia=8+policy=RecencyProportionalResolution+target=64,<function upgma at 0x7fcf41625160>
4041,219,219,[217],2983.5,0.0,Inner45,2976,2992,2983.5,differentia=8+policy=RecencyProportionalResolution+target=64,<function upgma at 0x7fcf41625160>
4042,220,220,[219],3000.0,16.5,285909,3000,3001,3000.0,differentia=8+policy=RecencyProportionalResolution+target=64,<function upgma at 0x7fcf41625160>
4043,221,221,[219],2983.5,0.0,Inner43,2976,2992,2983.5,differentia=8+policy=RecencyProportionalResolution+target=64,<function upgma at 0x7fcf41625160>
4044,222,222,[221],3000.0,16.5,285892,3000,3001,3000.0,differentia=8+policy=RecencyProportionalResolution+target=64,<function upgma at 0x7fcf41625160>
4045,223,223,[221],2983.5,0.0,Inner40,2976,2992,2983.5,differentia=8+policy=RecencyProportionalResolution+target=64,<function upgma at 0x7fcf41625160>
4046,224,224,[223],2983.5,0.0,Inner38,2976,2992,2983.5,differentia=8+policy=RecencyProportionalResolution+target=64,<function upgma at 0x7fcf41625160>
4047,225,225,[224],2983.5,0.0,Inner37,2976,2992,2983.5,differentia=8+policy=RecencyProportionalResolution+target=64,<function upgma at 0x7fcf41625160>
4048,226,226,[225],2983.5,0.0,Inner35,2976,2992,2983.5,differentia=8+policy=RecencyProportionalResolution+target=64,<function upgma at 0x7fcf41625160>
4049,227,227,[226],2983.5,0.0,Inner33,2976,2992,2983.5,differentia=8+policy=RecencyProportionalResolution+target=64,<function upgma at 0x7fcf41625160>
4050,228,228,[227],2983.5,0.0,Inner31,2976,2992,2983.5,differentia=8+policy=RecencyProportionalResolution+target=64,<function upgma at 0x7fcf41625160>
4051,229,229,[228],2983.5,0.0,Inner30,2976,2992,2983.5,differentia=8+policy=RecencyProportionalResolution+target=64,<function upgma at 0x7fcf41625160>
4052,230,230,[229],2993.0,9.5,285310,2993,2994,2993.0,differentia=8+policy=RecencyProportionalResolution+target=64,<function upgma at 0x7fcf41625160>
4053,231,231,[229],2997.0,13.5,285634,2997,2998,2997.0,differentia=8+policy=RecencyProportionalResolution+target=64,<function upgma at 0x7fcf41625160>
4054,232,232,[228],2998.0,14.5,285722,2998,2999,2998.0,differentia=8+policy=RecencyProportionalResolution+target=64,<function upgma at 0x7fcf41625160>
4055,233,233,[227],2998.0,14.5,285725,2998,2999,2998.0,differentia=8+policy=RecencyProportionalResolution+target=64,<function upgma at 0x7fcf41625160>
4056,234,234,[226],2999.0,15.5,285803,2999,3000,2999.0,differentia=8+policy=RecencyProportionalResolution+target=64,<function upgma at 0x7fcf41625160>
4057,235,235,[225],2999.0,15.5,285874,2999,3000,2999.0,differentia=8+policy=RecencyProportionalResolution+target=64,<function upgma at 0x7fcf41625160>
4058,236,236,[224],2999.0,15.5,285879,2999,3000,2999.0,differentia=8+policy=RecencyProportionalResolution+target=64,<function upgma at 0x7fcf41625160>
4059,237,237,[223],3000.0,16.5,285970,3000,3001,3000.0,differentia=8+policy=RecencyProportionalResolution+target=64,<function upgma at 0x7fcf41625160>
4060,238,238,[210],2995.5,12.0,Inner1,2992,3000,2995.5,differentia=8+policy=RecencyProportionalResolution+target=64,<function upgma at 0x7fcf41625160>
4061,239,239,[238],3000.0,4.5,285935,3000,3001,3000.0,differentia=8+policy=RecencyProportionalResolution+target=64,<function upgma at 0x7fcf41625160>
4062,240,240,[238],3001.0,5.5,286011,3001,3002,3001.0,differentia=8+policy=RecencyProportionalResolution+target=64,<function upgma at 0x7fcf41625160>
4063,241,241,[209],2995.5,12.0,Inner2,2992,3000,2995.5,differentia=8+policy=RecencyProportionalResolution+target=64,<function upgma at 0x7fcf41625160>
4064,242,242,[241],3000.0,4.5,285946,3000,3001,3000.0,differentia=8+policy=RecencyProportionalResolution+target=64,<function upgma at 0x7fcf41625160>
4065,243,243,[241],3001.0,5.5,286072,3001,3002,3001.0,differentia=8+policy=RecencyProportionalResolution+target=64,<function upgma at 0x7fcf41625160>
4066,244,244,[208],2993.5,10.0,Inner10,2992,2996,2993.5,differentia=8+policy=RecencyProportionalResolution+target=64,<function upgma at 0x7fcf41625160>
4067,245,245,[244],2995.5,2.0,Inner4,2992,3000,2995.5,differentia=8+policy=RecencyProportionalResolution+target=64,<function upgma at 0x7fcf41625160>
4068,246,246,[245],3000.0,4.5,285968,3000,3001,3000.0,differentia=8+policy=RecencyProportionalResolution+target=64,<function upgma at 0x7fcf41625160>
4069,247,247,[245],3001.0,5.5,286048,3001,3002,3001.0,differentia=8+policy=RecencyProportionalResolution+target=64,<function upgma at 0x7fcf41625160>
4070,248,248,[244],2995.5,2.0,Inner8,2992,3000,2995.5,differentia=8+policy=RecencyProportionalResolution+target=64,<function upgma at 0x7fcf41625160>
4071,249,249,[248],2995.5,0.0,Inner3,2992,3000,2995.5,differentia=8+policy=RecencyProportionalResolution+target=64,<function upgma at 0x7fcf41625160>
4072,250,250,[249],3000.0,4.5,285963,3000,3001,3000.0,differentia=8+policy=RecencyProportionalResolution+target=64,<function upgma at 0x7fcf41625160>
4073,251,251,[249],3001.0,5.5,286020,3001,3002,3001.0,differentia=8+policy=RecencyProportionalResolution+target=64,<function upgma at 0x7fcf41625160>
4074,252,252,[248],3001.0,5.5,286075,3001,3002,3001.0,differentia=8+policy=RecencyProportionalResolution+target=64,<function upgma at 0x7fcf41625160>
4075,253,253,[199],2995.5,12.0,Inner14,2992,3000,2995.5,differentia=8+policy=RecencyProportionalResolution+target=64,<function upgma at 0x7fcf41625160>
4076,254,254,[253],3001.0,5.5,286054,3001,3002,3001.0,differentia=8+policy=RecencyProportionalResolution+target=64,<function upgma at 0x7fcf41625160>
4077,255,255,[253],3001.0,5.5,286078,3001,3002,3001.0,differentia=8+policy=RecencyProportionalResolution+target=64,<function upgma at 0x7fcf41625160>
4078,256,256,[162],2995.5,12.0,Inner22,2992,3000,2995.5,differentia=8+policy=RecencyProportionalResolution+target=64,<function upgma at 0x7fcf41625160>
4079,257,257,[256],3001.0,5.5,286040,3001,3002,3001.0,differentia=8+policy=RecencyProportionalResolution+target=64,<function upgma at 0x7fcf41625160>
4080,258,258,[256],2995.5,0.0,Inner21,2992,3000,2995.5,differentia=8+policy=RecencyProportionalResolution+target=64,<function upgma at 0x7fcf41625160>
4081,259,259,[258],3001.0,5.5,286044,3001,3002,3001.0,differentia=8+policy=RecencyProportionalResolution+target=64,<function upgma at 0x7fcf41625160>
4082,260,260,[258],2995.5,0.0,Inner20,2992,3000,2995.5,differentia=8+policy=RecencyProportionalResolution+target=64,<function upgma at 0x7fcf41625160>
4083,261,261,[260],3001.0,5.5,285995,3001,3002,3001.0,differentia=8+policy=RecencyProportionalResolution+target=64,<function upgma at 0x7fcf41625160>
4084,262,262,[260],2995.5,0.0,Inner19,2992,3000,2995.5,differentia=8+policy=RecencyProportionalResolution+target=64,<function upgma at 0x7fcf41625160>
4085,263,263,[262],3001.0,5.5,285993,3001,3002,3001.0,differentia=8+policy=RecencyProportionalResolution+target=64,<function upgma at 0x7fcf41625160>
4086,264,264,[262],2995.5,0.0,Inner18,2992,3000,2995.5,differentia=8+policy=RecencyProportionalResolution+target=64,<function upgma at 0x7fcf41625160>
4087,265,265,[264],3001.0,5.5,286001,3001,3002,3001.0,differentia=8+policy=RecencyProportionalResolution+target=64,<function upgma at 0x7fcf41625160>
4088,266,266,[264],2995.5,0.0,Inner17,2992,3000,2995.5,differentia=8+policy=RecencyProportionalResolution+target=64,<function upgma at 0x7fcf41625160>
4089,267,267,[266],2995.5,0.0,Inner16,2992,3000,2995.5,differentia=8+policy=RecencyProportionalResolution+target=64,<function upgma at 0x7fcf41625160>
4090,268,268,[267],2995.5,0.0,Inner15,2992,3000,2995.5,differentia=8+policy=RecencyProportionalResolution+target=64,<function upgma at 0x7fcf41625160>
4091,269,269,[268],3001.0,5.5,285981,3001,3002,3001.0,differentia=8+policy=RecencyProportionalResolution+target=64,<function upgma at 0x7fcf41625160>
4092,270,270,[268],3001.0,5.5,286021,3001,3002,3001.0,differentia=8+policy=RecencyProportionalResolution+target=64,<function upgma at 0x7fcf41625160>
4093,271,271,[267],3001.0,5.5,286046,3001,3002,3001.0,differentia=8+policy=RecencyProportionalResolution+target=64,<function upgma at 0x7fcf41625160>
4094,272,272,[266],3001.0,5.5,286083,3001,3002,3001.0,differentia=8+policy=RecencyProportionalResolution+target=64,<function upgma at 0x7fcf41625160>
4095,0,0,[None],2941.5,2941.5,Inner136,2940,2944,2941.5,differentia=8+policy=TaperedDepthProportionalResolution+target=4096,<function upgma at 0x7fcf41625160>
4096,1,1,[0],2989.5,48.0,Inner85,2988,2992,2989.5,differentia=8+policy=TaperedDepthProportionalResolution+target=4096,<function upgma at 0x7fcf41625160>
4097,2,2,[1],2989.5,0.0,Inner84,2988,2992,2989.5,differentia=8+policy=TaperedDepthProportionalResolution+target=4096,<function upgma at 0x7fcf41625160>
4098,3,3,[2],2989.5,0.0,Inner83,2988,2992,2989.5,differentia=8+policy=TaperedDepthProportionalResolution+target=4096,<function upgma at 0x7fcf41625160>
4099,4,4,[3],2989.5,0.0,Inner82,2988,2992,2989.5,differentia=8+policy=TaperedDepthProportionalResolution+target=4096,<function upgma at 0x7fcf41625160>
4100,5,5,[4],3001.0,11.5,286076,3001,3002,3001.0,differentia=8+policy=TaperedDepthProportionalResolution+target=4096,<function upgma at 0x7fcf41625160>
4101,6,6,[4],2989.5,0.0,Inner81,2988,2992,2989.5,differentia=8+policy=TaperedDepthProportionalResolution+target=4096,<function upgma at 0x7fcf41625160>
4102,7,7,[6],3001.0,11.5,286065,3001,3002,3001.0,differentia=8+policy=TaperedDepthProportionalResolution+target=4096,<function upgma at 0x7fcf41625160>
4103,8,8,[6],2989.5,0.0,Inner80,2988,2992,2989.5,differentia=8+policy=TaperedDepthProportionalResolution+target=4096,<function upgma at 0x7fcf41625160>
4104,9,9,[8],3001.0,11.5,286060,3001,3002,3001.0,differentia=8+policy=TaperedDepthProportionalResolution+target=4096,<function upgma at 0x7fcf41625160>
4105,10,10,[8],2989.5,0.0,Inner79,2988,2992,2989.5,differentia=8+policy=TaperedDepthProportionalResolution+target=4096,<function upgma at 0x7fcf41625160>
4106,11,11,[10],3001.0,11.5,286059,3001,3002,3001.0,differentia=8+policy=TaperedDepthProportionalResolution+target=4096,<function upgma at 0x7fcf41625160>
4107,12,12,[10],2989.5,0.0,Inner78,2988,2992,2989.5,differentia=8+policy=TaperedDepthProportionalResolution+target=4096,<function upgma at 0x7fcf41625160>
4108,13,13,[12],3001.0,11.5,286058,3001,3002,3001.0,differentia=8+policy=TaperedDepthProportionalResolution+target=4096,<function upgma at 0x7fcf41625160>
4109,14,14,[12],2989.5,0.0,Inner77,2988,2992,2989.5,differentia=8+policy=TaperedDepthProportionalResolution+target=4096,<function upgma at 0x7fcf41625160>
4110,15,15,[14],3001.0,11.5,286056,3001,3002,3001.0,differentia=8+policy=TaperedDepthProportionalResolution+target=4096,<function upgma at 0x7fcf41625160>
4111,16,16,[14],2989.5,0.0,Inner76,2988,2992,2989.5,differentia=8+policy=TaperedDepthProportionalResolution+target=4096,<function upgma at 0x7fcf41625160>
4112,17,17,[16],3001.0,11.5,286053,3001,3002,3001.0,differentia=8+policy=TaperedDepthProportionalResolution+target=4096,<function upgma at 0x7fcf41625160>
4113,18,18,[16],2989.5,0.0,Inner75,2988,2992,2989.5,differentia=8+policy=TaperedDepthProportionalResolution+target=4096,<function upgma at 0x7fcf41625160>
4114,19,19,[18],3001.0,11.5,286051,3001,3002,3001.0,differentia=8+policy=TaperedDepthProportionalResolution+target=4096,<function upgma at 0x7fcf41625160>
4115,20,20,[18],2989.5,0.0,Inner74,2988,2992,2989.5,differentia=8+policy=TaperedDepthProportionalResolution+target=4096,<function upgma at 0x7fcf41625160>
4116,21,21,[20],2989.5,0.0,Inner73,2988,2992,2989.5,differentia=8+policy=TaperedDepthProportionalResolution+target=4096,<function upgma at 0x7fcf41625160>
4117,22,22,[21],2993.5,4.0,Inner23,2992,2996,2993.5,differentia=8+policy=TaperedDepthProportionalResolution+target=4096,<function upgma at 0x7fcf41625160>
4118,23,23,[22],3001.0,7.5,286042,3001,3002,3001.0,differentia=8+policy=TaperedDepthProportionalResolution+target=4096,<function upgma at 0x7fcf41625160>
4119,24,24,[22],3001.0,7.5,286062,3001,3002,3001.0,differentia=8+policy=TaperedDepthProportionalResolution+target=4096,<function upgma at 0x7fcf41625160>
4120,25,25,[21],2989.5,0.0,Inner72,2988,2992,2989.5,differentia=8+policy=TaperedDepthProportionalResolution+target=4096,<function upgma at 0x7fcf41625160>
4121,26,26,[25],3001.0,11.5,286039,3001,3002,3001.0,differentia=8+policy=TaperedDepthProportionalResolution+target=4096,<function upgma at 0x7fcf41625160>
4122,27,27,[25],2989.5,0.0,Inner71,2988,2992,2989.5,differentia=8+policy=TaperedDepthProportionalResolution+target=4096,<function upgma at 0x7fcf41625160>
4123,28,28,[27],3001.0,11.5,286038,3001,3002,3001.0,differentia=8+policy=TaperedDepthProportionalResolution+target=4096,<function upgma at 0x7fcf41625160>
4124,29,29,[27],2989.5,0.0,Inner70,2988,2992,2989.5,differentia=8+policy=TaperedDepthProportionalResolution+target=4096,<function upgma at 0x7fcf41625160>
4125,30,30,[29],3001.0,11.5,286036,3001,3002,3001.0,differentia=8+policy=TaperedDepthProportionalResolution+target=4096,<function upgma at 0x7fcf41625160>
4126,31,31,[29],2989.5,0.0,Inner69,2988,2992,2989.5,differentia=8+policy=TaperedDepthProportionalResolution+target=4096,<function upgma at 0x7fcf41625160>
4127,32,32,[31],3001.0,11.5,286032,3001,3002,3001.0,differentia=8+policy=TaperedDepthProportionalResolution+target=4096,<function upgma at 0x7fcf41625160>
4128,33,33,[31],2989.5,0.0,Inner68,2988,2992,2989.5,differentia=8+policy=TaperedDepthProportionalResolution+target=4096,<function upgma at 0x7fcf41625160>
4129,34,34,[33],3001.0,11.5,286029,3001,3002,3001.0,differentia=8+policy=TaperedDepthProportionalResolution+target=4096,<function upgma at 0x7fcf41625160>
4130,35,35,[33],2989.5,0.0,Inner67,2988,2992,2989.5,differentia=8+policy=TaperedDepthProportionalResolution+target=4096,<function upgma at 0x7fcf41625160>
4131,36,36,[35],3001.0,11.5,286027,3001,3002,3001.0,differentia=8+policy=TaperedDepthProportionalResolution+target=4096,<function upgma at 0x7fcf41625160>
4132,37,37,[35],2989.5,0.0,Inner66,2988,2992,2989.5,differentia=8+policy=TaperedDepthProportionalResolution+target=4096,<function upgma at 0x7fcf41625160>
4133,38,38,[37],3001.0,11.5,286026,3001,3002,3001.0,differentia=8+policy=TaperedDepthProportionalResolution+target=4096,<function upgma at 0x7fcf41625160>
4134,39,39,[37],2989.5,0.0,Inner65,2988,2992,2989.5,differentia=8+policy=TaperedDepthProportionalResolution+target=4096,<function upgma at 0x7fcf41625160>
4135,40,40,[39],3001.0,11.5,286025,3001,3002,3001.0,differentia=8+policy=TaperedDepthProportionalResolution+target=4096,<function upgma at 0x7fcf41625160>
4136,41,41,[39],2989.5,0.0,Inner64,2988,2992,2989.5,differentia=8+policy=TaperedDepthProportionalResolution+target=4096,<function upgma at 0x7fcf41625160>
4137,42,42,[41],2993.5,4.0,Inner24,2992,2996,2993.5,differentia=8+policy=TaperedDepthProportionalResolution+target=4096,<function upgma at 0x7fcf41625160>
4138,43,43,[42],3001.0,7.5,285982,3001,3002,3001.0,differentia=8+policy=TaperedDepthProportionalResolution+target=4096,<function upgma at 0x7fcf41625160>
4139,44,44,[42],3001.0,7.5,286024,3001,3002,3001.0,differentia=8+policy=TaperedDepthProportionalResolution+target=4096,<function upgma at 0x7fcf41625160>
4140,45,45,[41],2989.5,0.0,Inner63,2988,2992,2989.5,differentia=8+policy=TaperedDepthProportionalResolution+target=4096,<function upgma at 0x7fcf41625160>
4141,46,46,[45],3001.0,11.5,286017,3001,3002,3001.0,differentia=8+policy=TaperedDepthProportionalResolution+target=4096,<function upgma at 0x7fcf41625160>
4142,47,47,[45],2989.5,0.0,Inner62,2988,2992,2989.5,differentia=8+policy=TaperedDepthProportionalResolution+target=4096,<function upgma at 0x7fcf41625160>
4143,48,48,[47],3001.0,11.5,286016,3001,3002,3001.0,differentia=8+policy=TaperedDepthProportionalResolution+target=4096,<function upgma at 0x7fcf41625160>
4144,49,49,[47],2989.5,0.0,Inner61,2988,2992,2989.5,differentia=8+policy=TaperedDepthProportionalResolution+target=4096,<function upgma at 0x7fcf41625160>
4145,50,50,[49],3001.0,11.5,286012,3001,3002,3001.0,differentia=8+policy=TaperedDepthProportionalResolution+target=4096,<function upgma at 0x7fcf41625160>
4146,51,51,[49],2989.5,0.0,Inner60,2988,2992,2989.5,differentia=8+policy=TaperedDepthProportionalResolution+target=4096,<function upgma at 0x7fcf41625160>
4147,52,52,[51],3001.0,11.5,286010,3001,3002,3001.0,differentia=8+policy=TaperedDepthProportionalResolution+target=4096,<function upgma at 0x7fcf41625160>
4148,53,53,[51],2989.5,0.0,Inner59,2988,2992,2989.5,differentia=8+policy=TaperedDepthProportionalResolution+target=4096,<function upgma at 0x7fcf41625160>
4149,54,54,[53],3001.0,11.5,286003,3001,3002,3001.0,differentia=8+policy=TaperedDepthProportionalResolution+target=4096,<function upgma at 0x7fcf41625160>
4150,55,55,[53],2989.5,0.0,Inner58,2988,2992,2989.5,differentia=8+policy=TaperedDepthProportionalResolution+target=4096,<function upgma at 0x7fcf41625160>
4151,56,56,[55],3001.0,11.5,286035,3001,3002,3001.0,differentia=8+policy=TaperedDepthProportionalResolution+target=4096,<function upgma at 0x7fcf41625160>
4152,57,57,[55],2989.5,0.0,Inner57,2988,2992,2989.5,differentia=8+policy=TaperedDepthProportionalResolution+target=4096,<function upgma at 0x7fcf41625160>
4153,58,58,[57],3001.0,11.5,286002,3001,3002,3001.0,differentia=8+policy=TaperedDepthProportionalResolution+target=4096,<function upgma at 0x7fcf41625160>
4154,59,59,[57],2989.5,0.0,Inner56,2988,2992,2989.5,differentia=8+policy=TaperedDepthProportionalResolution+target=4096,<function upgma at 0x7fcf41625160>
4155,60,60,[59],3001.0,11.5,286000,3001,3002,3001.0,differentia=8+policy=TaperedDepthProportionalResolution+target=4096,<function upgma at 0x7fcf41625160>
4156,61,61,[59],2989.5,0.0,Inner55,2988,2992,2989.5,differentia=8+policy=TaperedDepthProportionalResolution+target=4096,<function upgma at 0x7fcf41625160>
4157,62,62,[61],3001.0,11.5,285999,3001,3002,3001.0,differentia=8+policy=TaperedDepthProportionalResolution+target=4096,<function upgma at 0x7fcf41625160>
4158,63,63,[61],2989.5,0.0,Inner54,2988,2992,2989.5,differentia=8+policy=TaperedDepthProportionalResolution+target=4096,<function upgma at 0x7fcf41625160>
4159,64,64,[63],3001.0,11.5,285998,3001,3002,3001.0,differentia=8+policy=TaperedDepthProportionalResolution+target=4096,<function upgma at 0x7fcf41625160>
4160,65,65,[63],2989.5,0.0,Inner53,2988,2992,2989.5,differentia=8+policy=TaperedDepthProportionalResolution+target=4096,<function upgma at 0x7fcf41625160>
4161,66,66,[65],3001.0,11.5,285996,3001,3002,3001.0,differentia=8+policy=TaperedDepthProportionalResolution+target=4096,<function upgma at 0x7fcf41625160>
4162,67,67,[65],2989.5,0.0,Inner52,2988,2992,2989.5,differentia=8+policy=TaperedDepthProportionalResolution+target=4096,<function upgma at 0x7fcf41625160>
4163,68,68,[67],3001.0,11.5,285991,3001,3002,3001.0,differentia=8+policy=TaperedDepthProportionalResolution+target=4096,<function upgma at 0x7fcf41625160>
4164,69,69,[67],2989.5,0.0,Inner50,2988,2992,2989.5,differentia=8+policy=TaperedDepthProportionalResolution+target=4096,<function upgma at 0x7fcf41625160>
4165,70,70,[69],3001.0,11.5,285984,3001,3002,3001.0,differentia=8+policy=TaperedDepthProportionalResolution+target=4096,<function upgma at 0x7fcf41625160>
4166,71,71,[69],2989.5,0.0,Inner48,2988,2992,2989.5,differentia=8+policy=TaperedDepthProportionalResolution+target=4096,<function upgma at 0x7fcf41625160>
4167,72,72,[71],2989.5,0.0,Inner46,2988,2992,2989.5,differentia=8+policy=TaperedDepthProportionalResolution+target=4096,<function upgma at 0x7fcf41625160>
4168,73,73,[72],3001.0,11.5,285985,3001,3002,3001.0,differentia=8+policy=TaperedDepthProportionalResolution+target=4096,<function upgma at 0x7fcf41625160>
4169,74,74,[72],2989.5,0.0,Inner44,2988,2992,2989.5,differentia=8+policy=TaperedDepthProportionalResolution+target=4096,<function upgma at 0x7fcf41625160>
4170,75,75,[74],3001.0,11.5,286008,3001,3002,3001.0,differentia=8+policy=TaperedDepthProportionalResolution+target=4096,<function upgma at 0x7fcf41625160>
4171,76,76,[74],2989.5,0.0,Inner42,2988,2992,2989.5,differentia=8+policy=TaperedDepthProportionalResolution+target=4096,<function upgma at 0x7fcf41625160>
4172,77,77,[76],3001.0,11.5,286055,3001,3002,3001.0,differentia=8+policy=TaperedDepthProportionalResolution+target=4096,<function upgma at 0x7fcf41625160>
4173,78,78,[76],2989.5,0.0,Inner40,2988,2992,2989.5,differentia=8+policy=TaperedDepthProportionalResolution+target=4096,<function upgma at 0x7fcf41625160>
4174,79,79,[78],2989.5,0.0,Inner38,2988,2992,2989.5,differentia=8+policy=TaperedDepthProportionalResolution+target=4096,<function upgma at 0x7fcf41625160>
4175,80,80,[79],3001.0,11.5,285989,3001,3002,3001.0,differentia=8+policy=TaperedDepthProportionalResolution+target=4096,<function upgma at 0x7fcf41625160>
4176,81,81,[79],2989.5,0.0,Inner36,2988,2992,2989.5,differentia=8+policy=TaperedDepthProportionalResolution+target=4096,<function upgma at 0x7fcf41625160>
4177,82,82,[81],2993.5,4.0,Inner10,2992,2996,2993.5,differentia=8+policy=TaperedDepthProportionalResolution+target=4096,<function upgma at 0x7fcf41625160>
4178,83,83,[82],3000.0,6.5,285950,3000,3001,3000.0,differentia=8+policy=TaperedDepthProportionalResolution+target=4096,<function upgma at 0x7fcf41625160>
4179,84,84,[82],3001.0,7.5,286030,3001,3002,3001.0,differentia=8+policy=TaperedDepthProportionalResolution+target=4096,<function upgma at 0x7fcf41625160>
4180,85,85,[81],2989.5,0.0,Inner34,2988,2992,2989.5,differentia=8+policy=TaperedDepthProportionalResolution+target=4096,<function upgma at 0x7fcf41625160>
4181,86,86,[85],2993.5,4.0,Inner11,2992,2996,2993.5,differentia=8+policy=TaperedDepthProportionalResolution+target=4096,<function upgma at 0x7fcf41625160>
4182,87,87,[86],3000.0,6.5,285907,3000,3001,3000.0,differentia=8+policy=TaperedDepthProportionalResolution+target=4096,<function upgma at 0x7fcf41625160>
4183,88,88,[86],3001.0,7.5,285990,3001,3002,3001.0,differentia=8+policy=TaperedDepthProportionalResolution+target=4096,<function upgma at 0x7fcf41625160>
4184,89,89,[85],2989.5,0.0,Inner33,2988,2992,2989.5,differentia=8+policy=TaperedDepthProportionalResolution+target=4096,<function upgma at 0x7fcf41625160>
4185,90,90,[89],2989.5,0.0,Inner32,2988,2992,2989.5,differentia=8+policy=TaperedDepthProportionalResolution+target=4096,<function upgma at 0x7fcf41625160>
4186,91,91,[90],2989.5,0.0,Inner31,2988,2992,2989.5,differentia=8+policy=TaperedDepthProportionalResolution+target=4096,<function upgma at 0x7fcf41625160>
4187,92,92,[91],2989.5,0.0,Inner30,2988,2992,2989.5,differentia=8+policy=TaperedDepthProportionalResolution+target=4096,<function upgma at 0x7fcf41625160>
4188,93,93,[92],2989.5,0.0,Inner28,2988,2992,2989.5,differentia=8+policy=TaperedDepthProportionalResolution+target=4096,<function upgma at 0x7fcf41625160>
4189,94,94,[93],2999.0,9.5,285804,2999,3000,2999.0,differentia=8+policy=TaperedDepthProportionalResolution+target=4096,<function upgma at 0x7fcf41625160>
4190,95,95,[93],3000.0,10.5,285919,3000,3001,3000.0,differentia=8+policy=TaperedDepthProportionalResolution+target=4096,<function upgma at 0x7fcf41625160>
4191,96,96,[92],3000.0,10.5,285936,3000,3001,3000.0,differentia=8+policy=TaperedDepthProportionalResolution+target=4096,<function upgma at 0x7fcf41625160>
4192,97,97,[91],3000.0,10.5,285972,3000,3001,3000.0,differentia=8+policy=TaperedDepthProportionalResolution+target=4096,<function upgma at 0x7fcf41625160>
4193,98,98,[90],3000.0,10.5,285980,3000,3001,3000.0,differentia=8+policy=TaperedDepthProportionalResolution+target=4096,<function upgma at 0x7fcf41625160>
4194,99,99,[89],2993.5,4.0,Inner7,2992,2996,2993.5,differentia=8+policy=TaperedDepthProportionalResolution+target=4096,<function upgma at 0x7fcf41625160>
4195,100,100,[99],2999.0,5.5,285850,2999,3000,2999.0,differentia=8+policy=TaperedDepthProportionalResolution+target=4096,<function upgma at 0x7fcf41625160>
4196,101,101,[99],3001.0,7.5,286045,3001,3002,3001.0,differentia=8+policy=TaperedDepthProportionalResolution+target=4096,<function upgma at 0x7fcf41625160>
4197,102,102,[78],3001.0,11.5,286063,3001,3002,3001.0,differentia=8+policy=TaperedDepthProportionalResolution+target=4096,<function upgma at 0x7fcf41625160>
4198,103,103,[71],3001.0,11.5,286064,3001,3002,3001.0,differentia=8+policy=TaperedDepthProportionalResolution+target=4096,<function upgma at 0x7fcf41625160>
4199,104,104,[20],3001.0,11.5,286077,3001,3002,3001.0,differentia=8+policy=TaperedDepthProportionalResolution+target=4096,<function upgma at 0x7fcf41625160>
4200,105,105,[3],3001.0,11.5,286080,3001,3002,3001.0,differentia=8+policy=TaperedDepthProportionalResolution+target=4096,<function upgma at 0x7fcf41625160>
4201,106,106,[2],3001.0,11.5,286081,3001,3002,3001.0,differentia=8+policy=TaperedDepthProportionalResolution+target=4096,<function upgma at 0x7fcf41625160>
4202,107,107,[1],3001.0,11.5,286082,3001,3002,3001.0,differentia=8+policy=TaperedDepthProportionalResolution+target=4096,<function upgma at 0x7fcf41625160>
4203,108,108,[0],2941.5,0.0,Inner135,2940,2944,2941.5,differentia=8+policy=TaperedDepthProportionalResolution+target=4096,<function upgma at 0x7fcf41625160>
4204,109,109,[108],2981.5,40.0,Inner129,2980,2984,2981.5,differentia=8+policy=TaperedDepthProportionalResolution+target=4096,<function upgma at 0x7fcf41625160>
4205,110,110,[109],3000.0,18.5,285894,3000,3001,3000.0,differentia=8+policy=TaperedDepthProportionalResolution+target=4096,<function upgma at 0x7fcf41625160>
4206,111,111,[109],3001.0,19.5,286033,3001,3002,3001.0,differentia=8+policy=TaperedDepthProportionalResolution+target=4096,<function upgma at 0x7fcf41625160>
4207,112,112,[108],2969.5,28.0,Inner134,2968,2972,2969.5,differentia=8+policy=TaperedDepthProportionalResolution+target=4096,<function upgma at 0x7fcf41625160>
4208,113,113,[112],2981.5,12.0,Inner128,2980,2984,2981.5,differentia=8+policy=TaperedDepthProportionalResolution+target=4096,<function upgma at 0x7fcf41625160>
4209,114,114,[113],3001.0,19.5,286066,3001,3002,3001.0,differentia=8+policy=TaperedDepthProportionalResolution+target=4096,<function upgma at 0x7fcf41625160>
4210,115,115,[113],2981.5,0.0,Inner126,2980,2984,2981.5,differentia=8+policy=TaperedDepthProportionalResolution+target=4096,<function upgma at 0x7fcf41625160>
4211,116,116,[115],2981.5,0.0,Inner125,2980,2984,2981.5,differentia=8+policy=TaperedDepthProportionalResolution+target=4096,<function upgma at 0x7fcf41625160>
4212,117,117,[116],2996.0,14.5,285553,2996,2997,2996.0,differentia=8+policy=TaperedDepthProportionalResolution+target=4096,<function upgma at 0x7fcf41625160>
4213,118,118,[116],2993.5,12.0,Inner15,2992,2996,2993.5,differentia=8+policy=TaperedDepthProportionalResolution+target=4096,<function upgma at 0x7fcf41625160>
4214,119,119,[118],2993.5,0.0,Inner13,2992,2996,2993.5,differentia=8+policy=TaperedDepthProportionalResolution+target=4096,<function upgma at 0x7fcf41625160>
4215,120,120,[119],3001.0,7.5,286006,3001,3002,3001.0,differentia=8+policy=TaperedDepthProportionalResolution+target=4096,<function upgma at 0x7fcf41625160>
4216,121,121,[119],2993.5,0.0,Inner9,2992,2996,2993.5,differentia=8+policy=TaperedDepthProportionalResolution+target=4096,<function upgma at 0x7fcf41625160>
4217,122,122,[121],2993.5,0.0,Inner6,2992,2996,2993.5,differentia=8+policy=TaperedDepthProportionalResolution+target=4096,<function upgma at 0x7fcf41625160>
4218,123,123,[122],2999.0,5.5,285860,2999,3000,2999.0,differentia=8+policy=TaperedDepthProportionalResolution+target=4096,<function upgma at 0x7fcf41625160>
4219,124,124,[122],3001.0,7.5,285992,3001,3002,3001.0,differentia=8+policy=TaperedDepthProportionalResolution+target=4096,<function upgma at 0x7fcf41625160>
4220,125,125,[121],3001.0,7.5,286069,3001,3002,3001.0,differentia=8+policy=TaperedDepthProportionalResolution+target=4096,<function upgma at 0x7fcf41625160>
4221,126,126,[118],3001.0,7.5,286074,3001,3002,3001.0,differentia=8+policy=TaperedDepthProportionalResolution+target=4096,<function upgma at 0x7fcf41625160>
4222,127,127,[115],2989.5,8.0,Inner51,2988,2992,2989.5,differentia=8+policy=TaperedDepthProportionalResolution+target=4096,<function upgma at 0x7fcf41625160>
4223,128,128,[127],3001.0,11.5,286067,3001,3002,3001.0,differentia=8+policy=TaperedDepthProportionalResolution+target=4096,<function upgma at 0x7fcf41625160>
4224,129,129,[127],2989.5,0.0,Inner49,2988,2992,2989.5,differentia=8+policy=TaperedDepthProportionalResolution+target=4096,<function upgma at 0x7fcf41625160>
4225,130,130,[129],3001.0,11.5,286052,3001,3002,3001.0,differentia=8+policy=TaperedDepthProportionalResolution+target=4096,<function upgma at 0x7fcf41625160>
4226,131,131,[129],2989.5,0.0,Inner47,2988,2992,2989.5,differentia=8+policy=TaperedDepthProportionalResolution+target=4096,<function upgma at 0x7fcf41625160>
4227,132,132,[131],3001.0,11.5,286028,3001,3002,3001.0,differentia=8+policy=TaperedDepthProportionalResolution+target=4096,<function upgma at 0x7fcf41625160>
4228,133,133,[131],2989.5,0.0,Inner45,2988,2992,2989.5,differentia=8+policy=TaperedDepthProportionalResolution+target=4096,<function upgma at 0x7fcf41625160>
4229,134,134,[133],3001.0,11.5,286022,3001,3002,3001.0,differentia=8+policy=TaperedDepthProportionalResolution+target=4096,<function upgma at 0x7fcf41625160>
4230,135,135,[133],2989.5,0.0,Inner43,2988,2992,2989.5,differentia=8+policy=TaperedDepthProportionalResolution+target=4096,<function upgma at 0x7fcf41625160>
4231,136,136,[135],3001.0,11.5,285987,3001,3002,3001.0,differentia=8+policy=TaperedDepthProportionalResolution+target=4096,<function upgma at 0x7fcf41625160>
4232,137,137,[135],2989.5,0.0,Inner41,2988,2992,2989.5,differentia=8+policy=TaperedDepthProportionalResolution+target=4096,<function upgma at 0x7fcf41625160>
4233,138,138,[137],2989.5,0.0,Inner39,2988,2992,2989.5,differentia=8+policy=TaperedDepthProportionalResolution+target=4096,<function upgma at 0x7fcf41625160>
4234,139,139,[138],2989.5,0.0,Inner37,2988,2992,2989.5,differentia=8+policy=TaperedDepthProportionalResolution+target=4096,<function upgma at 0x7fcf41625160>
4235,140,140,[139],3001.0,11.5,285997,3001,3002,3001.0,differentia=8+policy=TaperedDepthProportionalResolution+target=4096,<function upgma at 0x7fcf41625160>
4236,141,141,[139],2989.5,0.0,Inner35,2988,2992,2989.5,differentia=8+policy=TaperedDepthProportionalResolution+target=4096,<function upgma at 0x7fcf41625160>
4237,142,142,[141],2989.5,0.0,Inner29,2988,2992,2989.5,differentia=8+policy=TaperedDepthProportionalResolution+target=4096,<function upgma at 0x7fcf41625160>
4238,143,143,[142],3000.0,10.5,285899,3000,3001,3000.0,differentia=8+policy=TaperedDepthProportionalResolution+target=4096,<function upgma at 0x7fcf41625160>
4239,144,144,[142],2989.5,0.0,Inner27,2988,2992,2989.5,differentia=8+policy=TaperedDepthProportionalResolution+target=4096,<function upgma at 0x7fcf41625160>
4240,145,145,[144],2989.5,0.0,Inner26,2988,2992,2989.5,differentia=8+policy=TaperedDepthProportionalResolution+target=4096,<function upgma at 0x7fcf41625160>
4241,146,146,[145],2989.5,0.0,Inner25,2988,2992,2989.5,differentia=8+policy=TaperedDepthProportionalResolution+target=4096,<function upgma at 0x7fcf41625160>
4242,147,147,[146],2997.0,7.5,285695,2997,2998,2997.0,differentia=8+policy=TaperedDepthProportionalResolution+target=4096,<function upgma at 0x7fcf41625160>
4243,148,148,[146],2998.0,8.5,285752,2998,2999,2998.0,differentia=8+policy=TaperedDepthProportionalResolution+target=4096,<function upgma at 0x7fcf41625160>
4244,149,149,[145],2999.0,9.5,285815,2999,3000,2999.0,differentia=8+policy=TaperedDepthProportionalResolution+target=4096,<function upgma at 0x7fcf41625160>
4245,150,150,[144],3000.0,10.5,285937,3000,3001,3000.0,differentia=8+policy=TaperedDepthProportionalResolution+target=4096,<function upgma at 0x7fcf41625160>
4246,151,151,[141],3001.0,11.5,286061,3001,3002,3001.0,differentia=8+policy=TaperedDepthProportionalResolution+target=4096,<function upgma at 0x7fcf41625160>
4247,152,152,[138],3001.0,11.5,286068,3001,3002,3001.0,differentia=8+policy=TaperedDepthProportionalResolution+target=4096,<function upgma at 0x7fcf41625160>
4248,153,153,[137],2997.5,8.0,Inner4,2996,3000,2997.5,differentia=8+policy=TaperedDepthProportionalResolution+target=4096,<function upgma at 0x7fcf41625160>
4249,154,154,[153],2997.5,0.0,Inner3,2996,3000,2997.5,differentia=8+policy=TaperedDepthProportionalResolution+target=4096,<function upgma at 0x7fcf41625160>
4250,155,155,[154],2997.5,0.0,Inner2,2996,3000,2997.5,differentia=8+policy=TaperedDepthProportionalResolution+target=4096,<function upgma at 0x7fcf41625160>
4251,156,156,[155],3001.0,3.5,286019,3001,3002,3001.0,differentia=8+policy=TaperedDepthProportionalResolution+target=4096,<function upgma at 0x7fcf41625160>
4252,157,157,[155],3001.0,3.5,286070,3001,3002,3001.0,differentia=8+policy=TaperedDepthProportionalResolution+target=4096,<function upgma at 0x7fcf41625160>
4253,158,158,[154],3001.0,3.5,286071,3001,3002,3001.0,differentia=8+policy=TaperedDepthProportionalResolution+target=4096,<function upgma at 0x7fcf41625160>
4254,159,159,[153],3001.0,3.5,286079,3001,3002,3001.0,differentia=8+policy=TaperedDepthProportionalResolution+target=4096,<function upgma at 0x7fcf41625160>
4255,160,160,[112],2977.5,8.0,Inner133,2976,2980,2977.5,differentia=8+policy=TaperedDepthProportionalResolution+target=4096,<function upgma at 0x7fcf41625160>
4256,161,161,[160],3001.0,23.5,286014,3001,3002,3001.0,differentia=8+policy=TaperedDepthProportionalResolution+target=4096,<function upgma at 0x7fcf41625160>
4257,162,162,[160],2977.5,0.0,Inner132,2976,2980,2977.5,differentia=8+policy=TaperedDepthProportionalResolution+target=4096,<function upgma at 0x7fcf41625160>
4258,163,163,[162],2977.5,0.0,Inner131,2976,2980,2977.5,differentia=8+policy=TaperedDepthProportionalResolution+target=4096,<function upgma at 0x7fcf41625160>
4259,164,164,[163],2977.5,0.0,Inner130,2976,2980,2977.5,differentia=8+policy=TaperedDepthProportionalResolution+target=4096,<function upgma at 0x7fcf41625160>
4260,165,165,[164],2977.5,0.0,Inner127,2976,2980,2977.5,differentia=8+policy=TaperedDepthProportionalResolution+target=4096,<function upgma at 0x7fcf41625160>
4261,166,166,[165],2993.0,15.5,285310,2993,2994,2993.0,differentia=8+policy=TaperedDepthProportionalResolution+target=4096,<function upgma at 0x7fcf41625160>
4262,167,167,[165],2999.0,21.5,285803,2999,3000,2999.0,differentia=8+policy=TaperedDepthProportionalResolution+target=4096,<function upgma at 0x7fcf41625160>
4263,168,168,[164],2993.5,16.0,Inner14,2992,2996,2993.5,differentia=8+policy=TaperedDepthProportionalResolution+target=4096,<function upgma at 0x7fcf41625160>
4264,169,169,[168],2993.5,0.0,Inner12,2992,2996,2993.5,differentia=8+policy=TaperedDepthProportionalResolution+target=4096,<function upgma at 0x7fcf41625160>
4265,170,170,[169],2993.5,0.0,Inner8,2992,2996,2993.5,differentia=8+policy=TaperedDepthProportionalResolution+target=4096,<function upgma at 0x7fcf41625160>
4266,171,171,[170],2993.5,0.0,Inner5,2992,2996,2993.5,differentia=8+policy=TaperedDepthProportionalResolution+target=4096,<function upgma at 0x7fcf41625160>
4267,172,172,[171],3000.0,6.5,285963,3000,3001,3000.0,differentia=8+policy=TaperedDepthProportionalResolution+target=4096,<function upgma at 0x7fcf41625160>
4268,173,173,[171],3000.0,6.5,285968,3000,3001,3000.0,differentia=8+policy=TaperedDepthProportionalResolution+target=4096,<function upgma at 0x7fcf41625160>
4269,174,174,[170],3001.0,7.5,286020,3001,3002,3001.0,differentia=8+policy=TaperedDepthProportionalResolution+target=4096,<function upgma at 0x7fcf41625160>
4270,175,175,[169],3001.0,7.5,286048,3001,3002,3001.0,differentia=8+policy=TaperedDepthProportionalResolution+target=4096,<function upgma at 0x7fcf41625160>
4271,176,176,[168],3001.0,7.5,286075,3001,3002,3001.0,differentia=8+policy=TaperedDepthProportionalResolution+target=4096,<function upgma at 0x7fcf41625160>
4272,177,177,[163],2985.5,8.0,Inner124,2984,2988,2985.5,differentia=8+policy=TaperedDepthProportionalResolution+target=4096,<function upgma at 0x7fcf41625160>
4273,178,178,[177],3001.0,15.5,286073,3001,3002,3001.0,differentia=8+policy=TaperedDepthProportionalResolution+target=4096,<function upgma at 0x7fcf41625160>
4274,179,179,[177],2985.5,0.0,Inner123,2984,2988,2985.5,differentia=8+policy=TaperedDepthProportionalResolution+target=4096,<function upgma at 0x7fcf41625160>
4275,180,180,[179],3001.0,15.5,286072,3001,3002,3001.0,differentia=8+policy=TaperedDepthProportionalResolution+target=4096,<function upgma at 0x7fcf41625160>
4276,181,181,[179],2985.5,0.0,Inner122,2984,2988,2985.5,differentia=8+policy=TaperedDepthProportionalResolution+target=4096,<function upgma at 0x7fcf41625160>
4277,182,182,[181],3001.0,15.5,286050,3001,3002,3001.0,differentia=8+policy=TaperedDepthProportionalResolution+target=4096,<function upgma at 0x7fcf41625160>
4278,183,183,[181],2985.5,0.0,Inner121,2984,2988,2985.5,differentia=8+policy=TaperedDepthProportionalResolution+target=4096,<function upgma at 0x7fcf41625160>
4279,184,184,[183],3001.0,15.5,286049,3001,3002,3001.0,differentia=8+policy=TaperedDepthProportionalResolution+target=4096,<function upgma at 0x7fcf41625160>
4280,185,185,[183],2985.5,0.0,Inner120,2984,2988,2985.5,differentia=8+policy=TaperedDepthProportionalResolution+target=4096,<function upgma at 0x7fcf41625160>
4281,186,186,[185],3001.0,15.5,286047,3001,3002,3001.0,differentia=8+policy=TaperedDepthProportionalResolution+target=4096,<function upgma at 0x7fcf41625160>
4282,187,187,[185],2985.5,0.0,Inner119,2984,2988,2985.5,differentia=8+policy=TaperedDepthProportionalResolution+target=4096,<function upgma at 0x7fcf41625160>
4283,188,188,[187],3001.0,15.5,286043,3001,3002,3001.0,differentia=8+policy=TaperedDepthProportionalResolution+target=4096,<function upgma at 0x7fcf41625160>
4284,189,189,[187],2985.5,0.0,Inner118,2984,2988,2985.5,differentia=8+policy=TaperedDepthProportionalResolution+target=4096,<function upgma at 0x7fcf41625160>
4285,190,190,[189],3001.0,15.5,286034,3001,3002,3001.0,differentia=8+policy=TaperedDepthProportionalResolution+target=4096,<function upgma at 0x7fcf41625160>
4286,191,191,[189],2985.5,0.0,Inner117,2984,2988,2985.5,differentia=8+policy=TaperedDepthProportionalResolution+target=4096,<function upgma at 0x7fcf41625160>
4287,192,192,[191],3001.0,15.5,286031,3001,3002,3001.0,differentia=8+policy=TaperedDepthProportionalResolution+target=4096,<function upgma at 0x7fcf41625160>
4288,193,193,[191],2985.5,0.0,Inner116,2984,2988,2985.5,differentia=8+policy=TaperedDepthProportionalResolution+target=4096,<function upgma at 0x7fcf41625160>
4289,194,194,[193],3001.0,15.5,286023,3001,3002,3001.0,differentia=8+policy=TaperedDepthProportionalResolution+target=4096,<function upgma at 0x7fcf41625160>
4290,195,195,[193],2985.5,0.0,Inner115,2984,2988,2985.5,differentia=8+policy=TaperedDepthProportionalResolution+target=4096,<function upgma at 0x7fcf41625160>
4291,196,196,[195],3001.0,15.5,286018,3001,3002,3001.0,differentia=8+policy=TaperedDepthProportionalResolution+target=4096,<function upgma at 0x7fcf41625160>
4292,197,197,[195],2985.5,0.0,Inner114,2984,2988,2985.5,differentia=8+policy=TaperedDepthProportionalResolution+target=4096,<function upgma at 0x7fcf41625160>
4293,198,198,[197],3001.0,15.5,286013,3001,3002,3001.0,differentia=8+policy=TaperedDepthProportionalResolution+target=4096,<function upgma at 0x7fcf41625160>
4294,199,199,[197],2985.5,0.0,Inner113,2984,2988,2985.5,differentia=8+policy=TaperedDepthProportionalResolution+target=4096,<function upgma at 0x7fcf41625160>
4295,200,200,[199],3001.0,15.5,286007,3001,3002,3001.0,differentia=8+policy=TaperedDepthProportionalResolution+target=4096,<function upgma at 0x7fcf41625160>
4296,201,201,[199],2985.5,0.0,Inner112,2984,2988,2985.5,differentia=8+policy=TaperedDepthProportionalResolution+target=4096,<function upgma at 0x7fcf41625160>
4297,202,202,[201],3001.0,15.5,286005,3001,3002,3001.0,differentia=8+policy=TaperedDepthProportionalResolution+target=4096,<function upgma at 0x7fcf41625160>
4298,203,203,[201],2985.5,0.0,Inner111,2984,2988,2985.5,differentia=8+policy=TaperedDepthProportionalResolution+target=4096,<function upgma at 0x7fcf41625160>
4299,204,204,[203],3001.0,15.5,285994,3001,3002,3001.0,differentia=8+policy=TaperedDepthProportionalResolution+target=4096,<function upgma at 0x7fcf41625160>
4300,205,205,[203],2985.5,0.0,Inner110,2984,2988,2985.5,differentia=8+policy=TaperedDepthProportionalResolution+target=4096,<function upgma at 0x7fcf41625160>
4301,206,206,[205],3001.0,15.5,285988,3001,3002,3001.0,differentia=8+policy=TaperedDepthProportionalResolution+target=4096,<function upgma at 0x7fcf41625160>
4302,207,207,[205],2985.5,0.0,Inner109,2984,2988,2985.5,differentia=8+policy=TaperedDepthProportionalResolution+target=4096,<function upgma at 0x7fcf41625160>
4303,208,208,[207],3001.0,15.5,285986,3001,3002,3001.0,differentia=8+policy=TaperedDepthProportionalResolution+target=4096,<function upgma at 0x7fcf41625160>
4304,209,209,[207],2985.5,0.0,Inner108,2984,2988,2985.5,differentia=8+policy=TaperedDepthProportionalResolution+target=4096,<function upgma at 0x7fcf41625160>
4305,210,210,[209],3001.0,15.5,285983,3001,3002,3001.0,differentia=8+policy=TaperedDepthProportionalResolution+target=4096,<function upgma at 0x7fcf41625160>
4306,211,211,[209],2985.5,0.0,Inner107,2984,2988,2985.5,differentia=8+policy=TaperedDepthProportionalResolution+target=4096,<function upgma at 0x7fcf41625160>
4307,212,212,[211],3001.0,15.5,285981,3001,3002,3001.0,differentia=8+policy=TaperedDepthProportionalResolution+target=4096,<function upgma at 0x7fcf41625160>
4308,213,213,[211],2985.5,0.0,Inner106,2984,2988,2985.5,differentia=8+policy=TaperedDepthProportionalResolution+target=4096,<function upgma at 0x7fcf41625160>
4309,214,214,[213],3001.0,15.5,286011,3001,3002,3001.0,differentia=8+policy=TaperedDepthProportionalResolution+target=4096,<function upgma at 0x7fcf41625160>
4310,215,215,[213],2985.5,0.0,Inner105,2984,2988,2985.5,differentia=8+policy=TaperedDepthProportionalResolution+target=4096,<function upgma at 0x7fcf41625160>
4311,216,216,[215],3001.0,15.5,286004,3001,3002,3001.0,differentia=8+policy=TaperedDepthProportionalResolution+target=4096,<function upgma at 0x7fcf41625160>
4312,217,217,[215],2985.5,0.0,Inner104,2984,2988,2985.5,differentia=8+policy=TaperedDepthProportionalResolution+target=4096,<function upgma at 0x7fcf41625160>
4313,218,218,[217],3001.0,15.5,286015,3001,3002,3001.0,differentia=8+policy=TaperedDepthProportionalResolution+target=4096,<function upgma at 0x7fcf41625160>
4314,219,219,[217],2985.5,0.0,Inner103,2984,2988,2985.5,differentia=8+policy=TaperedDepthProportionalResolution+target=4096,<function upgma at 0x7fcf41625160>
4315,220,220,[219],2985.5,0.0,Inner102,2984,2988,2985.5,differentia=8+policy=TaperedDepthProportionalResolution+target=4096,<function upgma at 0x7fcf41625160>
4316,221,221,[220],2985.5,0.0,Inner101,2984,2988,2985.5,differentia=8+policy=TaperedDepthProportionalResolution+target=4096,<function upgma at 0x7fcf41625160>
4317,222,222,[221],3001.0,15.5,286037,3001,3002,3001.0,differentia=8+policy=TaperedDepthProportionalResolution+target=4096,<function upgma at 0x7fcf41625160>
4318,223,223,[221],2985.5,0.0,Inner100,2984,2988,2985.5,differentia=8+policy=TaperedDepthProportionalResolution+target=4096,<function upgma at 0x7fcf41625160>
4319,224,224,[223],3001.0,15.5,286009,3001,3002,3001.0,differentia=8+policy=TaperedDepthProportionalResolution+target=4096,<function upgma at 0x7fcf41625160>
4320,225,225,[223],2985.5,0.0,Inner99,2984,2988,2985.5,differentia=8+policy=TaperedDepthProportionalResolution+target=4096,<function upgma at 0x7fcf41625160>
4321,226,226,[225],2985.5,0.0,Inner98,2984,2988,2985.5,differentia=8+policy=TaperedDepthProportionalResolution+target=4096,<function upgma at 0x7fcf41625160>
4322,227,227,[226],3000.0,14.5,285964,3000,3001,3000.0,differentia=8+policy=TaperedDepthProportionalResolution+target=4096,<function upgma at 0x7fcf41625160>
4323,228,228,[226],2985.5,0.0,Inner97,2984,2988,2985.5,differentia=8+policy=TaperedDepthProportionalResolution+target=4096,<function upgma at 0x7fcf41625160>
4324,229,229,[228],3000.0,14.5,285959,3000,3001,3000.0,differentia=8+policy=TaperedDepthProportionalResolution+target=4096,<function upgma at 0x7fcf41625160>
4325,230,230,[228],2985.5,0.0,Inner96,2984,2988,2985.5,differentia=8+policy=TaperedDepthProportionalResolution+target=4096,<function upgma at 0x7fcf41625160>
4326,231,231,[230],3000.0,14.5,285946,3000,3001,3000.0,differentia=8+policy=TaperedDepthProportionalResolution+target=4096,<function upgma at 0x7fcf41625160>
4327,232,232,[230],2985.5,0.0,Inner95,2984,2988,2985.5,differentia=8+policy=TaperedDepthProportionalResolution+target=4096,<function upgma at 0x7fcf41625160>
4328,233,233,[232],3000.0,14.5,285935,3000,3001,3000.0,differentia=8+policy=TaperedDepthProportionalResolution+target=4096,<function upgma at 0x7fcf41625160>
4329,234,234,[232],2985.5,0.0,Inner94,2984,2988,2985.5,differentia=8+policy=TaperedDepthProportionalResolution+target=4096,<function upgma at 0x7fcf41625160>
4330,235,235,[234],3000.0,14.5,285925,3000,3001,3000.0,differentia=8+policy=TaperedDepthProportionalResolution+target=4096,<function upgma at 0x7fcf41625160>
4331,236,236,[234],2985.5,0.0,Inner93,2984,2988,2985.5,differentia=8+policy=TaperedDepthProportionalResolution+target=4096,<function upgma at 0x7fcf41625160>
4332,237,237,[236],3000.0,14.5,285912,3000,3001,3000.0,differentia=8+policy=TaperedDepthProportionalResolution+target=4096,<function upgma at 0x7fcf41625160>
4333,238,238,[236],2985.5,0.0,Inner92,2984,2988,2985.5,differentia=8+policy=TaperedDepthProportionalResolution+target=4096,<function upgma at 0x7fcf41625160>
4334,239,239,[238],3000.0,14.5,285909,3000,3001,3000.0,differentia=8+policy=TaperedDepthProportionalResolution+target=4096,<function upgma at 0x7fcf41625160>
4335,240,240,[238],2985.5,0.0,Inner91,2984,2988,2985.5,differentia=8+policy=TaperedDepthProportionalResolution+target=4096,<function upgma at 0x7fcf41625160>
4336,241,241,[240],3000.0,14.5,285892,3000,3001,3000.0,differentia=8+policy=TaperedDepthProportionalResolution+target=4096,<function upgma at 0x7fcf41625160>
4337,242,242,[240],2985.5,0.0,Inner90,2984,2988,2985.5,differentia=8+policy=TaperedDepthProportionalResolution+target=4096,<function upgma at 0x7fcf41625160>
4338,243,243,[242],2985.5,0.0,Inner89,2984,2988,2985.5,differentia=8+policy=TaperedDepthProportionalResolution+target=4096,<function upgma at 0x7fcf41625160>
4339,244,244,[243],2985.5,0.0,Inner88,2984,2988,2985.5,differentia=8+policy=TaperedDepthProportionalResolution+target=4096,<function upgma at 0x7fcf41625160>
4340,245,245,[244],2985.5,0.0,Inner87,2984,2988,2985.5,differentia=8+policy=TaperedDepthProportionalResolution+target=4096,<function upgma at 0x7fcf41625160>
4341,246,246,[245],2985.5,0.0,Inner86,2984,2988,2985.5,differentia=8+policy=TaperedDepthProportionalResolution+target=4096,<function upgma at 0x7fcf41625160>
4342,247,247,[246],2997.0,11.5,285634,2997,2998,2997.0,differentia=8+policy=TaperedDepthProportionalResolution+target=4096,<function upgma at 0x7fcf41625160>
4343,248,248,[246],2998.0,12.5,285722,2998,2999,2998.0,differentia=8+policy=TaperedDepthProportionalResolution+target=4096,<function upgma at 0x7fcf41625160>
4344,249,249,[245],2998.0,12.5,285725,2998,2999,2998.0,differentia=8+policy=TaperedDepthProportionalResolution+target=4096,<function upgma at 0x7fcf41625160>
4345,250,250,[244],2999.0,13.5,285874,2999,3000,2999.0,differentia=8+policy=TaperedDepthProportionalResolution+target=4096,<function upgma at 0x7fcf41625160>
4346,251,251,[243],2999.0,13.5,285879,2999,3000,2999.0,differentia=8+policy=TaperedDepthProportionalResolution+target=4096,<function upgma at 0x7fcf41625160>
4347,252,252,[242],3000.0,14.5,285970,3000,3001,3000.0,differentia=8+policy=TaperedDepthProportionalResolution+target=4096,<function upgma at 0x7fcf41625160>
4348,253,253,[225],3001.0,15.5,286041,3001,3002,3001.0,differentia=8+policy=TaperedDepthProportionalResolution+target=4096,<function upgma at 0x7fcf41625160>
4349,254,254,[220],3001.0,15.5,286057,3001,3002,3001.0,differentia=8+policy=TaperedDepthProportionalResolution+target=4096,<function upgma at 0x7fcf41625160>
4350,255,255,[219],2997.5,12.0,Inner1,2996,3000,2997.5,differentia=8+policy=TaperedDepthProportionalResolution+target=4096,<function upgma at 0x7fcf41625160>
4351,256,256,[255],3001.0,3.5,286054,3001,3002,3001.0,differentia=8+policy=TaperedDepthProportionalResolution+target=4096,<function upgma at 0x7fcf41625160>
4352,257,257,[255],3001.0,3.5,286078,3001,3002,3001.0,differentia=8+policy=TaperedDepthProportionalResolution+target=4096,<function upgma at 0x7fcf41625160>
4353,258,258,[162],2993.5,16.0,Inner22,2992,2996,2993.5,differentia=8+policy=TaperedDepthProportionalResolution+target=4096,<function upgma at 0x7fcf41625160>
4354,259,259,[258],3001.0,7.5,286040,3001,3002,3001.0,differentia=8+policy=TaperedDepthProportionalResolution+target=4096,<function upgma at 0x7fcf41625160>
4355,260,260,[258],2993.5,0.0,Inner21,2992,2996,2993.5,differentia=8+policy=TaperedDepthProportionalResolution+target=4096,<function upgma at 0x7fcf41625160>
4356,261,261,[260],3001.0,7.5,286044,3001,3002,3001.0,differentia=8+policy=TaperedDepthProportionalResolution+target=4096,<function upgma at 0x7fcf41625160>
4357,262,262,[260],2993.5,0.0,Inner20,2992,2996,2993.5,differentia=8+policy=TaperedDepthProportionalResolution+target=4096,<function upgma at 0x7fcf41625160>
4358,263,263,[262],3001.0,7.5,285995,3001,3002,3001.0,differentia=8+policy=TaperedDepthProportionalResolution+target=4096,<function upgma at 0x7fcf41625160>
4359,264,264,[262],2993.5,0.0,Inner19,2992,2996,2993.5,differentia=8+policy=TaperedDepthProportionalResolution+target=4096,<function upgma at 0x7fcf41625160>
4360,265,265,[264],3001.0,7.5,285993,3001,3002,3001.0,differentia=8+policy=TaperedDepthProportionalResolution+target=4096,<function upgma at 0x7fcf41625160>
4361,266,266,[264],2993.5,0.0,Inner18,2992,2996,2993.5,differentia=8+policy=TaperedDepthProportionalResolution+target=4096,<function upgma at 0x7fcf41625160>
4362,267,267,[266],3001.0,7.5,286001,3001,3002,3001.0,differentia=8+policy=TaperedDepthProportionalResolution+target=4096,<function upgma at 0x7fcf41625160>
4363,268,268,[266],2993.5,0.0,Inner17,2992,2996,2993.5,differentia=8+policy=TaperedDepthProportionalResolution+target=4096,<function upgma at 0x7fcf41625160>
4364,269,269,[268],2993.5,0.0,Inner16,2992,2996,2993.5,differentia=8+policy=TaperedDepthProportionalResolution+target=4096,<function upgma at 0x7fcf41625160>
4365,270,270,[269],3001.0,7.5,286021,3001,3002,3001.0,differentia=8+policy=TaperedDepthProportionalResolution+target=4096,<function upgma at 0x7fcf41625160>
4366,271,271,[269],3001.0,7.5,286046,3001,3002,3001.0,differentia=8+policy=TaperedDepthProportionalResolution+target=4096,<function upgma at 0x7fcf41625160>
4367,272,272,[268],3001.0,7.5,286083,3001,3002,3001.0,differentia=8+policy=TaperedDepthProportionalResolution+target=4096,<function upgma at 0x7fcf41625160>
4368,0,0,[None],2927.5,2927.5,Inner136,2912,2944,2927.5,differentia=8+policy=TaperedDepthProportionalResolution+target=512,<function upgma at 0x7fcf41625160>
4369,1,1,[0],2987.0,59.5,Inner133,2976,2999,2987.0,differentia=8+policy=TaperedDepthProportionalResolution+target=512,<function upgma at 0x7fcf41625160>
4370,2,2,[1],2987.0,0.0,Inner132,2976,2999,2987.0,differentia=8+policy=TaperedDepthProportionalResolution+target=512,<function upgma at 0x7fcf41625160>
4371,3,3,[2],2987.0,0.0,Inner131,2976,2999,2987.0,differentia=8+policy=TaperedDepthProportionalResolution+target=512,<function upgma at 0x7fcf41625160>
4372,4,4,[3],2987.0,0.0,Inner130,2976,2999,2987.0,differentia=8+policy=TaperedDepthProportionalResolution+target=512,<function upgma at 0x7fcf41625160>
4373,5,5,[4],3001.0,14.0,286076,3001,3002,3001.0,differentia=8+policy=TaperedDepthProportionalResolution+target=512,<function upgma at 0x7fcf41625160>
4374,6,6,[4],2987.0,0.0,Inner129,2976,2999,2987.0,differentia=8+policy=TaperedDepthProportionalResolution+target=512,<function upgma at 0x7fcf41625160>
4375,7,7,[6],3001.0,14.0,286065,3001,3002,3001.0,differentia=8+policy=TaperedDepthProportionalResolution+target=512,<function upgma at 0x7fcf41625160>
4376,8,8,[6],2987.0,0.0,Inner128,2976,2999,2987.0,differentia=8+policy=TaperedDepthProportionalResolution+target=512,<function upgma at 0x7fcf41625160>
4377,9,9,[8],3001.0,14.0,286060,3001,3002,3001.0,differentia=8+policy=TaperedDepthProportionalResolution+target=512,<function upgma at 0x7fcf41625160>
4378,10,10,[8],2987.0,0.0,Inner127,2976,2999,2987.0,differentia=8+policy=TaperedDepthProportionalResolution+target=512,<function upgma at 0x7fcf41625160>
4379,11,11,[10],3001.0,14.0,286059,3001,3002,3001.0,differentia=8+policy=TaperedDepthProportionalResolution+target=512,<function upgma at 0x7fcf41625160>
4380,12,12,[10],2987.0,0.0,Inner126,2976,2999,2987.0,differentia=8+policy=TaperedDepthProportionalResolution+target=512,<function upgma at 0x7fcf41625160>
4381,13,13,[12],3001.0,14.0,286058,3001,3002,3001.0,differentia=8+policy=TaperedDepthProportionalResolution+target=512,<function upgma at 0x7fcf41625160>
4382,14,14,[12],2987.0,0.0,Inner125,2976,2999,2987.0,differentia=8+policy=TaperedDepthProportionalResolution+target=512,<function upgma at 0x7fcf41625160>
4383,15,15,[14],3001.0,14.0,286056,3001,3002,3001.0,differentia=8+policy=TaperedDepthProportionalResolution+target=512,<function upgma at 0x7fcf41625160>
4384,16,16,[14],2987.0,0.0,Inner124,2976,2999,2987.0,differentia=8+policy=TaperedDepthProportionalResolution+target=512,<function upgma at 0x7fcf41625160>
4385,17,17,[16],3001.0,14.0,286053,3001,3002,3001.0,differentia=8+policy=TaperedDepthProportionalResolution+target=512,<function upgma at 0x7fcf41625160>
4386,18,18,[16],2987.0,0.0,Inner123,2976,2999,2987.0,differentia=8+policy=TaperedDepthProportionalResolution+target=512,<function upgma at 0x7fcf41625160>
4387,19,19,[18],3001.0,14.0,286051,3001,3002,3001.0,differentia=8+policy=TaperedDepthProportionalResolution+target=512,<function upgma at 0x7fcf41625160>
4388,20,20,[18],2987.0,0.0,Inner121,2976,2999,2987.0,differentia=8+policy=TaperedDepthProportionalResolution+target=512,<function upgma at 0x7fcf41625160>
4389,21,21,[20],2987.0,0.0,Inner119,2976,2999,2987.0,differentia=8+policy=TaperedDepthProportionalResolution+target=512,<function upgma at 0x7fcf41625160>
4390,22,22,[21],3001.0,14.0,286042,3001,3002,3001.0,differentia=8+policy=TaperedDepthProportionalResolution+target=512,<function upgma at 0x7fcf41625160>
4391,23,23,[21],2987.0,0.0,Inner117,2976,2999,2987.0,differentia=8+policy=TaperedDepthProportionalResolution+target=512,<function upgma at 0x7fcf41625160>
4392,24,24,[23],3001.0,14.0,286039,3001,3002,3001.0,differentia=8+policy=TaperedDepthProportionalResolution+target=512,<function upgma at 0x7fcf41625160>
4393,25,25,[23],2987.0,0.0,Inner115,2976,2999,2987.0,differentia=8+policy=TaperedDepthProportionalResolution+target=512,<function upgma at 0x7fcf41625160>
4394,26,26,[25],3001.0,14.0,286038,3001,3002,3001.0,differentia=8+policy=TaperedDepthProportionalResolution+target=512,<function upgma at 0x7fcf41625160>
4395,27,27,[25],2987.0,0.0,Inner113,2976,2999,2987.0,differentia=8+policy=TaperedDepthProportionalResolution+target=512,<function upgma at 0x7fcf41625160>
4396,28,28,[27],3001.0,14.0,286036,3001,3002,3001.0,differentia=8+policy=TaperedDepthProportionalResolution+target=512,<function upgma at 0x7fcf41625160>
4397,29,29,[27],2987.0,0.0,Inner111,2976,2999,2987.0,differentia=8+policy=TaperedDepthProportionalResolution+target=512,<function upgma at 0x7fcf41625160>
4398,30,30,[29],3001.0,14.0,286032,3001,3002,3001.0,differentia=8+policy=TaperedDepthProportionalResolution+target=512,<function upgma at 0x7fcf41625160>
4399,31,31,[29],2987.0,0.0,Inner109,2976,2999,2987.0,differentia=8+policy=TaperedDepthProportionalResolution+target=512,<function upgma at 0x7fcf41625160>
4400,32,32,[31],3000.0,13.0,Inner10,3000,3001,3000.0,differentia=8+policy=TaperedDepthProportionalResolution+target=512,<function upgma at 0x7fcf41625160>
4401,33,33,[32],3001.0,1.0,286016,3001,3002,3001.0,differentia=8+policy=TaperedDepthProportionalResolution+target=512,<function upgma at 0x7fcf41625160>
4402,34,34,[32],3001.0,1.0,286030,3001,3002,3001.0,differentia=8+policy=TaperedDepthProportionalResolution+target=512,<function upgma at 0x7fcf41625160>
4403,35,35,[31],2987.0,0.0,Inner107,2976,2999,2987.0,differentia=8+policy=TaperedDepthProportionalResolution+target=512,<function upgma at 0x7fcf41625160>
4404,36,36,[35],3001.0,14.0,286029,3001,3002,3001.0,differentia=8+policy=TaperedDepthProportionalResolution+target=512,<function upgma at 0x7fcf41625160>
4405,37,37,[35],2987.0,0.0,Inner105,2976,2999,2987.0,differentia=8+policy=TaperedDepthProportionalResolution+target=512,<function upgma at 0x7fcf41625160>
4406,38,38,[37],3001.0,14.0,286027,3001,3002,3001.0,differentia=8+policy=TaperedDepthProportionalResolution+target=512,<function upgma at 0x7fcf41625160>
4407,39,39,[37],2987.0,0.0,Inner103,2976,2999,2987.0,differentia=8+policy=TaperedDepthProportionalResolution+target=512,<function upgma at 0x7fcf41625160>
4408,40,40,[39],3001.0,14.0,286026,3001,3002,3001.0,differentia=8+policy=TaperedDepthProportionalResolution+target=512,<function upgma at 0x7fcf41625160>
4409,41,41,[39],2987.0,0.0,Inner101,2976,2999,2987.0,differentia=8+policy=TaperedDepthProportionalResolution+target=512,<function upgma at 0x7fcf41625160>
4410,42,42,[41],3001.0,14.0,286045,3001,3002,3001.0,differentia=8+policy=TaperedDepthProportionalResolution+target=512,<function upgma at 0x7fcf41625160>
4411,43,43,[41],2987.0,0.0,Inner99,2976,2999,2987.0,differentia=8+policy=TaperedDepthProportionalResolution+target=512,<function upgma at 0x7fcf41625160>
4412,44,44,[43],3001.0,14.0,286025,3001,3002,3001.0,differentia=8+policy=TaperedDepthProportionalResolution+target=512,<function upgma at 0x7fcf41625160>
4413,45,45,[43],2987.0,0.0,Inner97,2976,2999,2987.0,differentia=8+policy=TaperedDepthProportionalResolution+target=512,<function upgma at 0x7fcf41625160>
4414,46,46,[45],3001.0,14.0,286024,3001,3002,3001.0,differentia=8+policy=TaperedDepthProportionalResolution+target=512,<function upgma at 0x7fcf41625160>
4415,47,47,[45],2987.0,0.0,Inner95,2976,2999,2987.0,differentia=8+policy=TaperedDepthProportionalResolution+target=512,<function upgma at 0x7fcf41625160>
4416,48,48,[47],3001.0,14.0,286017,3001,3002,3001.0,differentia=8+policy=TaperedDepthProportionalResolution+target=512,<function upgma at 0x7fcf41625160>
4417,49,49,[47],2987.0,0.0,Inner93,2976,2999,2987.0,differentia=8+policy=TaperedDepthProportionalResolution+target=512,<function upgma at 0x7fcf41625160>
4418,50,50,[49],3001.0,14.0,286012,3001,3002,3001.0,differentia=8+policy=TaperedDepthProportionalResolution+target=512,<function upgma at 0x7fcf41625160>
4419,51,51,[49],2987.0,0.0,Inner91,2976,2999,2987.0,differentia=8+policy=TaperedDepthProportionalResolution+target=512,<function upgma at 0x7fcf41625160>
4420,52,52,[51],2987.0,0.0,Inner88,2976,2999,2987.0,differentia=8+policy=TaperedDepthProportionalResolution+target=512,<function upgma at 0x7fcf41625160>
4421,53,53,[52],3001.0,14.0,286003,3001,3002,3001.0,differentia=8+policy=TaperedDepthProportionalResolution+target=512,<function upgma at 0x7fcf41625160>
4422,54,54,[52],2987.0,0.0,Inner85,2976,2999,2987.0,differentia=8+policy=TaperedDepthProportionalResolution+target=512,<function upgma at 0x7fcf41625160>
4423,55,55,[54],3001.0,14.0,286035,3001,3002,3001.0,differentia=8+policy=TaperedDepthProportionalResolution+target=512,<function upgma at 0x7fcf41625160>
4424,56,56,[54],2987.0,0.0,Inner82,2976,2999,2987.0,differentia=8+policy=TaperedDepthProportionalResolution+target=512,<function upgma at 0x7fcf41625160>
4425,57,57,[56],3001.0,14.0,286002,3001,3002,3001.0,differentia=8+policy=TaperedDepthProportionalResolution+target=512,<function upgma at 0x7fcf41625160>
4426,58,58,[56],2987.0,0.0,Inner79,2976,2999,2987.0,differentia=8+policy=TaperedDepthProportionalResolution+target=512,<function upgma at 0x7fcf41625160>
4427,59,59,[58],3001.0,14.0,286000,3001,3002,3001.0,differentia=8+policy=TaperedDepthProportionalResolution+target=512,<function upgma at 0x7fcf41625160>
4428,60,60,[58],2987.0,0.0,Inner76,2976,2999,2987.0,differentia=8+policy=TaperedDepthProportionalResolution+target=512,<function upgma at 0x7fcf41625160>
4429,61,61,[60],3001.0,14.0,285999,3001,3002,3001.0,differentia=8+policy=TaperedDepthProportionalResolution+target=512,<function upgma at 0x7fcf41625160>
4430,62,62,[60],2987.0,0.0,Inner73,2976,2999,2987.0,differentia=8+policy=TaperedDepthProportionalResolution+target=512,<function upgma at 0x7fcf41625160>
4431,63,63,[62],3000.0,13.0,Inner9,3000,3001,3000.0,differentia=8+policy=TaperedDepthProportionalResolution+target=512,<function upgma at 0x7fcf41625160>
4432,64,64,[63],3001.0,1.0,285991,3001,3002,3001.0,differentia=8+policy=TaperedDepthProportionalResolution+target=512,<function upgma at 0x7fcf41625160>
4433,65,65,[63],3001.0,1.0,285998,3001,3002,3001.0,differentia=8+policy=TaperedDepthProportionalResolution+target=512,<function upgma at 0x7fcf41625160>
4434,66,66,[62],2987.0,0.0,Inner70,2976,2999,2987.0,differentia=8+policy=TaperedDepthProportionalResolution+target=512,<function upgma at 0x7fcf41625160>
4435,67,67,[66],3001.0,14.0,285996,3001,3002,3001.0,differentia=8+policy=TaperedDepthProportionalResolution+target=512,<function upgma at 0x7fcf41625160>
4436,68,68,[66],2987.0,0.0,Inner67,2976,2999,2987.0,differentia=8+policy=TaperedDepthProportionalResolution+target=512,<function upgma at 0x7fcf41625160>
4437,69,69,[68],3001.0,14.0,285990,3001,3002,3001.0,differentia=8+policy=TaperedDepthProportionalResolution+target=512,<function upgma at 0x7fcf41625160>
4438,70,70,[68],2987.0,0.0,Inner64,2976,2999,2987.0,differentia=8+policy=TaperedDepthProportionalResolution+target=512,<function upgma at 0x7fcf41625160>
4439,71,71,[70],3001.0,14.0,285984,3001,3002,3001.0,differentia=8+policy=TaperedDepthProportionalResolution+target=512,<function upgma at 0x7fcf41625160>
4440,72,72,[70],2987.0,0.0,Inner61,2976,2999,2987.0,differentia=8+policy=TaperedDepthProportionalResolution+target=512,<function upgma at 0x7fcf41625160>
4441,73,73,[72],3001.0,14.0,285982,3001,3002,3001.0,differentia=8+policy=TaperedDepthProportionalResolution+target=512,<function upgma at 0x7fcf41625160>
4442,74,74,[72],2987.0,0.0,Inner58,2976,2999,2987.0,differentia=8+policy=TaperedDepthProportionalResolution+target=512,<function upgma at 0x7fcf41625160>
4443,75,75,[74],3001.0,14.0,285985,3001,3002,3001.0,differentia=8+policy=TaperedDepthProportionalResolution+target=512,<function upgma at 0x7fcf41625160>
4444,76,76,[74],2987.0,0.0,Inner55,2976,2999,2987.0,differentia=8+policy=TaperedDepthProportionalResolution+target=512,<function upgma at 0x7fcf41625160>
4445,77,77,[76],3001.0,14.0,286062,3001,3002,3001.0,differentia=8+policy=TaperedDepthProportionalResolution+target=512,<function upgma at 0x7fcf41625160>
4446,78,78,[76],2987.0,0.0,Inner52,2976,2999,2987.0,differentia=8+policy=TaperedDepthProportionalResolution+target=512,<function upgma at 0x7fcf41625160>
4447,79,79,[78],3001.0,14.0,286008,3001,3002,3001.0,differentia=8+policy=TaperedDepthProportionalResolution+target=512,<function upgma at 0x7fcf41625160>
4448,80,80,[78],2987.0,0.0,Inner49,2976,2999,2987.0,differentia=8+policy=TaperedDepthProportionalResolution+target=512,<function upgma at 0x7fcf41625160>
4449,81,81,[80],3001.0,14.0,286055,3001,3002,3001.0,differentia=8+policy=TaperedDepthProportionalResolution+target=512,<function upgma at 0x7fcf41625160>
4450,82,82,[80],2987.0,0.0,Inner46,2976,2999,2987.0,differentia=8+policy=TaperedDepthProportionalResolution+target=512,<function upgma at 0x7fcf41625160>
4451,83,83,[82],2987.0,0.0,Inner43,2976,2999,2987.0,differentia=8+policy=TaperedDepthProportionalResolution+target=512,<function upgma at 0x7fcf41625160>
4452,84,84,[83],2987.0,0.0,Inner34,2976,2999,2987.0,differentia=8+policy=TaperedDepthProportionalResolution+target=512,<function upgma at 0x7fcf41625160>
4453,85,85,[84],2987.0,0.0,Inner32,2976,2999,2987.0,differentia=8+policy=TaperedDepthProportionalResolution+target=512,<function upgma at 0x7fcf41625160>
4454,86,86,[85],2987.0,0.0,Inner30,2976,2999,2987.0,differentia=8+policy=TaperedDepthProportionalResolution+target=512,<function upgma at 0x7fcf41625160>
4455,87,87,[86],3000.0,13.0,285936,3000,3001,3000.0,differentia=8+policy=TaperedDepthProportionalResolution+target=512,<function upgma at 0x7fcf41625160>
4456,88,88,[86],2987.0,0.0,Inner28,2976,2999,2987.0,differentia=8+policy=TaperedDepthProportionalResolution+target=512,<function upgma at 0x7fcf41625160>
4457,89,89,[88],3000.0,13.0,285919,3000,3001,3000.0,differentia=8+policy=TaperedDepthProportionalResolution+target=512,<function upgma at 0x7fcf41625160>
4458,90,90,[88],2987.0,0.0,Inner25,2976,2999,2987.0,differentia=8+policy=TaperedDepthProportionalResolution+target=512,<function upgma at 0x7fcf41625160>
4459,91,91,[90],3000.0,13.0,285907,3000,3001,3000.0,differentia=8+policy=TaperedDepthProportionalResolution+target=512,<function upgma at 0x7fcf41625160>
4460,92,92,[90],2986.5,-0.5,Inner24,2976,2998,2986.5,differentia=8+policy=TaperedDepthProportionalResolution+target=512,<function upgma at 0x7fcf41625160>
4461,93,93,[92],2999.0,12.5,285850,2999,3000,2999.0,differentia=8+policy=TaperedDepthProportionalResolution+target=512,<function upgma at 0x7fcf41625160>
4462,94,94,[92],2987.0,0.5,Inner23,2976,2999,2987.0,differentia=8+policy=TaperedDepthProportionalResolution+target=512,<function upgma at 0x7fcf41625160>
4463,95,95,[94],2999.0,12.0,285804,2999,3000,2999.0,differentia=8+policy=TaperedDepthProportionalResolution+target=512,<function upgma at 0x7fcf41625160>
4464,96,96,[94],3000.0,13.0,285950,3000,3001,3000.0,differentia=8+policy=TaperedDepthProportionalResolution+target=512,<function upgma at 0x7fcf41625160>
4465,97,97,[85],3000.0,13.0,285972,3000,3001,3000.0,differentia=8+policy=TaperedDepthProportionalResolution+target=512,<function upgma at 0x7fcf41625160>
4466,98,98,[84],3000.0,13.0,285980,3000,3001,3000.0,differentia=8+policy=TaperedDepthProportionalResolution+target=512,<function upgma at 0x7fcf41625160>
4467,99,99,[83],3001.0,14.0,285989,3001,3002,3001.0,differentia=8+policy=TaperedDepthProportionalResolution+target=512,<function upgma at 0x7fcf41625160>
4468,100,100,[82],3001.0,14.0,286063,3001,3002,3001.0,differentia=8+policy=TaperedDepthProportionalResolution+target=512,<function upgma at 0x7fcf41625160>
4469,101,101,[51],3000.0,13.0,Inner8,3000,3001,3000.0,differentia=8+policy=TaperedDepthProportionalResolution+target=512,<function upgma at 0x7fcf41625160>
4470,102,102,[101],3001.0,1.0,286010,3001,3002,3001.0,differentia=8+policy=TaperedDepthProportionalResolution+target=512,<function upgma at 0x7fcf41625160>
4471,103,103,[101],3001.0,1.0,286064,3001,3002,3001.0,differentia=8+policy=TaperedDepthProportionalResolution+target=512,<function upgma at 0x7fcf41625160>
4472,104,104,[20],3001.0,14.0,286077,3001,3002,3001.0,differentia=8+policy=TaperedDepthProportionalResolution+target=512,<function upgma at 0x7fcf41625160>
4473,105,105,[3],3001.0,14.0,286080,3001,3002,3001.0,differentia=8+policy=TaperedDepthProportionalResolution+target=512,<function upgma at 0x7fcf41625160>
4474,106,106,[2],3001.0,14.0,286081,3001,3002,3001.0,differentia=8+policy=TaperedDepthProportionalResolution+target=512,<function upgma at 0x7fcf41625160>
4475,107,107,[1],3001.0,14.0,286082,3001,3002,3001.0,differentia=8+policy=TaperedDepthProportionalResolution+target=512,<function upgma at 0x7fcf41625160>
4476,108,108,[0],2927.5,0.0,Inner135,2912,2944,2927.5,differentia=8+policy=TaperedDepthProportionalResolution+target=512,<function upgma at 0x7fcf41625160>
4477,109,109,[108],2987.5,60.0,Inner40,2976,3000,2987.5,differentia=8+policy=TaperedDepthProportionalResolution+target=512,<function upgma at 0x7fcf41625160>
4478,110,110,[109],3000.0,12.5,285894,3000,3001,3000.0,differentia=8+policy=TaperedDepthProportionalResolution+target=512,<function upgma at 0x7fcf41625160>
4479,111,111,[109],3001.0,13.5,286033,3001,3002,3001.0,differentia=8+policy=TaperedDepthProportionalResolution+target=512,<function upgma at 0x7fcf41625160>
4480,112,112,[108],2959.5,32.0,Inner134,2944,2976,2959.5,differentia=8+policy=TaperedDepthProportionalResolution+target=512,<function upgma at 0x7fcf41625160>
4481,113,113,[112],2985.5,26.0,Inner90,2976,2996,2985.5,differentia=8+policy=TaperedDepthProportionalResolution+target=512,<function upgma at 0x7fcf41625160>
4482,114,114,[113],3001.0,15.5,286066,3001,3002,3001.0,differentia=8+policy=TaperedDepthProportionalResolution+target=512,<function upgma at 0x7fcf41625160>
4483,115,115,[113],2985.5,0.0,Inner87,2976,2996,2985.5,differentia=8+policy=TaperedDepthProportionalResolution+target=512,<function upgma at 0x7fcf41625160>
4484,116,116,[115],3001.0,15.5,286074,3001,3002,3001.0,differentia=8+policy=TaperedDepthProportionalResolution+target=512,<function upgma at 0x7fcf41625160>
4485,117,117,[115],2985.5,0.0,Inner84,2976,2996,2985.5,differentia=8+policy=TaperedDepthProportionalResolution+target=512,<function upgma at 0x7fcf41625160>
4486,118,118,[117],3001.0,15.5,286006,3001,3002,3001.0,differentia=8+policy=TaperedDepthProportionalResolution+target=512,<function upgma at 0x7fcf41625160>
4487,119,119,[117],2985.5,0.0,Inner81,2976,2996,2985.5,differentia=8+policy=TaperedDepthProportionalResolution+target=512,<function upgma at 0x7fcf41625160>
4488,120,120,[119],3001.0,15.5,286069,3001,3002,3001.0,differentia=8+policy=TaperedDepthProportionalResolution+target=512,<function upgma at 0x7fcf41625160>
4489,121,121,[119],2985.5,0.0,Inner78,2976,2996,2985.5,differentia=8+policy=TaperedDepthProportionalResolution+target=512,<function upgma at 0x7fcf41625160>
4490,122,122,[121],3001.0,15.5,285992,3001,3002,3001.0,differentia=8+policy=TaperedDepthProportionalResolution+target=512,<function upgma at 0x7fcf41625160>
4491,123,123,[121],2985.5,0.0,Inner75,2976,2996,2985.5,differentia=8+policy=TaperedDepthProportionalResolution+target=512,<function upgma at 0x7fcf41625160>
4492,124,124,[123],3001.0,15.5,286067,3001,3002,3001.0,differentia=8+policy=TaperedDepthProportionalResolution+target=512,<function upgma at 0x7fcf41625160>
4493,125,125,[123],2985.5,0.0,Inner72,2976,2996,2985.5,differentia=8+policy=TaperedDepthProportionalResolution+target=512,<function upgma at 0x7fcf41625160>
4494,126,126,[125],3001.0,15.5,286052,3001,3002,3001.0,differentia=8+policy=TaperedDepthProportionalResolution+target=512,<function upgma at 0x7fcf41625160>
4495,127,127,[125],2985.5,0.0,Inner69,2976,2996,2985.5,differentia=8+policy=TaperedDepthProportionalResolution+target=512,<function upgma at 0x7fcf41625160>
4496,128,128,[127],3001.0,15.5,286028,3001,3002,3001.0,differentia=8+policy=TaperedDepthProportionalResolution+target=512,<function upgma at 0x7fcf41625160>
4497,129,129,[127],2985.5,0.0,Inner66,2976,2996,2985.5,differentia=8+policy=TaperedDepthProportionalResolution+target=512,<function upgma at 0x7fcf41625160>
4498,130,130,[129],3001.0,15.5,286022,3001,3002,3001.0,differentia=8+policy=TaperedDepthProportionalResolution+target=512,<function upgma at 0x7fcf41625160>
4499,131,131,[129],2985.5,0.0,Inner63,2976,2996,2985.5,differentia=8+policy=TaperedDepthProportionalResolution+target=512,<function upgma at 0x7fcf41625160>
4500,132,132,[131],3001.0,15.5,285987,3001,3002,3001.0,differentia=8+policy=TaperedDepthProportionalResolution+target=512,<function upgma at 0x7fcf41625160>
4501,133,133,[131],2985.5,0.0,Inner60,2976,2996,2985.5,differentia=8+policy=TaperedDepthProportionalResolution+target=512,<function upgma at 0x7fcf41625160>
4502,134,134,[133],2985.5,0.0,Inner57,2976,2996,2985.5,differentia=8+policy=TaperedDepthProportionalResolution+target=512,<function upgma at 0x7fcf41625160>
4503,135,135,[134],2985.5,0.0,Inner54,2976,2996,2985.5,differentia=8+policy=TaperedDepthProportionalResolution+target=512,<function upgma at 0x7fcf41625160>
4504,136,136,[135],2985.5,0.0,Inner51,2976,2996,2985.5,differentia=8+policy=TaperedDepthProportionalResolution+target=512,<function upgma at 0x7fcf41625160>
4505,137,137,[136],3001.0,15.5,286019,3001,3002,3001.0,differentia=8+policy=TaperedDepthProportionalResolution+target=512,<function upgma at 0x7fcf41625160>
4506,138,138,[136],2985.5,0.0,Inner48,2976,2996,2985.5,differentia=8+policy=TaperedDepthProportionalResolution+target=512,<function upgma at 0x7fcf41625160>
4507,139,139,[138],2985.5,0.0,Inner45,2976,2996,2985.5,differentia=8+policy=TaperedDepthProportionalResolution+target=512,<function upgma at 0x7fcf41625160>
4508,140,140,[139],3001.0,15.5,285997,3001,3002,3001.0,differentia=8+policy=TaperedDepthProportionalResolution+target=512,<function upgma at 0x7fcf41625160>
4509,141,141,[139],2985.5,0.0,Inner42,2976,2996,2985.5,differentia=8+policy=TaperedDepthProportionalResolution+target=512,<function upgma at 0x7fcf41625160>
4510,142,142,[141],2985.5,0.0,Inner27,2976,2996,2985.5,differentia=8+policy=TaperedDepthProportionalResolution+target=512,<function upgma at 0x7fcf41625160>
4511,143,143,[142],3000.0,14.5,285899,3000,3001,3000.0,differentia=8+policy=TaperedDepthProportionalResolution+target=512,<function upgma at 0x7fcf41625160>
4512,144,144,[142],2985.5,0.0,Inner22,2976,2996,2985.5,differentia=8+policy=TaperedDepthProportionalResolution+target=512,<function upgma at 0x7fcf41625160>
4513,145,145,[144],2985.5,0.0,Inner19,2976,2996,2985.5,differentia=8+policy=TaperedDepthProportionalResolution+target=512,<function upgma at 0x7fcf41625160>
4514,146,146,[145],2985.5,0.0,Inner17,2976,2996,2985.5,differentia=8+policy=TaperedDepthProportionalResolution+target=512,<function upgma at 0x7fcf41625160>
4515,147,147,[146],2985.5,0.0,Inner14,2976,2996,2985.5,differentia=8+policy=TaperedDepthProportionalResolution+target=512,<function upgma at 0x7fcf41625160>
4516,148,148,[147],2985.5,0.0,Inner12,2976,2996,2985.5,differentia=8+policy=TaperedDepthProportionalResolution+target=512,<function upgma at 0x7fcf41625160>
4517,149,149,[148],2996.0,10.5,285553,2996,2997,2996.0,differentia=8+policy=TaperedDepthProportionalResolution+target=512,<function upgma at 0x7fcf41625160>
4518,150,150,[148],2997.0,11.5,285695,2997,2998,2997.0,differentia=8+policy=TaperedDepthProportionalResolution+target=512,<function upgma at 0x7fcf41625160>
4519,151,151,[147],2998.0,12.5,285752,2998,2999,2998.0,differentia=8+policy=TaperedDepthProportionalResolution+target=512,<function upgma at 0x7fcf41625160>
4520,152,152,[146],2999.0,13.5,285815,2999,3000,2999.0,differentia=8+policy=TaperedDepthProportionalResolution+target=512,<function upgma at 0x7fcf41625160>
4521,153,153,[145],2999.0,13.5,285860,2999,3000,2999.0,differentia=8+policy=TaperedDepthProportionalResolution+target=512,<function upgma at 0x7fcf41625160>
4522,154,154,[144],3000.0,14.5,285937,3000,3001,3000.0,differentia=8+policy=TaperedDepthProportionalResolution+target=512,<function upgma at 0x7fcf41625160>
4523,155,155,[141],3001.0,15.5,286061,3001,3002,3001.0,differentia=8+policy=TaperedDepthProportionalResolution+target=512,<function upgma at 0x7fcf41625160>
4524,156,156,[138],3001.0,15.5,286068,3001,3002,3001.0,differentia=8+policy=TaperedDepthProportionalResolution+target=512,<function upgma at 0x7fcf41625160>
4525,157,157,[135],3001.0,15.5,286070,3001,3002,3001.0,differentia=8+policy=TaperedDepthProportionalResolution+target=512,<function upgma at 0x7fcf41625160>
4526,158,158,[134],3001.0,15.5,286071,3001,3002,3001.0,differentia=8+policy=TaperedDepthProportionalResolution+target=512,<function upgma at 0x7fcf41625160>
4527,159,159,[133],3001.0,15.5,286079,3001,3002,3001.0,differentia=8+policy=TaperedDepthProportionalResolution+target=512,<function upgma at 0x7fcf41625160>
4528,160,160,[112],2984.0,24.5,Inner122,2976,2993,2984.0,differentia=8+policy=TaperedDepthProportionalResolution+target=512,<function upgma at 0x7fcf41625160>
4529,161,161,[160],3001.0,17.0,286014,3001,3002,3001.0,differentia=8+policy=TaperedDepthProportionalResolution+target=512,<function upgma at 0x7fcf41625160>
4530,162,162,[160],2984.0,0.0,Inner120,2976,2993,2984.0,differentia=8+policy=TaperedDepthProportionalResolution+target=512,<function upgma at 0x7fcf41625160>
4531,163,163,[162],3001.0,17.0,286075,3001,3002,3001.0,differentia=8+policy=TaperedDepthProportionalResolution+target=512,<function upgma at 0x7fcf41625160>
4532,164,164,[162],2984.0,0.0,Inner118,2976,2993,2984.0,differentia=8+policy=TaperedDepthProportionalResolution+target=512,<function upgma at 0x7fcf41625160>
4533,165,165,[164],3000.0,16.0,Inner3,3000,3001,3000.0,differentia=8+policy=TaperedDepthProportionalResolution+target=512,<function upgma at 0x7fcf41625160>
4534,166,166,[165],3001.0,1.0,286048,3001,3002,3001.0,differentia=8+policy=TaperedDepthProportionalResolution+target=512,<function upgma at 0x7fcf41625160>
4535,167,167,[165],3001.0,1.0,286078,3001,3002,3001.0,differentia=8+policy=TaperedDepthProportionalResolution+target=512,<function upgma at 0x7fcf41625160>
4536,168,168,[164],2984.0,0.0,Inner116,2976,2993,2984.0,differentia=8+policy=TaperedDepthProportionalResolution+target=512,<function upgma at 0x7fcf41625160>
4537,169,169,[168],3000.0,16.0,Inner7,3000,3001,3000.0,differentia=8+policy=TaperedDepthProportionalResolution+target=512,<function upgma at 0x7fcf41625160>
4538,170,170,[169],3001.0,1.0,286020,3001,3002,3001.0,differentia=8+policy=TaperedDepthProportionalResolution+target=512,<function upgma at 0x7fcf41625160>
4539,171,171,[169],3001.0,1.0,286034,3001,3002,3001.0,differentia=8+policy=TaperedDepthProportionalResolution+target=512,<function upgma at 0x7fcf41625160>
4540,172,172,[168],2984.0,0.0,Inner114,2976,2993,2984.0,differentia=8+policy=TaperedDepthProportionalResolution+target=512,<function upgma at 0x7fcf41625160>
4541,173,173,[172],3001.0,17.0,286040,3001,3002,3001.0,differentia=8+policy=TaperedDepthProportionalResolution+target=512,<function upgma at 0x7fcf41625160>
4542,174,174,[172],2984.0,0.0,Inner112,2976,2993,2984.0,differentia=8+policy=TaperedDepthProportionalResolution+target=512,<function upgma at 0x7fcf41625160>
4543,175,175,[174],3001.0,17.0,286044,3001,3002,3001.0,differentia=8+policy=TaperedDepthProportionalResolution+target=512,<function upgma at 0x7fcf41625160>
4544,176,176,[174],2984.0,0.0,Inner110,2976,2993,2984.0,differentia=8+policy=TaperedDepthProportionalResolution+target=512,<function upgma at 0x7fcf41625160>
4545,177,177,[176],3001.0,17.0,285995,3001,3002,3001.0,differentia=8+policy=TaperedDepthProportionalResolution+target=512,<function upgma at 0x7fcf41625160>
4546,178,178,[176],2984.0,0.0,Inner108,2976,2993,2984.0,differentia=8+policy=TaperedDepthProportionalResolution+target=512,<function upgma at 0x7fcf41625160>
4547,179,179,[178],3000.0,16.0,Inner2,3000,3001,3000.0,differentia=8+policy=TaperedDepthProportionalResolution+target=512,<function upgma at 0x7fcf41625160>
4548,180,180,[179],3001.0,1.0,285993,3001,3002,3001.0,differentia=8+policy=TaperedDepthProportionalResolution+target=512,<function upgma at 0x7fcf41625160>
4549,181,181,[179],3001.0,1.0,286037,3001,3002,3001.0,differentia=8+policy=TaperedDepthProportionalResolution+target=512,<function upgma at 0x7fcf41625160>
4550,182,182,[178],2984.0,0.0,Inner106,2976,2993,2984.0,differentia=8+policy=TaperedDepthProportionalResolution+target=512,<function upgma at 0x7fcf41625160>
4551,183,183,[182],3001.0,17.0,286001,3001,3002,3001.0,differentia=8+policy=TaperedDepthProportionalResolution+target=512,<function upgma at 0x7fcf41625160>
4552,184,184,[182],2984.0,0.0,Inner104,2976,2993,2984.0,differentia=8+policy=TaperedDepthProportionalResolution+target=512,<function upgma at 0x7fcf41625160>
4553,185,185,[184],2984.0,0.0,Inner102,2976,2993,2984.0,differentia=8+policy=TaperedDepthProportionalResolution+target=512,<function upgma at 0x7fcf41625160>
4554,186,186,[185],3001.0,17.0,286046,3001,3002,3001.0,differentia=8+policy=TaperedDepthProportionalResolution+target=512,<function upgma at 0x7fcf41625160>
4555,187,187,[185],2984.0,0.0,Inner100,2976,2993,2984.0,differentia=8+policy=TaperedDepthProportionalResolution+target=512,<function upgma at 0x7fcf41625160>
4556,188,188,[187],3001.0,17.0,286021,3001,3002,3001.0,differentia=8+policy=TaperedDepthProportionalResolution+target=512,<function upgma at 0x7fcf41625160>
4557,189,189,[187],2984.0,0.0,Inner98,2976,2993,2984.0,differentia=8+policy=TaperedDepthProportionalResolution+target=512,<function upgma at 0x7fcf41625160>
4558,190,190,[189],2984.0,0.0,Inner96,2976,2993,2984.0,differentia=8+policy=TaperedDepthProportionalResolution+target=512,<function upgma at 0x7fcf41625160>
4559,191,191,[190],2984.0,0.0,Inner94,2976,2993,2984.0,differentia=8+policy=TaperedDepthProportionalResolution+target=512,<function upgma at 0x7fcf41625160>
4560,192,192,[191],3000.0,16.0,Inner1,3000,3001,3000.0,differentia=8+policy=TaperedDepthProportionalResolution+target=512,<function upgma at 0x7fcf41625160>
4561,193,193,[192],3001.0,1.0,286009,3001,3002,3001.0,differentia=8+policy=TaperedDepthProportionalResolution+target=512,<function upgma at 0x7fcf41625160>
4562,194,194,[192],3001.0,1.0,286050,3001,3002,3001.0,differentia=8+policy=TaperedDepthProportionalResolution+target=512,<function upgma at 0x7fcf41625160>
4563,195,195,[191],2984.0,0.0,Inner92,2976,2993,2984.0,differentia=8+policy=TaperedDepthProportionalResolution+target=512,<function upgma at 0x7fcf41625160>
4564,196,196,[195],3001.0,17.0,286049,3001,3002,3001.0,differentia=8+policy=TaperedDepthProportionalResolution+target=512,<function upgma at 0x7fcf41625160>
4565,197,197,[195],2984.0,0.0,Inner89,2976,2993,2984.0,differentia=8+policy=TaperedDepthProportionalResolution+target=512,<function upgma at 0x7fcf41625160>
4566,198,198,[197],3001.0,17.0,286047,3001,3002,3001.0,differentia=8+policy=TaperedDepthProportionalResolution+target=512,<function upgma at 0x7fcf41625160>
4567,199,199,[197],2984.0,0.0,Inner86,2976,2993,2984.0,differentia=8+policy=TaperedDepthProportionalResolution+target=512,<function upgma at 0x7fcf41625160>
4568,200,200,[199],3001.0,17.0,286043,3001,3002,3001.0,differentia=8+policy=TaperedDepthProportionalResolution+target=512,<function upgma at 0x7fcf41625160>
4569,201,201,[199],2984.0,0.0,Inner83,2976,2993,2984.0,differentia=8+policy=TaperedDepthProportionalResolution+target=512,<function upgma at 0x7fcf41625160>
4570,202,202,[201],3001.0,17.0,286031,3001,3002,3001.0,differentia=8+policy=TaperedDepthProportionalResolution+target=512,<function upgma at 0x7fcf41625160>
4571,203,203,[201],2984.0,0.0,Inner80,2976,2993,2984.0,differentia=8+policy=TaperedDepthProportionalResolution+target=512,<function upgma at 0x7fcf41625160>
4572,204,204,[203],3000.0,16.0,Inner6,3000,3001,3000.0,differentia=8+policy=TaperedDepthProportionalResolution+target=512,<function upgma at 0x7fcf41625160>
4573,205,205,[204],3001.0,1.0,285988,3001,3002,3001.0,differentia=8+policy=TaperedDepthProportionalResolution+target=512,<function upgma at 0x7fcf41625160>
4574,206,206,[204],3001.0,1.0,286023,3001,3002,3001.0,differentia=8+policy=TaperedDepthProportionalResolution+target=512,<function upgma at 0x7fcf41625160>
4575,207,207,[203],2984.0,0.0,Inner77,2976,2993,2984.0,differentia=8+policy=TaperedDepthProportionalResolution+target=512,<function upgma at 0x7fcf41625160>
4576,208,208,[207],3001.0,17.0,286018,3001,3002,3001.0,differentia=8+policy=TaperedDepthProportionalResolution+target=512,<function upgma at 0x7fcf41625160>
4577,209,209,[207],2984.0,0.0,Inner74,2976,2993,2984.0,differentia=8+policy=TaperedDepthProportionalResolution+target=512,<function upgma at 0x7fcf41625160>
4578,210,210,[209],3001.0,17.0,286013,3001,3002,3001.0,differentia=8+policy=TaperedDepthProportionalResolution+target=512,<function upgma at 0x7fcf41625160>
4579,211,211,[209],2984.0,0.0,Inner71,2976,2993,2984.0,differentia=8+policy=TaperedDepthProportionalResolution+target=512,<function upgma at 0x7fcf41625160>
4580,212,212,[211],3001.0,17.0,286007,3001,3002,3001.0,differentia=8+policy=TaperedDepthProportionalResolution+target=512,<function upgma at 0x7fcf41625160>
4581,213,213,[211],2984.0,0.0,Inner68,2976,2993,2984.0,differentia=8+policy=TaperedDepthProportionalResolution+target=512,<function upgma at 0x7fcf41625160>
4582,214,214,[213],3001.0,17.0,286005,3001,3002,3001.0,differentia=8+policy=TaperedDepthProportionalResolution+target=512,<function upgma at 0x7fcf41625160>
4583,215,215,[213],2984.0,0.0,Inner65,2976,2993,2984.0,differentia=8+policy=TaperedDepthProportionalResolution+target=512,<function upgma at 0x7fcf41625160>
4584,216,216,[215],3001.0,17.0,285994,3001,3002,3001.0,differentia=8+policy=TaperedDepthProportionalResolution+target=512,<function upgma at 0x7fcf41625160>
4585,217,217,[215],2984.0,0.0,Inner62,2976,2993,2984.0,differentia=8+policy=TaperedDepthProportionalResolution+target=512,<function upgma at 0x7fcf41625160>
4586,218,218,[217],3001.0,17.0,285986,3001,3002,3001.0,differentia=8+policy=TaperedDepthProportionalResolution+target=512,<function upgma at 0x7fcf41625160>
4587,219,219,[217],2984.0,0.0,Inner59,2976,2993,2984.0,differentia=8+policy=TaperedDepthProportionalResolution+target=512,<function upgma at 0x7fcf41625160>
4588,220,220,[219],3001.0,17.0,285981,3001,3002,3001.0,differentia=8+policy=TaperedDepthProportionalResolution+target=512,<function upgma at 0x7fcf41625160>
4589,221,221,[219],2984.0,0.0,Inner56,2976,2993,2984.0,differentia=8+policy=TaperedDepthProportionalResolution+target=512,<function upgma at 0x7fcf41625160>
4590,222,222,[221],3001.0,17.0,286011,3001,3002,3001.0,differentia=8+policy=TaperedDepthProportionalResolution+target=512,<function upgma at 0x7fcf41625160>
4591,223,223,[221],2984.0,0.0,Inner53,2976,2993,2984.0,differentia=8+policy=TaperedDepthProportionalResolution+target=512,<function upgma at 0x7fcf41625160>
4592,224,224,[223],3001.0,17.0,286004,3001,3002,3001.0,differentia=8+policy=TaperedDepthProportionalResolution+target=512,<function upgma at 0x7fcf41625160>
4593,225,225,[223],2984.0,0.0,Inner50,2976,2993,2984.0,differentia=8+policy=TaperedDepthProportionalResolution+target=512,<function upgma at 0x7fcf41625160>
4594,226,226,[225],3001.0,17.0,286015,3001,3002,3001.0,differentia=8+policy=TaperedDepthProportionalResolution+target=512,<function upgma at 0x7fcf41625160>
4595,227,227,[225],2984.0,0.0,Inner47,2976,2993,2984.0,differentia=8+policy=TaperedDepthProportionalResolution+target=512,<function upgma at 0x7fcf41625160>
4596,228,228,[227],3001.0,17.0,286054,3001,3002,3001.0,differentia=8+policy=TaperedDepthProportionalResolution+target=512,<function upgma at 0x7fcf41625160>
4597,229,229,[227],2984.0,0.0,Inner44,2976,2993,2984.0,differentia=8+policy=TaperedDepthProportionalResolution+target=512,<function upgma at 0x7fcf41625160>
4598,230,230,[229],2984.0,0.0,Inner41,2976,2993,2984.0,differentia=8+policy=TaperedDepthProportionalResolution+target=512,<function upgma at 0x7fcf41625160>
4599,231,231,[230],2984.0,0.0,Inner39,2976,2993,2984.0,differentia=8+policy=TaperedDepthProportionalResolution+target=512,<function upgma at 0x7fcf41625160>
4600,232,232,[231],3000.0,16.0,285968,3000,3001,3000.0,differentia=8+policy=TaperedDepthProportionalResolution+target=512,<function upgma at 0x7fcf41625160>
4601,233,233,[231],2984.0,0.0,Inner38,2976,2993,2984.0,differentia=8+policy=TaperedDepthProportionalResolution+target=512,<function upgma at 0x7fcf41625160>
4602,234,234,[233],3000.0,16.0,285963,3000,3001,3000.0,differentia=8+policy=TaperedDepthProportionalResolution+target=512,<function upgma at 0x7fcf41625160>
4603,235,235,[233],2984.0,0.0,Inner37,2976,2993,2984.0,differentia=8+policy=TaperedDepthProportionalResolution+target=512,<function upgma at 0x7fcf41625160>
4604,236,236,[235],3000.0,16.0,285964,3000,3001,3000.0,differentia=8+policy=TaperedDepthProportionalResolution+target=512,<function upgma at 0x7fcf41625160>
4605,237,237,[235],2984.0,0.0,Inner36,2976,2993,2984.0,differentia=8+policy=TaperedDepthProportionalResolution+target=512,<function upgma at 0x7fcf41625160>
4606,238,238,[237],3000.0,16.0,285959,3000,3001,3000.0,differentia=8+policy=TaperedDepthProportionalResolution+target=512,<function upgma at 0x7fcf41625160>
4607,239,239,[237],2984.0,0.0,Inner35,2976,2993,2984.0,differentia=8+policy=TaperedDepthProportionalResolution+target=512,<function upgma at 0x7fcf41625160>
4608,240,240,[239],3000.0,16.0,285946,3000,3001,3000.0,differentia=8+policy=TaperedDepthProportionalResolution+target=512,<function upgma at 0x7fcf41625160>
4609,241,241,[239],2984.0,0.0,Inner33,2976,2993,2984.0,differentia=8+policy=TaperedDepthProportionalResolution+target=512,<function upgma at 0x7fcf41625160>
4610,242,242,[241],3000.0,16.0,285935,3000,3001,3000.0,differentia=8+policy=TaperedDepthProportionalResolution+target=512,<function upgma at 0x7fcf41625160>
4611,243,243,[241],2984.0,0.0,Inner31,2976,2993,2984.0,differentia=8+policy=TaperedDepthProportionalResolution+target=512,<function upgma at 0x7fcf41625160>
4612,244,244,[243],3000.0,16.0,285925,3000,3001,3000.0,differentia=8+policy=TaperedDepthProportionalResolution+target=512,<function upgma at 0x7fcf41625160>
4613,245,245,[243],2984.0,0.0,Inner29,2976,2993,2984.0,differentia=8+policy=TaperedDepthProportionalResolution+target=512,<function upgma at 0x7fcf41625160>
4614,246,246,[245],2984.0,0.0,Inner26,2976,2993,2984.0,differentia=8+policy=TaperedDepthProportionalResolution+target=512,<function upgma at 0x7fcf41625160>
4615,247,247,[246],2984.0,0.0,Inner21,2976,2993,2984.0,differentia=8+policy=TaperedDepthProportionalResolution+target=512,<function upgma at 0x7fcf41625160>
4616,248,248,[247],2984.0,0.0,Inner20,2976,2993,2984.0,differentia=8+policy=TaperedDepthProportionalResolution+target=512,<function upgma at 0x7fcf41625160>
4617,249,249,[248],2984.0,0.0,Inner18,2976,2993,2984.0,differentia=8+policy=TaperedDepthProportionalResolution+target=512,<function upgma at 0x7fcf41625160>
4618,250,250,[249],2984.0,0.0,Inner16,2976,2993,2984.0,differentia=8+policy=TaperedDepthProportionalResolution+target=512,<function upgma at 0x7fcf41625160>
4619,251,251,[250],2984.0,0.0,Inner15,2976,2993,2984.0,differentia=8+policy=TaperedDepthProportionalResolution+target=512,<function upgma at 0x7fcf41625160>
4620,252,252,[251],2984.0,0.0,Inner13,2976,2993,2984.0,differentia=8+policy=TaperedDepthProportionalResolution+target=512,<function upgma at 0x7fcf41625160>
4621,253,253,[252],2984.0,0.0,Inner11,2976,2993,2984.0,differentia=8+policy=TaperedDepthProportionalResolution+target=512,<function upgma at 0x7fcf41625160>
4622,254,254,[253],2993.0,9.0,285310,2993,2994,2993.0,differentia=8+policy=TaperedDepthProportionalResolution+target=512,<function upgma at 0x7fcf41625160>
4623,255,255,[253],2997.0,13.0,285634,2997,2998,2997.0,differentia=8+policy=TaperedDepthProportionalResolution+target=512,<function upgma at 0x7fcf41625160>
4624,256,256,[252],2998.0,14.0,285722,2998,2999,2998.0,differentia=8+policy=TaperedDepthProportionalResolution+target=512,<function upgma at 0x7fcf41625160>
4625,257,257,[251],2998.0,14.0,285725,2998,2999,2998.0,differentia=8+policy=TaperedDepthProportionalResolution+target=512,<function upgma at 0x7fcf41625160>
4626,258,258,[250],2999.0,15.0,285803,2999,3000,2999.0,differentia=8+policy=TaperedDepthProportionalResolution+target=512,<function upgma at 0x7fcf41625160>
4627,259,259,[249],2999.0,15.0,285874,2999,3000,2999.0,differentia=8+policy=TaperedDepthProportionalResolution+target=512,<function upgma at 0x7fcf41625160>
4628,260,260,[248],2999.0,15.0,285879,2999,3000,2999.0,differentia=8+policy=TaperedDepthProportionalResolution+target=512,<function upgma at 0x7fcf41625160>
4629,261,261,[247],3000.0,16.0,285892,3000,3001,3000.0,differentia=8+policy=TaperedDepthProportionalResolution+target=512,<function upgma at 0x7fcf41625160>
4630,262,262,[246],3000.0,16.0,285909,3000,3001,3000.0,differentia=8+policy=TaperedDepthProportionalResolution+target=512,<function upgma at 0x7fcf41625160>
4631,263,263,[245],2999.0,15.0,Inner4,2999,3000,2999.0,differentia=8+policy=TaperedDepthProportionalResolution+target=512,<function upgma at 0x7fcf41625160>
4632,264,264,[263],3000.0,1.0,285912,3000,3001,3000.0,differentia=8+policy=TaperedDepthProportionalResolution+target=512,<function upgma at 0x7fcf41625160>
4633,265,265,[263],3000.0,1.0,285970,3000,3001,3000.0,differentia=8+policy=TaperedDepthProportionalResolution+target=512,<function upgma at 0x7fcf41625160>
4634,266,266,[230],3001.0,17.0,286041,3001,3002,3001.0,differentia=8+policy=TaperedDepthProportionalResolution+target=512,<function upgma at 0x7fcf41625160>
4635,267,267,[229],3001.0,17.0,286057,3001,3002,3001.0,differentia=8+policy=TaperedDepthProportionalResolution+target=512,<function upgma at 0x7fcf41625160>
4636,268,268,[190],3000.0,16.0,Inner5,3000,3001,3000.0,differentia=8+policy=TaperedDepthProportionalResolution+target=512,<function upgma at 0x7fcf41625160>
4637,269,269,[268],3001.0,1.0,285983,3001,3002,3001.0,differentia=8+policy=TaperedDepthProportionalResolution+target=512,<function upgma at 0x7fcf41625160>
4638,270,270,[268],3001.0,1.0,286072,3001,3002,3001.0,differentia=8+policy=TaperedDepthProportionalResolution+target=512,<function upgma at 0x7fcf41625160>
4639,271,271,[189],3001.0,17.0,286073,3001,3002,3001.0,differentia=8+policy=TaperedDepthProportionalResolution+target=512,<function upgma at 0x7fcf41625160>
4640,272,272,[184],3001.0,17.0,286083,3001,3002,3001.0,differentia=8+policy=TaperedDepthProportionalResolution+target=512,<function upgma at 0x7fcf41625160>
4641,0,0,[None],2776.0,2776.0,Inner136,2560,2993,2776.0,differentia=8+policy=TaperedDepthProportionalResolution+target=64,<function upgma at 0x7fcf41625160>
4642,1,1,[0],3000.0,224.0,Inner19,3000,3001,3000.0,differentia=8+policy=TaperedDepthProportionalResolution+target=64,<function upgma at 0x7fcf41625160>
4643,2,2,[1],3001.0,1.0,286012,3001,3002,3001.0,differentia=8+policy=TaperedDepthProportionalResolution+target=64,<function upgma at 0x7fcf41625160>
4644,3,3,[1],3001.0,1.0,286082,3001,3002,3001.0,differentia=8+policy=TaperedDepthProportionalResolution+target=64,<function upgma at 0x7fcf41625160>
4645,4,4,[0],2776.0,0.0,Inner135,2560,2993,2776.0,differentia=8+policy=TaperedDepthProportionalResolution+target=64,<function upgma at 0x7fcf41625160>
4646,5,5,[4],3001.0,225.0,286081,3001,3002,3001.0,differentia=8+policy=TaperedDepthProportionalResolution+target=64,<function upgma at 0x7fcf41625160>
4647,6,6,[4],2776.0,0.0,Inner134,2560,2993,2776.0,differentia=8+policy=TaperedDepthProportionalResolution+target=64,<function upgma at 0x7fcf41625160>
4648,7,7,[6],3000.0,224.0,Inner20,3000,3001,3000.0,differentia=8+policy=TaperedDepthProportionalResolution+target=64,<function upgma at 0x7fcf41625160>
4649,8,8,[7],3001.0,1.0,286025,3001,3002,3001.0,differentia=8+policy=TaperedDepthProportionalResolution+target=64,<function upgma at 0x7fcf41625160>
4650,9,9,[7],3001.0,1.0,286080,3001,3002,3001.0,differentia=8+policy=TaperedDepthProportionalResolution+target=64,<function upgma at 0x7fcf41625160>
4651,10,10,[6],2776.0,0.0,Inner133,2560,2993,2776.0,differentia=8+policy=TaperedDepthProportionalResolution+target=64,<function upgma at 0x7fcf41625160>
4652,11,11,[10],3001.0,225.0,286076,3001,3002,3001.0,differentia=8+policy=TaperedDepthProportionalResolution+target=64,<function upgma at 0x7fcf41625160>
4653,12,12,[10],2776.0,0.0,Inner132,2560,2993,2776.0,differentia=8+policy=TaperedDepthProportionalResolution+target=64,<function upgma at 0x7fcf41625160>
4654,13,13,[12],3001.0,225.0,286065,3001,3002,3001.0,differentia=8+policy=TaperedDepthProportionalResolution+target=64,<function upgma at 0x7fcf41625160>
4655,14,14,[12],2776.0,0.0,Inner131,2560,2993,2776.0,differentia=8+policy=TaperedDepthProportionalResolution+target=64,<function upgma at 0x7fcf41625160>
4656,15,15,[14],3001.0,225.0,286060,3001,3002,3001.0,differentia=8+policy=TaperedDepthProportionalResolution+target=64,<function upgma at 0x7fcf41625160>
4657,16,16,[14],2776.0,0.0,Inner130,2560,2993,2776.0,differentia=8+policy=TaperedDepthProportionalResolution+target=64,<function upgma at 0x7fcf41625160>
4658,17,17,[16],3001.0,225.0,286059,3001,3002,3001.0,differentia=8+policy=TaperedDepthProportionalResolution+target=64,<function upgma at 0x7fcf41625160>
4659,18,18,[16],2776.0,0.0,Inner129,2560,2993,2776.0,differentia=8+policy=TaperedDepthProportionalResolution+target=64,<function upgma at 0x7fcf41625160>
4660,19,19,[18],3001.0,225.0,286058,3001,3002,3001.0,differentia=8+policy=TaperedDepthProportionalResolution+target=64,<function upgma at 0x7fcf41625160>
4661,20,20,[18],2776.0,0.0,Inner128,2560,2993,2776.0,differentia=8+policy=TaperedDepthProportionalResolution+target=64,<function upgma at 0x7fcf41625160>
4662,21,21,[20],3001.0,225.0,286056,3001,3002,3001.0,differentia=8+policy=TaperedDepthProportionalResolution+target=64,<function upgma at 0x7fcf41625160>
4663,22,22,[20],2776.0,0.0,Inner127,2560,2993,2776.0,differentia=8+policy=TaperedDepthProportionalResolution+target=64,<function upgma at 0x7fcf41625160>
4664,23,23,[22],3001.0,225.0,286053,3001,3002,3001.0,differentia=8+policy=TaperedDepthProportionalResolution+target=64,<function upgma at 0x7fcf41625160>
4665,24,24,[22],2776.0,0.0,Inner126,2560,2993,2776.0,differentia=8+policy=TaperedDepthProportionalResolution+target=64,<function upgma at 0x7fcf41625160>
4666,25,25,[24],3001.0,225.0,286051,3001,3002,3001.0,differentia=8+policy=TaperedDepthProportionalResolution+target=64,<function upgma at 0x7fcf41625160>
4667,26,26,[24],2776.0,0.0,Inner125,2560,2993,2776.0,differentia=8+policy=TaperedDepthProportionalResolution+target=64,<function upgma at 0x7fcf41625160>
4668,27,27,[26],3001.0,225.0,286077,3001,3002,3001.0,differentia=8+policy=TaperedDepthProportionalResolution+target=64,<function upgma at 0x7fcf41625160>
4669,28,28,[26],2776.0,0.0,Inner124,2560,2993,2776.0,differentia=8+policy=TaperedDepthProportionalResolution+target=64,<function upgma at 0x7fcf41625160>
4670,29,29,[28],3001.0,225.0,286042,3001,3002,3001.0,differentia=8+policy=TaperedDepthProportionalResolution+target=64,<function upgma at 0x7fcf41625160>
4671,30,30,[28],2776.0,0.0,Inner123,2560,2993,2776.0,differentia=8+policy=TaperedDepthProportionalResolution+target=64,<function upgma at 0x7fcf41625160>
4672,31,31,[30],3000.0,224.0,Inner6,3000,3001,3000.0,differentia=8+policy=TaperedDepthProportionalResolution+target=64,<function upgma at 0x7fcf41625160>
4673,32,32,[31],3001.0,1.0,285994,3001,3002,3001.0,differentia=8+policy=TaperedDepthProportionalResolution+target=64,<function upgma at 0x7fcf41625160>
4674,33,33,[31],3001.0,1.0,286039,3001,3002,3001.0,differentia=8+policy=TaperedDepthProportionalResolution+target=64,<function upgma at 0x7fcf41625160>
4675,34,34,[30],2776.0,0.0,Inner122,2560,2993,2776.0,differentia=8+policy=TaperedDepthProportionalResolution+target=64,<function upgma at 0x7fcf41625160>
4676,35,35,[34],3000.0,224.0,Inner10,3000,3001,3000.0,differentia=8+policy=TaperedDepthProportionalResolution+target=64,<function upgma at 0x7fcf41625160>
4677,36,36,[35],3001.0,1.0,286038,3001,3002,3001.0,differentia=8+policy=TaperedDepthProportionalResolution+target=64,<function upgma at 0x7fcf41625160>
4678,37,37,[35],3000.0,0.0,Inner7,3000,3001,3000.0,differentia=8+policy=TaperedDepthProportionalResolution+target=64,<function upgma at 0x7fcf41625160>
4679,38,38,[37],3001.0,1.0,286044,3001,3002,3001.0,differentia=8+policy=TaperedDepthProportionalResolution+target=64,<function upgma at 0x7fcf41625160>
4680,39,39,[37],3001.0,1.0,286047,3001,3002,3001.0,differentia=8+policy=TaperedDepthProportionalResolution+target=64,<function upgma at 0x7fcf41625160>
4681,40,40,[34],2776.0,0.0,Inner121,2560,2993,2776.0,differentia=8+policy=TaperedDepthProportionalResolution+target=64,<function upgma at 0x7fcf41625160>
4682,41,41,[40],3000.0,224.0,Inner18,3000,3001,3000.0,differentia=8+policy=TaperedDepthProportionalResolution+target=64,<function upgma at 0x7fcf41625160>
4683,42,42,[41],3001.0,1.0,286035,3001,3002,3001.0,differentia=8+policy=TaperedDepthProportionalResolution+target=64,<function upgma at 0x7fcf41625160>
4684,43,43,[41],3001.0,1.0,286036,3001,3002,3001.0,differentia=8+policy=TaperedDepthProportionalResolution+target=64,<function upgma at 0x7fcf41625160>
4685,44,44,[40],2776.0,0.0,Inner120,2560,2993,2776.0,differentia=8+policy=TaperedDepthProportionalResolution+target=64,<function upgma at 0x7fcf41625160>
4686,45,45,[44],3001.0,225.0,286032,3001,3002,3001.0,differentia=8+policy=TaperedDepthProportionalResolution+target=64,<function upgma at 0x7fcf41625160>
4687,46,46,[44],2776.0,0.0,Inner119,2560,2993,2776.0,differentia=8+policy=TaperedDepthProportionalResolution+target=64,<function upgma at 0x7fcf41625160>
4688,47,47,[46],3001.0,225.0,286030,3001,3002,3001.0,differentia=8+policy=TaperedDepthProportionalResolution+target=64,<function upgma at 0x7fcf41625160>
4689,48,48,[46],2776.0,0.0,Inner118,2560,2993,2776.0,differentia=8+policy=TaperedDepthProportionalResolution+target=64,<function upgma at 0x7fcf41625160>
4690,49,49,[48],3001.0,225.0,286029,3001,3002,3001.0,differentia=8+policy=TaperedDepthProportionalResolution+target=64,<function upgma at 0x7fcf41625160>
4691,50,50,[48],2776.0,0.0,Inner117,2560,2993,2776.0,differentia=8+policy=TaperedDepthProportionalResolution+target=64,<function upgma at 0x7fcf41625160>
4692,51,51,[50],3000.0,224.0,Inner17,3000,3001,3000.0,differentia=8+policy=TaperedDepthProportionalResolution+target=64,<function upgma at 0x7fcf41625160>
4693,52,52,[51],3001.0,1.0,286000,3001,3002,3001.0,differentia=8+policy=TaperedDepthProportionalResolution+target=64,<function upgma at 0x7fcf41625160>
4694,53,53,[51],3001.0,1.0,286027,3001,3002,3001.0,differentia=8+policy=TaperedDepthProportionalResolution+target=64,<function upgma at 0x7fcf41625160>
4695,54,54,[50],2776.0,0.0,Inner116,2560,2993,2776.0,differentia=8+policy=TaperedDepthProportionalResolution+target=64,<function upgma at 0x7fcf41625160>
4696,55,55,[54],3000.0,224.0,Inner8,3000,3001,3000.0,differentia=8+policy=TaperedDepthProportionalResolution+target=64,<function upgma at 0x7fcf41625160>
4697,56,56,[55],3001.0,1.0,286026,3001,3002,3001.0,differentia=8+policy=TaperedDepthProportionalResolution+target=64,<function upgma at 0x7fcf41625160>
4698,57,57,[55],3001.0,1.0,286049,3001,3002,3001.0,differentia=8+policy=TaperedDepthProportionalResolution+target=64,<function upgma at 0x7fcf41625160>
4699,58,58,[54],2776.0,0.0,Inner115,2560,2993,2776.0,differentia=8+policy=TaperedDepthProportionalResolution+target=64,<function upgma at 0x7fcf41625160>
4700,59,59,[58],3000.0,224.0,Inner16,3000,3001,3000.0,differentia=8+policy=TaperedDepthProportionalResolution+target=64,<function upgma at 0x7fcf41625160>
4701,60,60,[59],3001.0,1.0,286045,3001,3002,3001.0,differentia=8+policy=TaperedDepthProportionalResolution+target=64,<function upgma at 0x7fcf41625160>
4702,61,61,[59],3001.0,1.0,286066,3001,3002,3001.0,differentia=8+policy=TaperedDepthProportionalResolution+target=64,<function upgma at 0x7fcf41625160>
4703,62,62,[58],2776.0,0.0,Inner114,2560,2993,2776.0,differentia=8+policy=TaperedDepthProportionalResolution+target=64,<function upgma at 0x7fcf41625160>
4704,63,63,[62],3001.0,225.0,286024,3001,3002,3001.0,differentia=8+policy=TaperedDepthProportionalResolution+target=64,<function upgma at 0x7fcf41625160>
4705,64,64,[62],2776.0,0.0,Inner113,2560,2993,2776.0,differentia=8+policy=TaperedDepthProportionalResolution+target=64,<function upgma at 0x7fcf41625160>
4706,65,65,[64],3001.0,225.0,286017,3001,3002,3001.0,differentia=8+policy=TaperedDepthProportionalResolution+target=64,<function upgma at 0x7fcf41625160>
4707,66,66,[64],2776.0,0.0,Inner112,2560,2993,2776.0,differentia=8+policy=TaperedDepthProportionalResolution+target=64,<function upgma at 0x7fcf41625160>
4708,67,67,[66],3001.0,225.0,286016,3001,3002,3001.0,differentia=8+policy=TaperedDepthProportionalResolution+target=64,<function upgma at 0x7fcf41625160>
4709,68,68,[66],2776.0,0.0,Inner111,2560,2993,2776.0,differentia=8+policy=TaperedDepthProportionalResolution+target=64,<function upgma at 0x7fcf41625160>
4710,69,69,[68],3001.0,225.0,286010,3001,3002,3001.0,differentia=8+policy=TaperedDepthProportionalResolution+target=64,<function upgma at 0x7fcf41625160>
4711,70,70,[68],2776.0,0.0,Inner110,2560,2993,2776.0,differentia=8+policy=TaperedDepthProportionalResolution+target=64,<function upgma at 0x7fcf41625160>
4712,71,71,[70],3000.0,224.0,Inner12,3000,3001,3000.0,differentia=8+policy=TaperedDepthProportionalResolution+target=64,<function upgma at 0x7fcf41625160>
4713,72,72,[71],3001.0,1.0,286003,3001,3002,3001.0,differentia=8+policy=TaperedDepthProportionalResolution+target=64,<function upgma at 0x7fcf41625160>
4714,73,73,[71],3001.0,1.0,286014,3001,3002,3001.0,differentia=8+policy=TaperedDepthProportionalResolution+target=64,<function upgma at 0x7fcf41625160>
4715,74,74,[70],2776.0,0.0,Inner109,2560,2993,2776.0,differentia=8+policy=TaperedDepthProportionalResolution+target=64,<function upgma at 0x7fcf41625160>
4716,75,75,[74],3001.0,225.0,286002,3001,3002,3001.0,differentia=8+policy=TaperedDepthProportionalResolution+target=64,<function upgma at 0x7fcf41625160>
4717,76,76,[74],2776.0,0.0,Inner108,2560,2993,2776.0,differentia=8+policy=TaperedDepthProportionalResolution+target=64,<function upgma at 0x7fcf41625160>
4718,77,77,[76],3001.0,225.0,285999,3001,3002,3001.0,differentia=8+policy=TaperedDepthProportionalResolution+target=64,<function upgma at 0x7fcf41625160>
4719,78,78,[76],2776.0,0.0,Inner107,2560,2993,2776.0,differentia=8+policy=TaperedDepthProportionalResolution+target=64,<function upgma at 0x7fcf41625160>
4720,79,79,[78],3001.0,225.0,285998,3001,3002,3001.0,differentia=8+policy=TaperedDepthProportionalResolution+target=64,<function upgma at 0x7fcf41625160>
4721,80,80,[78],2776.0,0.0,Inner106,2560,2993,2776.0,differentia=8+policy=TaperedDepthProportionalResolution+target=64,<function upgma at 0x7fcf41625160>
4722,81,81,[80],3000.0,224.0,Inner9,3000,3001,3000.0,differentia=8+policy=TaperedDepthProportionalResolution+target=64,<function upgma at 0x7fcf41625160>
4723,82,82,[81],3001.0,1.0,285996,3001,3002,3001.0,differentia=8+policy=TaperedDepthProportionalResolution+target=64,<function upgma at 0x7fcf41625160>
4724,83,83,[81],3001.0,1.0,286046,3001,3002,3001.0,differentia=8+policy=TaperedDepthProportionalResolution+target=64,<function upgma at 0x7fcf41625160>
4725,84,84,[80],2776.0,0.0,Inner105,2560,2993,2776.0,differentia=8+policy=TaperedDepthProportionalResolution+target=64,<function upgma at 0x7fcf41625160>
4726,85,85,[84],3001.0,225.0,285991,3001,3002,3001.0,differentia=8+policy=TaperedDepthProportionalResolution+target=64,<function upgma at 0x7fcf41625160>
4727,86,86,[84],2776.0,0.0,Inner104,2560,2993,2776.0,differentia=8+policy=TaperedDepthProportionalResolution+target=64,<function upgma at 0x7fcf41625160>
4728,87,87,[86],3001.0,225.0,285990,3001,3002,3001.0,differentia=8+policy=TaperedDepthProportionalResolution+target=64,<function upgma at 0x7fcf41625160>
4729,88,88,[86],2776.0,0.0,Inner103,2560,2993,2776.0,differentia=8+policy=TaperedDepthProportionalResolution+target=64,<function upgma at 0x7fcf41625160>
4730,89,89,[88],3001.0,225.0,285984,3001,3002,3001.0,differentia=8+policy=TaperedDepthProportionalResolution+target=64,<function upgma at 0x7fcf41625160>
4731,90,90,[88],2776.0,0.0,Inner102,2560,2993,2776.0,differentia=8+policy=TaperedDepthProportionalResolution+target=64,<function upgma at 0x7fcf41625160>
4732,91,91,[90],3000.0,224.0,Inner15,3000,3001,3000.0,differentia=8+policy=TaperedDepthProportionalResolution+target=64,<function upgma at 0x7fcf41625160>
4733,92,92,[91],3001.0,1.0,285982,3001,3002,3001.0,differentia=8+policy=TaperedDepthProportionalResolution+target=64,<function upgma at 0x7fcf41625160>
4734,93,93,[91],3000.0,0.0,Inner11,3000,3001,3000.0,differentia=8+policy=TaperedDepthProportionalResolution+target=64,<function upgma at 0x7fcf41625160>
4735,94,94,[93],3001.0,1.0,285992,3001,3002,3001.0,differentia=8+policy=TaperedDepthProportionalResolution+target=64,<function upgma at 0x7fcf41625160>
4736,95,95,[93],3001.0,1.0,286075,3001,3002,3001.0,differentia=8+policy=TaperedDepthProportionalResolution+target=64,<function upgma at 0x7fcf41625160>
4737,96,96,[90],2776.0,0.0,Inner101,2560,2993,2776.0,differentia=8+policy=TaperedDepthProportionalResolution+target=64,<function upgma at 0x7fcf41625160>
4738,97,97,[96],2779.5,3.5,Inner100,2560,3000,2779.5,differentia=8+policy=TaperedDepthProportionalResolution+target=64,<function upgma at 0x7fcf41625160>
4739,98,98,[97],2779.5,0.0,Inner99,2560,3000,2779.5,differentia=8+policy=TaperedDepthProportionalResolution+target=64,<function upgma at 0x7fcf41625160>
4740,99,99,[98],3001.0,221.5,285985,3001,3002,3001.0,differentia=8+policy=TaperedDepthProportionalResolution+target=64,<function upgma at 0x7fcf41625160>
4741,100,100,[98],3000.0,220.5,Inner13,3000,3001,3000.0,differentia=8+policy=TaperedDepthProportionalResolution+target=64,<function upgma at 0x7fcf41625160>
4742,101,101,[100],3001.0,1.0,285997,3001,3002,3001.0,differentia=8+policy=TaperedDepthProportionalResolution+target=64,<function upgma at 0x7fcf41625160>
4743,102,102,[100],3001.0,1.0,286062,3001,3002,3001.0,differentia=8+policy=TaperedDepthProportionalResolution+target=64,<function upgma at 0x7fcf41625160>
4744,103,103,[97],3001.0,221.5,286064,3001,3002,3001.0,differentia=8+policy=TaperedDepthProportionalResolution+target=64,<function upgma at 0x7fcf41625160>
4745,104,104,[96],2776.0,0.0,Inner98,2560,2993,2776.0,differentia=8+policy=TaperedDepthProportionalResolution+target=64,<function upgma at 0x7fcf41625160>
4746,105,105,[104],3000.0,224.0,Inner2,3000,3001,3000.0,differentia=8+policy=TaperedDepthProportionalResolution+target=64,<function upgma at 0x7fcf41625160>
4747,106,106,[105],3001.0,1.0,286008,3001,3002,3001.0,differentia=8+policy=TaperedDepthProportionalResolution+target=64,<function upgma at 0x7fcf41625160>
4748,107,107,[105],3001.0,1.0,286057,3001,3002,3001.0,differentia=8+policy=TaperedDepthProportionalResolution+target=64,<function upgma at 0x7fcf41625160>
4749,108,108,[104],2776.0,0.0,Inner97,2560,2993,2776.0,differentia=8+policy=TaperedDepthProportionalResolution+target=64,<function upgma at 0x7fcf41625160>
4750,109,109,[108],3001.0,225.0,286055,3001,3002,3001.0,differentia=8+policy=TaperedDepthProportionalResolution+target=64,<function upgma at 0x7fcf41625160>
4751,110,110,[108],2776.0,0.0,Inner96,2560,2993,2776.0,differentia=8+policy=TaperedDepthProportionalResolution+target=64,<function upgma at 0x7fcf41625160>
4752,111,111,[110],3001.0,225.0,286063,3001,3002,3001.0,differentia=8+policy=TaperedDepthProportionalResolution+target=64,<function upgma at 0x7fcf41625160>
4753,112,112,[110],2776.0,0.0,Inner95,2560,2993,2776.0,differentia=8+policy=TaperedDepthProportionalResolution+target=64,<function upgma at 0x7fcf41625160>
4754,113,113,[112],3001.0,225.0,285989,3001,3002,3001.0,differentia=8+policy=TaperedDepthProportionalResolution+target=64,<function upgma at 0x7fcf41625160>
4755,114,114,[112],2776.0,0.0,Inner94,2560,2993,2776.0,differentia=8+policy=TaperedDepthProportionalResolution+target=64,<function upgma at 0x7fcf41625160>
4756,115,115,[114],3001.0,225.0,286074,3001,3002,3001.0,differentia=8+policy=TaperedDepthProportionalResolution+target=64,<function upgma at 0x7fcf41625160>
4757,116,116,[114],2776.0,0.0,Inner93,2560,2993,2776.0,differentia=8+policy=TaperedDepthProportionalResolution+target=64,<function upgma at 0x7fcf41625160>
4758,117,117,[116],3000.0,224.0,Inner14,3000,3001,3000.0,differentia=8+policy=TaperedDepthProportionalResolution+target=64,<function upgma at 0x7fcf41625160>
4759,118,118,[117],3001.0,1.0,286006,3001,3002,3001.0,differentia=8+policy=TaperedDepthProportionalResolution+target=64,<function upgma at 0x7fcf41625160>
4760,119,119,[117],3001.0,1.0,286071,3001,3002,3001.0,differentia=8+policy=TaperedDepthProportionalResolution+target=64,<function upgma at 0x7fcf41625160>
4761,120,120,[116],2776.0,0.0,Inner92,2560,2993,2776.0,differentia=8+policy=TaperedDepthProportionalResolution+target=64,<function upgma at 0x7fcf41625160>
4762,121,121,[120],3001.0,225.0,286069,3001,3002,3001.0,differentia=8+policy=TaperedDepthProportionalResolution+target=64,<function upgma at 0x7fcf41625160>
4763,122,122,[120],2776.0,0.0,Inner91,2560,2993,2776.0,differentia=8+policy=TaperedDepthProportionalResolution+target=64,<function upgma at 0x7fcf41625160>
4764,123,123,[122],3001.0,225.0,286067,3001,3002,3001.0,differentia=8+policy=TaperedDepthProportionalResolution+target=64,<function upgma at 0x7fcf41625160>
4765,124,124,[122],2776.0,0.0,Inner90,2560,2993,2776.0,differentia=8+policy=TaperedDepthProportionalResolution+target=64,<function upgma at 0x7fcf41625160>
4766,125,125,[124],3001.0,225.0,286052,3001,3002,3001.0,differentia=8+policy=TaperedDepthProportionalResolution+target=64,<function upgma at 0x7fcf41625160>
4767,126,126,[124],2776.0,0.0,Inner89,2560,2993,2776.0,differentia=8+policy=TaperedDepthProportionalResolution+target=64,<function upgma at 0x7fcf41625160>
4768,127,127,[126],3001.0,225.0,286028,3001,3002,3001.0,differentia=8+policy=TaperedDepthProportionalResolution+target=64,<function upgma at 0x7fcf41625160>
4769,128,128,[126],2776.0,0.0,Inner88,2560,2993,2776.0,differentia=8+policy=TaperedDepthProportionalResolution+target=64,<function upgma at 0x7fcf41625160>
4770,129,129,[128],3001.0,225.0,286022,3001,3002,3001.0,differentia=8+policy=TaperedDepthProportionalResolution+target=64,<function upgma at 0x7fcf41625160>
4771,130,130,[128],2776.0,0.0,Inner87,2560,2993,2776.0,differentia=8+policy=TaperedDepthProportionalResolution+target=64,<function upgma at 0x7fcf41625160>
4772,131,131,[130],3001.0,225.0,285987,3001,3002,3001.0,differentia=8+policy=TaperedDepthProportionalResolution+target=64,<function upgma at 0x7fcf41625160>
4773,132,132,[130],2776.0,0.0,Inner86,2560,2993,2776.0,differentia=8+policy=TaperedDepthProportionalResolution+target=64,<function upgma at 0x7fcf41625160>
4774,133,133,[132],3000.0,224.0,Inner5,3000,3001,3000.0,differentia=8+policy=TaperedDepthProportionalResolution+target=64,<function upgma at 0x7fcf41625160>
4775,134,134,[133],3001.0,1.0,285986,3001,3002,3001.0,differentia=8+policy=TaperedDepthProportionalResolution+target=64,<function upgma at 0x7fcf41625160>
4776,135,135,[133],3001.0,1.0,286079,3001,3002,3001.0,differentia=8+policy=TaperedDepthProportionalResolution+target=64,<function upgma at 0x7fcf41625160>
4777,136,136,[132],2776.0,0.0,Inner85,2560,2993,2776.0,differentia=8+policy=TaperedDepthProportionalResolution+target=64,<function upgma at 0x7fcf41625160>
4778,137,137,[136],3001.0,225.0,286070,3001,3002,3001.0,differentia=8+policy=TaperedDepthProportionalResolution+target=64,<function upgma at 0x7fcf41625160>
4779,138,138,[136],2776.0,0.0,Inner84,2560,2993,2776.0,differentia=8+policy=TaperedDepthProportionalResolution+target=64,<function upgma at 0x7fcf41625160>
4780,139,139,[138],3001.0,225.0,286019,3001,3002,3001.0,differentia=8+policy=TaperedDepthProportionalResolution+target=64,<function upgma at 0x7fcf41625160>
4781,140,140,[138],2776.0,0.0,Inner83,2560,2993,2776.0,differentia=8+policy=TaperedDepthProportionalResolution+target=64,<function upgma at 0x7fcf41625160>
4782,141,141,[140],3001.0,225.0,286068,3001,3002,3001.0,differentia=8+policy=TaperedDepthProportionalResolution+target=64,<function upgma at 0x7fcf41625160>
4783,142,142,[140],2776.0,0.0,Inner82,2560,2993,2776.0,differentia=8+policy=TaperedDepthProportionalResolution+target=64,<function upgma at 0x7fcf41625160>
4784,143,143,[142],3001.0,225.0,286061,3001,3002,3001.0,differentia=8+policy=TaperedDepthProportionalResolution+target=64,<function upgma at 0x7fcf41625160>
4785,144,144,[142],2776.0,0.0,Inner81,2560,2993,2776.0,differentia=8+policy=TaperedDepthProportionalResolution+target=64,<function upgma at 0x7fcf41625160>
4786,145,145,[144],3001.0,225.0,286048,3001,3002,3001.0,differentia=8+policy=TaperedDepthProportionalResolution+target=64,<function upgma at 0x7fcf41625160>
4787,146,146,[144],2776.0,0.0,Inner80,2560,2993,2776.0,differentia=8+policy=TaperedDepthProportionalResolution+target=64,<function upgma at 0x7fcf41625160>
4788,147,147,[146],3001.0,225.0,286020,3001,3002,3001.0,differentia=8+policy=TaperedDepthProportionalResolution+target=64,<function upgma at 0x7fcf41625160>
4789,148,148,[146],2776.0,0.0,Inner79,2560,2993,2776.0,differentia=8+policy=TaperedDepthProportionalResolution+target=64,<function upgma at 0x7fcf41625160>
4790,149,149,[148],3001.0,225.0,286040,3001,3002,3001.0,differentia=8+policy=TaperedDepthProportionalResolution+target=64,<function upgma at 0x7fcf41625160>
4791,150,150,[148],2776.0,0.0,Inner78,2560,2993,2776.0,differentia=8+policy=TaperedDepthProportionalResolution+target=64,<function upgma at 0x7fcf41625160>
4792,151,151,[150],3001.0,225.0,285995,3001,3002,3001.0,differentia=8+policy=TaperedDepthProportionalResolution+target=64,<function upgma at 0x7fcf41625160>
4793,152,152,[150],2776.0,0.0,Inner77,2560,2993,2776.0,differentia=8+policy=TaperedDepthProportionalResolution+target=64,<function upgma at 0x7fcf41625160>
4794,153,153,[152],3001.0,225.0,285993,3001,3002,3001.0,differentia=8+policy=TaperedDepthProportionalResolution+target=64,<function upgma at 0x7fcf41625160>
4795,154,154,[152],2776.0,0.0,Inner76,2560,2993,2776.0,differentia=8+policy=TaperedDepthProportionalResolution+target=64,<function upgma at 0x7fcf41625160>
4796,155,155,[154],3001.0,225.0,286001,3001,3002,3001.0,differentia=8+policy=TaperedDepthProportionalResolution+target=64,<function upgma at 0x7fcf41625160>
4797,156,156,[154],2776.0,0.0,Inner75,2560,2993,2776.0,differentia=8+policy=TaperedDepthProportionalResolution+target=64,<function upgma at 0x7fcf41625160>
4798,157,157,[156],2776.0,0.0,Inner74,2560,2993,2776.0,differentia=8+policy=TaperedDepthProportionalResolution+target=64,<function upgma at 0x7fcf41625160>
4799,158,158,[157],3001.0,225.0,286021,3001,3002,3001.0,differentia=8+policy=TaperedDepthProportionalResolution+target=64,<function upgma at 0x7fcf41625160>
4800,159,159,[157],2776.0,0.0,Inner73,2560,2993,2776.0,differentia=8+policy=TaperedDepthProportionalResolution+target=64,<function upgma at 0x7fcf41625160>
4801,160,160,[159],3001.0,225.0,286073,3001,3002,3001.0,differentia=8+policy=TaperedDepthProportionalResolution+target=64,<function upgma at 0x7fcf41625160>
4802,161,161,[159],2776.0,0.0,Inner72,2560,2993,2776.0,differentia=8+policy=TaperedDepthProportionalResolution+target=64,<function upgma at 0x7fcf41625160>
4803,162,162,[161],3001.0,225.0,286072,3001,3002,3001.0,differentia=8+policy=TaperedDepthProportionalResolution+target=64,<function upgma at 0x7fcf41625160>
4804,163,163,[161],2776.0,0.0,Inner71,2560,2993,2776.0,differentia=8+policy=TaperedDepthProportionalResolution+target=64,<function upgma at 0x7fcf41625160>
4805,164,164,[163],3001.0,225.0,286050,3001,3002,3001.0,differentia=8+policy=TaperedDepthProportionalResolution+target=64,<function upgma at 0x7fcf41625160>
4806,165,165,[163],2776.0,0.0,Inner70,2560,2993,2776.0,differentia=8+policy=TaperedDepthProportionalResolution+target=64,<function upgma at 0x7fcf41625160>
4807,166,166,[165],3001.0,225.0,286043,3001,3002,3001.0,differentia=8+policy=TaperedDepthProportionalResolution+target=64,<function upgma at 0x7fcf41625160>
4808,167,167,[165],2776.0,0.0,Inner69,2560,2993,2776.0,differentia=8+policy=TaperedDepthProportionalResolution+target=64,<function upgma at 0x7fcf41625160>
4809,168,168,[167],3001.0,225.0,286034,3001,3002,3001.0,differentia=8+policy=TaperedDepthProportionalResolution+target=64,<function upgma at 0x7fcf41625160>
4810,169,169,[167],2776.0,0.0,Inner68,2560,2993,2776.0,differentia=8+policy=TaperedDepthProportionalResolution+target=64,<function upgma at 0x7fcf41625160>
4811,170,170,[169],3000.0,224.0,Inner1,3000,3001,3000.0,differentia=8+policy=TaperedDepthProportionalResolution+target=64,<function upgma at 0x7fcf41625160>
4812,171,171,[170],3001.0,1.0,286031,3001,3002,3001.0,differentia=8+policy=TaperedDepthProportionalResolution+target=64,<function upgma at 0x7fcf41625160>
4813,172,172,[170],3001.0,1.0,286037,3001,3002,3001.0,differentia=8+policy=TaperedDepthProportionalResolution+target=64,<function upgma at 0x7fcf41625160>
4814,173,173,[169],2776.0,0.0,Inner67,2560,2993,2776.0,differentia=8+policy=TaperedDepthProportionalResolution+target=64,<function upgma at 0x7fcf41625160>
4815,174,174,[173],3001.0,225.0,286023,3001,3002,3001.0,differentia=8+policy=TaperedDepthProportionalResolution+target=64,<function upgma at 0x7fcf41625160>
4816,175,175,[173],2776.0,0.0,Inner66,2560,2993,2776.0,differentia=8+policy=TaperedDepthProportionalResolution+target=64,<function upgma at 0x7fcf41625160>
4817,176,176,[175],3001.0,225.0,286018,3001,3002,3001.0,differentia=8+policy=TaperedDepthProportionalResolution+target=64,<function upgma at 0x7fcf41625160>
4818,177,177,[175],2776.0,0.0,Inner65,2560,2993,2776.0,differentia=8+policy=TaperedDepthProportionalResolution+target=64,<function upgma at 0x7fcf41625160>
4819,178,178,[177],3001.0,225.0,286013,3001,3002,3001.0,differentia=8+policy=TaperedDepthProportionalResolution+target=64,<function upgma at 0x7fcf41625160>
4820,179,179,[177],2776.0,0.0,Inner64,2560,2993,2776.0,differentia=8+policy=TaperedDepthProportionalResolution+target=64,<function upgma at 0x7fcf41625160>
4821,180,180,[179],3001.0,225.0,286007,3001,3002,3001.0,differentia=8+policy=TaperedDepthProportionalResolution+target=64,<function upgma at 0x7fcf41625160>
4822,181,181,[179],2776.0,0.0,Inner63,2560,2993,2776.0,differentia=8+policy=TaperedDepthProportionalResolution+target=64,<function upgma at 0x7fcf41625160>
4823,182,182,[181],3001.0,225.0,286005,3001,3002,3001.0,differentia=8+policy=TaperedDepthProportionalResolution+target=64,<function upgma at 0x7fcf41625160>
4824,183,183,[181],2776.0,0.0,Inner62,2560,2993,2776.0,differentia=8+policy=TaperedDepthProportionalResolution+target=64,<function upgma at 0x7fcf41625160>
4825,184,184,[183],3001.0,225.0,285988,3001,3002,3001.0,differentia=8+policy=TaperedDepthProportionalResolution+target=64,<function upgma at 0x7fcf41625160>
4826,185,185,[183],2776.0,0.0,Inner61,2560,2993,2776.0,differentia=8+policy=TaperedDepthProportionalResolution+target=64,<function upgma at 0x7fcf41625160>
4827,186,186,[185],3000.0,224.0,Inner4,3000,3001,3000.0,differentia=8+policy=TaperedDepthProportionalResolution+target=64,<function upgma at 0x7fcf41625160>
4828,187,187,[186],3001.0,1.0,285981,3001,3002,3001.0,differentia=8+policy=TaperedDepthProportionalResolution+target=64,<function upgma at 0x7fcf41625160>
4829,188,188,[186],3001.0,1.0,285983,3001,3002,3001.0,differentia=8+policy=TaperedDepthProportionalResolution+target=64,<function upgma at 0x7fcf41625160>
4830,189,189,[185],2776.0,0.0,Inner60,2560,2993,2776.0,differentia=8+policy=TaperedDepthProportionalResolution+target=64,<function upgma at 0x7fcf41625160>
4831,190,190,[189],3001.0,225.0,286011,3001,3002,3001.0,differentia=8+policy=TaperedDepthProportionalResolution+target=64,<function upgma at 0x7fcf41625160>
4832,191,191,[189],2776.0,0.0,Inner59,2560,2993,2776.0,differentia=8+policy=TaperedDepthProportionalResolution+target=64,<function upgma at 0x7fcf41625160>
4833,192,192,[191],3001.0,225.0,286015,3001,3002,3001.0,differentia=8+policy=TaperedDepthProportionalResolution+target=64,<function upgma at 0x7fcf41625160>
4834,193,193,[191],2776.0,0.0,Inner58,2560,2993,2776.0,differentia=8+policy=TaperedDepthProportionalResolution+target=64,<function upgma at 0x7fcf41625160>
4835,194,194,[193],2776.0,0.0,Inner57,2560,2993,2776.0,differentia=8+policy=TaperedDepthProportionalResolution+target=64,<function upgma at 0x7fcf41625160>
4836,195,195,[194],2776.0,0.0,Inner56,2560,2993,2776.0,differentia=8+policy=TaperedDepthProportionalResolution+target=64,<function upgma at 0x7fcf41625160>
4837,196,196,[195],3001.0,225.0,286009,3001,3002,3001.0,differentia=8+policy=TaperedDepthProportionalResolution+target=64,<function upgma at 0x7fcf41625160>
4838,197,197,[195],2776.0,0.0,Inner55,2560,2993,2776.0,differentia=8+policy=TaperedDepthProportionalResolution+target=64,<function upgma at 0x7fcf41625160>
4839,198,198,[197],2776.0,0.0,Inner54,2560,2993,2776.0,differentia=8+policy=TaperedDepthProportionalResolution+target=64,<function upgma at 0x7fcf41625160>
4840,199,199,[198],2776.0,0.0,Inner53,2560,2993,2776.0,differentia=8+policy=TaperedDepthProportionalResolution+target=64,<function upgma at 0x7fcf41625160>
4841,200,200,[199],2776.0,0.0,Inner52,2560,2993,2776.0,differentia=8+policy=TaperedDepthProportionalResolution+target=64,<function upgma at 0x7fcf41625160>
4842,201,201,[200],2776.0,0.0,Inner51,2560,2993,2776.0,differentia=8+policy=TaperedDepthProportionalResolution+target=64,<function upgma at 0x7fcf41625160>
4843,202,202,[201],3000.0,224.0,285936,3000,3001,3000.0,differentia=8+policy=TaperedDepthProportionalResolution+target=64,<function upgma at 0x7fcf41625160>
4844,203,203,[201],2776.0,0.0,Inner50,2560,2993,2776.0,differentia=8+policy=TaperedDepthProportionalResolution+target=64,<function upgma at 0x7fcf41625160>
4845,204,204,[203],3000.0,224.0,285919,3000,3001,3000.0,differentia=8+policy=TaperedDepthProportionalResolution+target=64,<function upgma at 0x7fcf41625160>
4846,205,205,[203],2776.0,0.0,Inner49,2560,2993,2776.0,differentia=8+policy=TaperedDepthProportionalResolution+target=64,<function upgma at 0x7fcf41625160>
4847,206,206,[205],3000.0,224.0,285907,3000,3001,3000.0,differentia=8+policy=TaperedDepthProportionalResolution+target=64,<function upgma at 0x7fcf41625160>
4848,207,207,[205],2776.0,0.0,Inner48,2560,2993,2776.0,differentia=8+policy=TaperedDepthProportionalResolution+target=64,<function upgma at 0x7fcf41625160>
4849,208,208,[207],3000.0,224.0,285950,3000,3001,3000.0,differentia=8+policy=TaperedDepthProportionalResolution+target=64,<function upgma at 0x7fcf41625160>
4850,209,209,[207],2776.0,0.0,Inner47,2560,2993,2776.0,differentia=8+policy=TaperedDepthProportionalResolution+target=64,<function upgma at 0x7fcf41625160>
4851,210,210,[209],3000.0,224.0,285899,3000,3001,3000.0,differentia=8+policy=TaperedDepthProportionalResolution+target=64,<function upgma at 0x7fcf41625160>
4852,211,211,[209],2776.0,0.0,Inner46,2560,2993,2776.0,differentia=8+policy=TaperedDepthProportionalResolution+target=64,<function upgma at 0x7fcf41625160>
4853,212,212,[211],3000.0,224.0,285937,3000,3001,3000.0,differentia=8+policy=TaperedDepthProportionalResolution+target=64,<function upgma at 0x7fcf41625160>
4854,213,213,[211],2776.0,0.0,Inner45,2560,2993,2776.0,differentia=8+policy=TaperedDepthProportionalResolution+target=64,<function upgma at 0x7fcf41625160>
4855,214,214,[213],3000.0,224.0,285968,3000,3001,3000.0,differentia=8+policy=TaperedDepthProportionalResolution+target=64,<function upgma at 0x7fcf41625160>
4856,215,215,[213],2776.0,0.0,Inner44,2560,2993,2776.0,differentia=8+policy=TaperedDepthProportionalResolution+target=64,<function upgma at 0x7fcf41625160>
4857,216,216,[215],3000.0,224.0,285963,3000,3001,3000.0,differentia=8+policy=TaperedDepthProportionalResolution+target=64,<function upgma at 0x7fcf41625160>
4858,217,217,[215],2776.0,0.0,Inner43,2560,2993,2776.0,differentia=8+policy=TaperedDepthProportionalResolution+target=64,<function upgma at 0x7fcf41625160>
4859,218,218,[217],3000.0,224.0,285964,3000,3001,3000.0,differentia=8+policy=TaperedDepthProportionalResolution+target=64,<function upgma at 0x7fcf41625160>
4860,219,219,[217],2776.0,0.0,Inner42,2560,2993,2776.0,differentia=8+policy=TaperedDepthProportionalResolution+target=64,<function upgma at 0x7fcf41625160>
4861,220,220,[219],3000.0,224.0,285959,3000,3001,3000.0,differentia=8+policy=TaperedDepthProportionalResolution+target=64,<function upgma at 0x7fcf41625160>
4862,221,221,[219],2776.0,0.0,Inner41,2560,2993,2776.0,differentia=8+policy=TaperedDepthProportionalResolution+target=64,<function upgma at 0x7fcf41625160>
4863,222,222,[221],3000.0,224.0,285946,3000,3001,3000.0,differentia=8+policy=TaperedDepthProportionalResolution+target=64,<function upgma at 0x7fcf41625160>
4864,223,223,[221],2776.0,0.0,Inner40,2560,2993,2776.0,differentia=8+policy=TaperedDepthProportionalResolution+target=64,<function upgma at 0x7fcf41625160>
4865,224,224,[223],3000.0,224.0,285935,3000,3001,3000.0,differentia=8+policy=TaperedDepthProportionalResolution+target=64,<function upgma at 0x7fcf41625160>
4866,225,225,[223],2776.0,0.0,Inner39,2560,2993,2776.0,differentia=8+policy=TaperedDepthProportionalResolution+target=64,<function upgma at 0x7fcf41625160>
4867,226,226,[225],3000.0,224.0,285925,3000,3001,3000.0,differentia=8+policy=TaperedDepthProportionalResolution+target=64,<function upgma at 0x7fcf41625160>
4868,227,227,[225],2776.0,0.0,Inner38,2560,2993,2776.0,differentia=8+policy=TaperedDepthProportionalResolution+target=64,<function upgma at 0x7fcf41625160>
4869,228,228,[227],3000.0,224.0,285912,3000,3001,3000.0,differentia=8+policy=TaperedDepthProportionalResolution+target=64,<function upgma at 0x7fcf41625160>
4870,229,229,[227],2776.0,0.0,Inner37,2560,2993,2776.0,differentia=8+policy=TaperedDepthProportionalResolution+target=64,<function upgma at 0x7fcf41625160>
4871,230,230,[229],3000.0,224.0,285909,3000,3001,3000.0,differentia=8+policy=TaperedDepthProportionalResolution+target=64,<function upgma at 0x7fcf41625160>
4872,231,231,[229],2776.0,0.0,Inner36,2560,2993,2776.0,differentia=8+policy=TaperedDepthProportionalResolution+target=64,<function upgma at 0x7fcf41625160>
4873,232,232,[231],3000.0,224.0,285892,3000,3001,3000.0,differentia=8+policy=TaperedDepthProportionalResolution+target=64,<function upgma at 0x7fcf41625160>
4874,233,233,[231],2776.0,0.0,Inner35,2560,2993,2776.0,differentia=8+policy=TaperedDepthProportionalResolution+target=64,<function upgma at 0x7fcf41625160>
4875,234,234,[233],2776.0,0.0,Inner34,2560,2993,2776.0,differentia=8+policy=TaperedDepthProportionalResolution+target=64,<function upgma at 0x7fcf41625160>
4876,235,235,[234],2776.0,0.0,Inner33,2560,2993,2776.0,differentia=8+policy=TaperedDepthProportionalResolution+target=64,<function upgma at 0x7fcf41625160>
4877,236,236,[235],2999.0,223.0,285850,2999,3000,2999.0,differentia=8+policy=TaperedDepthProportionalResolution+target=64,<function upgma at 0x7fcf41625160>
4878,237,237,[235],2776.0,0.0,Inner32,2560,2993,2776.0,differentia=8+policy=TaperedDepthProportionalResolution+target=64,<function upgma at 0x7fcf41625160>
4879,238,238,[237],2999.0,223.0,285804,2999,3000,2999.0,differentia=8+policy=TaperedDepthProportionalResolution+target=64,<function upgma at 0x7fcf41625160>
4880,239,239,[237],2776.0,0.0,Inner31,2560,2993,2776.0,differentia=8+policy=TaperedDepthProportionalResolution+target=64,<function upgma at 0x7fcf41625160>
4881,240,240,[239],2999.0,223.0,285860,2999,3000,2999.0,differentia=8+policy=TaperedDepthProportionalResolution+target=64,<function upgma at 0x7fcf41625160>
4882,241,241,[239],2776.0,0.0,Inner30,2560,2993,2776.0,differentia=8+policy=TaperedDepthProportionalResolution+target=64,<function upgma at 0x7fcf41625160>
4883,242,242,[241],2999.0,223.0,285815,2999,3000,2999.0,differentia=8+policy=TaperedDepthProportionalResolution+target=64,<function upgma at 0x7fcf41625160>
4884,243,243,[241],2776.0,0.0,Inner29,2560,2993,2776.0,differentia=8+policy=TaperedDepthProportionalResolution+target=64,<function upgma at 0x7fcf41625160>
4885,244,244,[243],2776.0,0.0,Inner28,2560,2993,2776.0,differentia=8+policy=TaperedDepthProportionalResolution+target=64,<function upgma at 0x7fcf41625160>
4886,245,245,[244],2776.0,0.0,Inner27,2560,2993,2776.0,differentia=8+policy=TaperedDepthProportionalResolution+target=64,<function upgma at 0x7fcf41625160>
4887,246,246,[245],2776.0,0.0,Inner26,2560,2993,2776.0,differentia=8+policy=TaperedDepthProportionalResolution+target=64,<function upgma at 0x7fcf41625160>
4888,247,247,[246],2776.0,0.0,Inner25,2560,2993,2776.0,differentia=8+policy=TaperedDepthProportionalResolution+target=64,<function upgma at 0x7fcf41625160>
4889,248,248,[247],2776.0,0.0,Inner24,2560,2993,2776.0,differentia=8+policy=TaperedDepthProportionalResolution+target=64,<function upgma at 0x7fcf41625160>
4890,249,249,[248],2776.0,0.0,Inner23,2560,2993,2776.0,differentia=8+policy=TaperedDepthProportionalResolution+target=64,<function upgma at 0x7fcf41625160>
4891,250,250,[249],2776.0,0.0,Inner22,2560,2993,2776.0,differentia=8+policy=TaperedDepthProportionalResolution+target=64,<function upgma at 0x7fcf41625160>
4892,251,251,[250],2776.0,0.0,Inner21,2560,2993,2776.0,differentia=8+policy=TaperedDepthProportionalResolution+target=64,<function upgma at 0x7fcf41625160>
4893,252,252,[251],2993.0,217.0,285310,2993,2994,2993.0,differentia=8+policy=TaperedDepthProportionalResolution+target=64,<function upgma at 0x7fcf41625160>
4894,253,253,[251],2996.0,220.0,285553,2996,2997,2996.0,differentia=8+policy=TaperedDepthProportionalResolution+target=64,<function upgma at 0x7fcf41625160>
4895,254,254,[250],2997.0,221.0,285634,2997,2998,2997.0,differentia=8+policy=TaperedDepthProportionalResolution+target=64,<function upgma at 0x7fcf41625160>
4896,255,255,[249],2997.0,221.0,285695,2997,2998,2997.0,differentia=8+policy=TaperedDepthProportionalResolution+target=64,<function upgma at 0x7fcf41625160>
4897,256,256,[248],2998.0,222.0,285722,2998,2999,2998.0,differentia=8+policy=TaperedDepthProportionalResolution+target=64,<function upgma at 0x7fcf41625160>
4898,257,257,[247],2998.0,222.0,285725,2998,2999,2998.0,differentia=8+policy=TaperedDepthProportionalResolution+target=64,<function upgma at 0x7fcf41625160>
4899,258,258,[246],2998.0,222.0,285752,2998,2999,2998.0,differentia=8+policy=TaperedDepthProportionalResolution+target=64,<function upgma at 0x7fcf41625160>
4900,259,259,[245],2999.0,223.0,285803,2999,3000,2999.0,differentia=8+policy=TaperedDepthProportionalResolution+target=64,<function upgma at 0x7fcf41625160>
4901,260,260,[244],2999.0,223.0,285874,2999,3000,2999.0,differentia=8+policy=TaperedDepthProportionalResolution+target=64,<function upgma at 0x7fcf41625160>
4902,261,261,[243],2999.0,223.0,285879,2999,3000,2999.0,differentia=8+policy=TaperedDepthProportionalResolution+target=64,<function upgma at 0x7fcf41625160>
4903,262,262,[234],3000.0,224.0,285894,3000,3001,3000.0,differentia=8+policy=TaperedDepthProportionalResolution+target=64,<function upgma at 0x7fcf41625160>
4904,263,263,[233],3000.0,224.0,285970,3000,3001,3000.0,differentia=8+policy=TaperedDepthProportionalResolution+target=64,<function upgma at 0x7fcf41625160>
4905,264,264,[200],3000.0,224.0,285972,3000,3001,3000.0,differentia=8+policy=TaperedDepthProportionalResolution+target=64,<function upgma at 0x7fcf41625160>
4906,265,265,[199],3000.0,224.0,285980,3000,3001,3000.0,differentia=8+policy=TaperedDepthProportionalResolution+target=64,<function upgma at 0x7fcf41625160>
4907,266,266,[198],3001.0,225.0,286033,3001,3002,3001.0,differentia=8+policy=TaperedDepthProportionalResolution+target=64,<function upgma at 0x7fcf41625160>
4908,267,267,[197],3001.0,225.0,286041,3001,3002,3001.0,differentia=8+policy=TaperedDepthProportionalResolution+target=64,<function upgma at 0x7fcf41625160>
4909,268,268,[194],3001.0,225.0,286054,3001,3002,3001.0,differentia=8+policy=TaperedDepthProportionalResolution+target=64,<function upgma at 0x7fcf41625160>
4910,269,269,[193],3001.0,225.0,286078,3001,3002,3001.0,differentia=8+policy=TaperedDepthProportionalResolution+target=64,<function upgma at 0x7fcf41625160>
4911,270,270,[156],3000.0,224.0,Inner3,3000,3001,3000.0,differentia=8+policy=TaperedDepthProportionalResolution+target=64,<function upgma at 0x7fcf41625160>
4912,271,271,[270],3001.0,1.0,286004,3001,3002,3001.0,differentia=8+policy=TaperedDepthProportionalResolution+target=64,<function upgma at 0x7fcf41625160>
4913,272,272,[270],3001.0,1.0,286083,3001,3002,3001.0,differentia=8+policy=TaperedDepthProportionalResolution+target=64,<function upgma at 0x7fcf41625160>
